{"dataset_name": "INSECTS_abrupt_balanced", "dataset_type": "insects_real", "model_variant": "ts_drift_adapt_severity", "seed": 5, "monitor_preset": "error_divergence_ph_meta@error.threshold=0.03,error.min_instances=5", "monitor_preset_base": "error_divergence_ph_meta", "monitor_ph_params": {"error_rate": {"delta": 0.005, "alpha": 0.15, "threshold": 0.03, "min_instances": 5}, "divergence": {"delta": 0.005, "alpha": 0.1, "threshold": 0.05, "min_instances": 30}}, "monitor_ph_overrides": {"error_rate": {"threshold": 0.03, "min_instances": 5}}, "trigger_mode": "two_stage", "trigger_k": 2, "trigger_threshold": 0.5, "trigger_weights": "confirm_cooldown=200,divergence=0.3,error_rate=0.5,teacher_entropy=0.2", "confirm_window": 1, "confirm_cooldown": 0, "adaptive_cooldown_enabled": 0, "adaptive_window": 10000, "adaptive_lower_per10k": 10.0, "adaptive_upper_per10k": 25.0, "adaptive_cooldown_low": 200, "adaptive_cooldown_high": 500, "severity_scheduler_scale": 2.0, "use_severity_v2": 1, "severity_gate": "none", "severity_gate_min_streak": 1, "entropy_mode": "uncertain", "severity_decay": 0.95, "freeze_baseline_steps": 5, "n_steps": 1200, "horizon": 52847, "acc_final": 0.20754252843113138, "mean_acc": 0.1900341429588611, "acc_min": 0.0625, "candidate_sample_idxs": [1279, 2559, 3839, 5119, 6399, 7679, 8959, 10239, 11519, 12799, 14079, 15359, 17663, 18943, 20223, 21503, 22783, 24063, 25343, 26623, 27903, 29183, 30463, 31743, 33023, 34303, 35583, 36863, 38143, 39423, 40703, 41983, 43263, 44543, 45823, 47103, 48639, 49919, 51199, 52479], "confirmed_sample_idxs": [1279, 2559, 3839, 5119, 6399, 7679, 8959, 10239, 11519, 12799, 14079, 15359, 17663, 18943, 20223, 21503, 22783, 24063, 25343, 26623, 27903, 29183, 30463, 31743, 33023, 34303, 35583, 36863, 38143, 39423, 40703, 41983, 43263, 44543, 45823, 47103, 48639, 49919, 51199, 52479], "acc_series": [[255, 0.0625], [511, 0.072265625], [767, 0.0859375], [1023, 0.1171875], [1279, 0.13046875], [1535, 0.13346354166666666], [1791, 0.13895089285714285], [2047, 0.15283203125], [2303, 0.15711805555555555], [2559, 0.166015625], [2815, 0.1669034090909091], [3071, 0.16861979166666666], [3327, 0.17277644230769232], [3583, 0.17354910714285715], [3839, 0.17630208333333333], [4095, 0.176513671875], [4351, 0.17853860294117646], [4607, 0.18033854166666666], [4863, 0.17907072368421054], [5119, 0.178515625], [5375, 0.18043154761904762], [5631, 0.18022017045454544], [5887, 0.18138586956521738], [6143, 0.18375651041666666], [6399, 0.1846875], [6655, 0.18584735576923078], [6911, 0.18764467592592593], [7167, 0.18931361607142858], [7423, 0.19234913793103448], [7679, 0.1921875], [7935, 0.1930443548387097], [8191, 0.1953125], [8447, 0.19495738636363635], [8703, 0.19738051470588236], [8959, 0.19832589285714286], [9215, 0.19986979166666666], [9471, 0.20027449324324326], [9727, 0.20096628289473684], [9983, 0.2033253205128205], [10239, 0.20419921875], [10495, 0.20426829268292682], [10751, 0.205078125], [11007, 0.2058502906976744], [11263, 0.20623224431818182], [11519, 0.2072048611111111], [11775, 0.2073709239130435], [12031, 0.20836103723404256], [12287, 0.20930989583333334], [12543, 0.21037946428571427], [12799, 0.207578125], [13055, 0.20350796568627452], [13311, 0.19959435096153846], [13567, 0.19582841981132076], [13823, 0.1922019675925926], [14079, 0.18913352272727274], [14335, 0.18980189732142858], [14591, 0.18777412280701755], [14847, 0.1849407327586207], [15103, 0.1820709745762712], [15359, 0.17916666666666667], [15615, 0.1762295081967213], [15871, 0.17338709677419356], [16127, 0.17063492063492064], [16383, 0.16796875], [16639, 0.16538461538461538], [16895, 0.16287878787878787], [17151, 0.16044776119402984], [17407, 0.158203125], [17663, 0.15608016304347827], [17919, 0.15641741071428572], [18175, 0.1602112676056338], [18431, 0.16243489583333334], [18687, 0.1641160102739726], [18943, 0.16559332770270271], [19199, 0.16703125], [19455, 0.16904810855263158], [19711, 0.16964285714285715], [19967, 0.16967147435897437], [20223, 0.169501582278481], [20479, 0.169677734375], [20735, 0.1697048611111111], [20991, 0.1700171493902439], [21247, 0.1705101656626506], [21503, 0.17122395833333334], [21759, 0.17196691176470588], [22015, 0.1731922238372093], [22271, 0.1742546695402299], [22527, 0.17595880681818182], [22783, 0.1778879915730337], [23039, 0.1790798611111111], [23295, 0.18041723901098902], [23551, 0.18193783967391305], [23807, 0.1841817876344086], [24063, 0.18587932180851063], [24319, 0.18704769736842106], [24575, 0.18851725260416666], [24831, 0.18991623711340205], [25087, 0.1915656887755102], [25343, 0.19333964646464646], [25599, 0.1945703125], [25855, 0.1963180693069307], [26111, 0.1975719975490196], [26367, 0.19880157766990292], [26623, 0.19970703125], [26879, 0.2008184523809524], [27135, 0.20216686320754718], [27391, 0.20338054906542055], [27647, 0.20482494212962962], [27903, 0.20620699541284404], [28159, 0.20490056818181818], [28415, 0.20323057432432431], [28671, 0.20169503348214285], [28927, 0.2002212389380531], [29183, 0.19877330043859648], [29439, 0.1974524456521739], [29695, 0.1962890625], [29951, 0.19491185897435898], [30207, 0.1936573093220339], [30463, 0.19288340336134455], [30719, 0.19189453125], [30975, 0.1909865702479339], [31231, 0.19006147540983606], [31487, 0.18924669715447154], [31743, 0.18979964717741934], [31999, 0.1910625], [32255, 0.19304935515873015], [32511, 0.19506643700787402], [32767, 0.196929931640625], [33023, 0.19876453488372092], [33279, 0.1989483173076923], [33535, 0.19865219465648856], [33791, 0.19910037878787878], [34047, 0.19927749060150377], [34303, 0.19916044776119404], [34559, 0.19881365740740742], [34815, 0.19855813419117646], [35071, 0.19853444343065693], [35327, 0.1986526268115942], [35583, 0.19885341726618705], [35839, 0.19896763392857142], [36095, 0.19899711879432624], [36351, 0.19913622359154928], [36607, 0.19916411713286714], [36863, 0.19913736979166666], [37119, 0.19913793103448277], [37375, 0.1993257705479452], [37631, 0.199484481292517], [37887, 0.19977301520270271], [38143, 0.2002411912751678], [38399, 0.19890625], [38655, 0.19758899006622516], [38911, 0.19757401315789475], [39167, 0.19753370098039216], [39423, 0.19749391233766234], [39679, 0.19750504032258065], [39935, 0.1974659455128205], [40191, 0.19750199044585987], [40447, 0.19776008702531644], [40703, 0.19767099056603774], [40959, 0.197802734375], [41215, 0.1978115295031056], [41471, 0.19839891975308643], [41727, 0.19900306748466257], [41983, 0.19945693597560976], [42239, 0.20054450757575756], [42495, 0.20164250753012047], [42751, 0.20272735778443113], [43007, 0.20338076636904762], [43263, 0.20425758136094674], [43519, 0.20546875], [43775, 0.2061860380116959], [44031, 0.2072356468023256], [44287, 0.20788927023121387], [44543, 0.2085578304597701], [44799, 0.20933035714285714], [45055, 0.21031605113636365], [45311, 0.2110699152542373], [45567, 0.21190308988764045], [45823, 0.21270513268156424], [46079, 0.21360677083333332], [46335, 0.21443370165745856], [46591, 0.21507984203296704], [46847, 0.21524931693989072], [47103, 0.21407948369565216], [47359, 0.21296452702702703], [47615, 0.21184055779569894], [47871, 0.21070772058823528], [48127, 0.20960771276595744], [48383, 0.20856068121693122], [48639, 0.20762746710526317], [48895, 0.20668357329842932], [49151, 0.205810546875], [49407, 0.20504776554404144], [49663, 0.20447406572164947], [49919, 0.20410657051282052], [50175, 0.2040417729591837], [50431, 0.20431472081218274], [50687, 0.20482165404040403], [50943, 0.20553941582914573], [51199, 0.206484375], [51455, 0.20771144278606965], [51711, 0.20921642945544555], [51967, 0.21051416256157635], [52223, 0.21001838235294118], [52479, 0.20899390243902438], [52735, 0.20797936893203883], [52846, 0.20754252843113138]], "candidate_count_total": 40, "confirmed_count_total": 40, "created_at": 1767889731.0031626}