{"dataset_name": "sine_nodrift", "dataset_type": "sine", "model_variant": "ts_drift_adapt", "seed": 4, "monitor_preset": "error_divergence_ph_meta@error.threshold=0.10,error.min_instances=5", "monitor_preset_base": "error_divergence_ph_meta", "monitor_ph_params": {"error_rate": {"delta": 0.005, "alpha": 0.15, "threshold": 0.1, "min_instances": 5}, "divergence": {"delta": 0.005, "alpha": 0.1, "threshold": 0.05, "min_instances": 30}}, "monitor_ph_overrides": {"error_rate": {"threshold": 0.1, "min_instances": 5}}, "trigger_mode": "two_stage", "trigger_k": 2, "trigger_threshold": 0.5, "trigger_weights": "__confirm_cooldown=200,__confirm_rule=perm_test,__perm_alpha=0.01,__perm_min_effect=0,__perm_n_perm=200,__perm_post_n=10,__perm_pre_n=500,__perm_rng_seed=0,__perm_stat=vote_score,divergence=0.3,error_rate=0.5,teacher_entropy=0.2", "confirm_window": 3, "confirm_cooldown": 0, "adaptive_cooldown_enabled": 0, "adaptive_window": 10000, "adaptive_lower_per10k": 10.0, "adaptive_upper_per10k": 25.0, "adaptive_cooldown_low": 200, "adaptive_cooldown_high": 500, "severity_scheduler_scale": 1.0, "use_severity_v2": 0, "severity_gate": "none", "severity_gate_min_streak": 1, "entropy_mode": "overconfident", "severity_decay": 0.95, "freeze_baseline_steps": 0, "n_steps": 800, "horizon": 10000, "acc_final": 0.9011, "mean_acc": 0.8038660616327891, "acc_min": 0.5546875, "candidate_sample_idxs": [319, 639, 959, 1279, 1599, 1983, 2303, 2623, 2943, 3263, 3583, 3903, 4223, 4607, 4927, 5503, 5823, 6207, 7167, 7487, 7807, 8127, 9215, 9535], "confirmed_sample_idxs": [639, 959, 1279, 1599, 1983, 2303, 2623, 2943, 3263, 3583, 3903, 4223, 4607, 4927, 5503, 5823, 6207, 7167, 7487, 7807, 8127, 9215, 9535], "acc_series": [[63, 0.578125], [127, 0.609375], [191, 0.5989583333333334], [255, 0.57421875], [319, 0.565625], [383, 0.5546875], [447, 0.5580357142857143], [511, 0.5703125], [575, 0.5815972222222222], [639, 0.5828125], [703, 0.5894886363636364], [767, 0.59765625], [831, 0.6033653846153846], [895, 0.6104910714285714], [959, 0.6052083333333333], [1023, 0.609375], [1087, 0.609375], [1151, 0.6154513888888888], [1215, 0.618421052631579], [1279, 0.62109375], [1343, 0.6235119047619048], [1407, 0.6342329545454546], [1471, 0.6447010869565217], [1535, 0.6569010416666666], [1599, 0.6675], [1663, 0.6784855769230769], [1727, 0.6880787037037037], [1791, 0.6969866071428571], [1855, 0.7036637931034483], [1919, 0.7098958333333333], [1983, 0.7147177419354839], [2047, 0.71826171875], [2111, 0.7239583333333334], [2175, 0.7311580882352942], [2239, 0.7357142857142858], [2303, 0.7395833333333334], [2367, 0.7423986486486487], [2431, 0.7467105263157895], [2495, 0.7520032051282052], [2559, 0.753515625], [2623, 0.7580030487804879], [2687, 0.7626488095238095], [2751, 0.7674418604651163], [2815, 0.7705965909090909], [2879, 0.7739583333333333], [2943, 0.7764945652173914], [3007, 0.7789228723404256], [3071, 0.7822265625], [3135, 0.7834821428571429], [3199, 0.7865625], [3263, 0.789828431372549], [3327, 0.7932692307692307], [3391, 0.7959905660377359], [3455, 0.7986111111111112], [3519, 0.8017045454545455], [3583, 0.8041294642857143], [3647, 0.8064692982456141], [3711, 0.8084590517241379], [3775, 0.8114406779661016], [3839, 0.8140625], [3903, 0.8153176229508197], [3967, 0.8177923387096774], [4031, 0.8196924603174603], [4095, 0.82177734375], [4159, 0.8240384615384615], [4223, 0.8255208333333334], [4287, 0.8271921641791045], [4351, 0.8292738970588235], [4415, 0.8312952898550725], [4479, 0.8332589285714286], [4543, 0.835387323943662], [4607, 0.8368055555555556], [4671, 0.8381849315068494], [4735, 0.8399493243243243], [4799, 0.8410416666666667], [4863, 0.8418996710526315], [4927, 0.8427353896103896], [4991, 0.8443509615384616], [5055, 0.8457278481012658], [5119, 0.847265625], [5183, 0.8481867283950617], [5247, 0.8496570121951219], [5311, 0.8512801204819277], [5375, 0.8526785714285714], [5439, 0.853125], [5503, 0.854469476744186], [5567, 0.8559626436781609], [5631, 0.8572443181818182], [5695, 0.858497191011236], [5759, 0.8598958333333333], [5823, 0.861092032967033], [5887, 0.8620923913043478], [5951, 0.8635752688172043], [6015, 0.8646941489361702], [6079, 0.8661184210526316], [6143, 0.8670247395833334], [6207, 0.8674291237113402], [6271, 0.8686224489795918], [6335, 0.86947601010101], [6399, 0.870625], [6463, 0.8715965346534653], [6527, 0.8723958333333334], [6591, 0.8733313106796117], [6655, 0.8743990384615384], [6719, 0.875297619047619], [6783, 0.8760318396226415], [6847, 0.8768983644859814], [6911, 0.8771701388888888], [6975, 0.8782970183486238], [7039, 0.8785511363636364], [7103, 0.8795045045045045], [7167, 0.8800223214285714], [7231, 0.880945796460177], [7295, 0.881578947368421], [7359, 0.8823369565217392], [7423, 0.8830818965517241], [7487, 0.8836805555555556], [7551, 0.8842690677966102], [7615, 0.8851102941176471], [7679, 0.8852864583333333], [7743, 0.8861053719008265], [7807, 0.8867827868852459], [7871, 0.8875762195121951], [7935, 0.8884828629032258], [7999, 0.889], [8063, 0.8893849206349206], [8127, 0.8896407480314961], [8191, 0.8900146484375], [8255, 0.8905038759689923], [8319, 0.8908653846153847], [8383, 0.8914599236641222], [8447, 0.8914535984848485], [8511, 0.8916823308270677], [8575, 0.8920242537313433], [8639, 0.8923611111111112], [8703, 0.8928079044117647], [8767, 0.8932481751824818], [8831, 0.8934556159420289], [8895, 0.8938848920863309], [8959, 0.8944196428571428], [9023, 0.8948359929078015], [9087, 0.8952464788732394], [9151, 0.8957604895104895], [9215, 0.8963758680555556], [9279, 0.896875], [9343, 0.8974743150684932], [9407, 0.8978528911564626], [9471, 0.8984375], [9535, 0.8986996644295302], [9599, 0.8989583333333333], [9663, 0.8993170529801324], [9727, 0.8994654605263158], [9791, 0.8998161764705882], [9855, 0.9001623376623377], [9919, 0.9005040322580645], [9983, 0.9009415064102564], [9999, 0.9011]], "candidate_count_total": 24, "confirmed_count_total": 23, "created_at": 1768151575.3360515, "confirm_rule_effective": "perm_test", "last_perm_pvalue": 0.004975124378109453, "last_perm_effect": 0.42822718328428566, "perm_test_count_total": 23, "perm_accept_count_total": 23, "perm_reject_count_total": 0, "perm_alpha": 0.01, "perm_pvalue_p50": 0.004975124378109453, "perm_pvalue_p90": 0.004975124378109453, "perm_pvalue_p99": 0.004975124378109453, "perm_pvalue_le_alpha_ratio": 1.0, "perm_effect_p50": 0.436, "perm_effect_p90": 0.4914310214606902, "perm_effect_p99": 0.5}