{"dataset_name": "sine_nodrift", "dataset_type": "sine", "model_variant": "ts_drift_adapt", "seed": 1, "monitor_preset": "error_divergence_ph_meta@error.threshold=0.10,error.min_instances=5", "monitor_preset_base": "error_divergence_ph_meta", "monitor_ph_params": {"error_rate": {"delta": 0.005, "alpha": 0.15, "threshold": 0.1, "min_instances": 5}, "divergence": {"delta": 0.005, "alpha": 0.1, "threshold": 0.05, "min_instances": 30}}, "monitor_ph_overrides": {"error_rate": {"threshold": 0.1, "min_instances": 5}}, "trigger_mode": "two_stage", "trigger_k": 2, "trigger_threshold": 0.5, "trigger_weights": "__confirm_cooldown=200,__confirm_rule=perm_test,__perm_alpha=0.005,__perm_delta_k=50,__perm_min_effect=0,__perm_n_perm=200,__perm_post_n=50,__perm_pre_n=200,__perm_rng_seed=0,__perm_stat=delta_fused_score,divergence=0.3,error_rate=0.5,teacher_entropy=0.2", "confirm_window": 3, "confirm_cooldown": 0, "adaptive_cooldown_enabled": 0, "adaptive_window": 10000, "adaptive_lower_per10k": 10.0, "adaptive_upper_per10k": 25.0, "adaptive_cooldown_low": 200, "adaptive_cooldown_high": 500, "severity_scheduler_scale": 1.0, "use_severity_v2": 0, "severity_gate": "none", "severity_gate_min_streak": 1, "entropy_mode": "overconfident", "severity_decay": 0.95, "freeze_baseline_steps": 0, "n_steps": 800, "horizon": 10000, "acc_final": 0.9235, "mean_acc": 0.8543574548129261, "acc_min": 0.5546875, "candidate_sample_idxs": [319, 639, 959, 1279, 1599, 1919, 2303, 2623, 2943, 3263, 3583, 3903, 4223, 4543, 5183, 5951, 6271, 6591, 6911, 7231, 7551, 7871, 8191, 8575, 8895, 9215, 9535, 9855], "confirmed_sample_idxs": [639, 959, 1279, 1919, 2367, 2687, 2943, 3327, 3583, 4351, 5183, 5951, 6335, 6591, 7295, 7551, 7871, 8255, 8575, 8959, 9343, 9855], "acc_series": [[63, 0.578125], [127, 0.5546875], [191, 0.5885416666666666], [255, 0.5703125], [319, 0.575], [383, 0.5703125], [447, 0.5803571428571429], [511, 0.59375], [575, 0.625], [639, 0.640625], [703, 0.6548295454545454], [767, 0.6666666666666666], [831, 0.6826923076923077], [895, 0.6964285714285714], [959, 0.7104166666666667], [1023, 0.72265625], [1087, 0.7325367647058824], [1151, 0.7439236111111112], [1215, 0.7532894736842105], [1279, 0.76328125], [1343, 0.7723214285714286], [1407, 0.7819602272727273], [1471, 0.7873641304347826], [1535, 0.7923177083333334], [1599, 0.794375], [1663, 0.7962740384615384], [1727, 0.8003472222222222], [1791, 0.8046875], [1855, 0.8081896551724138], [1919, 0.8114583333333333], [1983, 0.8155241935483871], [2047, 0.8193359375], [2111, 0.821969696969697], [2175, 0.8249080882352942], [2239, 0.8276785714285714], [2303, 0.8298611111111112], [2367, 0.8319256756756757], [2431, 0.8359375], [2495, 0.8385416666666666], [2559, 0.841015625], [2623, 0.84375], [2687, 0.8456101190476191], [2751, 0.8473837209302325], [2815, 0.8497869318181818], [2879, 0.8520833333333333], [2943, 0.8542798913043478], [3007, 0.8543882978723404], [3071, 0.8564453125], [3135, 0.8584183673469388], [3199, 0.8590625], [3263, 0.8609068627450981], [3327, 0.8626802884615384], [3391, 0.863502358490566], [3455, 0.8640046296296297], [3519, 0.8650568181818182], [3583, 0.865234375], [3647, 0.8662280701754386], [3711, 0.8666487068965517], [3775, 0.8675847457627118], [3839, 0.8692708333333333], [3903, 0.8714139344262295], [3967, 0.8729838709677419], [4031, 0.8740079365079365], [4095, 0.874267578125], [4159, 0.8740384615384615], [4223, 0.8745265151515151], [4287, 0.8761660447761194], [4351, 0.8770680147058824], [4415, 0.8777173913043478], [4479, 0.8787946428571428], [4543, 0.8800616197183099], [4607, 0.8810763888888888], [4671, 0.882277397260274], [4735, 0.8832347972972973], [4799, 0.8845833333333334], [4863, 0.8856907894736842], [4927, 0.8871753246753247], [4991, 0.8882211538461539], [5055, 0.8888449367088608], [5119, 0.8896484375], [5183, 0.8898533950617284], [5247, 0.8908155487804879], [5311, 0.8921310240963856], [5375, 0.8928571428571429], [5439, 0.8935661764705882], [5503, 0.8946220930232558], [5567, 0.8958333333333334], [5631, 0.8963068181818182], [5695, 0.8967696629213483], [5759, 0.8973958333333333], [5823, 0.8980082417582418], [5887, 0.8989470108695652], [5951, 0.8991935483870968], [6015, 0.8997672872340425], [6079, 0.9006578947368421], [6143, 0.9015299479166666], [6207, 0.9020618556701031], [6271, 0.9027423469387755], [6335, 0.9029356060606061], [6399, 0.90375], [6463, 0.9045482673267327], [6527, 0.9050245098039216], [6591, 0.9056432038834952], [6655, 0.90625], [6719, 0.9069940476190477], [6783, 0.9075766509433962], [6847, 0.9075642523364486], [6911, 0.9076967592592593], [6975, 0.9084002293577982], [7039, 0.9089488636363636], [7103, 0.9096283783783784], [7167, 0.9100167410714286], [7231, 0.9101216814159292], [7295, 0.9103618421052632], [7359, 0.9108695652173913], [7423, 0.9113685344827587], [7487, 0.9118589743589743], [7551, 0.912208686440678], [7615, 0.912421218487395], [7679, 0.9126302083333333], [7743, 0.9129648760330579], [7807, 0.9132940573770492], [7871, 0.9136178861788617], [7935, 0.9139364919354839], [7999, 0.914125], [8063, 0.9145585317460317], [8127, 0.9151082677165354], [8191, 0.9154052734375], [8255, 0.9153343023255814], [8319, 0.9159855769230769], [8383, 0.9166269083969466], [8447, 0.9169034090909091], [8511, 0.9174107142857143], [8575, 0.917793843283582], [8639, 0.9179398148148148], [8703, 0.9181985294117647], [8767, 0.9186815693430657], [8831, 0.9192708333333334], [8895, 0.9195143884892086], [8959, 0.9198660714285715], [9023, 0.9198803191489362], [9087, 0.9197843309859155], [9151, 0.919798951048951], [9215, 0.9200303819444444], [9279, 0.9201508620689656], [9343, 0.9203767123287672], [9407, 0.9204931972789115], [9471, 0.9208192567567568], [9535, 0.9211409395973155], [9599, 0.9216666666666666], [9663, 0.921978476821192], [9727, 0.9224917763157895], [9791, 0.9227941176470589], [9855, 0.9227881493506493], [9919, 0.9230846774193548], [9983, 0.9233774038461539], [9999, 0.9235]], "candidate_count_total": 26, "confirmed_count_total": 22, "created_at": 1768133958.6910713, "confirm_rule_effective": "perm_test", "last_perm_pvalue": 0.004975124378109453, "last_perm_effect": 0.06205074545636405, "perm_test_count_total": 45, "perm_accept_count_total": 22, "perm_reject_count_total": 23, "perm_alpha": 0.005, "perm_pvalue_p50": 0.13930348258706468, "perm_pvalue_p90": 1.0, "perm_pvalue_p99": 1.0, "perm_pvalue_le_alpha_ratio": 0.4888888888888889, "perm_effect_p50": 0.005560265666542833, "perm_effect_p90": 0.07276001967171494, "perm_effect_p99": 0.13890507010311334}