{"dataset_name": "INSECTS_abrupt_balanced", "dataset_type": "insects_real", "model_variant": "ts_drift_adapt", "seed": 3, "monitor_preset": "error_divergence_ph_meta@error.threshold=0.05,error.min_instances=5", "monitor_preset_base": "error_divergence_ph_meta", "monitor_ph_params": {"error_rate": {"delta": 0.005, "alpha": 0.15, "threshold": 0.05, "min_instances": 5}, "divergence": {"delta": 0.005, "alpha": 0.1, "threshold": 0.05, "min_instances": 30}}, "monitor_ph_overrides": {"error_rate": {"threshold": 0.05, "min_instances": 5}}, "trigger_mode": "two_stage", "trigger_k": 2, "trigger_threshold": 0.5, "trigger_weights": "confirm_cooldown=200,divergence=0.3,error_rate=0.5,teacher_entropy=0.2", "confirm_window": 1, "confirm_cooldown": 0, "adaptive_cooldown_enabled": 0, "adaptive_window": 10000, "adaptive_lower_per10k": 10.0, "adaptive_upper_per10k": 25.0, "adaptive_cooldown_low": 200, "adaptive_cooldown_high": 500, "severity_scheduler_scale": 1.0, "use_severity_v2": 0, "severity_gate": "none", "severity_gate_min_streak": 1, "entropy_mode": "overconfident", "severity_decay": 0.95, "freeze_baseline_steps": 0, "n_steps": 1200, "horizon": 52847, "acc_final": 0.20220636933033095, "mean_acc": 0.20072741164746752, "acc_min": 0.17700892857142858, "candidate_sample_idxs": [1279, 2559, 3839, 5119, 6399, 7679, 8959, 10239, 11519, 12799, 14591, 15871, 17663, 18943, 20223, 21503, 22783, 24063, 25343, 26623, 27903, 29183, 30463, 31743, 33023, 34303, 35583, 36863, 38143, 39423, 40703, 41983, 43263, 44543, 45823, 47103, 50431, 51711, 52846], "confirmed_sample_idxs": [1279, 2559, 3839, 5119, 6399, 7679, 8959, 10239, 11519, 12799, 14591, 15871, 17663, 18943, 20223, 21503, 22783, 24063, 25343, 26623, 27903, 29183, 30463, 31743, 33023, 34303, 35583, 36863, 38143, 39423, 40703, 41983, 43263, 44543, 45823, 47103, 50431, 51711, 52846], "acc_series": [[255, 0.203125], [511, 0.212890625], [767, 0.21484375], [1023, 0.2177734375], [1279, 0.21796875], [1535, 0.212890625], [1791, 0.20703125], [2047, 0.20458984375], [2303, 0.203125], [2559, 0.205078125], [2815, 0.20241477272727273], [3071, 0.2001953125], [3327, 0.20072115384615385], [3583, 0.20396205357142858], [3839, 0.20520833333333333], [4095, 0.2041015625], [4351, 0.20680147058823528], [4607, 0.2072482638888889], [4863, 0.20826480263157895], [5119, 0.2111328125], [5375, 0.21409970238095238], [5631, 0.2159090909090909], [5887, 0.21620244565217392], [6143, 0.21663411458333334], [6399, 0.21640625], [6655, 0.21544471153846154], [6911, 0.21571180555555555], [7167, 0.21526227678571427], [7423, 0.21686422413793102], [7679, 0.217578125], [7935, 0.21774193548387097], [8191, 0.218994140625], [8447, 0.21886837121212122], [8703, 0.21806066176470587], [8959, 0.21819196428571427], [9215, 0.2179904513888889], [9471, 0.21811655405405406], [9727, 0.21823601973684212], [9983, 0.2189503205128205], [10239, 0.21953125], [10495, 0.22036966463414634], [10751, 0.22247023809523808], [11007, 0.22320130813953487], [11263, 0.22407670454545456], [11519, 0.2243923611111111], [11775, 0.224609375], [12031, 0.22506648936170212], [12287, 0.22517903645833334], [12543, 0.22600446428571427], [12799, 0.222421875], [13055, 0.21806066176470587], [13311, 0.2138671875], [13567, 0.20983195754716982], [13823, 0.20594618055555555], [14079, 0.20220170454545455], [14335, 0.19859095982142858], [14591, 0.19921875], [14847, 0.19955549568965517], [15103, 0.1996822033898305], [15359, 0.1978515625], [15615, 0.1953125], [15871, 0.19260332661290322], [16127, 0.18991815476190477], [16383, 0.18701171875], [16639, 0.1842548076923077], [16895, 0.18181818181818182], [17151, 0.17957089552238806], [17407, 0.17813648897058823], [17663, 0.17736639492753623], [17919, 0.17700892857142858], [18175, 0.17847711267605634], [18431, 0.17811414930555555], [18687, 0.17840325342465754], [18943, 0.17815667229729729], [19199, 0.178125], [19455, 0.17881373355263158], [19711, 0.1793831168831169], [19967, 0.17903645833333334], [20223, 0.17909414556962025], [20479, 0.179296875], [20735, 0.17920524691358025], [20991, 0.17935403963414634], [21247, 0.17945218373493976], [21503, 0.17959449404761904], [21759, 0.17973345588235295], [22015, 0.1802779796511628], [22271, 0.18067528735632185], [22527, 0.18132990056818182], [22783, 0.18280372191011235], [23039, 0.18368055555555557], [23295, 0.18445226648351648], [23551, 0.18631114130434784], [23807, 0.18754200268817203], [24063, 0.18866356382978725], [24319, 0.18976151315789475], [24575, 0.190673828125], [24831, 0.19112435567010308], [25087, 0.19176498724489796], [25343, 0.19258996212121213], [25599, 0.1935546875], [25855, 0.19438428217821782], [26111, 0.19535079656862744], [26367, 0.19610891990291263], [26623, 0.19681490384615385], [26879, 0.19776785714285713], [27135, 0.1986659787735849], [27391, 0.19951080607476634], [27647, 0.20091869212962962], [27903, 0.20240825688073394], [28159, 0.20113636363636364], [28415, 0.19942989864864866], [28671, 0.19771902901785715], [28927, 0.19600387168141592], [29183, 0.1943530701754386], [29439, 0.19276494565217392], [29695, 0.19130522629310345], [29951, 0.18977029914529914], [30207, 0.1883938029661017], [30463, 0.18733587184873948], [30719, 0.18645833333333334], [30975, 0.18572443181818182], [31231, 0.18615522540983606], [31487, 0.18692835365853658], [31743, 0.1881615423387097], [31999, 0.1895625], [32255, 0.19100322420634921], [32511, 0.1929441437007874], [32767, 0.194549560546875], [33023, 0.19640261627906977], [33279, 0.19654447115384616], [33535, 0.19653506679389313], [33791, 0.197265625], [34047, 0.19757401315789475], [34303, 0.19758628731343283], [34559, 0.19771412037037037], [34815, 0.19761029411764705], [35071, 0.19739393248175183], [35327, 0.19737884963768115], [35583, 0.1977293165467626], [35839, 0.19801897321428572], [36095, 0.19788896276595744], [36351, 0.19800836267605634], [36607, 0.19812609265734266], [36863, 0.19807942708333334], [37119, 0.19816810344827587], [37375, 0.19828232020547945], [37631, 0.19850127551020408], [37887, 0.1990867820945946], [38143, 0.19945469798657717], [38399, 0.198125], [38655, 0.19681291390728478], [38911, 0.19657175164473684], [39167, 0.19676776960784315], [39423, 0.19680905032467533], [39679, 0.19710181451612904], [39935, 0.19721554487179488], [40191, 0.19720342356687898], [40447, 0.1975870253164557], [40703, 0.1977692610062893], [40959, 0.19814453125], [41215, 0.1983695652173913], [41471, 0.1986159336419753], [41727, 0.19893117331288343], [41983, 0.19952839176829268], [42239, 0.2004498106060606], [42495, 0.2015483810240964], [42751, 0.20275074850299402], [43007, 0.2034970238095238], [43263, 0.20448872041420119], [43519, 0.2055376838235294], [43775, 0.2065058479532164], [44031, 0.20764444040697674], [44287, 0.20831828034682082], [44543, 0.20891702586206898], [44799, 0.20957589285714287], [45055, 0.2106045809659091], [45311, 0.2113126765536723], [45567, 0.21229810393258428], [45823, 0.2132070530726257], [46079, 0.21434461805555555], [46335, 0.2151243093922652], [46591, 0.21602421016483517], [46847, 0.21601775956284153], [47103, 0.21484375], [47359, 0.21368243243243243], [47615, 0.21253360215053763], [47871, 0.2113970588235294], [48127, 0.21027260638297873], [48383, 0.2091600529100529], [48639, 0.2080592105263158], [48895, 0.20696989528795812], [49151, 0.20589192708333334], [49407, 0.20482512953367876], [49663, 0.20376932989690721], [49919, 0.20276442307692308], [50175, 0.20184948979591838], [50431, 0.20106281725888325], [50687, 0.20040246212121213], [50943, 0.20039651381909548], [51199, 0.20095703125], [51455, 0.20207555970149255], [51711, 0.20358910891089108], [51967, 0.2050877463054187], [52223, 0.2046185661764706], [52479, 0.2036204268292683], [52735, 0.20263197815533981], [52846, 0.20220636933033095]], "candidate_count_total": 39, "confirmed_count_total": 39, "created_at": 1767880098.9020767}