{"dataset_name": "INSECTS_abrupt_balanced", "dataset_type": "insects_real", "model_variant": "ts_drift_adapt_severity", "seed": 7, "monitor_preset": "error_divergence_ph_meta@error.threshold=0.05,error.min_instances=5", "monitor_preset_base": "error_divergence_ph_meta", "monitor_ph_params": {"error_rate": {"delta": 0.005, "alpha": 0.15, "threshold": 0.05, "min_instances": 5}, "divergence": {"delta": 0.005, "alpha": 0.1, "threshold": 0.05, "min_instances": 30}}, "monitor_ph_overrides": {"error_rate": {"threshold": 0.05, "min_instances": 5}}, "trigger_mode": "two_stage", "trigger_k": 2, "trigger_threshold": 0.5, "trigger_weights": "confirm_cooldown=0,divergence=0.3,error_rate=0.5,teacher_entropy=0.2", "confirm_window": 1, "confirm_cooldown": 0, "severity_scheduler_scale": 1.0, "use_severity_v2": 1, "severity_gate": "confirmed_streak", "severity_gate_min_streak": 5, "entropy_mode": "overconfident", "severity_decay": 0.95, "freeze_baseline_steps": 0, "n_steps": 1200, "horizon": 52847, "acc_final": 0.1966052945294908, "mean_acc": 0.19244175195765517, "acc_min": 0.14453125, "candidate_sample_idxs": [1279, 2559, 3839, 5119, 6399, 7679, 8959, 10239, 11519, 12799, 14079, 15871, 17919, 19199, 20479, 21759, 23039, 24319, 25599, 26879, 28159, 31231, 32511, 33791, 35071, 36351, 37631, 38911, 40191, 41471, 42751, 44031, 45311, 46591, 48383, 50175, 51455, 52735], "confirmed_sample_idxs": [1279, 2559, 3839, 5119, 6399, 7679, 8959, 10239, 11519, 12799, 14079, 15871, 17919, 19199, 20479, 21759, 23039, 24319, 25599, 26879, 28159, 31231, 32511, 33791, 35071, 36351, 37631, 38911, 40191, 41471, 42751, 44031, 45311, 46591, 48383, 50175, 51455, 52735], "acc_series": [[255, 0.14453125], [511, 0.17578125], [767, 0.19791666666666666], [1023, 0.1982421875], [1279, 0.2], [1535, 0.19661458333333334], [1791, 0.20089285714285715], [2047, 0.19580078125], [2303, 0.1953125], [2559, 0.197265625], [2815, 0.19282670454545456], [3071, 0.19563802083333334], [3327, 0.19621394230769232], [3583, 0.20005580357142858], [3839, 0.20078125], [4095, 0.2001953125], [4351, 0.20220588235294118], [4607, 0.20030381944444445], [4863, 0.2002467105263158], [5119, 0.2013671875], [5375, 0.20145089285714285], [5631, 0.20330255681818182], [5887, 0.2022758152173913], [6143, 0.20231119791666666], [6399, 0.2021875], [6655, 0.20222355769230768], [6911, 0.20298032407407407], [7167, 0.20298549107142858], [7423, 0.2036637931034483], [7679, 0.20377604166666666], [7935, 0.20438508064516128], [8191, 0.20458984375], [8447, 0.20525568181818182], [8703, 0.205078125], [8959, 0.2056919642857143], [9215, 0.20638020833333334], [9471, 0.20671452702702703], [9727, 0.20662006578947367], [9983, 0.20582932692307693], [10239, 0.206640625], [10495, 0.20636432926829268], [10751, 0.20591517857142858], [11007, 0.20521438953488372], [11263, 0.20561079545454544], [11519, 0.20503472222222222], [11775, 0.20626698369565216], [12031, 0.20620013297872342], [12287, 0.20597330729166666], [12543, 0.2059948979591837], [12799, 0.202578125], [13055, 0.1986060049019608], [13311, 0.19478665865384615], [13567, 0.1911114386792453], [13823, 0.18764467592592593], [14079, 0.18501420454545456], [14335, 0.1875], [14591, 0.18537554824561403], [14847, 0.1821794181034483], [15103, 0.17915783898305085], [15359, 0.176171875], [15615, 0.17328381147540983], [15871, 0.1704889112903226], [16127, 0.16784474206349206], [16383, 0.16522216796875], [16639, 0.16268028846153845], [16895, 0.1602154356060606], [17151, 0.1579990671641791], [17407, 0.1557904411764706], [17663, 0.15381567028985507], [17919, 0.15412946428571428], [18175, 0.1580655809859155], [18431, 0.16102430555555555], [18687, 0.1639019691780822], [18943, 0.1671241554054054], [19199, 0.16947916666666665], [19455, 0.1728515625], [19711, 0.17527394480519481], [19967, 0.17583133012820512], [20223, 0.1764240506329114], [20479, 0.17705078125], [20735, 0.17732445987654322], [20991, 0.17749618902439024], [21247, 0.17747552710843373], [21503, 0.17782738095238096], [21759, 0.17794117647058824], [22015, 0.17818859011627908], [22271, 0.17923850574712644], [22527, 0.1795987215909091], [22783, 0.18030196629213482], [23039, 0.18090277777777777], [23295, 0.1818337912087912], [23551, 0.18384850543478262], [23807, 0.1859459005376344], [24063, 0.1877908909574468], [24319, 0.18910361842105264], [24575, 0.18998209635416666], [24831, 0.19136597938144329], [25087, 0.1924426020408163], [25343, 0.19412878787878787], [25599, 0.195234375], [25855, 0.1963954207920792], [26111, 0.19768688725490197], [26367, 0.19895327669902912], [26623, 0.19981971153846154], [26879, 0.20100446428571428], [27135, 0.20201945754716982], [27391, 0.2030519859813084], [27647, 0.20471643518518517], [27903, 0.20613532110091742], [28159, 0.2046875], [28415, 0.20284346846846846], [28671, 0.20103236607142858], [28927, 0.1992533185840708], [29183, 0.19757401315789475], [29439, 0.1958899456521739], [29695, 0.1943359375], [29951, 0.19284188034188035], [30207, 0.19140625], [30463, 0.18989627100840337], [30719, 0.18841145833333334], [30975, 0.1870157541322314], [31231, 0.1857389856557377], [31487, 0.18505462398373984], [31743, 0.1848853326612903], [31999, 0.185375], [32255, 0.18629092261904762], [32511, 0.18799212598425197], [32767, 0.1895751953125], [33023, 0.1910125968992248], [33279, 0.19092548076923077], [33535, 0.19116770038167938], [33791, 0.19125828598484848], [34047, 0.19137687969924813], [34303, 0.191435401119403], [34559, 0.19175347222222222], [34815, 0.19166475183823528], [35071, 0.19157732664233576], [35327, 0.1917459239130435], [35583, 0.19199640287769784], [35839, 0.19215959821428572], [36095, 0.19218195921985815], [36351, 0.19231404049295775], [36607, 0.1924715909090909], [36863, 0.19246419270833334], [37119, 0.19248383620689655], [37375, 0.19247645547945205], [37631, 0.19262861394557823], [37887, 0.19298986486486486], [38143, 0.19342491610738255], [38399, 0.19213541666666667], [38655, 0.1908629966887417], [38911, 0.19107216282894737], [39167, 0.191125408496732], [39423, 0.19138088474025974], [39679, 0.19163306451612902], [39935, 0.19163161057692307], [40191, 0.1917794585987261], [40447, 0.19177709651898733], [40703, 0.1917501965408805], [40959, 0.1917724609375], [41215, 0.19191576086956522], [41471, 0.19212962962962962], [41727, 0.19246069785276074], [41983, 0.19285918445121952], [42239, 0.1935842803030303], [42495, 0.19392413403614459], [42751, 0.19451721556886228], [43007, 0.1954287574404762], [43263, 0.1960983727810651], [43519, 0.19712775735294116], [43775, 0.19798519736842105], [44031, 0.19915061773255813], [44287, 0.19960260115606937], [44543, 0.20040858477011494], [44799, 0.20109375], [45055, 0.2021484375], [45311, 0.2027498234463277], [45567, 0.20378335674157302], [45823, 0.20452164804469275], [46079, 0.20559895833333333], [46335, 0.20616799033149172], [46591, 0.20713856456043955], [46847, 0.2073727800546448], [47103, 0.20624575407608695], [47359, 0.20513091216216217], [47615, 0.20402805779569894], [47871, 0.20295788770053477], [48127, 0.2018783244680851], [48383, 0.20083085317460317], [48639, 0.19981496710526317], [48895, 0.19880971858638743], [49151, 0.19777425130208334], [49407, 0.19691143134715025], [49663, 0.19611791237113402], [49919, 0.1954326923076923], [50175, 0.19479432397959184], [50431, 0.19430123730964466], [50687, 0.19410905934343434], [50943, 0.19460584170854273], [51199, 0.1953125], [51455, 0.19665345149253732], [51711, 0.19803913985148514], [51967, 0.19935344827586207], [52223, 0.19895067401960784], [52479, 0.19798018292682926], [52735, 0.1970191140776699], [52846, 0.1966052945294908]], "candidate_count_total": 38, "confirmed_count_total": 38, "created_at": 1767841281.3536687}