{"dataset_name": "sine_nodrift", "dataset_type": "sine", "model_variant": "ts_drift_adapt", "seed": 4, "monitor_preset": "error_divergence_ph_meta@error.threshold=0.10,error.min_instances=5", "monitor_preset_base": "error_divergence_ph_meta", "monitor_ph_params": {"error_rate": {"delta": 0.005, "alpha": 0.15, "threshold": 0.1, "min_instances": 5}, "divergence": {"delta": 0.005, "alpha": 0.1, "threshold": 0.05, "min_instances": 30}}, "monitor_ph_overrides": {"error_rate": {"threshold": 0.1, "min_instances": 5}}, "trigger_mode": "two_stage", "trigger_k": 2, "trigger_threshold": 0.5, "trigger_weights": "__confirm_cooldown=200,__confirm_rule=perm_test,__perm_alpha=0.01,__perm_min_effect=0,__perm_n_perm=200,__perm_post_n=30,__perm_pre_n=500,__perm_rng_seed=0,__perm_stat=vote_score,divergence=0.3,error_rate=0.5,teacher_entropy=0.2", "confirm_window": 3, "confirm_cooldown": 0, "adaptive_cooldown_enabled": 0, "adaptive_window": 10000, "adaptive_lower_per10k": 10.0, "adaptive_upper_per10k": 25.0, "adaptive_cooldown_low": 200, "adaptive_cooldown_high": 500, "severity_scheduler_scale": 1.0, "use_severity_v2": 0, "severity_gate": "none", "severity_gate_min_streak": 1, "entropy_mode": "overconfident", "severity_decay": 0.95, "freeze_baseline_steps": 0, "n_steps": 800, "horizon": 10000, "acc_final": 0.9229, "mean_acc": 0.8455278680729534, "acc_min": 0.484375, "candidate_sample_idxs": [319, 639, 959, 1279, 1599, 1919, 2303, 2623, 2943, 3263, 3647, 3967, 4287, 4991, 5631, 7231, 7679, 7999, 8319, 9599, 9919], "confirmed_sample_idxs": [639, 959, 1279, 1599, 1919, 2303, 2623, 2943, 3263, 3647, 3967, 4287, 4991, 5631, 7231, 7679, 7999, 8319, 9599, 9919], "acc_series": [[63, 0.484375], [127, 0.546875], [191, 0.5572916666666666], [255, 0.546875], [319, 0.54375], [383, 0.5416666666666666], [447, 0.5491071428571429], [511, 0.58203125], [575, 0.6163194444444444], [639, 0.6359375], [703, 0.6519886363636364], [767, 0.6627604166666666], [831, 0.6766826923076923], [895, 0.6886160714285714], [959, 0.7010416666666667], [1023, 0.7119140625], [1087, 0.7215073529411765], [1151, 0.7274305555555556], [1215, 0.7261513157894737], [1279, 0.72734375], [1343, 0.7247023809523809], [1407, 0.7315340909090909], [1471, 0.7377717391304348], [1535, 0.7454427083333334], [1599, 0.75375], [1663, 0.7608173076923077], [1727, 0.7673611111111112], [1791, 0.7706473214285714], [1855, 0.7764008620689655], [1919, 0.7822916666666667], [1983, 0.7888104838709677], [2047, 0.79443359375], [2111, 0.7997159090909091], [2175, 0.8051470588235294], [2239, 0.8089285714285714], [2303, 0.8111979166666666], [2367, 0.8133445945945946], [2431, 0.8153782894736842], [2495, 0.8177083333333334], [2559, 0.81875], [2623, 0.8224085365853658], [2687, 0.8258928571428571], [2751, 0.8299418604651163], [2815, 0.8330965909090909], [2879, 0.8357638888888889], [2943, 0.8389945652173914], [3007, 0.8420877659574468], [3071, 0.8430989583333334], [3135, 0.8447066326530612], [3199, 0.8465625], [3263, 0.8483455882352942], [3327, 0.8503605769230769], [3391, 0.8531839622641509], [3455, 0.8553240740740741], [3519, 0.8573863636363637], [3583, 0.8596540178571429], [3647, 0.8618421052631579], [3711, 0.8636853448275862], [3775, 0.8654661016949152], [3839, 0.8677083333333333], [3903, 0.8685963114754098], [3967, 0.8699596774193549], [4031, 0.871031746031746], [4095, 0.872314453125], [4159, 0.8735576923076923], [4223, 0.8738162878787878], [4287, 0.8745335820895522], [4351, 0.8752297794117647], [4415, 0.8770380434782609], [4479, 0.8779017857142857], [4543, 0.8789612676056338], [4607, 0.8799913194444444], [4671, 0.880779109589041], [4735, 0.8819679054054054], [4799, 0.8829166666666667], [4863, 0.8836348684210527], [4927, 0.8843344155844156], [4991, 0.8844150641025641], [5055, 0.8850870253164557], [5119, 0.886328125], [5183, 0.886766975308642], [5247, 0.887766768292683], [5311, 0.8887424698795181], [5375, 0.8893229166666666], [5439, 0.8898897058823529], [5503, 0.8909883720930233], [5567, 0.8920617816091954], [5631, 0.8931107954545454], [5695, 0.8941362359550562], [5759, 0.8949652777777778], [5823, 0.8961195054945055], [5887, 0.8967391304347826], [5951, 0.897513440860215], [6015, 0.8982712765957447], [6079, 0.8990131578947368], [6143, 0.8995768229166666], [6207, 0.8998067010309279], [6271, 0.9001913265306123], [6335, 0.9008838383838383], [6399, 0.901875], [6463, 0.9025371287128713], [6527, 0.9030330882352942], [6591, 0.9036711165048543], [6655, 0.904296875], [6719, 0.9047619047619048], [6783, 0.9052181603773585], [6847, 0.9059579439252337], [6911, 0.90625], [6975, 0.9068233944954128], [7039, 0.9073863636363636], [7103, 0.908079954954955], [7167, 0.9086216517857143], [7231, 0.9090154867256637], [7295, 0.9091282894736842], [7359, 0.9096467391304348], [7423, 0.91015625], [7487, 0.9103899572649573], [7551, 0.9110169491525424], [7615, 0.9116334033613446], [7679, 0.9115885416666667], [7743, 0.9121900826446281], [7807, 0.912781762295082], [7871, 0.9134908536585366], [7935, 0.9136844758064516], [7999, 0.91375], [8063, 0.9140625], [8127, 0.9140009842519685], [8191, 0.9141845703125], [8255, 0.9144864341085271], [8319, 0.9150240384615385], [8383, 0.9156727099236641], [8447, 0.9159564393939394], [8511, 0.9162359022556391], [8575, 0.9163945895522388], [8639, 0.9166666666666666], [8703, 0.9169347426470589], [8767, 0.9171989051094891], [8831, 0.9174592391304348], [8895, 0.9179406474820144], [8959, 0.9185267857142857], [9023, 0.9189937943262412], [9087, 0.9193441901408451], [9151, 0.9196896853146853], [9215, 0.9201388888888888], [9279, 0.9204741379310345], [9343, 0.9210188356164384], [9407, 0.9211309523809523], [9471, 0.921558277027027], [9535, 0.9217701342281879], [9599, 0.9219791666666667], [9663, 0.9220819536423841], [9727, 0.9219777960526315], [9791, 0.9220792483660131], [9855, 0.9222808441558441], [9919, 0.9223790322580645], [9983, 0.9227764423076923], [9999, 0.9229]], "candidate_count_total": 21, "confirmed_count_total": 20, "created_at": 1768220091.5498579, "confirm_rule_effective": "perm_test", "last_perm_pvalue": 0.004975124378109453, "last_perm_effect": 0.42724729639612863, "perm_test_count_total": 20, "perm_accept_count_total": 20, "perm_reject_count_total": 0, "perm_alpha": 0.01, "perm_pvalue_p50": 0.004975124378109453, "perm_pvalue_p90": 0.004975124378109453, "perm_pvalue_p99": 0.004975124378109453, "perm_pvalue_le_alpha_ratio": 1.0, "perm_effect_p50": 0.44300444720453414, "perm_effect_p90": 0.49927736878310763, "perm_effect_p99": 0.5}