{"dataset_name": "sine_nodrift", "dataset_type": "sine", "model_variant": "ts_drift_adapt", "seed": 3, "monitor_preset": "error_divergence_ph_meta@error.threshold=0.10,error.min_instances=5", "monitor_preset_base": "error_divergence_ph_meta", "monitor_ph_params": {"error_rate": {"delta": 0.005, "alpha": 0.15, "threshold": 0.1, "min_instances": 5}, "divergence": {"delta": 0.005, "alpha": 0.1, "threshold": 0.05, "min_instances": 30}}, "monitor_ph_overrides": {"error_rate": {"threshold": 0.1, "min_instances": 5}}, "trigger_mode": "two_stage", "trigger_k": 2, "trigger_threshold": 0.5, "trigger_weights": "__confirm_cooldown=200,__confirm_rule=perm_test,__perm_alpha=0.05,__perm_delta_k=50,__perm_min_effect=0,__perm_n_perm=200,__perm_post_n=10,__perm_pre_n=500,__perm_rng_seed=0,__perm_stat=delta_fused_score,divergence=0.3,error_rate=0.5,teacher_entropy=0.2", "confirm_window": 3, "confirm_cooldown": 0, "adaptive_cooldown_enabled": 0, "adaptive_window": 10000, "adaptive_lower_per10k": 10.0, "adaptive_upper_per10k": 25.0, "adaptive_cooldown_low": 200, "adaptive_cooldown_high": 500, "severity_scheduler_scale": 1.0, "use_severity_v2": 0, "severity_gate": "none", "severity_gate_min_streak": 1, "entropy_mode": "overconfident", "severity_decay": 0.95, "freeze_baseline_steps": 0, "n_steps": 800, "horizon": 10000, "acc_final": 0.9068, "mean_acc": 0.8156701847594694, "acc_min": 0.5677083333333334, "candidate_sample_idxs": [383, 703, 1023, 1343, 1663, 2047, 2367, 2687, 3007, 3327, 3839, 4159, 4479, 4799, 5119, 5759, 6079, 6399, 7359, 7679, 7999, 8511, 9407, 9791], "confirmed_sample_idxs": [703, 1407, 1727, 2047, 2367, 2751, 3007, 3839, 4351, 4799, 5759, 6079, 6399, 7359, 7743, 8063, 8511, 9407, 9791], "acc_series": [[63, 0.59375], [127, 0.59375], [191, 0.5677083333333334], [255, 0.57421875], [319, 0.6125], [383, 0.640625], [447, 0.6540178571428571], [511, 0.658203125], [575, 0.6475694444444444], [639, 0.6390625], [703, 0.6321022727272727], [767, 0.62109375], [831, 0.625], [895, 0.6294642857142857], [959, 0.6270833333333333], [1023, 0.6181640625], [1087, 0.6231617647058824], [1151, 0.6302083333333334], [1215, 0.6373355263157895], [1279, 0.64765625], [1343, 0.6577380952380952], [1407, 0.6669034090909091], [1471, 0.6786684782608695], [1535, 0.6868489583333334], [1599, 0.696875], [1663, 0.7067307692307693], [1727, 0.7146990740740741], [1791, 0.7220982142857143], [1855, 0.7289870689655172], [1919, 0.734375], [1983, 0.7384072580645161], [2047, 0.74267578125], [2111, 0.7476325757575758], [2175, 0.7518382352941176], [2239, 0.7544642857142857], [2303, 0.7591145833333334], [2367, 0.7618243243243243], [2431, 0.764391447368421], [2495, 0.7672275641025641], [2559, 0.769140625], [2623, 0.772484756097561], [2687, 0.7745535714285714], [2751, 0.7776162790697675], [2815, 0.7801846590909091], [2879, 0.784375], [2943, 0.7856657608695652], [3007, 0.7888962765957447], [3071, 0.7903645833333334], [3135, 0.7936862244897959], [3199, 0.796875], [3263, 0.7987132352941176], [3327, 0.8013822115384616], [3391, 0.8042452830188679], [3455, 0.8067129629629629], [3519, 0.809375], [3583, 0.8113839285714286], [3647, 0.8138706140350878], [3711, 0.8162715517241379], [3775, 0.8188559322033898], [3839, 0.8208333333333333], [3903, 0.8219774590163934], [3967, 0.8243447580645161], [4031, 0.826140873015873], [4095, 0.828369140625], [4159, 0.8310096153846154], [4223, 0.8330965909090909], [4287, 0.8348880597014925], [4351, 0.8370863970588235], [4415, 0.8383152173913043], [4479, 0.8401785714285714], [4543, 0.8413292253521126], [4607, 0.8428819444444444], [4671, 0.84375], [4735, 0.8452280405405406], [4799, 0.8464583333333333], [4863, 0.8484786184210527], [4927, 0.8498376623376623], [4991, 0.8511618589743589], [5055, 0.8524525316455697], [5119, 0.85390625], [5183, 0.8549382716049383], [5247, 0.8561356707317073], [5311, 0.8569277108433735], [5375, 0.8582589285714286], [5439, 0.8595588235294118], [5503, 0.8610101744186046], [5567, 0.8620689655172413], [5631, 0.8631036931818182], [5695, 0.8646418539325843], [5759, 0.8657986111111111], [5823, 0.8671016483516484], [5887, 0.8683763586956522], [5951, 0.8694556451612904], [6015, 0.8706781914893617], [6079, 0.8713815789473685], [6143, 0.8720703125], [6207, 0.8730670103092784], [6271, 0.8743622448979592], [6335, 0.8751578282828283], [6399, 0.87546875], [6463, 0.8762376237623762], [6527, 0.8766850490196079], [6591, 0.8778822815533981], [6655, 0.8786057692307693], [6719, 0.8796130952380953], [6783, 0.8806014150943396], [6847, 0.881571261682243], [6911, 0.8823784722222222], [6975, 0.8827408256880734], [7039, 0.8836647727272727], [7103, 0.8842905405405406], [7167, 0.8850446428571429], [7231, 0.8859236725663717], [7295, 0.8865131578947368], [7359, 0.8869565217391304], [7423, 0.8873922413793104], [7487, 0.8882211538461539], [7551, 0.888771186440678], [7615, 0.8895745798319328], [7679, 0.8904947916666667], [7743, 0.8910123966942148], [7807, 0.8916495901639344], [7871, 0.8921493902439024], [7935, 0.8927671370967742], [7999, 0.893375], [8063, 0.8940972222222222], [8127, 0.8948080708661418], [8191, 0.8955078125], [8255, 0.8960755813953488], [8319, 0.896875], [8383, 0.8971851145038168], [8447, 0.8977272727272727], [8511, 0.8980263157894737], [8575, 0.8986707089552238], [8639, 0.8993055555555556], [8703, 0.8995863970588235], [8767, 0.8997490875912408], [8831, 0.9004755434782609], [8895, 0.9008543165467626], [8959, 0.9011160714285714], [9023, 0.9017065602836879], [9087, 0.9018485915492958], [9151, 0.9022071678321678], [9215, 0.9025607638888888], [9279, 0.903125], [9343, 0.9037885273972602], [9407, 0.9040178571428571], [9471, 0.9044552364864865], [9535, 0.904886744966443], [9599, 0.9051041666666667], [9663, 0.9052152317880795], [9727, 0.9054276315789473], [9791, 0.9055351307189542], [9855, 0.9059456168831169], [9919, 0.9065524193548387], [9983, 0.9067508012820513], [9999, 0.9068]], "candidate_count_total": 23, "confirmed_count_total": 19, "created_at": 1768148308.368892, "confirm_rule_effective": "perm_test", "last_perm_pvalue": 0.004975124378109453, "last_perm_effect": 0.06039541586371254, "perm_test_count_total": 39, "perm_accept_count_total": 19, "perm_reject_count_total": 20, "perm_alpha": 0.05, "perm_pvalue_p50": 0.0845771144278607, "perm_pvalue_p90": 1.0, "perm_pvalue_p99": 1.0, "perm_pvalue_le_alpha_ratio": 0.48717948717948717, "perm_effect_p50": 0.024437754239217676, "perm_effect_p90": 0.0904400297624935, "perm_effect_p99": 0.21640222987257934}