{"dataset_name": "INSECTS_abrupt_balanced", "dataset_type": "insects_real", "model_variant": "ts_drift_adapt_severity", "seed": 5, "monitor_preset": "error_divergence_ph_meta@error.threshold=0.05,error.min_instances=5", "monitor_preset_base": "error_divergence_ph_meta", "monitor_ph_params": {"error_rate": {"delta": 0.005, "alpha": 0.15, "threshold": 0.05, "min_instances": 5}, "divergence": {"delta": 0.005, "alpha": 0.1, "threshold": 0.05, "min_instances": 30}}, "monitor_ph_overrides": {"error_rate": {"threshold": 0.05, "min_instances": 5}}, "trigger_mode": "two_stage", "trigger_k": 2, "trigger_threshold": 0.5, "trigger_weights": "confirm_cooldown=200,divergence=0.3,error_rate=0.5,teacher_entropy=0.2", "confirm_window": 1, "confirm_cooldown": 0, "adaptive_cooldown_enabled": 0, "adaptive_window": 10000, "adaptive_lower_per10k": 10.0, "adaptive_upper_per10k": 25.0, "adaptive_cooldown_low": 200, "adaptive_cooldown_high": 500, "severity_scheduler_scale": 2.0, "use_severity_v2": 1, "severity_gate": "none", "severity_gate_min_streak": 1, "entropy_mode": "uncertain", "severity_decay": 0.95, "freeze_baseline_steps": 5, "n_steps": 1200, "horizon": 52847, "acc_final": 0.2031146517304672, "mean_acc": 0.19096883887570346, "acc_min": 0.15330615942028986, "candidate_sample_idxs": [1279, 2559, 3839, 5119, 6399, 7679, 8959, 10239, 11519, 12799, 14079, 15359, 17919, 18943, 19199, 20479, 21759, 23039, 24319, 25599, 26879, 28159, 29439, 30719, 31999, 33279, 34559, 35839, 37119, 38399, 39679, 40959, 42239, 43519, 44799, 46079, 47359, 48639, 49919, 51199, 52479], "confirmed_sample_idxs": [1279, 2559, 3839, 5119, 6399, 7679, 8959, 10239, 11519, 12799, 14079, 15359, 17919, 19199, 20479, 21759, 23039, 24319, 25599, 26879, 28159, 29439, 30719, 31999, 33279, 34559, 35839, 37119, 38399, 39679, 40959, 42239, 43519, 44799, 46079, 47359, 48639, 49919, 51199, 52479], "acc_series": [[255, 0.19140625], [511, 0.177734375], [767, 0.18098958333333334], [1023, 0.18359375], [1279, 0.17734375], [1535, 0.1796875], [1791, 0.17689732142857142], [2047, 0.18701171875], [2303, 0.1853298611111111], [2559, 0.1859375], [2815, 0.18607954545454544], [3071, 0.18717447916666666], [3327, 0.18840144230769232], [3583, 0.19112723214285715], [3839, 0.1921875], [4095, 0.19140625], [4351, 0.19278492647058823], [4607, 0.19466145833333334], [4863, 0.19490131578947367], [5119, 0.19453125], [5375, 0.19475446428571427], [5631, 0.1944247159090909], [5887, 0.1953125], [6143, 0.1943359375], [6399, 0.195], [6655, 0.19471153846153846], [6911, 0.1958912037037037], [7167, 0.19642857142857142], [7423, 0.19881465517241378], [7679, 0.199609375], [7935, 0.19921875], [8191, 0.20068359375], [8447, 0.2012310606060606], [8703, 0.2026654411764706], [8959, 0.2041294642857143], [9215, 0.20399305555555555], [9471, 0.20333614864864866], [9727, 0.20384457236842105], [9983, 0.20422676282051283], [10239, 0.20341796875], [10495, 0.2033155487804878], [10751, 0.20442708333333334], [11007, 0.20466933139534885], [11263, 0.20374644886363635], [11519, 0.2035590277777778], [11775, 0.20337975543478262], [12031, 0.20362367021276595], [12287, 0.20377604166666666], [12543, 0.20392219387755103], [12799, 0.20109375], [13055, 0.19715073529411764], [13311, 0.193359375], [13567, 0.18971108490566038], [13823, 0.18619791666666666], [14079, 0.18345170454545454], [14335, 0.18687220982142858], [14591, 0.18510142543859648], [14847, 0.18197737068965517], [15103, 0.1789592161016949], [15359, 0.1759765625], [15615, 0.17309170081967212], [15871, 0.17029989919354838], [16127, 0.16765873015873015], [16383, 0.1650390625], [16639, 0.1625], [16895, 0.16003787878787878], [17151, 0.15764925373134328], [17407, 0.15544577205882354], [17663, 0.15330615942028986], [17919, 0.15373883928571427], [18175, 0.15812059859154928], [18431, 0.16064453125], [18687, 0.1624036815068493], [18943, 0.16364020270270271], [19199, 0.16510416666666666], [19455, 0.16591282894736842], [19711, 0.1666497564935065], [19967, 0.16626602564102563], [20223, 0.16638647151898733], [20479, 0.166357421875], [20735, 0.16676311728395063], [20991, 0.1676829268292683], [21247, 0.16919239457831325], [21503, 0.1702938988095238], [21759, 0.17118566176470587], [22015, 0.17255632267441862], [22271, 0.1737158764367816], [22527, 0.1756924715909091], [22783, 0.1774929775280899], [23039, 0.17847222222222223], [23295, 0.18007383241758243], [23551, 0.18219259510869565], [23807, 0.1841817876344086], [24063, 0.18579621010638298], [24319, 0.1868421052631579], [24575, 0.18819173177083334], [24831, 0.18963434278350516], [25087, 0.1911670918367347], [25343, 0.19270833333333334], [25599, 0.193984375], [25855, 0.1953125], [26111, 0.19642310049019607], [26367, 0.19747421116504854], [26623, 0.19884314903846154], [26879, 0.2002232142857143], [27135, 0.20157724056603774], [27391, 0.20257739485981308], [27647, 0.20417390046296297], [27903, 0.20513188073394495], [28159, 0.20376420454545455], [28415, 0.201928490990991], [28671, 0.2001953125], [28927, 0.19856194690265486], [29183, 0.19712856359649122], [29439, 0.19561820652173914], [29695, 0.19447063577586207], [29951, 0.1930755876068376], [30207, 0.19193591101694915], [30463, 0.1909466911764706], [30719, 0.18974609375], [30975, 0.1887267561983471], [31231, 0.18759605532786885], [31487, 0.18683307926829268], [31743, 0.18617691532258066], [31999, 0.1858125], [32255, 0.1865389384920635], [32511, 0.1876845472440945], [32767, 0.18939208984375], [33023, 0.19122456395348839], [33279, 0.19161658653846153], [33535, 0.19134661259541985], [33791, 0.19187973484848486], [34047, 0.19208176691729323], [34303, 0.19201842350746268], [34559, 0.1918402777777778], [34815, 0.19132008272058823], [35071, 0.19129219890510948], [35327, 0.19146286231884058], [35583, 0.19168727517985612], [35839, 0.19165736607142858], [36095, 0.1916832890070922], [36351, 0.19195642605633803], [36607, 0.19203452797202797], [36863, 0.19222005208333334], [37119, 0.1921605603448276], [37375, 0.19218214897260275], [37631, 0.1924426020408163], [37887, 0.19283150337837837], [38143, 0.1930841023489933], [38399, 0.19184895833333335], [38655, 0.19070778145695363], [38911, 0.19030119243421054], [39167, 0.19007863562091504], [39423, 0.18996043019480519], [39679, 0.1902469758064516], [39935, 0.19025440705128205], [40191, 0.19033638535031847], [40447, 0.19056566455696203], [40703, 0.19042354559748428], [40959, 0.190576171875], [41215, 0.19101805124223603], [41471, 0.19169560185185186], [41727, 0.19255655674846625], [41983, 0.19347846798780488], [42239, 0.19427083333333334], [42495, 0.19505365210843373], [42751, 0.19615456586826346], [43007, 0.19703311011904762], [43263, 0.19808616863905326], [43519, 0.1987591911764706], [43775, 0.19951571637426901], [44031, 0.20042242005813954], [44287, 0.2013186416184971], [44543, 0.20213721264367815], [44799, 0.20285714285714285], [45055, 0.2037020596590909], [45311, 0.20442708333333334], [45567, 0.20538535814606743], [45823, 0.20615834497206703], [46079, 0.20718315972222223], [46335, 0.20815348756906077], [46591, 0.20909168956043955], [46847, 0.20914446721311475], [47103, 0.2080078125], [47359, 0.20688344594594596], [47615, 0.20577116935483872], [47871, 0.20467078877005349], [48127, 0.20360289228723405], [48383, 0.2025462962962963], [48639, 0.20158305921052633], [48895, 0.20062990837696335], [49151, 0.19972737630208334], [49407, 0.199016353626943], [49663, 0.19845360824742267], [49919, 0.19823717948717948], [50175, 0.19854113520408162], [50431, 0.19941703680203046], [50687, 0.2003827335858586], [50943, 0.20124057788944724], [51199, 0.20232421875], [51455, 0.2035136815920398], [51711, 0.20482673267326731], [51967, 0.20608836206896552], [52223, 0.2055376838235294], [52479, 0.20453506097560975], [52735, 0.20354217233009708], [52846, 0.2031146517304672]], "candidate_count_total": 40, "confirmed_count_total": 40, "created_at": 1767887099.007965}