{"dataset_name": "INSECTS_abrupt_balanced", "dataset_type": "insects_real", "model_variant": "ts_drift_adapt", "seed": 4, "monitor_preset": "error_divergence_ph_meta", "trigger_mode": "two_stage", "trigger_k": 2, "trigger_threshold": 0.3, "trigger_weights": "divergence=0.3,error_rate=0.5,teacher_entropy=0.2", "confirm_window": 1, "severity_scheduler_scale": 1.0, "use_severity_v2": 0, "severity_gate": "none", "severity_gate_min_streak": 1, "entropy_mode": "overconfident", "severity_decay": 0.95, "freeze_baseline_steps": 0, "n_steps": 1200, "horizon": 52847, "acc_final": 0.20468522338070277, "mean_acc": 0.2041057378044587, "acc_min": 0.15625, "candidate_sample_idxs": [6399, 12799, 18687, 19199, 25599, 31999, 38399, 44799, 51199], "confirmed_sample_idxs": [6399, 12799, 18687, 19199, 25599, 31999, 38399, 44799, 51199], "acc_series": [[255, 0.16015625], [511, 0.15625], [767, 0.16796875], [1023, 0.1650390625], [1279, 0.171875], [1535, 0.17513020833333334], [1791, 0.17801339285714285], [2047, 0.18212890625], [2303, 0.1879340277777778], [2559, 0.190234375], [2815, 0.1924715909090909], [3071, 0.19596354166666666], [3327, 0.19381009615384615], [3583, 0.19168526785714285], [3839, 0.19427083333333334], [4095, 0.19677734375], [4351, 0.19990808823529413], [4607, 0.20030381944444445], [4863, 0.20230263157894737], [5119, 0.2033203125], [5375, 0.20498511904761904], [5631, 0.2059659090909091], [5887, 0.20533288043478262], [6143, 0.20426432291666666], [6399, 0.20453125], [6655, 0.20597956730769232], [6911, 0.2081886574074074], [7167, 0.2080078125], [7423, 0.21134159482758622], [7679, 0.21015625], [7935, 0.21118951612903225], [8191, 0.212646484375], [8447, 0.21223958333333334], [8703, 0.21346507352941177], [8959, 0.21484375], [9215, 0.2150607638888889], [9471, 0.21600506756756757], [9727, 0.21515213815789475], [9983, 0.21624599358974358], [10239, 0.21767578125], [10495, 0.2191310975609756], [10751, 0.22088913690476192], [11007, 0.2212936046511628], [11263, 0.22185724431818182], [11519, 0.2224826388888889], [11775, 0.22316576086956522], [12031, 0.22348736702127658], [12287, 0.22452799479166666], [12543, 0.22480867346938777], [12799, 0.22140625], [13055, 0.21706495098039216], [13311, 0.212890625], [13567, 0.20887382075471697], [13823, 0.20500578703703703], [14079, 0.20220170454545455], [14335, 0.205078125], [14591, 0.20346765350877194], [14847, 0.2000269396551724], [15103, 0.19670286016949154], [15359, 0.19342447916666666], [15615, 0.19025358606557377], [15871, 0.1871849798387097], [16127, 0.18427579365079366], [16383, 0.181396484375], [16639, 0.17860576923076923], [16895, 0.17589962121212122], [17151, 0.17327425373134328], [17407, 0.17078354779411764], [17663, 0.16847826086956522], [17919, 0.16863839285714285], [18175, 0.17341549295774647], [18431, 0.1767035590277778], [18687, 0.18027611301369864], [18943, 0.18343538851351351], [19199, 0.18645833333333334], [19455, 0.18986430921052633], [19711, 0.19100040584415584], [19967, 0.1910556891025641], [20223, 0.19115901898734178], [20479, 0.19150390625], [20735, 0.19164737654320987], [20991, 0.19202553353658536], [21247, 0.1925828313253012], [21503, 0.19303385416666666], [21759, 0.19365808823529412], [22015, 0.19449491279069767], [22271, 0.19540229885057472], [22527, 0.197265625], [22783, 0.1990870786516854], [23039, 0.2], [23295, 0.20076407967032966], [23551, 0.20257302989130435], [23807, 0.2034190188172043], [24063, 0.20462101063829788], [24319, 0.20575657894736843], [24575, 0.20650227864583334], [24831, 0.2071117912371134], [25087, 0.2074298469387755], [25343, 0.20845170454545456], [25599, 0.209296875], [25855, 0.21016398514851486], [26111, 0.21101409313725492], [26367, 0.21162014563106796], [26623, 0.21259014423076922], [26879, 0.21343005952380953], [27135, 0.21443838443396226], [27391, 0.21535484813084113], [27647, 0.21643518518518517], [27903, 0.2176748853211009], [28159, 0.21640625], [28415, 0.21491413288288289], [28671, 0.21316964285714285], [28927, 0.21162887168141592], [29183, 0.21011513157894737], [29439, 0.2087975543478261], [29695, 0.2075700431034483], [29951, 0.20673076923076922], [30207, 0.20577330508474576], [30463, 0.20483193277310924], [30719, 0.20380859375], [30975, 0.2029635847107438], [31231, 0.20206839139344263], [31487, 0.20185467479674796], [31743, 0.20262096774193547], [31999, 0.204], [32255, 0.20560515873015872], [32511, 0.20675442913385828], [32767, 0.208221435546875], [33023, 0.2102107558139535], [33279, 0.21075721153846153], [33535, 0.21046040076335878], [33791, 0.21049360795454544], [34047, 0.21055568609022557], [34303, 0.21032532649253732], [34559, 0.20986689814814816], [34815, 0.20930032169117646], [35071, 0.20894160583941607], [35327, 0.208984375], [35583, 0.20927945143884893], [35839, 0.20923549107142858], [36095, 0.20916445035460993], [36351, 0.2092869718309859], [36607, 0.20907998251748253], [36863, 0.2089572482638889], [37119, 0.20889008620689656], [37375, 0.2089576198630137], [37631, 0.20894451530612246], [37887, 0.20922191722972974], [38143, 0.20936451342281878], [38399, 0.20799479166666668], [38655, 0.20666908112582782], [38911, 0.20618318256578946], [39167, 0.20611213235294118], [39423, 0.20586444805194806], [39679, 0.20579637096774195], [39935, 0.20600460737179488], [40191, 0.20593650477707007], [40447, 0.20574564873417722], [40703, 0.20540978773584906], [40959, 0.2053955078125], [41215, 0.20545419254658384], [41471, 0.20553626543209877], [41727, 0.20564129601226994], [41983, 0.2059594131097561], [42239, 0.2065814393939394], [42495, 0.20710184487951808], [42751, 0.2080136601796407], [43007, 0.20875186011904762], [43263, 0.20968934911242604], [43519, 0.2103860294117647], [43775, 0.21098318713450293], [44031, 0.21205032703488372], [44287, 0.21245032514450868], [44543, 0.2133171695402299], [44799, 0.21419642857142857], [45055, 0.21526544744318182], [45311, 0.2158589336158192], [45567, 0.2165993679775281], [45823, 0.21744064245810055], [46079, 0.21859809027777777], [46335, 0.2193974447513812], [46591, 0.22005923763736263], [46847, 0.22011612021857924], [47103, 0.21891983695652173], [47359, 0.2177364864864865], [47615, 0.21656586021505375], [47871, 0.21540775401069517], [48127, 0.2142619680851064], [48383, 0.2131283068783069], [48639, 0.21200657894736843], [48895, 0.21089659685863874], [49151, 0.20981852213541666], [49407, 0.20873137953367876], [49663, 0.20765544458762886], [49919, 0.20663060897435898], [50175, 0.20563616071428573], [50431, 0.20479060913705585], [50687, 0.2044073547979798], [50943, 0.20436165201005024], [51199, 0.20443359375], [51455, 0.205048973880597], [51711, 0.2061417079207921], [51967, 0.2074738300492611], [52223, 0.20712699142156862], [52479, 0.20611661585365854], [52735, 0.20511604975728157], [52846, 0.20468522338070277]], "candidate_count_total": 9, "confirmed_count_total": 9, "created_at": 1767803788.7672281}