{"dataset_name": "sine_nodrift", "dataset_type": "sine", "model_variant": "ts_drift_adapt", "seed": 4, "monitor_preset": "error_divergence_ph_meta@error.threshold=0.10,error.min_instances=5", "monitor_preset_base": "error_divergence_ph_meta", "monitor_ph_params": {"error_rate": {"delta": 0.005, "alpha": 0.15, "threshold": 0.1, "min_instances": 5}, "divergence": {"delta": 0.005, "alpha": 0.1, "threshold": 0.05, "min_instances": 30}}, "monitor_ph_overrides": {"error_rate": {"threshold": 0.1, "min_instances": 5}}, "trigger_mode": "two_stage", "trigger_k": 2, "trigger_threshold": 0.5, "trigger_weights": "__confirm_cooldown=200,__confirm_rule=perm_test,__perm_alpha=0.02,__perm_min_effect=0,__perm_n_perm=200,__perm_post_n=30,__perm_pre_n=200,__perm_rng_seed=0,__perm_stat=vote_score,divergence=0.3,error_rate=0.5,teacher_entropy=0.2", "confirm_window": 3, "confirm_cooldown": 0, "adaptive_cooldown_enabled": 0, "adaptive_window": 10000, "adaptive_lower_per10k": 10.0, "adaptive_upper_per10k": 25.0, "adaptive_cooldown_low": 200, "adaptive_cooldown_high": 500, "severity_scheduler_scale": 1.0, "use_severity_v2": 0, "severity_gate": "none", "severity_gate_min_streak": 1, "entropy_mode": "overconfident", "severity_decay": 0.95, "freeze_baseline_steps": 0, "n_steps": 800, "horizon": 10000, "acc_final": 0.9219, "mean_acc": 0.854055080426779, "acc_min": 0.5625, "candidate_sample_idxs": [319, 639, 959, 1279, 1599, 1919, 2303, 2623, 2943, 3263, 3583, 3903, 4223, 4607, 5247, 5567, 5887, 6463, 7167, 7615, 8191, 9535, 9855], "confirmed_sample_idxs": [639, 959, 1279, 1599, 1919, 2303, 2623, 2943, 3263, 3583, 3903, 4223, 4607, 5247, 5567, 5887, 6463, 7167, 7615, 8191, 9535, 9855], "acc_series": [[63, 0.578125], [127, 0.6171875], [191, 0.6041666666666666], [255, 0.578125], [319, 0.56875], [383, 0.5625], [447, 0.5714285714285714], [511, 0.59375], [575, 0.6319444444444444], [639, 0.6578125], [703, 0.6761363636363636], [767, 0.6875], [831, 0.6995192307692307], [895, 0.7165178571428571], [959, 0.728125], [1023, 0.736328125], [1087, 0.7435661764705882], [1151, 0.7491319444444444], [1215, 0.7491776315789473], [1279, 0.75], [1343, 0.7492559523809523], [1407, 0.7556818181818182], [1471, 0.7635869565217391], [1535, 0.7721354166666666], [1599, 0.776875], [1663, 0.7830528846153846], [1727, 0.7887731481481481], [1791, 0.7946428571428571], [1855, 0.7979525862068966], [1919, 0.8010416666666667], [1983, 0.8039314516129032], [2047, 0.8076171875], [2111, 0.8125], [2175, 0.8166360294117647], [2239, 0.8200892857142857], [2303, 0.8216145833333334], [2367, 0.823902027027027], [2431, 0.8264802631578947], [2495, 0.8305288461538461], [2559, 0.83125], [2623, 0.8346036585365854], [2687, 0.8385416666666666], [2751, 0.8419331395348837], [2815, 0.8441051136363636], [2879, 0.8458333333333333], [2943, 0.8485054347826086], [3007, 0.8507313829787234], [3071, 0.8528645833333334], [3135, 0.8542729591836735], [3199, 0.8565625], [3263, 0.8584558823529411], [3327, 0.8602764423076923], [3391, 0.8614386792452831], [3455, 0.8634259259259259], [3519, 0.865625], [3583, 0.8669084821428571], [3647, 0.8689692982456141], [3711, 0.8704202586206896], [3775, 0.8715572033898306], [3839, 0.8729166666666667], [3903, 0.8747438524590164], [3967, 0.8762600806451613], [4031, 0.8772321428571429], [4095, 0.87841796875], [4159, 0.8798076923076923], [4223, 0.8804450757575758], [4287, 0.8812966417910447], [4351, 0.8816636029411765], [4415, 0.8831521739130435], [4479, 0.8845982142857143], [4543, 0.8855633802816901], [4607, 0.88671875], [4671, 0.886986301369863], [4735, 0.8878800675675675], [4799, 0.8883333333333333], [4863, 0.8883634868421053], [4927, 0.8887987012987013], [4991, 0.8892227564102564], [5055, 0.8898338607594937], [5119, 0.8908203125], [5183, 0.8910108024691358], [5247, 0.8919588414634146], [5311, 0.8926957831325302], [5375, 0.8930431547619048], [5439, 0.8935661764705882], [5503, 0.8942587209302325], [5567, 0.8954741379310345], [5631, 0.8961292613636364], [5695, 0.8964185393258427], [5759, 0.8973958333333333], [5823, 0.898179945054945], [5887, 0.8991168478260869], [5951, 0.8998655913978495], [6015, 0.9005984042553191], [6079, 0.9014802631578948], [6143, 0.9016927083333334], [6207, 0.9020618556701031], [6271, 0.9027423469387755], [6335, 0.9034090909090909], [6399, 0.9040625], [6463, 0.9045482673267327], [6527, 0.9051776960784313], [6591, 0.9056432038834952], [6655, 0.9064002403846154], [6719, 0.906547619047619], [6783, 0.9071344339622641], [6847, 0.9077102803738317], [6911, 0.9081307870370371], [6975, 0.9086869266055045], [7039, 0.9090909090909091], [7103, 0.9097691441441441], [7167, 0.9100167410714286], [7231, 0.9102599557522124], [7295, 0.9106359649122807], [7359, 0.9110054347826086], [7423, 0.9113685344827587], [7487, 0.9115918803418803], [7551, 0.9119438559322034], [7615, 0.912421218487395], [7679, 0.9125], [7743, 0.9132231404958677], [7807, 0.913422131147541], [7871, 0.9139989837398373], [7935, 0.9144405241935484], [7999, 0.9145], [8063, 0.9149305555555556], [8127, 0.9146161417322834], [8191, 0.91455078125], [8255, 0.9150920542635659], [8319, 0.9155048076923077], [8383, 0.9161498091603053], [8447, 0.9164299242424242], [8511, 0.9168233082706767], [8575, 0.9172108208955224], [8639, 0.9174768518518519], [8703, 0.9176240808823529], [8767, 0.9178832116788321], [8831, 0.9180253623188406], [8895, 0.9182778776978417], [8959, 0.9185267857142857], [9023, 0.9187721631205674], [9087, 0.9190140845070423], [9151, 0.9190340909090909], [9215, 0.9195963541666666], [9279, 0.9197198275862069], [9343, 0.9200556506849316], [9407, 0.920280612244898], [9471, 0.9206081081081081], [9535, 0.9208263422818792], [9599, 0.9208333333333333], [9663, 0.9206332781456954], [9727, 0.9204358552631579], [9791, 0.9206495098039216], [9855, 0.9211647727272727], [9919, 0.9214717741935484], [9983, 0.9217748397435898], [9999, 0.9219]], "candidate_count_total": 23, "confirmed_count_total": 22, "created_at": 1768151964.5689106, "confirm_rule_effective": "perm_test", "last_perm_pvalue": 0.004975124378109453, "last_perm_effect": 0.5450800932739442, "perm_test_count_total": 22, "perm_accept_count_total": 22, "perm_reject_count_total": 0, "perm_alpha": 0.02, "perm_pvalue_p50": 0.004975124378109453, "perm_pvalue_p90": 0.004975124378109453, "perm_pvalue_p99": 0.004975124378109453, "perm_pvalue_le_alpha_ratio": 1.0, "perm_effect_p50": 0.5, "perm_effect_p90": 0.5413422347957884, "perm_effect_p99": 0.5449463637366464}