{"dataset_name": "INSECTS_abrupt_balanced", "dataset_type": "insects_real", "model_variant": "ts_drift_adapt", "seed": 15, "monitor_preset": "error_divergence_ph_meta@error.threshold=0.05,error.min_instances=5", "monitor_preset_base": "error_divergence_ph_meta", "monitor_ph_params": {"error_rate": {"delta": 0.005, "alpha": 0.15, "threshold": 0.05, "min_instances": 5}, "divergence": {"delta": 0.005, "alpha": 0.1, "threshold": 0.05, "min_instances": 30}}, "monitor_ph_overrides": {"error_rate": {"threshold": 0.05, "min_instances": 5}}, "trigger_mode": "two_stage", "trigger_k": 2, "trigger_threshold": 0.5, "trigger_weights": "confirm_cooldown=200,divergence=0.3,error_rate=0.5,teacher_entropy=0.2", "confirm_window": 1, "confirm_cooldown": 0, "adaptive_cooldown_enabled": 0, "adaptive_window": 10000, "adaptive_lower_per10k": 10.0, "adaptive_upper_per10k": 25.0, "adaptive_cooldown_low": 200, "adaptive_cooldown_high": 500, "severity_scheduler_scale": 2.0, "use_severity_v2": 0, "severity_gate": "none", "severity_gate_min_streak": 1, "entropy_mode": "uncertain", "severity_decay": 0.95, "freeze_baseline_steps": 5, "n_steps": 1200, "horizon": 52847, "acc_final": 0.20150623498022593, "mean_acc": 0.19967580572707988, "acc_min": 0.16089221014492755, "candidate_sample_idxs": [1279, 2559, 3839, 5119, 6399, 7679, 8959, 10239, 11519, 12799, 14335, 15615, 17919, 19199, 20479, 21759, 23039, 24319, 25599, 26879, 28159, 29951, 31231, 32511, 33791, 35071, 36351, 37631, 38911, 40191, 41471, 42751, 44031, 45311, 46591, 47871, 49919, 51199, 52479], "confirmed_sample_idxs": [1279, 2559, 3839, 5119, 6399, 7679, 8959, 10239, 11519, 12799, 14335, 15615, 17919, 19199, 20479, 21759, 23039, 24319, 25599, 26879, 28159, 29951, 31231, 32511, 33791, 35071, 36351, 37631, 38911, 40191, 41471, 42751, 44031, 45311, 46591, 47871, 49919, 51199, 52479], "acc_series": [[255, 0.1640625], [511, 0.166015625], [767, 0.19401041666666666], [1023, 0.203125], [1279, 0.20078125], [1535, 0.19856770833333334], [1791, 0.20033482142857142], [2047, 0.197265625], [2303, 0.19618055555555555], [2559, 0.194140625], [2815, 0.19744318181818182], [3071, 0.20182291666666666], [3327, 0.19981971153846154], [3583, 0.19949776785714285], [3839, 0.20078125], [4095, 0.20166015625], [4351, 0.20335477941176472], [4607, 0.20377604166666666], [4863, 0.20723684210526316], [5119, 0.20625], [5375, 0.20628720238095238], [5631, 0.20720880681818182], [5887, 0.20754076086956522], [6143, 0.20654296875], [6399, 0.2065625], [6655, 0.20748197115384615], [6911, 0.20674189814814814], [7167, 0.20647321428571427], [7423, 0.2064924568965517], [7679, 0.20455729166666667], [7935, 0.20577116935483872], [8191, 0.20703125], [8447, 0.2079782196969697], [8703, 0.20955882352941177], [8959, 0.21049107142857143], [9215, 0.2116970486111111], [9471, 0.21241554054054054], [9727, 0.21278782894736842], [9983, 0.21424278846153846], [10239, 0.215234375], [10495, 0.21589176829268292], [10751, 0.21707589285714285], [11007, 0.21720566860465115], [11263, 0.2176846590909091], [11519, 0.21805555555555556], [11775, 0.21824048913043478], [12031, 0.21883311170212766], [12287, 0.21858723958333334], [12543, 0.21954719387755103], [12799, 0.21609375], [13055, 0.21185661764705882], [13311, 0.20778245192307693], [13567, 0.2038620283018868], [13823, 0.20008680555555555], [14079, 0.1965909090909091], [14335, 0.19496372767857142], [14591, 0.19394188596491227], [14847, 0.19093480603448276], [15103, 0.1878310381355932], [15359, 0.184765625], [15615, 0.18180071721311475], [15871, 0.17886844758064516], [16127, 0.17609126984126985], [16383, 0.17333984375], [16639, 0.17067307692307693], [16895, 0.16808712121212122], [17151, 0.16557835820895522], [17407, 0.16325827205882354], [17663, 0.16089221014492755], [17919, 0.1611049107142857], [18175, 0.1660431338028169], [18431, 0.1696506076388889], [18687, 0.1733732876712329], [18943, 0.17699535472972974], [19199, 0.18036458333333333], [19455, 0.1845703125], [19711, 0.1864346590909091], [19967, 0.18674879807692307], [20223, 0.18670886075949367], [20479, 0.187060546875], [20735, 0.1871141975308642], [20991, 0.18716653963414634], [21247, 0.1871234939759036], [21503, 0.1871279761904762], [21759, 0.18690257352941175], [22015, 0.18700036337209303], [22271, 0.18727550287356323], [22527, 0.18834339488636365], [22783, 0.1896067415730337], [23039, 0.1907986111111111], [23295, 0.19217891483516483], [23551, 0.19425101902173914], [23807, 0.19632056451612903], [24063, 0.19793051861702127], [24319, 0.1993421052631579], [24575, 0.20035807291666666], [24831, 0.20195715206185566], [25087, 0.20372289540816327], [25343, 0.20521622474747475], [25599, 0.2065625], [25855, 0.20795946782178218], [26111, 0.20890778186274508], [26367, 0.20961013349514562], [26623, 0.21056189903846154], [26879, 0.21179315476190477], [27135, 0.2130748820754717], [27391, 0.21451518691588786], [27647, 0.2160011574074074], [27903, 0.21695814220183487], [28159, 0.215234375], [28415, 0.21329532657657657], [28671, 0.21139090401785715], [28927, 0.20952018805309736], [29183, 0.20768229166666666], [29439, 0.20587635869565218], [29695, 0.20420258620689655], [29951, 0.2026241987179487], [30207, 0.201171875], [30463, 0.1997439600840336], [30719, 0.19833984375], [30975, 0.19724948347107438], [31231, 0.19617699795081966], [31487, 0.1951219512195122], [31743, 0.19436743951612903], [31999, 0.19409375], [32255, 0.19441344246031747], [32511, 0.19515871062992127], [32767, 0.1961669921875], [33023, 0.19734132751937986], [33279, 0.19732572115384617], [33535, 0.1974296278625954], [33791, 0.19767992424242425], [34047, 0.19766212406015038], [34303, 0.19767374067164178], [34559, 0.19788773148148148], [34815, 0.19792624080882354], [35071, 0.19785013686131386], [35327, 0.1976052989130435], [35583, 0.19789793165467626], [35839, 0.19818638392857144], [36095, 0.19822140957446807], [36351, 0.19850352112676056], [36607, 0.19859047202797203], [36863, 0.1985134548611111], [37119, 0.19851831896551725], [37375, 0.19838934075342465], [37631, 0.19842155612244897], [37887, 0.19892842060810811], [38143, 0.1989565855704698], [38399, 0.19763020833333333], [38655, 0.19632139900662252], [38911, 0.19595497532894737], [39167, 0.19600183823529413], [39423, 0.19584517045454544], [39679, 0.19609375], [39935, 0.19633914262820512], [40191, 0.1963574840764331], [40447, 0.19659810126582278], [40703, 0.1963689072327044], [40959, 0.196533203125], [41215, 0.19650135869565216], [41471, 0.19702449845679013], [41727, 0.1976131134969325], [41983, 0.19831364329268292], [42239, 0.1991714015151515], [42495, 0.19997176204819278], [42751, 0.20071575598802396], [43007, 0.20163690476190477], [43263, 0.2028707470414201], [43519, 0.20404411764705882], [43775, 0.20483826754385964], [44031, 0.2060092659883721], [44287, 0.20676029624277456], [44543, 0.20725574712643677], [44799, 0.20799107142857143], [45055, 0.20902876420454544], [45311, 0.2097016242937853], [45567, 0.21038886938202248], [45823, 0.2112866620111732], [46079, 0.2122829861111111], [46335, 0.2133330455801105], [46591, 0.21424278846153846], [46847, 0.21448087431693988], [47103, 0.21331521739130435], [47359, 0.21216216216216216], [47615, 0.2110215053763441], [47871, 0.20989304812834225], [48127, 0.20877659574468085], [48383, 0.20767195767195767], [48639, 0.20657894736842106], [48895, 0.2054973821989529], [49151, 0.20448811848958334], [49407, 0.203529792746114], [49663, 0.20260148195876287], [49919, 0.20200320512820513], [50175, 0.2015106823979592], [50431, 0.20110247461928935], [50687, 0.20071811868686867], [50943, 0.20094613693467336], [51199, 0.2015234375], [51455, 0.20230876865671643], [51711, 0.2033957301980198], [51967, 0.20435652709359606], [52223, 0.20391007965686275], [52479, 0.2029153963414634], [52735, 0.20193037014563106], [52846, 0.20150623498022593]], "candidate_count_total": 39, "confirmed_count_total": 39, "created_at": 1767886391.0959895}