{"dataset_name": "sine_nodrift", "dataset_type": "sine", "model_variant": "ts_drift_adapt", "seed": 4, "monitor_preset": "error_divergence_ph_meta@error.threshold=0.10,error.min_instances=5", "monitor_preset_base": "error_divergence_ph_meta", "monitor_ph_params": {"error_rate": {"delta": 0.005, "alpha": 0.15, "threshold": 0.1, "min_instances": 5}, "divergence": {"delta": 0.005, "alpha": 0.1, "threshold": 0.05, "min_instances": 30}}, "monitor_ph_overrides": {"error_rate": {"threshold": 0.1, "min_instances": 5}}, "trigger_mode": "two_stage", "trigger_k": 2, "trigger_threshold": 0.5, "trigger_weights": "__confirm_cooldown=200,__confirm_rule=perm_test,__perm_alpha=0.01,__perm_delta_k=25,__perm_min_effect=0,__perm_n_perm=200,__perm_post_n=30,__perm_pre_n=200,__perm_rng_seed=0,__perm_stat=delta_fused_score,divergence=0.3,error_rate=0.5,teacher_entropy=0.2", "confirm_window": 3, "confirm_cooldown": 0, "adaptive_cooldown_enabled": 0, "adaptive_window": 10000, "adaptive_lower_per10k": 10.0, "adaptive_upper_per10k": 25.0, "adaptive_cooldown_low": 200, "adaptive_cooldown_high": 500, "severity_scheduler_scale": 1.0, "use_severity_v2": 0, "severity_gate": "none", "severity_gate_min_streak": 1, "entropy_mode": "overconfident", "severity_decay": 0.95, "freeze_baseline_steps": 0, "n_steps": 800, "horizon": 10000, "acc_final": 0.9171, "mean_acc": 0.8446585062427904, "acc_min": 0.46875, "candidate_sample_idxs": [319, 639, 959, 1279, 1599, 2111, 2431, 2751, 3071, 3391, 3711, 4031, 4799, 5119, 5759, 6207, 6527, 6911, 7231, 7679, 7999, 8319, 9535, 9855], "confirmed_sample_idxs": [639, 1343, 1663, 2111, 2495, 2751, 3263, 3775, 4031, 4799, 5119, 5759, 6207, 6911, 7679, 7999, 9535, 9919], "acc_series": [[63, 0.46875], [127, 0.515625], [191, 0.5416666666666666], [255, 0.53515625], [319, 0.55], [383, 0.5625], [447, 0.5959821428571429], [511, 0.626953125], [575, 0.6475694444444444], [639, 0.671875], [703, 0.6903409090909091], [767, 0.6966145833333334], [831, 0.7067307692307693], [895, 0.71875], [959, 0.7302083333333333], [1023, 0.73828125], [1087, 0.7454044117647058], [1151, 0.7526041666666666], [1215, 0.7541118421052632], [1279, 0.7578125], [1343, 0.7566964285714286], [1407, 0.7606534090909091], [1471, 0.7676630434782609], [1535, 0.7708333333333334], [1599, 0.77375], [1663, 0.7788461538461539], [1727, 0.7829861111111112], [1791, 0.7868303571428571], [1855, 0.7893318965517241], [1919, 0.7916666666666666], [1983, 0.7923387096774194], [2047, 0.79638671875], [2111, 0.8001893939393939], [2175, 0.8033088235294118], [2239, 0.8071428571428572], [2303, 0.8077256944444444], [2367, 0.809543918918919], [2431, 0.811266447368421], [2495, 0.8137019230769231], [2559, 0.813671875], [2623, 0.8166920731707317], [2687, 0.8195684523809523], [2751, 0.8226744186046512], [2815, 0.8256392045454546], [2879, 0.8291666666666667], [2943, 0.8315217391304348], [3007, 0.8344414893617021], [3071, 0.8375651041666666], [3135, 0.8396045918367347], [3199, 0.8425], [3263, 0.8446691176470589], [3327, 0.8467548076923077], [3391, 0.8481721698113207], [3455, 0.8498263888888888], [3519, 0.8519886363636363], [3583, 0.853515625], [3647, 0.8547149122807017], [3711, 0.8566810344827587], [3775, 0.8585805084745762], [3839, 0.86015625], [3903, 0.8609118852459017], [3967, 0.8623991935483871], [4031, 0.8640873015873016], [4095, 0.865966796875], [4159, 0.8675480769230769], [4223, 0.8681344696969697], [4287, 0.8684701492537313], [4351, 0.8697150735294118], [4415, 0.870697463768116], [4479, 0.8723214285714286], [4543, 0.8732394366197183], [4607, 0.8747829861111112], [4671, 0.8756421232876712], [4735, 0.8766891891891891], [4799, 0.876875], [4863, 0.8770559210526315], [4927, 0.8770292207792207], [4991, 0.8778044871794872], [5055, 0.8783623417721519], [5119, 0.8794921875], [5183, 0.8800154320987654], [5247, 0.8810975609756098], [5311, 0.8821536144578314], [5375, 0.8829985119047619], [5439, 0.8827205882352941], [5503, 0.8831758720930233], [5567, 0.8845186781609196], [5631, 0.8856534090909091], [5695, 0.8864115168539326], [5759, 0.8873263888888889], [5823, 0.8885645604395604], [5887, 0.8889266304347826], [5951, 0.8899529569892473], [6015, 0.891123670212766], [6079, 0.8922697368421053], [6143, 0.89306640625], [6207, 0.8933634020618557], [6271, 0.8939732142857143], [6335, 0.8947285353535354], [6399, 0.89546875], [6463, 0.895575495049505], [6527, 0.8962928921568627], [6591, 0.896996359223301], [6655, 0.8976862980769231], [6719, 0.8982142857142857], [6783, 0.8987323113207547], [6847, 0.8995327102803738], [6911, 0.8993055555555556], [6975, 0.8997993119266054], [7039, 0.8998579545454546], [7103, 0.9004786036036037], [7167, 0.9012276785714286], [7231, 0.9016869469026548], [7295, 0.9018640350877193], [7359, 0.9021739130434783], [7423, 0.9028825431034483], [7487, 0.9034455128205128], [7551, 0.9038665254237288], [7615, 0.9045430672268907], [7679, 0.9046875], [7743, 0.9050878099173554], [7807, 0.9057377049180327], [7871, 0.9063770325203252], [7935, 0.9068800403225806], [7999, 0.90725], [8063, 0.9078621031746031], [8127, 0.9082185039370079], [8191, 0.9085693359375], [8255, 0.9089147286821705], [8319, 0.9096153846153846], [8383, 0.9098282442748091], [8447, 0.9100378787878788], [8511, 0.9105968045112782], [8575, 0.9110307835820896], [8639, 0.9112268518518518], [8703, 0.9116498161764706], [8767, 0.9121806569343066], [8831, 0.9123641304347826], [8895, 0.9127697841726619], [8959, 0.91328125], [9023, 0.913563829787234], [9087, 0.9140625], [9151, 0.9144449300699301], [9215, 0.9149305555555556], [9279, 0.9151939655172414], [9343, 0.915667808219178], [9407, 0.9159226190476191], [9471, 0.9164907094594594], [9535, 0.9168414429530202], [9599, 0.916875], [9663, 0.9170115894039735], [9727, 0.9169407894736842], [9791, 0.9168709150326797], [9855, 0.916801948051948], [9919, 0.916733870967742], [9983, 0.9169671474358975], [9999, 0.9171]], "candidate_count_total": 23, "confirmed_count_total": 18, "created_at": 1768132437.6071537, "confirm_rule_effective": "perm_test", "last_perm_pvalue": 0.004975124378109453, "last_perm_effect": 0.07392478968359105, "perm_test_count_total": 42, "perm_accept_count_total": 18, "perm_reject_count_total": 24, "perm_alpha": 0.01, "perm_pvalue_p50": 1.0, "perm_pvalue_p90": 1.0, "perm_pvalue_p99": 1.0, "perm_pvalue_le_alpha_ratio": 0.42857142857142855, "perm_effect_p50": -0.0041907411302643145, "perm_effect_p90": 0.07717043417451908, "perm_effect_p99": 0.12882478335695058}