{"dataset_name": "sine_nodrift", "dataset_type": "sine", "model_variant": "ts_drift_adapt", "seed": 4, "monitor_preset": "error_divergence_ph_meta@error.threshold=0.10,error.min_instances=5", "monitor_preset_base": "error_divergence_ph_meta", "monitor_ph_params": {"error_rate": {"delta": 0.005, "alpha": 0.15, "threshold": 0.1, "min_instances": 5}, "divergence": {"delta": 0.005, "alpha": 0.1, "threshold": 0.05, "min_instances": 30}}, "monitor_ph_overrides": {"error_rate": {"threshold": 0.1, "min_instances": 5}}, "trigger_mode": "two_stage", "trigger_k": 2, "trigger_threshold": 0.5, "trigger_weights": "__confirm_cooldown=200,__confirm_rule=perm_test,__perm_alpha=0.005,__perm_delta_k=50,__perm_min_effect=0,__perm_n_perm=200,__perm_post_n=10,__perm_pre_n=200,__perm_rng_seed=0,__perm_stat=delta_fused_score,divergence=0.3,error_rate=0.5,teacher_entropy=0.2", "confirm_window": 3, "confirm_cooldown": 0, "adaptive_cooldown_enabled": 0, "adaptive_window": 10000, "adaptive_lower_per10k": 10.0, "adaptive_upper_per10k": 25.0, "adaptive_cooldown_low": 200, "adaptive_cooldown_high": 500, "severity_scheduler_scale": 1.0, "use_severity_v2": 0, "severity_gate": "none", "severity_gate_min_streak": 1, "entropy_mode": "overconfident", "severity_decay": 0.95, "freeze_baseline_steps": 0, "n_steps": 800, "horizon": 10000, "acc_final": 0.9167, "mean_acc": 0.8500785227410121, "acc_min": 0.578125, "candidate_sample_idxs": [319, 639, 959, 1279, 1599, 1919, 2239, 2559, 2879, 3199, 3519, 3903, 5247, 5695, 6207, 6527, 7551, 7935, 8255, 8575, 8895, 9535, 9855], "confirmed_sample_idxs": [639, 959, 1279, 1663, 1919, 2559, 2943, 3391, 3903, 5247, 5695, 6207, 7551, 7935, 9535, 9855], "acc_series": [[63, 0.59375], [127, 0.6171875], [191, 0.6145833333333334], [255, 0.58203125], [319, 0.578125], [383, 0.5911458333333334], [447, 0.609375], [511, 0.62890625], [575, 0.6545138888888888], [639, 0.6734375], [703, 0.6974431818181818], [767, 0.70703125], [831, 0.7175480769230769], [895, 0.7299107142857143], [959, 0.73125], [1023, 0.7333984375], [1087, 0.7362132352941176], [1151, 0.7404513888888888], [1215, 0.7384868421052632], [1279, 0.73828125], [1343, 0.7388392857142857], [1407, 0.7464488636363636], [1471, 0.7554347826086957], [1535, 0.7643229166666666], [1599, 0.768125], [1663, 0.7746394230769231], [1727, 0.7818287037037037], [1791, 0.7868303571428571], [1855, 0.7925646551724138], [1919, 0.796875], [1983, 0.7988911290322581], [2047, 0.80126953125], [2111, 0.8053977272727273], [2175, 0.8083639705882353], [2239, 0.8129464285714286], [2303, 0.8146701388888888], [2367, 0.816722972972973], [2431, 0.8203125], [2495, 0.8233173076923077], [2559, 0.824609375], [2623, 0.8269817073170732], [2687, 0.8307291666666666], [2751, 0.8339389534883721], [2815, 0.8355823863636364], [2879, 0.8381944444444445], [2943, 0.8403532608695652], [3007, 0.8417553191489362], [3071, 0.8440755208333334], [3135, 0.845344387755102], [3199, 0.8475], [3263, 0.8486519607843137], [3327, 0.8506610576923077], [3391, 0.8525943396226415], [3455, 0.8550347222222222], [3519, 0.8571022727272727], [3583, 0.8582589285714286], [3647, 0.8604714912280702], [3711, 0.8620689655172413], [3775, 0.8641419491525424], [3839, 0.86484375], [3903, 0.8662909836065574], [3967, 0.8669354838709677], [4031, 0.8687996031746031], [4095, 0.8701171875], [4159, 0.8713942307692307], [4223, 0.8723958333333334], [4287, 0.8738339552238806], [4351, 0.875], [4415, 0.876358695652174], [4479, 0.8772321428571429], [4543, 0.8783010563380281], [4607, 0.87890625], [4671, 0.8788527397260274], [4735, 0.879856418918919], [4799, 0.8810416666666666], [4863, 0.8819901315789473], [4927, 0.8831168831168831], [4991, 0.8842147435897436], [5055, 0.884493670886076], [5119, 0.8853515625], [5183, 0.8863811728395061], [5247, 0.8870045731707317], [5311, 0.8881777108433735], [5375, 0.8885788690476191], [5439, 0.8884191176470588], [5503, 0.8895348837209303], [5567, 0.8902658045977011], [5631, 0.8908025568181818], [5695, 0.891502808988764], [5759, 0.8925347222222222], [5823, 0.8937156593406593], [5887, 0.89453125], [5951, 0.895497311827957], [6015, 0.8959441489361702], [6079, 0.896875], [6143, 0.8971354166666666], [6207, 0.8977126288659794], [6271, 0.8982780612244898], [6335, 0.8986742424242424], [6399, 0.899375], [6463, 0.8995977722772277], [6527, 0.9001225490196079], [6591, 0.9004854368932039], [6655, 0.9011418269230769], [6719, 0.9013392857142857], [6783, 0.902122641509434], [6847, 0.9028913551401869], [6911, 0.9032118055555556], [6975, 0.9039564220183486], [7039, 0.9036931818181818], [7103, 0.9045608108108109], [7167, 0.9049944196428571], [7231, 0.905558628318584], [7295, 0.9058388157894737], [7359, 0.9061141304347826], [7423, 0.90625], [7487, 0.90625], [7551, 0.9066472457627118], [7615, 0.9071691176470589], [7679, 0.9075520833333334], [7743, 0.9083161157024794], [7807, 0.9089395491803278], [7871, 0.9092987804878049], [7935, 0.909148185483871], [7999, 0.909375], [8063, 0.9097222222222222], [8127, 0.9098179133858267], [8191, 0.9102783203125], [8255, 0.9104893410852714], [8319, 0.9109375], [8383, 0.9113788167938931], [8447, 0.9112215909090909], [8511, 0.9111842105263158], [8575, 0.9114972014925373], [8639, 0.9118055555555555], [8703, 0.912109375], [8767, 0.9124087591240876], [8831, 0.912703804347826], [8895, 0.9131070143884892], [8959, 0.9135044642857143], [9023, 0.913563829787234], [9087, 0.9139524647887324], [9151, 0.9142263986013986], [9215, 0.9146050347222222], [9279, 0.914978448275862], [9343, 0.9154537671232876], [9407, 0.9156037414965986], [9471, 0.9160684121621622], [9535, 0.9164219798657718], [9599, 0.9164583333333334], [9663, 0.9163907284768212], [9727, 0.9162212171052632], [9791, 0.9163602941176471], [9855, 0.9162946428571429], [9919, 0.9165322580645161], [9983, 0.9165665064102564], [9999, 0.9167]], "candidate_count_total": 22, "confirmed_count_total": 16, "created_at": 1768144792.5908053, "confirm_rule_effective": "perm_test", "last_perm_pvalue": 0.004975124378109453, "last_perm_effect": 0.052461312638616565, "perm_test_count_total": 41, "perm_accept_count_total": 16, "perm_reject_count_total": 25, "perm_alpha": 0.005, "perm_pvalue_p50": 0.36318407960199006, "perm_pvalue_p90": 1.0, "perm_pvalue_p99": 1.0, "perm_pvalue_le_alpha_ratio": 0.3902439024390244, "perm_effect_p50": 0.008196173087387525, "perm_effect_p90": 0.12584753778657431, "perm_effect_p99": 0.16012696803837803}