{"dataset_name": "INSECTS_abrupt_balanced", "dataset_type": "insects_real", "model_variant": "ts_drift_adapt_severity", "seed": 7, "monitor_preset": "error_divergence_ph_meta@error.threshold=0.02,error.min_instances=5", "monitor_preset_base": "error_divergence_ph_meta", "monitor_ph_params": {"error_rate": {"delta": 0.005, "alpha": 0.15, "threshold": 0.02, "min_instances": 5}, "divergence": {"delta": 0.005, "alpha": 0.1, "threshold": 0.05, "min_instances": 30}}, "monitor_ph_overrides": {"error_rate": {"threshold": 0.02, "min_instances": 5}}, "trigger_mode": "two_stage", "trigger_k": 2, "trigger_threshold": 0.5, "trigger_weights": "confirm_cooldown=200,divergence=0.3,error_rate=0.5,teacher_entropy=0.2", "confirm_window": 1, "confirm_cooldown": 0, "adaptive_cooldown_enabled": 0, "adaptive_window": 10000, "adaptive_lower_per10k": 10.0, "adaptive_upper_per10k": 25.0, "adaptive_cooldown_low": 200, "adaptive_cooldown_high": 500, "severity_scheduler_scale": 2.0, "use_severity_v2": 1, "severity_gate": "none", "severity_gate_min_streak": 1, "entropy_mode": "uncertain", "severity_decay": 0.95, "freeze_baseline_steps": 5, "n_steps": 1200, "horizon": 52847, "acc_final": 0.19774064752966108, "mean_acc": 0.19622657589353323, "acc_min": 0.16202445652173914, "candidate_sample_idxs": [1279, 2559, 3839, 5119, 6399, 7679, 8959, 10239, 11519, 12799, 14079, 15359, 17151, 18431, 19711, 20991, 22271, 23551, 24831, 26111, 27391, 28671, 29951, 31231, 32511, 33791, 35071, 36351, 37631, 38911, 40191, 41471, 42751, 44031, 45311, 46591, 47871, 49151, 50431, 51711, 52846], "confirmed_sample_idxs": [1279, 2559, 3839, 5119, 6399, 7679, 8959, 10239, 11519, 12799, 14079, 15359, 17151, 18431, 19711, 20991, 22271, 23551, 24831, 26111, 27391, 28671, 29951, 31231, 32511, 33791, 35071, 36351, 37631, 38911, 40191, 41471, 42751, 44031, 45311, 46591, 47871, 49151, 50431, 51711, 52846], "acc_series": [[255, 0.1640625], [511, 0.16796875], [767, 0.18359375], [1023, 0.17578125], [1279, 0.17890625], [1535, 0.19140625], [1791, 0.19196428571428573], [2047, 0.1982421875], [2303, 0.19921875], [2559, 0.20234375], [2815, 0.20134943181818182], [3071, 0.20442708333333334], [3327, 0.20402644230769232], [3583, 0.20758928571428573], [3839, 0.20677083333333332], [4095, 0.20654296875], [4351, 0.2074908088235294], [4607, 0.20811631944444445], [4863, 0.20785361842105263], [5119, 0.205859375], [5375, 0.20405505952380953], [5631, 0.2040127840909091], [5887, 0.20448369565217392], [6143, 0.2060546875], [6399, 0.204375], [6655, 0.2032752403846154], [6911, 0.20457175925925927], [7167, 0.20424107142857142], [7423, 0.20352909482758622], [7679, 0.20377604166666666], [7935, 0.20375504032258066], [8191, 0.2054443359375], [8447, 0.20395359848484848], [8703, 0.20438878676470587], [8959, 0.20647321428571427], [9215, 0.2082248263888889], [9471, 0.20777027027027026], [9727, 0.20744243421052633], [9983, 0.2075320512820513], [10239, 0.20849609375], [10495, 0.20884146341463414], [10751, 0.20926339285714285], [11007, 0.2089389534883721], [11263, 0.20916193181818182], [11519, 0.20954861111111112], [11775, 0.2100883152173913], [12031, 0.21027260638297873], [12287, 0.20963541666666666], [12543, 0.21022002551020408], [12799, 0.20703125], [13055, 0.2029718137254902], [13311, 0.19914362980769232], [13567, 0.19538620283018868], [13823, 0.1922019675925926], [14079, 0.19105113636363635], [14335, 0.19775390625], [14591, 0.1953125], [14847, 0.19207974137931033], [15103, 0.18889036016949154], [15359, 0.1857421875], [15615, 0.18269723360655737], [15871, 0.17981350806451613], [16127, 0.17702132936507936], [16383, 0.17425537109375], [16639, 0.17157451923076922], [16895, 0.1689749053030303], [17151, 0.16651119402985073], [17407, 0.16417738970588236], [17663, 0.16202445652173914], [17919, 0.16205357142857144], [18175, 0.16653829225352113], [18431, 0.1694878472222222], [18687, 0.17267765410958905], [18943, 0.17615076013513514], [19199, 0.17942708333333332], [19455, 0.1835423519736842], [19711, 0.18552150974025974], [19967, 0.1857471955128205], [20223, 0.18591772151898733], [20479, 0.186279296875], [20735, 0.18624614197530864], [20991, 0.18635670731707318], [21247, 0.1862292921686747], [21503, 0.18619791666666666], [21759, 0.1860294117647059], [22015, 0.1861373546511628], [22271, 0.18664691091954022], [22527, 0.18656782670454544], [22783, 0.18666608146067415], [23039, 0.1872829861111111], [23295, 0.1878434065934066], [23551, 0.18907099184782608], [23807, 0.1898521505376344], [24063, 0.19124002659574468], [24319, 0.19235197368421053], [24575, 0.19331868489583334], [24831, 0.19454735824742267], [25087, 0.19567123724489796], [25343, 0.19724589646464646], [25599, 0.198515625], [25855, 0.1997602103960396], [26111, 0.20075061274509803], [26367, 0.20175970873786409], [26623, 0.20271183894230768], [26879, 0.20386904761904762], [27135, 0.20470961084905662], [27391, 0.20593603971962618], [27647, 0.20713975694444445], [27903, 0.2083213876146789], [28159, 0.20685369318181818], [28415, 0.2049901463963964], [28671, 0.20315987723214285], [28927, 0.20143113938053098], [29183, 0.19973273026315788], [29439, 0.19806385869565218], [29695, 0.19652478448275862], [29951, 0.19507879273504272], [30207, 0.19388903601694915], [30463, 0.19268644957983194], [30719, 0.19150390625], [30975, 0.1905023243801653], [31231, 0.1893890881147541], [31487, 0.18899263211382114], [31743, 0.189453125], [31999, 0.1901875], [32255, 0.19128224206349206], [32511, 0.1930671751968504], [32767, 0.1943359375], [33023, 0.19606952519379844], [33279, 0.19615384615384615], [33535, 0.1960579675572519], [33791, 0.19643702651515152], [34047, 0.19681038533834586], [34303, 0.1966826026119403], [34559, 0.1962384259259259], [34815, 0.19591567095588236], [35071, 0.19568316605839417], [35327, 0.19582201086956522], [35583, 0.19615557553956833], [35839, 0.1962611607142857], [36095, 0.1961713209219858], [36351, 0.19635783450704225], [36607, 0.19624125874125875], [36863, 0.1960177951388889], [37119, 0.1961206896551724], [37375, 0.19603488869863014], [37631, 0.19602997448979592], [37887, 0.1964210304054054], [38143, 0.19683305369127516], [38399, 0.19552083333333334], [38655, 0.19425186258278146], [38911, 0.19420744243421054], [39167, 0.19446997549019607], [39423, 0.19480519480519481], [39679, 0.1949092741935484], [39935, 0.1948367387820513], [40191, 0.19483976910828024], [40447, 0.19469442246835442], [40703, 0.19484571540880502], [40959, 0.1947998046875], [41215, 0.1950698757763975], [41471, 0.19555362654320987], [41727, 0.19571990030674846], [41983, 0.19612233231707318], [42239, 0.19689867424242424], [42495, 0.19719503012048192], [42751, 0.19769835329341318], [43007, 0.19838169642857142], [43263, 0.19914940828402367], [43519, 0.19993106617647058], [43775, 0.20038377192982457], [44031, 0.20133085029069767], [44287, 0.20170249277456648], [44543, 0.20247395833333334], [44799, 0.20296875], [45055, 0.20399058948863635], [45311, 0.20493467514124294], [45567, 0.20593398876404495], [45823, 0.20674755586592178], [46079, 0.2076388888888889], [46335, 0.20847720994475138], [46591, 0.2095209478021978], [46847, 0.20957137978142076], [47103, 0.20843240489130435], [47359, 0.20734797297297297], [47615, 0.2062331989247312], [47871, 0.20519301470588236], [48127, 0.20412234042553193], [48383, 0.20322833994708994], [48639, 0.20234375], [48895, 0.20155022905759162], [49151, 0.20082600911458334], [49407, 0.20023073186528498], [49663, 0.19960132087628865], [49919, 0.1991386217948718], [50175, 0.19876036352040816], [50431, 0.1983859454314721], [50687, 0.19811395202020202], [50943, 0.19829616834170855], [51199, 0.1986328125], [51455, 0.19923818407960198], [51711, 0.20001160272277227], [51967, 0.20060421798029557], [52223, 0.20009957107843138], [52479, 0.1991234756097561], [52735, 0.1981568567961165], [52846, 0.19774064752966108]], "candidate_count_total": 41, "confirmed_count_total": 41, "created_at": 1767890201.4397502}