{"dataset_name": "sine_nodrift", "dataset_type": "sine", "model_variant": "ts_drift_adapt", "seed": 4, "monitor_preset": "error_divergence_ph_meta@error.threshold=0.10,error.min_instances=5", "monitor_preset_base": "error_divergence_ph_meta", "monitor_ph_params": {"error_rate": {"delta": 0.005, "alpha": 0.15, "threshold": 0.1, "min_instances": 5}, "divergence": {"delta": 0.005, "alpha": 0.1, "threshold": 0.05, "min_instances": 30}}, "monitor_ph_overrides": {"error_rate": {"threshold": 0.1, "min_instances": 5}}, "trigger_mode": "two_stage", "trigger_k": 2, "trigger_threshold": 0.5, "trigger_weights": "__confirm_cooldown=200,__confirm_rule=perm_test,__perm_alpha=0.005,__perm_min_effect=0,__perm_n_perm=200,__perm_post_n=20,__perm_pre_n=500,__perm_rng_seed=0,__perm_stat=vote_score,divergence=0.3,error_rate=0.5,teacher_entropy=0.2", "confirm_window": 3, "confirm_cooldown": 0, "adaptive_cooldown_enabled": 0, "adaptive_window": 10000, "adaptive_lower_per10k": 10.0, "adaptive_upper_per10k": 25.0, "adaptive_cooldown_low": 200, "adaptive_cooldown_high": 500, "severity_scheduler_scale": 1.0, "use_severity_v2": 0, "severity_gate": "none", "severity_gate_min_streak": 1, "entropy_mode": "overconfident", "severity_decay": 0.95, "freeze_baseline_steps": 0, "n_steps": 800, "horizon": 10000, "acc_final": 0.9286, "mean_acc": 0.8667447264446329, "acc_min": 0.40625, "candidate_sample_idxs": [319, 639, 959, 1471, 1791, 2111, 2431, 2751, 3071, 3391, 3903, 4223, 4543, 4863, 5183, 5503, 6463, 7359, 7679, 7999, 8319, 8703, 9087, 9407, 9727], "confirmed_sample_idxs": [639, 959, 1471, 1791, 2111, 2431, 2751, 3071, 3391, 3903, 4223, 4543, 4863, 5183, 5503, 6463, 7359, 7679, 7999, 8319, 8703, 9087, 9407, 9727], "acc_series": [[63, 0.40625], [127, 0.4453125], [191, 0.5364583333333334], [255, 0.5625], [319, 0.584375], [383, 0.6145833333333334], [447, 0.6450892857142857], [511, 0.66015625], [575, 0.6822916666666666], [639, 0.7046875], [703, 0.7201704545454546], [767, 0.7291666666666666], [831, 0.7355769230769231], [895, 0.7466517857142857], [959, 0.7572916666666667], [1023, 0.7666015625], [1087, 0.7766544117647058], [1151, 0.7803819444444444], [1215, 0.7861842105263158], [1279, 0.790625], [1343, 0.7961309523809523], [1407, 0.7997159090909091], [1471, 0.8057065217391305], [1535, 0.8111979166666666], [1599, 0.814375], [1663, 0.8167067307692307], [1727, 0.8211805555555556], [1791, 0.82421875], [1855, 0.8259698275862069], [1919, 0.8260416666666667], [1983, 0.829133064516129], [2047, 0.833984375], [2111, 0.8361742424242424], [2175, 0.8396139705882353], [2239, 0.8428571428571429], [2303, 0.8454861111111112], [2367, 0.8471283783783784], [2431, 0.8486842105263158], [2495, 0.8517628205128205], [2559, 0.8515625], [2623, 0.854420731707317], [2687, 0.8563988095238095], [2751, 0.8590116279069767], [2815, 0.8600852272727273], [2879, 0.8618055555555556], [2943, 0.8631114130434783], [3007, 0.8653590425531915], [3071, 0.8675130208333334], [3135, 0.8692602040816326], [3199, 0.8715625], [3263, 0.8737745098039216], [3327, 0.8759014423076923], [3391, 0.8779481132075472], [3455, 0.8799189814814815], [3519, 0.8818181818181818], [3583, 0.8828125], [3647, 0.8837719298245614], [3711, 0.8849676724137931], [3775, 0.8866525423728814], [3839, 0.88828125], [3903, 0.8890881147540983], [3967, 0.890625], [4031, 0.8916170634920635], [4095, 0.892822265625], [4159, 0.8935096153846154], [4223, 0.8939393939393939], [4287, 0.894356343283582], [4351, 0.8940716911764706], [4415, 0.8953804347826086], [4479, 0.8966517857142857], [4543, 0.8972271126760564], [4607, 0.8975694444444444], [4671, 0.897902397260274], [4735, 0.8988597972972973], [4799, 0.8995833333333333], [4863, 0.8998766447368421], [4927, 0.8997564935064936], [4991, 0.8998397435897436], [5055, 0.9003164556962026], [5119, 0.9009765625], [5183, 0.9014274691358025], [5247, 0.9020579268292683], [5311, 0.9022966867469879], [5375, 0.9029017857142857], [5439, 0.9034926470588235], [5503, 0.9040697674418605], [5567, 0.904992816091954], [5631, 0.9053622159090909], [5695, 0.9058988764044944], [5759, 0.9067708333333333], [5823, 0.9077953296703297], [5887, 0.9084578804347826], [5951, 0.9089381720430108], [6015, 0.909906914893617], [6079, 0.9108552631578948], [6143, 0.9112955729166666], [6207, 0.9117268041237113], [6271, 0.9119897959183674], [6335, 0.912405303030303], [6399, 0.91328125], [6463, 0.9133663366336634], [6527, 0.9137561274509803], [6591, 0.9144417475728155], [6655, 0.9149639423076923], [6719, 0.9151785714285714], [6783, 0.9156839622641509], [6847, 0.916179906542056], [6911, 0.9162326388888888], [6975, 0.9170011467889908], [7039, 0.9171875], [7103, 0.9177927927927928], [7167, 0.91796875], [7231, 0.918141592920354], [7295, 0.9181743421052632], [7359, 0.9184782608695652], [7423, 0.9186422413793104], [7487, 0.9188034188034188], [7551, 0.9192266949152542], [7615, 0.9196428571428571], [7679, 0.9200520833333333], [7743, 0.9207128099173554], [7807, 0.9209784836065574], [7871, 0.9213668699186992], [7935, 0.921875], [7999, 0.922], [8063, 0.9221230158730159], [8127, 0.9224901574803149], [8191, 0.9227294921875], [8255, 0.922843992248062], [8319, 0.9233173076923077], [8383, 0.9237833969465649], [8447, 0.923532196969697], [8511, 0.9237546992481203], [8575, 0.9238572761194029], [8639, 0.9238425925925926], [8703, 0.9239430147058824], [8767, 0.9241560218978102], [8831, 0.9242527173913043], [8895, 0.9246852517985612], [8959, 0.9251116071428571], [9023, 0.925531914893617], [9087, 0.925506161971831], [9151, 0.9256993006993007], [9215, 0.9259982638888888], [9279, 0.9264008620689655], [9343, 0.9267979452054794], [9407, 0.9269770408163265], [9471, 0.9273648648648649], [9535, 0.9277474832214765], [9599, 0.9278125], [9663, 0.9279801324503312], [9727, 0.9279399671052632], [9791, 0.9282066993464052], [9855, 0.9283685064935064], [9919, 0.9283266129032258], [9983, 0.9284855769230769], [9999, 0.9286]], "candidate_count_total": 25, "confirmed_count_total": 24, "created_at": 1768151187.2323668, "confirm_rule_effective": "perm_test", "last_perm_pvalue": 0.004975124378109453, "last_perm_effect": 0.4170921454357922, "perm_test_count_total": 24, "perm_accept_count_total": 24, "perm_reject_count_total": 0, "perm_alpha": 0.005, "perm_pvalue_p50": 0.004975124378109453, "perm_pvalue_p90": 0.004975124378109453, "perm_pvalue_p99": 0.004975124378109453, "perm_pvalue_le_alpha_ratio": 1.0, "perm_effect_p50": 0.4334466850619251, "perm_effect_p90": 0.44630260994767484, "perm_effect_p99": 0.5}