{"dataset_name": "sine_nodrift", "dataset_type": "sine", "model_variant": "ts_drift_adapt", "seed": 5, "monitor_preset": "error_divergence_ph_meta@error.threshold=0.10,error.min_instances=5", "monitor_preset_base": "error_divergence_ph_meta", "monitor_ph_params": {"error_rate": {"delta": 0.005, "alpha": 0.15, "threshold": 0.1, "min_instances": 5}, "divergence": {"delta": 0.005, "alpha": 0.1, "threshold": 0.05, "min_instances": 30}}, "monitor_ph_overrides": {"error_rate": {"threshold": 0.1, "min_instances": 5}}, "trigger_mode": "two_stage", "trigger_k": 2, "trigger_threshold": 0.5, "trigger_weights": "__confirm_cooldown=200,__confirm_rule=perm_test,__perm_alpha=0.005,__perm_delta_k=50,__perm_min_effect=0,__perm_n_perm=200,__perm_post_n=20,__perm_pre_n=500,__perm_rng_seed=0,__perm_stat=delta_fused_score,divergence=0.3,error_rate=0.5,teacher_entropy=0.2", "confirm_window": 3, "confirm_cooldown": 0, "adaptive_cooldown_enabled": 0, "adaptive_window": 10000, "adaptive_lower_per10k": 10.0, "adaptive_upper_per10k": 25.0, "adaptive_cooldown_low": 200, "adaptive_cooldown_high": 500, "severity_scheduler_scale": 1.0, "use_severity_v2": 0, "severity_gate": "none", "severity_gate_min_streak": 1, "entropy_mode": "overconfident", "severity_decay": 0.95, "freeze_baseline_steps": 0, "n_steps": 800, "horizon": 10000, "acc_final": 0.9185, "mean_acc": 0.8470934195663381, "acc_min": 0.421875, "candidate_sample_idxs": [319, 639, 959, 1279, 1599, 1919, 2239, 2559, 2879, 3199, 3711, 4031, 4351, 4671, 4991, 5311, 5823, 6143, 6463, 6783, 7231, 7551, 7871, 8319, 9535], "confirmed_sample_idxs": [639, 1087, 1919, 2687, 3711, 4671, 4991, 5311, 5823, 6143, 6527, 7231, 7551, 8319, 9535], "acc_series": [[63, 0.421875], [127, 0.53125], [191, 0.59375], [255, 0.640625], [319, 0.66875], [383, 0.6770833333333334], [447, 0.6897321428571429], [511, 0.6875], [575, 0.6996527777777778], [639, 0.7015625], [703, 0.7130681818181818], [767, 0.7161458333333334], [831, 0.7115384615384616], [895, 0.7209821428571429], [959, 0.728125], [1023, 0.736328125], [1087, 0.7398897058823529], [1151, 0.7456597222222222], [1215, 0.7425986842105263], [1279, 0.75078125], [1343, 0.7566964285714286], [1407, 0.7634943181818182], [1471, 0.7717391304347826], [1535, 0.77734375], [1599, 0.78125], [1663, 0.7842548076923077], [1727, 0.7864583333333334], [1791, 0.7890625], [1855, 0.7904094827586207], [1919, 0.7895833333333333], [1983, 0.7918346774193549], [2047, 0.7939453125], [2111, 0.796875], [2175, 0.7982536764705882], [2239, 0.8008928571428572], [2303, 0.8046875], [2367, 0.8074324324324325], [2431, 0.8096217105263158], [2495, 0.8112980769230769], [2559, 0.813671875], [2623, 0.817454268292683], [2687, 0.8191964285714286], [2751, 0.8223110465116279], [2815, 0.8256392045454546], [2879, 0.828125], [2943, 0.8298233695652174], [3007, 0.8321143617021277], [3071, 0.8326822916666666], [3135, 0.8351403061224489], [3199, 0.835625], [3263, 0.8382352941176471], [3327, 0.8404447115384616], [3391, 0.8425707547169812], [3455, 0.8443287037037037], [3519, 0.8463068181818182], [3583, 0.8482142857142857], [3647, 0.8497807017543859], [3711, 0.8507543103448276], [3775, 0.8532838983050848], [3839, 0.8552083333333333], [3903, 0.8568135245901639], [3967, 0.8578629032258065], [4031, 0.8596230158730159], [4095, 0.861572265625], [4159, 0.8622596153846154], [4223, 0.8631628787878788], [4287, 0.8645055970149254], [4351, 0.8662683823529411], [4415, 0.8677536231884058], [4479, 0.8689732142857143], [4543, 0.8701584507042254], [4607, 0.8713107638888888], [4671, 0.8728595890410958], [4735, 0.8733108108108109], [4799, 0.8747916666666666], [4863, 0.8760279605263158], [4927, 0.8772321428571429], [4991, 0.8782051282051282], [5055, 0.8789556962025317], [5119, 0.879296875], [5183, 0.8800154320987654], [5247, 0.8803353658536586], [5311, 0.8800828313253012], [5375, 0.8809523809523809], [5439, 0.881985294117647], [5503, 0.8829941860465116], [5567, 0.8841594827586207], [5631, 0.8840553977272727], [5695, 0.8850070224719101], [5759, 0.8859375], [5823, 0.8858173076923077], [5887, 0.8865489130434783], [5951, 0.8874327956989247], [6015, 0.8882978723404256], [6079, 0.8893092105263158], [6143, 0.8896484375], [6207, 0.8899806701030928], [6271, 0.8901466836734694], [6335, 0.8907828282828283], [6399, 0.89171875], [6463, 0.8920173267326733], [6527, 0.8930759803921569], [6591, 0.8939623786407767], [6655, 0.89453125], [6719, 0.8952380952380953], [6783, 0.8960790094339622], [6847, 0.8967581775700935], [6911, 0.8974247685185185], [6975, 0.898079128440367], [7039, 0.8982954545454546], [7103, 0.8990709459459459], [7167, 0.8995535714285714], [7231, 0.9000276548672567], [7295, 0.9003563596491229], [7359, 0.9010869565217391], [7423, 0.9019396551724138], [7487, 0.9026442307692307], [7551, 0.903072033898305], [7615, 0.9036239495798319], [7679, 0.9041666666666667], [7743, 0.9044421487603306], [7807, 0.9052254098360656], [7871, 0.9057418699186992], [7935, 0.9059979838709677], [7999, 0.9065], [8063, 0.9071180555555556], [8127, 0.9073572834645669], [8191, 0.9078369140625], [8255, 0.9085513565891473], [8319, 0.9087740384615385], [8383, 0.9091125954198473], [8447, 0.9098011363636364], [8511, 0.9102443609022557], [8575, 0.9104477611940298], [8639, 0.9107638888888889], [8703, 0.9105009191176471], [8767, 0.9106979927007299], [8831, 0.9111186594202898], [8895, 0.9116456834532374], [8959, 0.9120535714285715], [9023, 0.9125664893617021], [9087, 0.9130721830985915], [9151, 0.9135708041958042], [9215, 0.9137369791666666], [9279, 0.9142241379310345], [9343, 0.9148116438356164], [9407, 0.9151785714285714], [9471, 0.9156461148648649], [9535, 0.9160025167785235], [9599, 0.9164583333333334], [9663, 0.9168046357615894], [9727, 0.917249177631579], [9791, 0.9175857843137255], [9855, 0.9178165584415584], [9919, 0.9179435483870968], [9983, 0.9184695512820513], [9999, 0.9185]], "candidate_count_total": 23, "confirmed_count_total": 15, "created_at": 1768145472.2161782, "confirm_rule_effective": "perm_test", "last_perm_pvalue": 0.004975124378109453, "last_perm_effect": 0.07785547914253732, "perm_test_count_total": 48, "perm_accept_count_total": 15, "perm_reject_count_total": 33, "perm_alpha": 0.005, "perm_pvalue_p50": 0.7213930348258706, "perm_pvalue_p90": 1.0, "perm_pvalue_p99": 1.0, "perm_pvalue_le_alpha_ratio": 0.3125, "perm_effect_p50": -0.001652829204076665, "perm_effect_p90": 0.07458270187465668, "perm_effect_p99": 0.1396479919198675}