{"dataset_name": "sine_nodrift", "dataset_type": "sine", "model_variant": "ts_drift_adapt", "seed": 1, "monitor_preset": "error_divergence_ph_meta@error.threshold=0.10,error.min_instances=5", "monitor_preset_base": "error_divergence_ph_meta", "monitor_ph_params": {"error_rate": {"delta": 0.005, "alpha": 0.15, "threshold": 0.1, "min_instances": 5}, "divergence": {"delta": 0.005, "alpha": 0.1, "threshold": 0.05, "min_instances": 30}}, "monitor_ph_overrides": {"error_rate": {"threshold": 0.1, "min_instances": 5}}, "trigger_mode": "two_stage", "trigger_k": 2, "trigger_threshold": 0.5, "trigger_weights": "__confirm_cooldown=200,__confirm_rule=perm_test,__perm_alpha=0.005,__perm_delta_k=25,__perm_min_effect=0,__perm_n_perm=200,__perm_post_n=50,__perm_pre_n=200,__perm_rng_seed=0,__perm_stat=delta_fused_score,divergence=0.3,error_rate=0.5,teacher_entropy=0.2", "confirm_window": 3, "confirm_cooldown": 0, "adaptive_cooldown_enabled": 0, "adaptive_window": 10000, "adaptive_lower_per10k": 10.0, "adaptive_upper_per10k": 25.0, "adaptive_cooldown_low": 200, "adaptive_cooldown_high": 500, "severity_scheduler_scale": 1.0, "use_severity_v2": 0, "severity_gate": "none", "severity_gate_min_streak": 1, "entropy_mode": "overconfident", "severity_decay": 0.95, "freeze_baseline_steps": 0, "n_steps": 800, "horizon": 10000, "acc_final": 0.9194, "mean_acc": 0.8544428646472698, "acc_min": 0.484375, "candidate_sample_idxs": [319, 639, 959, 1279, 1663, 1983, 2303, 2687, 3007, 3327, 3647, 3967, 4287, 4607, 4927, 5311, 5951, 6335, 6655, 7167, 7487, 7807, 8575, 8895, 9215, 9535, 9855], "confirmed_sample_idxs": [639, 1023, 1279, 1663, 2111, 2687, 3071, 3967, 4287, 4607, 5311, 5951, 6335, 6655, 7167, 7871, 8575, 8959, 9407, 9855], "acc_series": [[63, 0.484375], [127, 0.6015625], [191, 0.6145833333333334], [255, 0.6484375], [319, 0.64375], [383, 0.6380208333333334], [447, 0.6495535714285714], [511, 0.66796875], [575, 0.6927083333333334], [639, 0.7], [703, 0.7116477272727273], [767, 0.7252604166666666], [831, 0.734375], [895, 0.7410714285714286], [959, 0.7520833333333333], [1023, 0.7587890625], [1087, 0.7647058823529411], [1151, 0.7717013888888888], [1215, 0.7796052631578947], [1279, 0.78203125], [1343, 0.7864583333333334], [1407, 0.7904829545454546], [1471, 0.7961956521739131], [1535, 0.8014322916666666], [1599, 0.80125], [1663, 0.8022836538461539], [1727, 0.8061342592592593], [1791, 0.8069196428571429], [1855, 0.8103448275862069], [1919, 0.8135416666666667], [1983, 0.8150201612903226], [2047, 0.818359375], [2111, 0.8214962121212122], [2175, 0.8249080882352942], [2239, 0.8276785714285714], [2303, 0.8285590277777778], [2367, 0.8298141891891891], [2431, 0.8338815789473685], [2495, 0.8345352564102564], [2559, 0.835546875], [2623, 0.8380335365853658], [2687, 0.8396577380952381], [2751, 0.8430232558139535], [2815, 0.8455255681818182], [2879, 0.846875], [2943, 0.8474864130434783], [3007, 0.8477393617021277], [3071, 0.849609375], [3135, 0.8507653061224489], [3199, 0.8509375], [3263, 0.8532475490196079], [3327, 0.8548677884615384], [3391, 0.8558372641509434], [3455, 0.8564814814814815], [3519, 0.8576704545454545], [3583, 0.8571428571428571], [3647, 0.8582785087719298], [3711, 0.8582974137931034], [3775, 0.859375], [3839, 0.8611979166666667], [3903, 0.8632172131147541], [3967, 0.8636592741935484], [4031, 0.863343253968254], [4095, 0.863037109375], [4159, 0.8637019230769231], [4223, 0.8648200757575758], [4287, 0.8654384328358209], [4351, 0.8655790441176471], [4415, 0.8661684782608695], [4479, 0.8676339285714286], [4543, 0.8681778169014085], [4607, 0.8693576388888888], [4671, 0.8707191780821918], [4735, 0.8711993243243243], [4799, 0.8727083333333333], [4863, 0.8735608552631579], [4927, 0.874797077922078], [4991, 0.8760016025641025], [5055, 0.8767800632911392], [5119, 0.878125], [5183, 0.8794367283950617], [5247, 0.8807164634146342], [5311, 0.8817771084337349], [5375, 0.8826264880952381], [5439, 0.8832720588235294], [5503, 0.884265988372093], [5567, 0.8854166666666666], [5631, 0.8861860795454546], [5695, 0.886060393258427], [5759, 0.8866319444444445], [5823, 0.8878777472527473], [5887, 0.8889266304347826], [5951, 0.8899529569892473], [6015, 0.8907912234042553], [6079, 0.8914473684210527], [6143, 0.892578125], [6207, 0.8928801546391752], [6271, 0.8938137755102041], [6335, 0.8945707070707071], [6399, 0.89515625], [6463, 0.895730198019802], [6527, 0.8961397058823529], [6591, 0.8968446601941747], [6655, 0.8973858173076923], [6719, 0.8977678571428571], [6783, 0.8985849056603774], [6847, 0.8989485981308412], [6911, 0.8997395833333334], [6975, 0.9003727064220184], [7039, 0.9011363636363636], [7103, 0.9016047297297297], [7167, 0.90234375], [7231, 0.9032079646017699], [7295, 0.9040570175438597], [7359, 0.904891304347826], [7423, 0.9053071120689655], [7487, 0.905715811965812], [7551, 0.9058527542372882], [7615, 0.90625], [7679, 0.9065104166666667], [7743, 0.9068956611570248], [7807, 0.9071465163934426], [7871, 0.907520325203252], [7935, 0.9080141129032258], [7999, 0.908375], [8063, 0.9088541666666666], [8127, 0.9094488188976378], [8191, 0.91015625], [8255, 0.9106104651162791], [8319, 0.9110576923076923], [8383, 0.9114980916030534], [8447, 0.9116950757575758], [8511, 0.912124060150376], [8575, 0.9124300373134329], [8639, 0.9128472222222223], [8703, 0.9131433823529411], [8767, 0.9136633211678832], [8831, 0.9141757246376812], [8895, 0.9143435251798561], [8959, 0.9146205357142857], [9023, 0.914561170212766], [9087, 0.914612676056338], [9151, 0.914881993006993], [9215, 0.9154730902777778], [9279, 0.915625], [9343, 0.9162029109589042], [9407, 0.9162414965986394], [9471, 0.9164907094594594], [9535, 0.9168414429530202], [9599, 0.9173958333333333], [9663, 0.9176324503311258], [9727, 0.91796875], [9791, 0.9185049019607843], [9855, 0.9187297077922078], [9919, 0.9190524193548387], [9983, 0.9193709935897436], [9999, 0.9194]], "candidate_count_total": 25, "confirmed_count_total": 20, "created_at": 1768145017.7282636, "confirm_rule_effective": "perm_test", "last_perm_pvalue": 0.004975124378109453, "last_perm_effect": 0.0781825575712991, "perm_test_count_total": 45, "perm_accept_count_total": 20, "perm_reject_count_total": 25, "perm_alpha": 0.005, "perm_pvalue_p50": 0.21890547263681592, "perm_pvalue_p90": 1.0, "perm_pvalue_p99": 1.0, "perm_pvalue_le_alpha_ratio": 0.4444444444444444, "perm_effect_p50": 0.0015793555859578501, "perm_effect_p90": 0.07780937371851543, "perm_effect_p99": 0.2605748861282767}