{"dataset_name": "INSECTS_abrupt_balanced", "dataset_type": "insects_real", "model_variant": "ts_drift_adapt_severity", "seed": 8, "monitor_preset": "error_divergence_ph_meta", "trigger_mode": "or", "trigger_k": 2, "trigger_threshold": 0.5, "trigger_weights": "divergence=0.3,error_rate=0.5,teacher_entropy=0.2", "confirm_window": 200, "severity_scheduler_scale": 2.0, "use_severity_v2": 1, "severity_gate": "confirmed_streak", "severity_gate_min_streak": 3, "entropy_mode": "uncertain", "severity_decay": 0.95, "freeze_baseline_steps": 5, "n_steps": 1200, "horizon": 52847, "acc_final": 0.1999167407799875, "mean_acc": 0.20054717261064234, "acc_min": 0.1649116847826087, "candidate_sample_idxs": [6399, 12799, 19199, 25599, 31999, 38399, 44799, 51199], "confirmed_sample_idxs": [6399, 12799, 19199, 25599, 31999, 38399, 44799, 51199], "acc_series": [[255, 0.2265625], [511, 0.21875], [767, 0.22265625], [1023, 0.2158203125], [1279, 0.221875], [1535, 0.21809895833333334], [1791, 0.21540178571428573], [2047, 0.22119140625], [2303, 0.2248263888888889], [2559, 0.224609375], [2815, 0.2237215909090909], [3071, 0.22037760416666666], [3327, 0.21754807692307693], [3583, 0.22126116071428573], [3839, 0.21927083333333333], [4095, 0.219482421875], [4351, 0.21691176470588236], [4607, 0.2150607638888889], [4863, 0.21443256578947367], [5119, 0.211328125], [5375, 0.2105654761904762], [5631, 0.21040482954545456], [5887, 0.21025815217391305], [6143, 0.21061197916666666], [6399, 0.2115625], [6655, 0.21228966346153846], [6911, 0.21339699074074073], [7167, 0.21358816964285715], [7423, 0.2134967672413793], [7679, 0.21263020833333332], [7935, 0.21295362903225806], [8191, 0.2144775390625], [8447, 0.21496212121212122], [8703, 0.216796875], [8959, 0.2177455357142857], [9215, 0.2191840277777778], [9471, 0.21822212837837837], [9727, 0.21854440789473684], [9983, 0.21915064102564102], [10239, 0.21923828125], [10495, 0.21951219512195122], [10751, 0.22144717261904762], [11007, 0.22093023255813954], [11263, 0.22034801136363635], [11519, 0.22074652777777778], [11775, 0.22112771739130435], [12031, 0.2209940159574468], [12287, 0.22281901041666666], [12543, 0.22385204081632654], [12799, 0.2203125], [13055, 0.21599264705882354], [13311, 0.21183894230769232], [13567, 0.20784198113207547], [13823, 0.20399305555555555], [14079, 0.20042613636363638], [14335, 0.19963727678571427], [14591, 0.19867050438596492], [14847, 0.1959186422413793], [15103, 0.1927304025423729], [15359, 0.18951822916666666], [15615, 0.18641137295081966], [15871, 0.1834047379032258], [16127, 0.18055555555555555], [16383, 0.177734375], [16639, 0.175], [16895, 0.17234848484848486], [17151, 0.16977611940298507], [17407, 0.16733685661764705], [17663, 0.1649116847826087], [17919, 0.165234375], [18175, 0.16967429577464788], [18431, 0.1723090277777778], [18687, 0.17460402397260275], [18943, 0.17667863175675674], [19199, 0.17822916666666666], [19455, 0.1806640625], [19711, 0.1820211038961039], [19967, 0.1821414262820513], [20223, 0.18215981012658228], [20479, 0.183056640625], [20735, 0.1830150462962963], [20991, 0.18354611280487804], [21247, 0.18392319277108435], [21503, 0.18424479166666666], [21759, 0.1841452205882353], [22015, 0.18463844476744187], [22271, 0.18547952586206898], [22527, 0.1864346590909091], [22783, 0.18776334269662923], [23039, 0.18919270833333332], [23295, 0.19003262362637363], [23551, 0.19170346467391305], [23807, 0.19249831989247312], [24063, 0.19331781914893617], [24319, 0.1944078947368421], [24575, 0.19486490885416666], [24831, 0.19551385309278352], [25087, 0.19642857142857142], [25343, 0.19752209595959597], [25599, 0.198203125], [25855, 0.19906404702970298], [26111, 0.19994638480392157], [26367, 0.201001213592233], [26623, 0.20169771634615385], [26879, 0.20305059523809524], [27135, 0.20371462264150944], [27391, 0.204548773364486], [27647, 0.20554832175925927], [27903, 0.2070670871559633], [28159, 0.205859375], [28415, 0.20435670045045046], [28671, 0.202880859375], [28927, 0.2013274336283186], [29183, 0.19986979166666666], [29439, 0.1985733695652174], [29695, 0.1974339978448276], [29951, 0.19628071581196582], [30207, 0.1950145656779661], [30463, 0.19390099789915966], [30719, 0.19290364583333333], [30975, 0.1920519111570248], [31231, 0.19137423155737704], [31487, 0.19077108739837398], [31743, 0.19005166330645162], [31999, 0.1899375], [32255, 0.1898251488095238], [32511, 0.19072957677165353], [32767, 0.19183349609375], [33023, 0.19304142441860464], [33279, 0.19314903846153847], [33535, 0.1930462786259542], [33791, 0.193359375], [34047, 0.19319783834586465], [34303, 0.1931553171641791], [34559, 0.19325810185185185], [34815, 0.19312959558823528], [35071, 0.19314552919708028], [35327, 0.1930480072463768], [35583, 0.1931205035971223], [35839, 0.19324776785714284], [36095, 0.19329011524822695], [36351, 0.1934969190140845], [36607, 0.19381009615384615], [36863, 0.19392903645833334], [37119, 0.1941271551724138], [37375, 0.19429580479452055], [37631, 0.19456845238095238], [37887, 0.19502217060810811], [38143, 0.19523385067114093], [38399, 0.19393229166666667], [38655, 0.19264797185430463], [38911, 0.19258840460526316], [39167, 0.1927593954248366], [39423, 0.19280133928571427], [39679, 0.19291834677419356], [39935, 0.19290865384615385], [40191, 0.19287420382165604], [40447, 0.19298852848101267], [40703, 0.19292944182389937], [40959, 0.193115234375], [41215, 0.19325019409937888], [41471, 0.1939139660493827], [41727, 0.19488113496932516], [41983, 0.19566977896341464], [42239, 0.1969223484848485], [42495, 0.1979480421686747], [42751, 0.19886788922155688], [43007, 0.19980003720238096], [43263, 0.20088295118343194], [43519, 0.2016544117647059], [43775, 0.20230263157894737], [44031, 0.2033293968023256], [44287, 0.2040959176300578], [44543, 0.2046515804597701], [44799, 0.20546875], [45055, 0.2064541903409091], [45311, 0.20738435734463276], [45567, 0.20836990870786518], [45823, 0.20932262569832402], [46079, 0.21028645833333334], [46335, 0.21113173342541436], [46591, 0.21198918269230768], [46847, 0.21219689207650272], [47103, 0.2110648777173913], [47359, 0.20994510135135136], [47615, 0.20881636424731181], [47871, 0.20772058823529413], [48127, 0.2066364694148936], [48383, 0.20558449074074073], [48639, 0.20466694078947367], [48895, 0.20375899869109948], [49151, 0.20306396484375], [49407, 0.20265948834196892], [49663, 0.20211823453608246], [49919, 0.2016826923076923], [50175, 0.20155054209183673], [50431, 0.2013404187817259], [50687, 0.201171875], [50943, 0.20124057788944724], [51199, 0.20130859375], [51455, 0.20151197139303484], [51711, 0.20210009282178218], [51967, 0.2028748460591133], [52223, 0.2023016237745098], [52479, 0.20131478658536586], [52735, 0.20033753033980584], [52846, 0.1999167407799875]], "candidate_count_total": 0, "confirmed_count_total": 0, "created_at": 1767803923.0790966}