{"dataset_name": "sine_nodrift", "dataset_type": "sine", "model_variant": "ts_drift_adapt", "seed": 1, "monitor_preset": "error_divergence_ph_meta@error.threshold=0.10,error.min_instances=5", "monitor_preset_base": "error_divergence_ph_meta", "monitor_ph_params": {"error_rate": {"delta": 0.005, "alpha": 0.15, "threshold": 0.1, "min_instances": 5}, "divergence": {"delta": 0.005, "alpha": 0.1, "threshold": 0.05, "min_instances": 30}}, "monitor_ph_overrides": {"error_rate": {"threshold": 0.1, "min_instances": 5}}, "trigger_mode": "two_stage", "trigger_k": 2, "trigger_threshold": 0.5, "trigger_weights": "__confirm_cooldown=200,__confirm_rule=perm_test,__perm_alpha=0.005,__perm_delta_k=50,__perm_min_effect=0,__perm_n_perm=200,__perm_post_n=30,__perm_pre_n=200,__perm_rng_seed=0,__perm_stat=delta_fused_score,divergence=0.3,error_rate=0.5,teacher_entropy=0.2", "confirm_window": 3, "confirm_cooldown": 0, "adaptive_cooldown_enabled": 0, "adaptive_window": 10000, "adaptive_lower_per10k": 10.0, "adaptive_upper_per10k": 25.0, "adaptive_cooldown_low": 200, "adaptive_cooldown_high": 500, "severity_scheduler_scale": 1.0, "use_severity_v2": 0, "severity_gate": "none", "severity_gate_min_streak": 1, "entropy_mode": "overconfident", "severity_decay": 0.95, "freeze_baseline_steps": 0, "n_steps": 800, "horizon": 10000, "acc_final": 0.9147, "mean_acc": 0.8239667754974936, "acc_min": 0.5598958333333334, "candidate_sample_idxs": [319, 639, 959, 1279, 1599, 1919, 2239, 2559, 2879, 3583, 3903, 4223, 4543, 4927, 5247, 5567, 5887, 6207, 6847, 7679, 7999, 8703, 9087, 9407, 9791], "confirmed_sample_idxs": [639, 1151, 1663, 2239, 2559, 3583, 4031, 4607, 4927, 5311, 5631, 6271, 6847, 7679, 8703, 9087, 9791], "acc_series": [[63, 0.609375], [127, 0.5625], [191, 0.59375], [255, 0.5703125], [319, 0.571875], [383, 0.5598958333333334], [447, 0.5669642857142857], [511, 0.5625], [575, 0.5659722222222222], [639, 0.571875], [703, 0.5752840909090909], [767, 0.5833333333333334], [831, 0.5961538461538461], [895, 0.6071428571428571], [959, 0.6114583333333333], [1023, 0.62890625], [1087, 0.6461397058823529], [1151, 0.6553819444444444], [1215, 0.6669407894736842], [1279, 0.67734375], [1343, 0.6882440476190477], [1407, 0.6981534090909091], [1471, 0.7051630434782609], [1535, 0.7115885416666666], [1599, 0.719375], [1663, 0.7283653846153846], [1727, 0.7378472222222222], [1791, 0.74609375], [1855, 0.7510775862068966], [1919, 0.7578125], [1983, 0.7636088709677419], [2047, 0.76953125], [2111, 0.7722537878787878], [2175, 0.7748161764705882], [2239, 0.7772321428571428], [2303, 0.7756076388888888], [2367, 0.7778716216216216], [2431, 0.7820723684210527], [2495, 0.7848557692307693], [2559, 0.788671875], [2623, 0.7915396341463414], [2687, 0.7946428571428571], [2751, 0.796875], [2815, 0.80078125], [2879, 0.8041666666666667], [2943, 0.8067255434782609], [3007, 0.8098404255319149], [3071, 0.8118489583333334], [3135, 0.8153698979591837], [3199, 0.818125], [3263, 0.8213848039215687], [3327, 0.8245192307692307], [3391, 0.8269457547169812], [3455, 0.8292824074074074], [3519, 0.8303977272727273], [3583, 0.8311941964285714], [3647, 0.8325109649122807], [3711, 0.8329741379310345], [3775, 0.8347457627118644], [3839, 0.8369791666666667], [3903, 0.8396516393442623], [3967, 0.8419858870967742], [4031, 0.8432539682539683], [4095, 0.844482421875], [4159, 0.8456730769230769], [4223, 0.8470643939393939], [4287, 0.8488805970149254], [4351, 0.8504136029411765], [4415, 0.8512228260869565], [4479, 0.8529017857142858], [4543, 0.8543133802816901], [4607, 0.8559027777777778], [4671, 0.8574486301369864], [4735, 0.8589527027027027], [4799, 0.8604166666666667], [4863, 0.8618421052631579], [4927, 0.8632305194805194], [4991, 0.8641826923076923], [5055, 0.8653085443037974], [5119, 0.8666015625], [5183, 0.8676697530864198], [5247, 0.8689024390243902], [5311, 0.8697289156626506], [5375, 0.8707217261904762], [5439, 0.8720588235294118], [5503, 0.8730014534883721], [5567, 0.8744612068965517], [5631, 0.8755326704545454], [5695, 0.8764044943820225], [5759, 0.8770833333333333], [5823, 0.8784340659340659], [5887, 0.8795855978260869], [5951, 0.8802083333333334], [6015, 0.8806515957446809], [6079, 0.8814144736842106], [6143, 0.88232421875], [6207, 0.8827319587628866], [6271, 0.8834502551020408], [6335, 0.884469696969697], [6399, 0.88546875], [6463, 0.8859839108910891], [6527, 0.8867953431372549], [6591, 0.8871359223300971], [6655, 0.8868689903846154], [6719, 0.8876488095238095], [6783, 0.8884139150943396], [6847, 0.8884345794392523], [6911, 0.8888888888888888], [6975, 0.8896215596330275], [7039, 0.890625], [7103, 0.8913288288288288], [7167, 0.8921595982142857], [7231, 0.8929756637168141], [7295, 0.8939144736842105], [7359, 0.8947010869565217], [7423, 0.8952047413793104], [7487, 0.8961004273504274], [7551, 0.8967161016949152], [7615, 0.8973214285714286], [7679, 0.8977864583333334], [7743, 0.8985020661157025], [7807, 0.8992059426229508], [7871, 0.8997713414634146], [7935, 0.9003276209677419], [7999, 0.900625], [8063, 0.9012896825396826], [8127, 0.9019438976377953], [8191, 0.90234375], [8255, 0.9027374031007752], [8319, 0.903485576923077], [8383, 0.9042223282442748], [8447, 0.904592803030303], [8511, 0.9051926691729323], [8575, 0.9056669776119403], [8639, 0.9061342592592593], [8703, 0.9063648897058824], [8767, 0.9065921532846716], [8831, 0.9072690217391305], [8895, 0.9079361510791367], [8959, 0.9084821428571429], [9023, 0.9086879432624113], [9087, 0.9085607394366197], [9151, 0.9089816433566433], [9215, 0.9095052083333334], [9279, 0.9098060344827587], [9343, 0.9102097602739726], [9407, 0.9107142857142857], [9471, 0.9113175675675675], [9535, 0.9118078859060402], [9599, 0.9123958333333333], [9663, 0.9128725165562914], [9727, 0.913342927631579], [9791, 0.9136029411764706], [9855, 0.913961038961039], [9919, 0.9141129032258064], [9983, 0.9146634615384616], [9999, 0.9147]], "candidate_count_total": 23, "confirmed_count_total": 17, "created_at": 1768133712.0589705, "confirm_rule_effective": "perm_test", "last_perm_pvalue": 0.004975124378109453, "last_perm_effect": 0.07033655758837759, "perm_test_count_total": 47, "perm_accept_count_total": 17, "perm_reject_count_total": 30, "perm_alpha": 0.005, "perm_pvalue_p50": 0.24378109452736318, "perm_pvalue_p90": 1.0, "perm_pvalue_p99": 1.0, "perm_pvalue_le_alpha_ratio": 0.3617021276595745, "perm_effect_p50": 0.0073906622561204, "perm_effect_p90": 0.07516221861180382, "perm_effect_p99": 0.1222170038718577}