{"dataset_name": "sine_nodrift", "dataset_type": "sine", "model_variant": "ts_drift_adapt", "seed": 5, "monitor_preset": "error_divergence_ph_meta@error.threshold=0.10,error.min_instances=5", "monitor_preset_base": "error_divergence_ph_meta", "monitor_ph_params": {"error_rate": {"delta": 0.005, "alpha": 0.15, "threshold": 0.1, "min_instances": 5}, "divergence": {"delta": 0.005, "alpha": 0.1, "threshold": 0.05, "min_instances": 30}}, "monitor_ph_overrides": {"error_rate": {"threshold": 0.1, "min_instances": 5}}, "trigger_mode": "two_stage", "trigger_k": 2, "trigger_threshold": 0.5, "trigger_weights": "__confirm_cooldown=200,__confirm_rule=perm_test,__perm_alpha=0.05,__perm_delta_k=50,__perm_min_effect=0,__perm_n_perm=200,__perm_post_n=30,__perm_pre_n=200,__perm_rng_seed=0,__perm_stat=delta_fused_score,divergence=0.3,error_rate=0.5,teacher_entropy=0.2", "confirm_window": 3, "confirm_cooldown": 0, "adaptive_cooldown_enabled": 0, "adaptive_window": 10000, "adaptive_lower_per10k": 10.0, "adaptive_upper_per10k": 25.0, "adaptive_cooldown_low": 200, "adaptive_cooldown_high": 500, "severity_scheduler_scale": 1.0, "use_severity_v2": 0, "severity_gate": "none", "severity_gate_min_streak": 1, "entropy_mode": "overconfident", "severity_decay": 0.95, "freeze_baseline_steps": 0, "n_steps": 800, "horizon": 10000, "acc_final": 0.9247, "mean_acc": 0.8582964874902417, "acc_min": 0.421875, "candidate_sample_idxs": [319, 639, 959, 1279, 1599, 1919, 2239, 2623, 2943, 3263, 3583, 3903, 4223, 4543, 4863, 5183, 5503, 6143, 6655, 6975, 7295, 7615, 7935, 8319, 9535], "confirmed_sample_idxs": [639, 1023, 2623, 3007, 3391, 3967, 4607, 4863, 5567, 6143, 6655, 6975, 7615, 7999, 8319, 9535], "acc_series": [[63, 0.421875], [127, 0.546875], [191, 0.6041666666666666], [255, 0.63671875], [319, 0.653125], [383, 0.6692708333333334], [447, 0.6696428571428571], [511, 0.671875], [575, 0.6840277777777778], [639, 0.6921875], [703, 0.703125], [767, 0.70703125], [831, 0.7043269230769231], [895, 0.7154017857142857], [959, 0.7197916666666667], [1023, 0.732421875], [1087, 0.7417279411764706], [1151, 0.75], [1215, 0.7582236842105263], [1279, 0.76484375], [1343, 0.7730654761904762], [1407, 0.7805397727272727], [1471, 0.7873641304347826], [1535, 0.7923177083333334], [1599, 0.798125], [1663, 0.8028846153846154], [1727, 0.8026620370370371], [1791, 0.8074776785714286], [1855, 0.8092672413793104], [1919, 0.8104166666666667], [1983, 0.8130040322580645], [2047, 0.81640625], [2111, 0.8177083333333334], [2175, 0.8198529411764706], [2239, 0.8209821428571429], [2303, 0.8237847222222222], [2367, 0.8272804054054054], [2431, 0.8310032894736842], [2495, 0.8333333333333334], [2559, 0.83671875], [2623, 0.8391768292682927], [2687, 0.8411458333333334], [2751, 0.8433866279069767], [2815, 0.8465909090909091], [2879, 0.8482638888888889], [2943, 0.850203804347826], [3007, 0.852061170212766], [3071, 0.8538411458333334], [3135, 0.8561862244897959], [3199, 0.8571875], [3263, 0.8587622549019608], [3327, 0.8605769230769231], [3391, 0.8623231132075472], [3455, 0.8640046296296297], [3519, 0.8650568181818182], [3583, 0.8674665178571429], [3647, 0.8689692982456141], [3711, 0.8698814655172413], [3775, 0.8710275423728814], [3839, 0.8716145833333333], [3903, 0.8729508196721312], [3967, 0.875], [4031, 0.8767361111111112], [4095, 0.87744140625], [4159, 0.8786057692307693], [4223, 0.8794981060606061], [4287, 0.8808302238805971], [4351, 0.8814338235294118], [4415, 0.8826992753623188], [4479, 0.8834821428571429], [4543, 0.8846830985915493], [4607, 0.8856336805555556], [4671, 0.886986301369863], [4735, 0.887668918918919], [4799, 0.88875], [4863, 0.8891858552631579], [4927, 0.8900162337662337], [4991, 0.8910256410256411], [5055, 0.8918117088607594], [5119, 0.8916015625], [5183, 0.8921682098765432], [5247, 0.8923399390243902], [5311, 0.8923192771084337], [5375, 0.8930431547619048], [5439, 0.8943014705882353], [5503, 0.895530523255814], [5567, 0.8967313218390804], [5631, 0.8971946022727273], [5695, 0.8978230337078652], [5759, 0.8987847222222223], [5823, 0.8992101648351648], [5887, 0.899796195652174], [5951, 0.9002016129032258], [6015, 0.9010970744680851], [6079, 0.9019736842105263], [6143, 0.90234375], [6207, 0.9027061855670103], [6271, 0.9030612244897959], [6335, 0.9032512626262627], [6399, 0.90359375], [6463, 0.9043935643564357], [6527, 0.9050245098039216], [6591, 0.9056432038834952], [6655, 0.9060997596153846], [6719, 0.9063988095238096], [6783, 0.9071344339622641], [6847, 0.9075642523364486], [6911, 0.9079861111111112], [6975, 0.9086869266055045], [7039, 0.9089488636363636], [7103, 0.9094876126126126], [7167, 0.9100167410714286], [7231, 0.9105365044247787], [7295, 0.9107730263157895], [7359, 0.9112771739130435], [7423, 0.912042025862069], [7487, 0.9123931623931624], [7551, 0.9124735169491526], [7615, 0.9129464285714286], [7679, 0.91328125], [7743, 0.9134814049586777], [7807, 0.9141905737704918], [7871, 0.9145071138211383], [7935, 0.9148185483870968], [7999, 0.915375], [8063, 0.9157986111111112], [8127, 0.9160925196850394], [8191, 0.916259765625], [8255, 0.9167877906976745], [8319, 0.9170673076923077], [8383, 0.9172232824427481], [8447, 0.9177320075757576], [8511, 0.9181156015037594], [8575, 0.9186100746268657], [8639, 0.9186342592592592], [8703, 0.9181985294117647], [8767, 0.9184534671532847], [8831, 0.9188179347826086], [8895, 0.9192895683453237], [8959, 0.9196428571428571], [9023, 0.92010195035461], [9087, 0.9206646126760564], [9151, 0.9212194055944056], [9215, 0.9215494791666666], [9279, 0.9219827586206897], [9343, 0.9223030821917808], [9407, 0.9225127551020408], [9471, 0.9226140202702703], [9535, 0.9227139261744967], [9599, 0.923125], [9663, 0.9235306291390728], [9727, 0.9240337171052632], [9791, 0.9240196078431373], [9855, 0.9241071428571429], [9919, 0.9243951612903226], [9983, 0.9246794871794872], [9999, 0.9247]], "candidate_count_total": 24, "confirmed_count_total": 16, "created_at": 1768130342.6538053, "confirm_rule_effective": "perm_test", "last_perm_pvalue": 0.004975124378109453, "last_perm_effect": 0.07798172433792007, "perm_test_count_total": 52, "perm_accept_count_total": 16, "perm_reject_count_total": 36, "perm_alpha": 0.05, "perm_pvalue_p50": 0.6741293532338308, "perm_pvalue_p90": 1.0, "perm_pvalue_p99": 1.0, "perm_pvalue_le_alpha_ratio": 0.3076923076923077, "perm_effect_p50": -0.00022316468273510378, "perm_effect_p90": 0.07009165984769103, "perm_effect_p99": 0.14302525925745252}