{"dataset_name": "sine_nodrift", "dataset_type": "sine", "model_variant": "ts_drift_adapt", "seed": 1, "monitor_preset": "error_divergence_ph_meta@error.threshold=0.10,error.min_instances=5", "monitor_preset_base": "error_divergence_ph_meta", "monitor_ph_params": {"error_rate": {"delta": 0.005, "alpha": 0.15, "threshold": 0.1, "min_instances": 5}, "divergence": {"delta": 0.005, "alpha": 0.1, "threshold": 0.05, "min_instances": 30}}, "monitor_ph_overrides": {"error_rate": {"threshold": 0.1, "min_instances": 5}}, "trigger_mode": "two_stage", "trigger_k": 2, "trigger_threshold": 0.5, "trigger_weights": "__confirm_cooldown=200,__confirm_rule=perm_test,__perm_alpha=0.01,__perm_min_effect=0,__perm_n_perm=200,__perm_post_n=10,__perm_pre_n=500,__perm_rng_seed=0,__perm_stat=vote_score,divergence=0.3,error_rate=0.5,teacher_entropy=0.2", "confirm_window": 3, "confirm_cooldown": 0, "adaptive_cooldown_enabled": 0, "adaptive_window": 10000, "adaptive_lower_per10k": 10.0, "adaptive_upper_per10k": 25.0, "adaptive_cooldown_low": 200, "adaptive_cooldown_high": 500, "severity_scheduler_scale": 1.0, "use_severity_v2": 0, "severity_gate": "none", "severity_gate_min_streak": 1, "entropy_mode": "overconfident", "severity_decay": 0.95, "freeze_baseline_steps": 0, "n_steps": 800, "horizon": 10000, "acc_final": 0.924, "mean_acc": 0.8417194801967545, "acc_min": 0.560546875, "candidate_sample_idxs": [319, 639, 959, 1279, 1599, 1919, 2239, 2687, 3007, 3455, 3775, 4095, 4415, 4927, 5311, 5695, 6079, 6847, 7167, 7487, 7807, 8575, 9087, 9407, 9855], "confirmed_sample_idxs": [639, 959, 1279, 1599, 1919, 2239, 2687, 3007, 3455, 3775, 4095, 4415, 4927, 5311, 5695, 6079, 6847, 7167, 7487, 7807, 8575, 9087, 9407, 9855], "acc_series": [[63, 0.609375], [127, 0.5625], [191, 0.59375], [255, 0.57421875], [319, 0.575], [383, 0.5677083333333334], [447, 0.5691964285714286], [511, 0.560546875], [575, 0.5711805555555556], [639, 0.5828125], [703, 0.5823863636363636], [767, 0.5950520833333334], [831, 0.6081730769230769], [895, 0.6216517857142857], [959, 0.6322916666666667], [1023, 0.6513671875], [1087, 0.6672794117647058], [1151, 0.6848958333333334], [1215, 0.6990131578947368], [1279, 0.71015625], [1343, 0.7217261904761905], [1407, 0.7322443181818182], [1471, 0.7384510869565217], [1535, 0.7467447916666666], [1599, 0.755625], [1663, 0.7632211538461539], [1727, 0.7708333333333334], [1791, 0.7756696428571429], [1855, 0.7801724137931034], [1919, 0.7854166666666667], [1983, 0.7908266129032258], [2047, 0.79638671875], [2111, 0.7992424242424242], [2175, 0.8028492647058824], [2239, 0.8058035714285714], [2303, 0.8051215277777778], [2367, 0.8070101351351351], [2431, 0.811266447368421], [2495, 0.8141025641025641], [2559, 0.817578125], [2623, 0.8208841463414634], [2687, 0.8251488095238095], [2751, 0.8284883720930233], [2815, 0.8316761363636364], [2879, 0.8347222222222223], [2943, 0.8366168478260869], [3007, 0.8387632978723404], [3071, 0.8404947916666666], [3135, 0.8431122448979592], [3199, 0.845], [3263, 0.8474264705882353], [3327, 0.8503605769230769], [3391, 0.8525943396226415], [3455, 0.8538773148148148], [3519, 0.8559659090909091], [3583, 0.857421875], [3647, 0.859375], [3711, 0.8615301724137931], [3775, 0.862552966101695], [3839, 0.8640625], [3903, 0.8657786885245902], [3967, 0.8664314516129032], [4031, 0.8668154761904762], [4095, 0.867431640625], [4159, 0.8677884615384616], [4223, 0.8690814393939394], [4287, 0.8703358208955224], [4351, 0.8715533088235294], [4415, 0.8722826086956522], [4479, 0.8736607142857142], [4543, 0.875], [4607, 0.8763020833333334], [4671, 0.877568493150685], [4735, 0.8790118243243243], [4799, 0.8802083333333334], [4863, 0.8809621710526315], [4927, 0.8816964285714286], [4991, 0.8818108974358975], [5055, 0.8829113924050633], [5119, 0.8841796875], [5183, 0.8848379629629629], [5247, 0.8862423780487805], [5311, 0.8874246987951807], [5375, 0.8882068452380952], [5439, 0.8893382352941176], [5503, 0.8904433139534884], [5567, 0.8917025862068966], [5631, 0.892578125], [5695, 0.8925561797752809], [5759, 0.8932291666666666], [5823, 0.8942307692307693], [5887, 0.8950407608695652], [5951, 0.8956653225806451], [6015, 0.8962765957446809], [6079, 0.8963815789473685], [6143, 0.89697265625], [6207, 0.8973904639175257], [6271, 0.8984375], [6335, 0.8985164141414141], [6399, 0.899375], [6463, 0.8995977722772277], [6527, 0.9001225490196079], [6591, 0.9004854368932039], [6655, 0.900390625], [6719, 0.9007440476190476], [6783, 0.9013856132075472], [6847, 0.9018691588785047], [6911, 0.90234375], [6975, 0.9029529816513762], [7039, 0.9036931818181818], [7103, 0.9041385135135135], [7167, 0.9047154017857143], [7231, 0.9054203539823009], [7295, 0.90625], [7359, 0.9070652173913043], [7423, 0.9075969827586207], [7487, 0.9083867521367521], [7551, 0.9088983050847458], [7615, 0.9090073529411765], [7679, 0.909375], [7743, 0.9101239669421488], [7807, 0.9106045081967213], [7871, 0.9110772357723578], [7935, 0.9116683467741935], [7999, 0.91175], [8063, 0.9124503968253969], [8127, 0.9131397637795275], [8191, 0.9134521484375], [8255, 0.9136385658914729], [8319, 0.9141826923076923], [8383, 0.9148377862595419], [8447, 0.9152462121212122], [8511, 0.9158834586466166], [8575, 0.9162779850746269], [8639, 0.9168981481481482], [8703, 0.9172794117647058], [8767, 0.9178832116788321], [8831, 0.9184782608695652], [8895, 0.918839928057554], [8959, 0.9190848214285714], [9023, 0.9193262411347518], [9087, 0.9195642605633803], [9151, 0.9199082167832168], [9215, 0.9203559027777778], [9279, 0.9205818965517242], [9343, 0.9205907534246576], [9407, 0.9207057823129252], [9471, 0.9211359797297297], [9535, 0.9214555369127517], [9599, 0.9219791666666667], [9663, 0.9221854304635762], [9727, 0.922594572368421], [9791, 0.922998366013072], [9855, 0.9232954545454546], [9919, 0.9234879032258064], [9983, 0.9239783653846154], [9999, 0.924]], "candidate_count_total": 25, "confirmed_count_total": 24, "created_at": 1768219953.327486, "confirm_rule_effective": "perm_test", "last_perm_pvalue": 0.004975124378109453, "last_perm_effect": 0.4347369574388466, "perm_test_count_total": 24, "perm_accept_count_total": 24, "perm_reject_count_total": 0, "perm_alpha": 0.01, "perm_pvalue_p50": 0.004975124378109453, "perm_pvalue_p90": 0.004975124378109453, "perm_pvalue_p99": 0.004975124378109453, "perm_pvalue_le_alpha_ratio": 1.0, "perm_effect_p50": 0.43461462696703845, "perm_effect_p90": 0.45149394357923417, "perm_effect_p99": 0.5}