{"dataset_name": "INSECTS_abrupt_balanced", "dataset_type": "insects_real", "model_variant": "ts_drift_adapt_severity", "seed": 4, "monitor_preset": "error_divergence_ph_meta@error.threshold=0.05,error.min_instances=5", "monitor_preset_base": "error_divergence_ph_meta", "monitor_ph_params": {"error_rate": {"delta": 0.005, "alpha": 0.15, "threshold": 0.05, "min_instances": 5}, "divergence": {"delta": 0.005, "alpha": 0.1, "threshold": 0.05, "min_instances": 30}}, "monitor_ph_overrides": {"error_rate": {"threshold": 0.05, "min_instances": 5}}, "trigger_mode": "two_stage", "trigger_k": 2, "trigger_threshold": 0.3, "trigger_weights": "divergence=0.3,error_rate=0.5,teacher_entropy=0.2", "confirm_window": 1, "severity_scheduler_scale": 1.0, "use_severity_v2": 1, "severity_gate": "none", "severity_gate_min_streak": 1, "entropy_mode": "overconfident", "severity_decay": 0.95, "freeze_baseline_steps": 0, "n_steps": 1200, "horizon": 52847, "acc_final": 0.18165648002724846, "mean_acc": 0.18119444561957887, "acc_min": 0.15636322463768115, "candidate_sample_idxs": [1279, 2559, 4095, 5375, 6655, 8191, 9471, 10751, 12031, 13311, 14591, 15871, 17407, 18687, 19967, 21247, 22527, 23807, 25087, 26367, 27647, 28927, 30207, 31487, 32767, 34047, 35327, 36607, 37887, 39167, 40447, 41727, 43007, 44287, 45567, 46847, 50175, 51455, 52735], "confirmed_sample_idxs": [1279, 2559, 4095, 5375, 6655, 8191, 9471, 10751, 12031, 13311, 14591, 15871, 17407, 18687, 19967, 21247, 22527, 23807, 25087, 26367, 27647, 28927, 30207, 31487, 32767, 34047, 35327, 36607, 37887, 39167, 40447, 41727, 43007, 44287, 45567, 46847, 50175, 51455, 52735], "acc_series": [[255, 0.171875], [511, 0.17578125], [767, 0.16276041666666666], [1023, 0.1689453125], [1279, 0.1671875], [1535, 0.16471354166666666], [1791, 0.171875], [2047, 0.1728515625], [2303, 0.17274305555555555], [2559, 0.1734375], [2815, 0.1768465909090909], [3071, 0.17805989583333334], [3327, 0.17908653846153846], [3583, 0.1796875], [3839, 0.18177083333333333], [4095, 0.181640625], [4351, 0.18290441176470587], [4607, 0.18489583333333334], [4863, 0.18791118421052633], [5119, 0.1912109375], [5375, 0.19308035714285715], [5631, 0.19264914772727273], [5887, 0.19327445652173914], [6143, 0.19287109375], [6399, 0.19328125], [6655, 0.19381009615384615], [6911, 0.1941550925925926], [7167, 0.19517299107142858], [7423, 0.19692887931034483], [7679, 0.19544270833333333], [7935, 0.19569052419354838], [8191, 0.196044921875], [8447, 0.19578598484848486], [8703, 0.19703584558823528], [8959, 0.1982142857142857], [9215, 0.1976996527777778], [9471, 0.19826858108108109], [9727, 0.19736842105263158], [9983, 0.19821714743589744], [10239, 0.19921875], [10495, 0.20026676829268292], [10751, 0.20200892857142858], [11007, 0.20257994186046513], [11263, 0.20427911931818182], [11519, 0.20460069444444445], [11775, 0.20439877717391305], [12031, 0.20511968085106383], [12287, 0.20597330729166666], [12543, 0.2071109693877551], [12799, 0.203515625], [13055, 0.1995251225490196], [13311, 0.19568810096153846], [13567, 0.19199587264150944], [13823, 0.18844039351851852], [14079, 0.18501420454545456], [14335, 0.18171037946428573], [14591, 0.18201754385964913], [14847, 0.18197737068965517], [15103, 0.18054819915254236], [15359, 0.17805989583333334], [15615, 0.17539702868852458], [15871, 0.17256804435483872], [16127, 0.16995287698412698], [16383, 0.16741943359375], [16639, 0.16496394230769232], [16895, 0.16246448863636365], [17151, 0.16027285447761194], [17407, 0.15826056985294118], [17663, 0.15636322463768115], [17919, 0.15641741071428572], [18175, 0.15971610915492956], [18431, 0.1618381076388889], [18687, 0.16309931506849315], [18943, 0.16511824324324326], [19199, 0.166875], [19455, 0.16966488486842105], [19711, 0.17151988636363635], [19967, 0.1722255608974359], [20223, 0.17266613924050633], [20479, 0.17333984375], [20735, 0.1736593364197531], [20991, 0.17397103658536586], [21247, 0.17418109939759036], [21503, 0.17429315476190477], [21759, 0.17435661764705881], [22015, 0.17437318313953487], [22271, 0.17479346264367815], [22527, 0.1744051846590909], [22783, 0.17468398876404495], [23039, 0.17530381944444445], [23295, 0.17556662087912087], [23551, 0.17620584239130435], [23807, 0.17620127688172044], [24063, 0.17640458776595744], [24319, 0.17648026315789472], [24575, 0.17683919270833334], [24831, 0.17743234536082475], [25087, 0.17777423469387754], [25343, 0.17885890151515152], [25599, 0.179765625], [25855, 0.18107982673267325], [26111, 0.18232996323529413], [26367, 0.18325242718446602], [26623, 0.18396935096153846], [26879, 0.18500744047619047], [27135, 0.18565742924528303], [27391, 0.18666033878504673], [27647, 0.18786168981481483], [27903, 0.18911267201834864], [28159, 0.18796164772727272], [28415, 0.18644425675675674], [28671, 0.18495396205357142], [28927, 0.18349004424778761], [29183, 0.18212033991228072], [29439, 0.18074048913043478], [29695, 0.17941810344827586], [29951, 0.17805154914529914], [30207, 0.1768405720338983], [30463, 0.17548581932773108], [30719, 0.17418619791666667], [30975, 0.17306947314049587], [31231, 0.1719390368852459], [31487, 0.17076346544715448], [31743, 0.17014238911290322], [31999, 0.17025], [32255, 0.17140997023809523], [32511, 0.17356668307086615], [32767, 0.17559814453125], [33023, 0.1776283914728682], [33279, 0.1780048076923077], [33535, 0.17780892175572519], [33791, 0.17803030303030304], [34047, 0.17824835526315788], [34303, 0.17822994402985073], [34559, 0.1778935185185185], [34815, 0.17750459558823528], [35071, 0.17729242700729927], [35327, 0.17756453804347827], [35583, 0.17802945143884893], [35839, 0.17823660714285713], [36095, 0.17821919326241134], [36351, 0.17847711267605634], [36607, 0.1783763111888112], [36863, 0.1782497829861111], [37119, 0.1783135775862069], [37375, 0.17829623287671234], [37631, 0.17846513605442177], [37887, 0.17892208614864866], [38143, 0.17908452181208054], [38399, 0.177890625], [38655, 0.17671254139072848], [38911, 0.17647512335526316], [39167, 0.17647058823529413], [39423, 0.17633928571428573], [39679, 0.1766633064516129], [39935, 0.17633213141025642], [40191, 0.1758061305732484], [40447, 0.17550929588607594], [40703, 0.17531446540880502], [40959, 0.1755615234375], [41215, 0.175878299689441], [41471, 0.17640817901234568], [41727, 0.17705138036809817], [41983, 0.17761528201219512], [42239, 0.17852746212121212], [42495, 0.17933452560240964], [42751, 0.18006175149700598], [43007, 0.18094308035714285], [43263, 0.18190643491124261], [43519, 0.18278952205882354], [43775, 0.1835252192982456], [44031, 0.18459302325581395], [44287, 0.18501625722543352], [44543, 0.18561422413793102], [44799, 0.18638392857142858], [45055, 0.18703391335227273], [45311, 0.18747793079096045], [45567, 0.18815835674157302], [45823, 0.18878753491620112], [46079, 0.18971354166666668], [46335, 0.19028401243093923], [46591, 0.19091260302197802], [46847, 0.1909366461748634], [47103, 0.18989894701086957], [47359, 0.18887246621621623], [47615, 0.18785702284946237], [47871, 0.1868524398395722], [48127, 0.18585854388297873], [48383, 0.18487516534391535], [48639, 0.18390213815789475], [48895, 0.1829392997382199], [49151, 0.18198649088541666], [49407, 0.18104355569948186], [49663, 0.18013047680412372], [49919, 0.1792668269230769], [50175, 0.17859135841836735], [50431, 0.17818052030456852], [50687, 0.1781684027777778], [50943, 0.17898084170854273], [51199, 0.18], [51455, 0.18135883084577115], [51711, 0.1826461943069307], [51967, 0.18420951354679804], [52223, 0.18382352941176472], [52479, 0.18292682926829268], [52735, 0.1820388349514563], [52846, 0.18165648002724846]], "candidate_count_total": 39, "confirmed_count_total": 39, "created_at": 1767807524.1248968}