{"dataset_name": "sine_nodrift", "dataset_type": "sine", "model_variant": "ts_drift_adapt", "seed": 3, "monitor_preset": "error_divergence_ph_meta@error.threshold=0.10,error.min_instances=5", "monitor_preset_base": "error_divergence_ph_meta", "monitor_ph_params": {"error_rate": {"delta": 0.005, "alpha": 0.15, "threshold": 0.1, "min_instances": 5}, "divergence": {"delta": 0.005, "alpha": 0.1, "threshold": 0.05, "min_instances": 30}}, "monitor_ph_overrides": {"error_rate": {"threshold": 0.1, "min_instances": 5}}, "trigger_mode": "two_stage", "trigger_k": 2, "trigger_threshold": 0.5, "trigger_weights": "__confirm_cooldown=200,__confirm_rule=perm_test,__perm_alpha=0.01,__perm_delta_k=25,__perm_min_effect=0,__perm_n_perm=200,__perm_post_n=20,__perm_pre_n=500,__perm_rng_seed=0,__perm_stat=delta_fused_score,divergence=0.3,error_rate=0.5,teacher_entropy=0.2", "confirm_window": 3, "confirm_cooldown": 0, "adaptive_cooldown_enabled": 0, "adaptive_window": 10000, "adaptive_lower_per10k": 10.0, "adaptive_upper_per10k": 25.0, "adaptive_cooldown_low": 200, "adaptive_cooldown_high": 500, "severity_scheduler_scale": 1.0, "use_severity_v2": 0, "severity_gate": "none", "severity_gate_min_streak": 1, "entropy_mode": "overconfident", "severity_decay": 0.95, "freeze_baseline_steps": 0, "n_steps": 800, "horizon": 10000, "acc_final": 0.9293, "mean_acc": 0.8599506758348002, "acc_min": 0.421875, "candidate_sample_idxs": [319, 639, 959, 1279, 1663, 1983, 2431, 3327, 3647, 4159, 4479, 4799, 5119, 5503, 5823, 6143, 6463, 6847, 7167, 8511, 9663, 9983], "confirmed_sample_idxs": [703, 1023, 1279, 1663, 2431, 3327, 3839, 4223, 4479, 4799, 5119, 5503, 6143, 6847, 8511, 9663], "acc_series": [[63, 0.421875], [127, 0.5], [191, 0.5729166666666666], [255, 0.62109375], [319, 0.665625], [383, 0.6953125], [447, 0.6986607142857143], [511, 0.7109375], [575, 0.7048611111111112], [639, 0.6984375], [703, 0.6917613636363636], [767, 0.6875], [831, 0.6947115384615384], [895, 0.7020089285714286], [959, 0.7083333333333334], [1023, 0.7119140625], [1087, 0.7233455882352942], [1151, 0.7352430555555556], [1215, 0.7425986842105263], [1279, 0.74921875], [1343, 0.7566964285714286], [1407, 0.7634943181818182], [1471, 0.7690217391304348], [1535, 0.7740885416666666], [1599, 0.780625], [1663, 0.7848557692307693], [1727, 0.7899305555555556], [1791, 0.7946428571428571], [1855, 0.7990301724137931], [1919, 0.803125], [1983, 0.8079637096774194], [2047, 0.81298828125], [2111, 0.8181818181818182], [2175, 0.8230698529411765], [2239, 0.8267857142857142], [2303, 0.8307291666666666], [2367, 0.8344594594594594], [2431, 0.8367598684210527], [2495, 0.8389423076923077], [2559, 0.84140625], [2623, 0.8429878048780488], [2687, 0.8456101190476191], [2751, 0.8477470930232558], [2815, 0.8497869318181818], [2879, 0.8524305555555556], [2943, 0.8542798913043478], [3007, 0.8570478723404256], [3071, 0.8567708333333334], [3135, 0.8596938775510204], [3199, 0.8625], [3263, 0.8642769607843137], [3327, 0.8659855769230769], [3391, 0.8682193396226415], [3455, 0.8689236111111112], [3519, 0.8698863636363636], [3583, 0.8719308035714286], [3647, 0.8736293859649122], [3711, 0.8747306034482759], [3775, 0.8760593220338984], [3839, 0.8768229166666667], [3903, 0.8780737704918032], [3967, 0.8785282258064516], [4031, 0.8787202380952381], [4095, 0.879638671875], [4159, 0.8807692307692307], [4223, 0.8821022727272727], [4287, 0.8831623134328358], [4351, 0.8841911764705882], [4415, 0.8851902173913043], [4479, 0.8861607142857143], [4543, 0.8866637323943662], [4607, 0.8878038194444444], [4671, 0.8884845890410958], [4735, 0.8895692567567568], [4799, 0.890625], [4863, 0.8910361842105263], [4927, 0.8922483766233766], [4991, 0.8928285256410257], [5055, 0.8939873417721519], [5119, 0.8943359375], [5183, 0.8950617283950617], [5247, 0.8959603658536586], [5311, 0.8966490963855421], [5375, 0.8976934523809523], [5439, 0.8987132352941176], [5503, 0.8991642441860465], [5567, 0.8992456896551724], [5631, 0.8996803977272727], [5695, 0.9006320224719101], [5759, 0.9012152777777778], [5823, 0.9021291208791209], [5887, 0.9025135869565217], [5951, 0.9028897849462365], [6015, 0.9037566489361702], [6079, 0.9047697368421053], [6143, 0.9051106770833334], [6207, 0.9057667525773195], [6271, 0.9067283163265306], [6335, 0.9075126262626263], [6399, 0.90796875], [6463, 0.9087252475247525], [6527, 0.9090073529411765], [6591, 0.9095873786407767], [6655, 0.9100060096153846], [6719, 0.9107142857142857], [6783, 0.9115566037735849], [6847, 0.9117990654205608], [6911, 0.9124710648148148], [6975, 0.9127006880733946], [7039, 0.9132102272727273], [7103, 0.9137105855855856], [7167, 0.9143415178571429], [7231, 0.9149612831858407], [7295, 0.915296052631579], [7359, 0.9157608695652174], [7423, 0.9162176724137931], [7487, 0.9169337606837606], [7551, 0.9176377118644068], [7615, 0.9178046218487395], [7679, 0.9184895833333333], [7743, 0.9190340909090909], [7807, 0.9193135245901639], [7871, 0.9197154471544715], [7935, 0.9202368951612904], [7999, 0.92075], [8063, 0.9212549603174603], [8127, 0.921505905511811], [8191, 0.9219970703125], [8255, 0.9221172480620154], [8319, 0.9225961538461539], [8383, 0.9230677480916031], [8447, 0.9236505681818182], [8511, 0.9239896616541353], [8575, 0.9242070895522388], [8639, 0.9246527777777778], [8703, 0.9247472426470589], [8767, 0.9247262773722628], [8831, 0.9252717391304348], [8895, 0.9252473021582733], [8959, 0.9254464285714286], [9023, 0.9258643617021277], [9087, 0.9256161971830986], [9151, 0.9256993006993007], [9215, 0.9258897569444444], [9279, 0.9262931034482759], [9343, 0.9267979452054794], [9407, 0.9272959183673469], [9471, 0.9276815878378378], [9535, 0.9278523489932886], [9599, 0.9279166666666666], [9663, 0.9280836092715232], [9727, 0.9282483552631579], [9791, 0.9284109477124183], [9855, 0.9287743506493507], [9919, 0.9290322580645162], [9983, 0.9292868589743589], [9999, 0.9293]], "candidate_count_total": 22, "confirmed_count_total": 16, "created_at": 1768146251.7151706, "confirm_rule_effective": "perm_test", "last_perm_pvalue": 0.4079601990049751, "last_perm_effect": 0.0015539913718515368, "perm_test_count_total": 40, "perm_accept_count_total": 16, "perm_reject_count_total": 24, "perm_alpha": 0.01, "perm_pvalue_p50": 1.0, "perm_pvalue_p90": 1.0, "perm_pvalue_p99": 1.0, "perm_pvalue_le_alpha_ratio": 0.4, "perm_effect_p50": -0.005497233246505237, "perm_effect_p90": 0.07495299326444872, "perm_effect_p99": 0.1431205246143847}