{"dataset_name": "sine_nodrift", "dataset_type": "sine", "model_variant": "ts_drift_adapt", "seed": 2, "monitor_preset": "error_divergence_ph_meta@error.threshold=0.10,error.min_instances=5", "monitor_preset_base": "error_divergence_ph_meta", "monitor_ph_params": {"error_rate": {"delta": 0.005, "alpha": 0.15, "threshold": 0.1, "min_instances": 5}, "divergence": {"delta": 0.005, "alpha": 0.1, "threshold": 0.05, "min_instances": 30}}, "monitor_ph_overrides": {"error_rate": {"threshold": 0.1, "min_instances": 5}}, "trigger_mode": "two_stage", "trigger_k": 2, "trigger_threshold": 0.5, "trigger_weights": "__confirm_cooldown=200,divergence=0.3,error_rate=0.5,teacher_entropy=0.2", "confirm_window": 3, "confirm_cooldown": 0, "adaptive_cooldown_enabled": 0, "adaptive_window": 10000, "adaptive_lower_per10k": 10.0, "adaptive_upper_per10k": 25.0, "adaptive_cooldown_low": 200, "adaptive_cooldown_high": 500, "severity_scheduler_scale": 1.0, "use_severity_v2": 0, "severity_gate": "none", "severity_gate_min_streak": 1, "entropy_mode": "overconfident", "severity_decay": 0.95, "freeze_baseline_steps": 0, "n_steps": 800, "horizon": 10000, "acc_final": 0.9248, "mean_acc": 0.8444632501309401, "acc_min": 0.40625, "candidate_sample_idxs": [319, 639, 959, 1279, 1599, 2623, 2943, 3263, 3711, 4031, 4351, 4671, 4991, 5311, 5631, 6207, 6591, 6911, 7423, 8447, 8767, 9087, 9791], "confirmed_sample_idxs": [319, 639, 959, 1279, 1599, 2623, 2943, 3263, 3711, 4031, 4351, 4671, 4991, 5311, 5631, 6207, 6591, 6911, 7423, 8447, 8767, 9087, 9791], "acc_series": [[63, 0.40625], [127, 0.4375], [191, 0.453125], [255, 0.5078125], [319, 0.540625], [383, 0.5677083333333334], [447, 0.578125], [511, 0.599609375], [575, 0.6163194444444444], [639, 0.63125], [703, 0.640625], [767, 0.6549479166666666], [831, 0.6730769230769231], [895, 0.6808035714285714], [959, 0.6947916666666667], [1023, 0.705078125], [1087, 0.7095588235294118], [1151, 0.7118055555555556], [1215, 0.7203947368421053], [1279, 0.7265625], [1343, 0.7358630952380952], [1407, 0.7372159090909091], [1471, 0.7466032608695652], [1535, 0.7532552083333334], [1599, 0.760625], [1663, 0.7686298076923077], [1727, 0.7737268518518519], [1791, 0.7790178571428571], [1855, 0.7839439655172413], [1919, 0.7890625], [1983, 0.7943548387096774], [2047, 0.79931640625], [2111, 0.8044507575757576], [2175, 0.8079044117647058], [2239, 0.8125], [2303, 0.8168402777777778], [2367, 0.8205236486486487], [2431, 0.8252467105263158], [2495, 0.8285256410256411], [2559, 0.83125], [2623, 0.833079268292683], [2687, 0.8344494047619048], [2751, 0.8357558139534884], [2815, 0.8380681818181818], [2879, 0.8402777777777778], [2943, 0.8427309782608695], [3007, 0.8447473404255319], [3071, 0.8463541666666666], [3135, 0.8485331632653061], [3199, 0.8509375], [3263, 0.8529411764705882], [3327, 0.8548677884615384], [3391, 0.8567216981132075], [3455, 0.8590856481481481], [3519, 0.8602272727272727], [3583, 0.8616071428571429], [3647, 0.8634868421052632], [3711, 0.865301724137931], [3775, 0.8665254237288136], [3839, 0.8677083333333333], [3903, 0.8680840163934426], [3967, 0.8699596774193549], [4031, 0.871031746031746], [4095, 0.87255859375], [4159, 0.8733173076923076], [4223, 0.8735795454545454], [4287, 0.875], [4351, 0.8759191176470589], [4415, 0.8770380434782609], [4479, 0.8774553571428572], [4543, 0.8789612676056338], [4607, 0.8804253472222222], [4671, 0.8814212328767124], [4735, 0.8813344594594594], [4799, 0.8820833333333333], [4863, 0.8830180921052632], [4927, 0.8831168831168831], [4991, 0.8834134615384616], [5055, 0.884493670886076], [5119, 0.885546875], [5183, 0.8854166666666666], [5247, 0.8860518292682927], [5311, 0.8872364457831325], [5375, 0.8883928571428571], [5439, 0.8889705882352941], [5503, 0.8900799418604651], [5567, 0.8909841954022989], [5631, 0.8915127840909091], [5695, 0.8925561797752809], [5759, 0.8930555555555556], [5823, 0.8935439560439561], [5887, 0.8943614130434783], [5951, 0.8953293010752689], [6015, 0.8959441489361702], [6079, 0.8963815789473685], [6143, 0.8971354166666666], [6207, 0.8975515463917526], [6271, 0.8982780612244898], [6335, 0.8993055555555556], [6399, 0.90015625], [6463, 0.901144801980198], [6527, 0.9021139705882353], [6591, 0.9021541262135923], [6655, 0.9024939903846154], [6719, 0.9032738095238095], [6783, 0.9038915094339622], [6847, 0.9040595794392523], [6911, 0.9043692129629629], [6975, 0.9049598623853211], [7039, 0.9058238636363637], [7103, 0.9061092342342343], [7167, 0.9066685267857143], [7231, 0.9073561946902655], [7295, 0.9078947368421053], [7359, 0.9084239130434782], [7423, 0.9088092672413793], [7487, 0.9091880341880342], [7551, 0.9098252118644068], [7615, 0.9103203781512605], [7679, 0.9108072916666666], [7743, 0.9115444214876033], [7807, 0.9121413934426229], [7871, 0.9127286585365854], [7935, 0.9133064516129032], [7999, 0.913875], [8063, 0.9143105158730159], [8127, 0.9148622047244095], [8191, 0.915283203125], [8255, 0.9156976744186046], [8319, 0.9158653846153846], [8383, 0.9163883587786259], [8447, 0.9161931818181818], [8511, 0.9167058270676691], [8575, 0.9172108208955224], [8639, 0.9175925925925926], [8703, 0.9176240808823529], [8767, 0.9177691605839416], [8831, 0.9179121376811594], [8895, 0.9185026978417267], [8959, 0.9189732142857143], [9023, 0.9194370567375887], [9087, 0.9198943661971831], [9151, 0.920236013986014], [9215, 0.9206814236111112], [9279, 0.9211206896551725], [9343, 0.9211258561643836], [9407, 0.9215561224489796], [9471, 0.9216638513513513], [9535, 0.9220847315436241], [9599, 0.9225], [9663, 0.9230132450331126], [9727, 0.9233141447368421], [9791, 0.9236111111111112], [9855, 0.9241071428571429], [9919, 0.9244959677419354], [9983, 0.9246794871794872], [9999, 0.9248]], "candidate_count_total": 23, "confirmed_count_total": 23, "created_at": 1768232348.6454206, "confirm_rule_effective": "weighted", "last_perm_pvalue": NaN, "last_perm_effect": NaN, "perm_test_count_total": 0, "perm_accept_count_total": 0, "perm_reject_count_total": 0, "perm_alpha": 0.01, "perm_pvalue_p50": NaN, "perm_pvalue_p90": NaN, "perm_pvalue_p99": NaN, "perm_pvalue_le_alpha_ratio": NaN, "perm_effect_p50": NaN, "perm_effect_p90": NaN, "perm_effect_p99": NaN}