{"dataset_name": "sine_nodrift", "dataset_type": "sine", "model_variant": "ts_drift_adapt", "seed": 1, "monitor_preset": "error_divergence_ph_meta@error.threshold=0.10,error.min_instances=5", "monitor_preset_base": "error_divergence_ph_meta", "monitor_ph_params": {"error_rate": {"delta": 0.005, "alpha": 0.15, "threshold": 0.1, "min_instances": 5}, "divergence": {"delta": 0.005, "alpha": 0.1, "threshold": 0.05, "min_instances": 30}}, "monitor_ph_overrides": {"error_rate": {"threshold": 0.1, "min_instances": 5}}, "trigger_mode": "two_stage", "trigger_k": 2, "trigger_threshold": 0.5, "trigger_weights": "__confirm_cooldown=200,__confirm_rule=perm_test,__perm_alpha=0.01,__perm_delta_k=50,__perm_min_effect=0,__perm_n_perm=200,__perm_post_n=50,__perm_pre_n=200,__perm_rng_seed=0,__perm_stat=delta_fused_score,divergence=0.3,error_rate=0.5,teacher_entropy=0.2", "confirm_window": 3, "confirm_cooldown": 0, "adaptive_cooldown_enabled": 0, "adaptive_window": 10000, "adaptive_lower_per10k": 10.0, "adaptive_upper_per10k": 25.0, "adaptive_cooldown_low": 200, "adaptive_cooldown_high": 500, "severity_scheduler_scale": 1.0, "use_severity_v2": 0, "severity_gate": "none", "severity_gate_min_streak": 1, "entropy_mode": "overconfident", "severity_decay": 0.95, "freeze_baseline_steps": 0, "n_steps": 800, "horizon": 10000, "acc_final": 0.9203, "mean_acc": 0.8483929922716212, "acc_min": 0.453125, "candidate_sample_idxs": [319, 639, 1023, 1343, 1663, 1983, 2303, 2751, 3071, 3391, 3711, 4031, 4351, 5183, 5503, 5951, 6271, 6655, 6975, 7423, 7743, 8063, 8575, 9087, 9471, 9855], "confirmed_sample_idxs": [703, 1023, 1343, 1663, 2047, 2751, 3135, 3519, 4031, 4351, 5183, 5567, 5951, 6335, 6655, 7423, 7743, 8575, 9087, 9535, 9855], "acc_series": [[63, 0.453125], [127, 0.4765625], [191, 0.5416666666666666], [255, 0.546875], [319, 0.56875], [383, 0.578125], [447, 0.59375], [511, 0.623046875], [575, 0.6510416666666666], [639, 0.665625], [703, 0.6803977272727273], [767, 0.69140625], [831, 0.7067307692307693], [895, 0.7142857142857143], [959, 0.7239583333333334], [1023, 0.734375], [1087, 0.7371323529411765], [1151, 0.7404513888888888], [1215, 0.7516447368421053], [1279, 0.76015625], [1343, 0.7671130952380952], [1407, 0.7741477272727273], [1471, 0.7771739130434783], [1535, 0.783203125], [1599, 0.78625], [1663, 0.7908653846153846], [1727, 0.796875], [1791, 0.796875], [1855, 0.8011853448275862], [1919, 0.8052083333333333], [1983, 0.8084677419354839], [2047, 0.8125], [2111, 0.8162878787878788], [2175, 0.8180147058823529], [2239, 0.8200892857142857], [2303, 0.8194444444444444], [2367, 0.8205236486486487], [2431, 0.8248355263157895], [2495, 0.827323717948718], [2559, 0.83046875], [2623, 0.8342225609756098], [2687, 0.8374255952380952], [2751, 0.8390261627906976], [2815, 0.8419744318181818], [2879, 0.8451388888888889], [2943, 0.8478260869565217], [3007, 0.8494015957446809], [3071, 0.8512369791666666], [3135, 0.8523596938775511], [3199, 0.8528125], [3263, 0.8550857843137255], [3327, 0.8563701923076923], [3391, 0.8581957547169812], [3455, 0.859375], [3519, 0.8596590909090909], [3583, 0.8596540178571429], [3647, 0.8599232456140351], [3711, 0.8596443965517241], [3775, 0.8609639830508474], [3839, 0.8622395833333333], [3903, 0.8644979508196722], [3967, 0.8646673387096774], [4031, 0.8653273809523809], [4095, 0.86572265625], [4159, 0.8663461538461539], [4223, 0.8676609848484849], [4287, 0.8684701492537313], [4351, 0.8692555147058824], [4415, 0.869338768115942], [4479, 0.8705357142857143], [4543, 0.8714788732394366], [4607, 0.873046875], [4671, 0.8745719178082192], [4735, 0.8747888513513513], [4799, 0.8754166666666666], [4863, 0.8764391447368421], [4927, 0.8772321428571429], [4991, 0.8778044871794872], [5055, 0.8791534810126582], [5119, 0.8806640625], [5183, 0.8817515432098766], [5247, 0.8831935975609756], [5311, 0.8844126506024096], [5375, 0.8854166666666666], [5439, 0.8862132352941177], [5503, 0.8875363372093024], [5567, 0.8886494252873564], [5631, 0.8897372159090909], [5695, 0.8902738764044944], [5759, 0.8907986111111111], [5823, 0.8919986263736264], [5887, 0.8930027173913043], [5951, 0.8933131720430108], [6015, 0.8934507978723404], [6079, 0.8944078947368421], [6143, 0.89501953125], [6207, 0.8954574742268041], [6271, 0.8963647959183674], [6335, 0.8970959595959596], [6399, 0.89765625], [6463, 0.8983601485148515], [6527, 0.899203431372549], [6591, 0.8995752427184466], [6655, 0.8990384615384616], [6719, 0.8995535714285714], [6783, 0.8999115566037735], [6847, 0.9002628504672897], [6911, 0.9003182870370371], [6975, 0.9010894495412844], [7039, 0.9015625], [7103, 0.9024493243243243], [7167, 0.9033203125], [7231, 0.9037610619469026], [7295, 0.9043311403508771], [7359, 0.9050271739130434], [7423, 0.9054418103448276], [7487, 0.9061164529914529], [7551, 0.9066472457627118], [7615, 0.9067752100840336], [7679, 0.90703125], [7743, 0.9072830578512396], [7807, 0.9077868852459017], [7871, 0.9082825203252033], [7935, 0.9088961693548387], [7999, 0.909125], [8063, 0.9097222222222222], [8127, 0.9101870078740157], [8191, 0.91064453125], [8255, 0.9108527131782945], [8319, 0.9115384615384615], [8383, 0.912094465648855], [8447, 0.912405303030303], [8511, 0.9129464285714286], [8575, 0.9133628731343284], [8639, 0.9138888888888889], [8703, 0.9141773897058824], [8767, 0.9145757299270073], [8831, 0.9151947463768116], [8895, 0.9153552158273381], [8959, 0.9157366071428571], [9023, 0.9160017730496454], [9087, 0.9159330985915493], [9151, 0.9161931818181818], [9215, 0.9166666666666666], [9279, 0.9167025862068966], [9343, 0.9170590753424658], [9407, 0.9171981292517006], [9471, 0.9175464527027027], [9535, 0.917890100671141], [9599, 0.9184375], [9663, 0.9188741721854304], [9727, 0.9190995065789473], [9791, 0.9195261437908496], [9855, 0.9196428571428571], [9919, 0.9199596774193548], [9983, 0.9201722756410257], [9999, 0.9203]], "candidate_count_total": 25, "confirmed_count_total": 21, "created_at": 1768132871.3479471, "confirm_rule_effective": "perm_test", "last_perm_pvalue": 0.004975124378109453, "last_perm_effect": 0.07030346265983867, "perm_test_count_total": 41, "perm_accept_count_total": 21, "perm_reject_count_total": 20, "perm_alpha": 0.01, "perm_pvalue_p50": 0.004975124378109453, "perm_pvalue_p90": 1.0, "perm_pvalue_p99": 1.0, "perm_pvalue_le_alpha_ratio": 0.5121951219512195, "perm_effect_p50": 0.009462671550305534, "perm_effect_p90": 0.11626682158813112, "perm_effect_p99": 0.1430323477314607}