{"dataset_name": "INSECTS_abrupt_balanced", "dataset_type": "insects_real", "model_variant": "ts_drift_adapt_severity", "seed": 6, "monitor_preset": "error_divergence_ph_meta@error.threshold=0.05,error.min_instances=5", "monitor_preset_base": "error_divergence_ph_meta", "monitor_ph_params": {"error_rate": {"delta": 0.005, "alpha": 0.15, "threshold": 0.05, "min_instances": 5}, "divergence": {"delta": 0.005, "alpha": 0.1, "threshold": 0.05, "min_instances": 30}}, "monitor_ph_overrides": {"error_rate": {"threshold": 0.05, "min_instances": 5}}, "trigger_mode": "two_stage", "trigger_k": 2, "trigger_threshold": 0.5, "trigger_weights": "confirm_cooldown=200,divergence=0.3,error_rate=0.5,teacher_entropy=0.2", "confirm_window": 1, "confirm_cooldown": 0, "adaptive_cooldown_enabled": 0, "adaptive_window": 10000, "adaptive_lower_per10k": 10.0, "adaptive_upper_per10k": 25.0, "adaptive_cooldown_low": 200, "adaptive_cooldown_high": 500, "severity_scheduler_scale": 2.0, "use_severity_v2": 1, "severity_gate": "confirmed_streak", "severity_gate_min_streak": 5, "entropy_mode": "uncertain", "severity_decay": 0.95, "freeze_baseline_steps": 5, "n_steps": 1200, "horizon": 52847, "acc_final": 0.18663311067799496, "mean_acc": 0.19351986603626778, "acc_min": 0.15868432971014493, "candidate_sample_idxs": [1279, 2559, 3839, 5119, 6399, 7679, 8959, 10239, 11519, 12799, 14591, 17919, 19199, 20479, 21759, 23039, 24319, 25599, 26879, 28159, 30719, 31999, 33279, 34559, 35839, 37119, 38399, 39679, 40959, 42239, 43519, 44799, 46079, 47359, 49919, 51199, 52479], "confirmed_sample_idxs": [1279, 2559, 3839, 5119, 6399, 7679, 8959, 10239, 11519, 12799, 14591, 17919, 19199, 20479, 21759, 23039, 24319, 25599, 26879, 28159, 30719, 31999, 33279, 34559, 35839, 37119, 38399, 39679, 40959, 42239, 43519, 44799, 46079, 47359, 49919, 51199, 52479], "acc_series": [[255, 0.1875], [511, 0.1875], [767, 0.18880208333333334], [1023, 0.2099609375], [1279, 0.21015625], [1535, 0.21028645833333334], [1791, 0.20647321428571427], [2047, 0.20263671875], [2303, 0.2052951388888889], [2559, 0.2046875], [2815, 0.2041903409090909], [3071, 0.20442708333333334], [3327, 0.2091346153846154], [3583, 0.20926339285714285], [3839, 0.20963541666666666], [4095, 0.20849609375], [4351, 0.20978860294117646], [4607, 0.20789930555555555], [4863, 0.20826480263157895], [5119, 0.2095703125], [5375, 0.21168154761904762], [5631, 0.21235795454545456], [5887, 0.2112771739130435], [6143, 0.20914713541666666], [6399, 0.20859375], [6655, 0.2088341346153846], [6911, 0.2092013888888889], [7167, 0.20940290178571427], [7423, 0.21120689655172414], [7679, 0.210546875], [7935, 0.2109375], [8191, 0.213134765625], [8447, 0.21342329545454544], [8703, 0.21312040441176472], [8959, 0.2135044642857143], [9215, 0.2140842013888889], [9471, 0.21347128378378377], [9727, 0.21453536184210525], [9983, 0.21584535256410256], [10239, 0.21806640625], [10495, 0.21817835365853658], [10751, 0.2191220238095238], [11007, 0.2199309593023256], [11263, 0.2206143465909091], [11519, 0.22057291666666667], [11775, 0.22061820652173914], [12031, 0.22091090425531915], [12287, 0.22054036458333334], [12543, 0.22050382653061223], [12799, 0.2171875], [13055, 0.21292892156862744], [13311, 0.2088341346153846], [13567, 0.2048938679245283], [13823, 0.20109953703703703], [14079, 0.19744318181818182], [14335, 0.19398716517857142], [14591, 0.19120065789473684], [14847, 0.1883081896551724], [15103, 0.18518273305084745], [15359, 0.18209635416666667], [15615, 0.17911116803278687], [15871, 0.17622227822580644], [16127, 0.17354910714285715], [16383, 0.17083740234375], [16639, 0.16820913461538461], [16895, 0.16566051136363635], [17151, 0.16324626865671643], [17407, 0.16090303308823528], [17663, 0.15868432971014493], [17919, 0.15887276785714285], [18175, 0.16345730633802816], [18431, 0.16639539930555555], [18687, 0.16877140410958905], [18943, 0.17145270270270271], [19199, 0.17427083333333335], [19455, 0.177734375], [19711, 0.1794338474025974], [19967, 0.1796875], [20223, 0.17978639240506328], [20479, 0.180419921875], [20735, 0.18041087962962962], [20991, 0.18068788109756098], [21247, 0.18091114457831325], [21503, 0.18136160714285715], [21759, 0.18189338235294117], [22015, 0.1829578488372093], [22271, 0.18323455459770116], [22527, 0.18488103693181818], [22783, 0.18653441011235955], [23039, 0.18741319444444443], [23295, 0.18771462912087913], [23551, 0.18907099184782608], [23807, 0.190440188172043], [24063, 0.19144780585106383], [24319, 0.19235197368421053], [24575, 0.19283040364583334], [24831, 0.19370167525773196], [25087, 0.19451530612244897], [25343, 0.19590435606060605], [25599, 0.1970703125], [25855, 0.19852258663366337], [26111, 0.19971660539215685], [26367, 0.20031856796116504], [26623, 0.2013221153846154], [26879, 0.2021205357142857], [27135, 0.20308814858490565], [27391, 0.20436623831775702], [27647, 0.2056568287037037], [27903, 0.20649369266055045], [28159, 0.205078125], [28415, 0.2033009572072072], [28671, 0.20159040178571427], [28927, 0.19997925884955753], [29183, 0.19832785087719298], [29439, 0.19660326086956523], [29695, 0.19504310344827586], [29951, 0.1934428418803419], [30207, 0.1918697033898305], [30463, 0.19035582983193278], [30719, 0.18889973958333334], [30975, 0.1874031508264463], [31231, 0.18596311475409835], [31487, 0.18489583333333334], [31743, 0.18406628024193547], [31999, 0.18425], [32255, 0.18505084325396826], [32511, 0.18633120078740156], [32767, 0.187591552734375], [33023, 0.18874152131782945], [33279, 0.18870192307692307], [33535, 0.18878220419847327], [33791, 0.18883167613636365], [34047, 0.18888040413533835], [34303, 0.18907416044776118], [34559, 0.18888888888888888], [34815, 0.1884765625], [35071, 0.1882413321167883], [35327, 0.18832087862318841], [35583, 0.18839928057553956], [35839, 0.18853236607142856], [36095, 0.18833111702127658], [36351, 0.18838028169014084], [36607, 0.1881555944055944], [36863, 0.1879611545138889], [37119, 0.1880387931034483], [37375, 0.1879548373287671], [37631, 0.1878985969387755], [37887, 0.18800147804054054], [38143, 0.1881554110738255], [38399, 0.18690104166666666], [38655, 0.18566328642384106], [38911, 0.18523848684210525], [39167, 0.18512561274509803], [39423, 0.18503956980519481], [39679, 0.18515625], [39935, 0.18494591346153846], [40191, 0.1845143312101911], [40447, 0.1841376582278481], [40703, 0.18364288522012578], [40959, 0.183544921875], [41215, 0.1837393245341615], [41471, 0.18361786265432098], [41727, 0.18402511503067484], [41983, 0.18452267530487804], [42239, 0.1852746212121212], [42495, 0.18587631777108435], [42751, 0.18679827844311378], [43007, 0.18745349702380953], [43263, 0.1885632396449704], [43519, 0.1895220588235294], [43775, 0.1901955409356725], [44031, 0.19124727470930233], [44287, 0.19165462427745664], [44543, 0.19219198994252873], [44799, 0.19299107142857144], [45055, 0.19371448863636365], [45311, 0.1941207627118644], [45567, 0.19485165028089887], [45823, 0.19559619413407822], [46079, 0.19641927083333333], [46335, 0.1971900897790055], [46591, 0.1978021978021978], [46847, 0.19778859289617487], [47103, 0.19671365489130435], [47359, 0.19565033783783783], [47615, 0.19459845430107528], [47871, 0.193557820855615], [48127, 0.19252825797872342], [48383, 0.19150958994708994], [48639, 0.19052220394736843], [48895, 0.1895860602094241], [49151, 0.188720703125], [49407, 0.1878238341968912], [49663, 0.18695634664948454], [49919, 0.18613782051282052], [50175, 0.18556680484693877], [50431, 0.1854179885786802], [50687, 0.18552714646464646], [50943, 0.18598853643216082], [51199, 0.18650390625], [51455, 0.18715018656716417], [51711, 0.18827351485148514], [51967, 0.18942426108374386], [52223, 0.18885952818627452], [52479, 0.18793826219512194], [52735, 0.18702594053398058], [52846, 0.18663311067799496]], "candidate_count_total": 37, "confirmed_count_total": 37, "created_at": 1767889003.486992}