{"dataset_name": "sine_nodrift", "dataset_type": "sine", "model_variant": "ts_drift_adapt", "seed": 3, "monitor_preset": "error_divergence_ph_meta@error.threshold=0.10,error.min_instances=5", "monitor_preset_base": "error_divergence_ph_meta", "monitor_ph_params": {"error_rate": {"delta": 0.005, "alpha": 0.15, "threshold": 0.1, "min_instances": 5}, "divergence": {"delta": 0.005, "alpha": 0.1, "threshold": 0.05, "min_instances": 30}}, "monitor_ph_overrides": {"error_rate": {"threshold": 0.1, "min_instances": 5}}, "trigger_mode": "two_stage", "trigger_k": 2, "trigger_threshold": 0.5, "trigger_weights": "__confirm_cooldown=200,__confirm_rule=perm_test,__perm_alpha=0.02,__perm_min_effect=0,__perm_n_perm=200,__perm_post_n=50,__perm_pre_n=200,__perm_rng_seed=0,__perm_stat=vote_score,divergence=0.3,error_rate=0.5,teacher_entropy=0.2", "confirm_window": 3, "confirm_cooldown": 0, "adaptive_cooldown_enabled": 0, "adaptive_window": 10000, "adaptive_lower_per10k": 10.0, "adaptive_upper_per10k": 25.0, "adaptive_cooldown_low": 200, "adaptive_cooldown_high": 500, "severity_scheduler_scale": 1.0, "use_severity_v2": 0, "severity_gate": "none", "severity_gate_min_streak": 1, "entropy_mode": "overconfident", "severity_decay": 0.95, "freeze_baseline_steps": 0, "n_steps": 800, "horizon": 10000, "acc_final": 0.9076, "mean_acc": 0.822189999231504, "acc_min": 0.5677083333333334, "candidate_sample_idxs": [319, 639, 959, 1279, 1727, 2047, 2367, 2687, 3007, 3327, 3647, 4095, 4415, 4735, 5055, 5375, 5759, 6143, 6463, 6975, 7423, 8063, 8511, 9023, 9407, 9727], "confirmed_sample_idxs": [639, 959, 1279, 1727, 2047, 2367, 2687, 3007, 3327, 3647, 4095, 4415, 4735, 5055, 5375, 5759, 6143, 6463, 6975, 7423, 8063, 8511, 9023, 9407, 9727], "acc_series": [[63, 0.59375], [127, 0.5703125], [191, 0.5677083333333334], [255, 0.609375], [319, 0.64375], [383, 0.6744791666666666], [447, 0.6852678571428571], [511, 0.685546875], [575, 0.6701388888888888], [639, 0.6578125], [703, 0.6505681818181818], [767, 0.640625], [831, 0.6394230769230769], [895, 0.6417410714285714], [959, 0.6416666666666667], [1023, 0.63671875], [1087, 0.640625], [1151, 0.6501736111111112], [1215, 0.6603618421052632], [1279, 0.671875], [1343, 0.6785714285714286], [1407, 0.6803977272727273], [1471, 0.6908967391304348], [1535, 0.6985677083333334], [1599, 0.705625], [1663, 0.7139423076923077], [1727, 0.7216435185185185], [1791, 0.7310267857142857], [1855, 0.7365301724137931], [1919, 0.7442708333333333], [1983, 0.7494959677419355], [2047, 0.75439453125], [2111, 0.7608901515151515], [2175, 0.7642463235294118], [2239, 0.7691964285714286], [2303, 0.7751736111111112], [2367, 0.7791385135135135], [2431, 0.7804276315789473], [2495, 0.7824519230769231], [2559, 0.784765625], [2623, 0.7873475609756098], [2687, 0.7898065476190477], [2751, 0.7925145348837209], [2815, 0.7936789772727273], [2879, 0.7961805555555556], [2943, 0.7961956521739131], [3007, 0.7992021276595744], [3071, 0.8011067708333334], [3135, 0.8038903061224489], [3199, 0.8059375], [3263, 0.8088235294117647], [3327, 0.8118990384615384], [3391, 0.8148584905660378], [3455, 0.8165509259259259], [3519, 0.81875], [3583, 0.8211495535714286], [3647, 0.8229166666666666], [3711, 0.8248922413793104], [3775, 0.8273305084745762], [3839, 0.8296875], [3903, 0.8311987704918032], [3967, 0.8326612903225806], [4031, 0.8340773809523809], [4095, 0.83544921875], [4159, 0.8375], [4223, 0.8394886363636364], [4287, 0.8416511194029851], [4351, 0.8426011029411765], [4415, 0.84375], [4479, 0.8455357142857143], [4543, 0.8472711267605634], [4607, 0.8487413194444444], [4671, 0.849957191780822], [4735, 0.8515625], [4799, 0.853125], [4863, 0.854235197368421], [4927, 0.8553165584415584], [4991, 0.8561698717948718], [5055, 0.8575949367088608], [5119, 0.858984375], [5183, 0.8595679012345679], [5247, 0.860327743902439], [5311, 0.8610692771084337], [5375, 0.8617931547619048], [5439, 0.8630514705882353], [5503, 0.8640988372093024], [5567, 0.8649425287356322], [5631, 0.8657670454545454], [5695, 0.8670997191011236], [5759, 0.8684027777777777], [5823, 0.8696771978021978], [5887, 0.8709239130434783], [5951, 0.8718077956989247], [6015, 0.8730053191489362], [6079, 0.8741776315789473], [6143, 0.8751627604166666], [6207, 0.8761275773195877], [6271, 0.8772321428571429], [6335, 0.8778409090909091], [6399, 0.878125], [6463, 0.8787128712871287], [6527, 0.8789828431372549], [6591, 0.8798543689320388], [6655, 0.8805588942307693], [6719, 0.8813988095238096], [6783, 0.8819280660377359], [6847, 0.8827394859813084], [6911, 0.8833912037037037], [6975, 0.8840309633027523], [7039, 0.8848011363636363], [7103, 0.8852759009009009], [7167, 0.8863002232142857], [7231, 0.8871681415929203], [7295, 0.8878837719298246], [7359, 0.8880434782608696], [7423, 0.8882004310344828], [7487, 0.8888888888888888], [7551, 0.8891684322033898], [7615, 0.8897058823529411], [7679, 0.8899739583333334], [7743, 0.890754132231405], [7807, 0.891265368852459], [7871, 0.891895325203252], [7935, 0.8926411290322581], [7999, 0.892875], [8063, 0.8936011904761905], [8127, 0.8940698818897638], [8191, 0.894775390625], [8255, 0.8953488372093024], [8319, 0.8959134615384615], [8383, 0.8965887404580153], [8447, 0.8971354166666666], [8511, 0.8973214285714286], [8575, 0.8977378731343284], [8639, 0.8984953703703704], [8703, 0.8986672794117647], [8767, 0.8986085766423357], [8831, 0.8993432971014492], [8895, 0.8998426258992805], [8959, 0.9004464285714285], [9023, 0.9008200354609929], [9087, 0.901518485915493], [9151, 0.9022071678321678], [9215, 0.90234375], [9279, 0.902801724137931], [9343, 0.9033604452054794], [9407, 0.9038052721088435], [9471, 0.9043496621621622], [9535, 0.9046770134228188], [9599, 0.905], [9663, 0.9051117549668874], [9727, 0.905530427631579], [9791, 0.9059436274509803], [9855, 0.9065543831168831], [9919, 0.9070564516129033], [9983, 0.9074519230769231], [9999, 0.9076]], "candidate_count_total": 26, "confirmed_count_total": 25, "created_at": 1768152082.7210286, "confirm_rule_effective": "perm_test", "last_perm_pvalue": 0.004975124378109453, "last_perm_effect": 0.4899776985506003, "perm_test_count_total": 25, "perm_accept_count_total": 25, "perm_reject_count_total": 0, "perm_alpha": 0.02, "perm_pvalue_p50": 0.004975124378109453, "perm_pvalue_p90": 0.004975124378109453, "perm_pvalue_p99": 0.004975124378109453, "perm_pvalue_le_alpha_ratio": 1.0, "perm_effect_p50": 0.4988607372299207, "perm_effect_p90": 0.5175777850391989, "perm_effect_p99": 0.5341146814766035}