dataset_name,n_drifts_used,corr_delta_error__delta_acc,corr_delta_entropy__delta_acc,corr_delta_divergence__delta_acc,corr_delta_error__drop_min_acc,corr_delta_entropy__drop_min_acc,corr_delta_divergence__drop_min_acc
sea_abrupt4,53,-0.1382024344330325,-0.002521280107748198,0.19836564493890196,0.14173231992918783,-0.013245549485826012,-0.1380159377490549
sine_abrupt4,20,-0.7123319505917378,0.4324992701242259,-0.48967529372212565,0.7330397696476473,-0.46409520001133286,0.46044497690318265
stagger_abrupt3,10,-0.3303986846737829,0.21068659250053598,-0.3898269367392628,0.36010376515883874,-0.2117759251149803,0.4055067044484546
