{"dataset_name": "sine_nodrift", "dataset_type": "sine", "model_variant": "ts_drift_adapt", "seed": 3, "monitor_preset": "error_divergence_ph_meta@error.threshold=0.10,error.min_instances=5", "monitor_preset_base": "error_divergence_ph_meta", "monitor_ph_params": {"error_rate": {"delta": 0.005, "alpha": 0.15, "threshold": 0.1, "min_instances": 5}, "divergence": {"delta": 0.005, "alpha": 0.1, "threshold": 0.05, "min_instances": 30}}, "monitor_ph_overrides": {"error_rate": {"threshold": 0.1, "min_instances": 5}}, "trigger_mode": "two_stage", "trigger_k": 2, "trigger_threshold": 0.5, "trigger_weights": "__confirm_cooldown=200,__confirm_rule=perm_test,__perm_alpha=0.01,__perm_min_effect=0,__perm_n_perm=200,__perm_post_n=10,__perm_pre_n=200,__perm_rng_seed=0,__perm_stat=fused_score,divergence=0.3,error_rate=0.5,teacher_entropy=0.2", "confirm_window": 3, "confirm_cooldown": 0, "adaptive_cooldown_enabled": 0, "adaptive_window": 10000, "adaptive_lower_per10k": 10.0, "adaptive_upper_per10k": 25.0, "adaptive_cooldown_low": 200, "adaptive_cooldown_high": 500, "severity_scheduler_scale": 1.0, "use_severity_v2": 0, "severity_gate": "none", "severity_gate_min_streak": 1, "entropy_mode": "overconfident", "severity_decay": 0.95, "freeze_baseline_steps": 0, "n_steps": 800, "horizon": 10000, "acc_final": 0.8981, "mean_acc": 0.7883733021916018, "acc_min": 0.515625, "candidate_sample_idxs": [319, 639, 959, 1279, 1599, 1919, 2239, 2559, 3135, 3455, 3775, 4095, 4671, 4991, 5503, 5823, 6143, 6463, 6975, 8511, 9215, 9535, 9855], "confirmed_sample_idxs": [703, 959, 1343, 1919, 2367, 3135, 3455, 3903, 4671, 4991, 5503, 6143, 6975, 8511, 9215], "acc_series": [[63, 0.59375], [127, 0.578125], [191, 0.5260416666666666], [255, 0.515625], [319, 0.553125], [383, 0.5625], [447, 0.5691964285714286], [511, 0.5703125], [575, 0.5607638888888888], [639, 0.559375], [703, 0.5596590909090909], [767, 0.5533854166666666], [831, 0.5576923076923077], [895, 0.5658482142857143], [959, 0.5666666666666667], [1023, 0.5556640625], [1087, 0.5551470588235294], [1151, 0.5572916666666666], [1215, 0.5633223684210527], [1279, 0.57421875], [1343, 0.5848214285714286], [1407, 0.5958806818181818], [1471, 0.610733695652174], [1535, 0.6197916666666666], [1599, 0.6325], [1663, 0.6436298076923077], [1727, 0.6533564814814815], [1791, 0.6623883928571429], [1855, 0.6724137931034483], [1919, 0.6807291666666667], [1983, 0.688508064516129], [2047, 0.69482421875], [2111, 0.7017045454545454], [2175, 0.7086397058823529], [2239, 0.715625], [2303, 0.7217881944444444], [2367, 0.7263513513513513], [2431, 0.7294407894736842], [2495, 0.7323717948717948], [2559, 0.73515625], [2623, 0.7378048780487805], [2687, 0.7406994047619048], [2751, 0.7441860465116279], [2815, 0.7478693181818182], [2879, 0.7520833333333333], [2943, 0.7540760869565217], [3007, 0.7576462765957447], [3071, 0.7607421875], [3135, 0.7643494897959183], [3199, 0.766875], [3263, 0.7705269607843137], [3327, 0.7737379807692307], [3391, 0.777122641509434], [3455, 0.7795138888888888], [3519, 0.7818181818181819], [3583, 0.78515625], [3647, 0.7883771929824561], [3711, 0.790948275862069], [3775, 0.7939618644067796], [3839, 0.7971354166666667], [3903, 0.7986680327868853], [3967, 0.8014112903225806], [4031, 0.8030753968253969], [4095, 0.805908203125], [4159, 0.8081730769230769], [4223, 0.8103693181818182], [4287, 0.8127332089552238], [4351, 0.8147977941176471], [4415, 0.816802536231884], [4479, 0.8189732142857142], [4543, 0.8206426056338029], [4607, 0.8229166666666666], [4671, 0.823416095890411], [4735, 0.8255912162162162], [4799, 0.8277083333333334], [4863, 0.8287417763157895], [4927, 0.8303571428571429], [4991, 0.8319310897435898], [5055, 0.8336629746835443], [5119, 0.83515625], [5183, 0.8369984567901234], [5247, 0.8384146341463414], [5311, 0.8397966867469879], [5375, 0.8417038690476191], [5439, 0.8430147058823529], [5503, 0.8439316860465116], [5567, 0.8455459770114943], [5631, 0.8467684659090909], [5695, 0.848314606741573], [5759, 0.8498263888888888], [5823, 0.8514766483516484], [5887, 0.8525815217391305], [5951, 0.8538306451612904], [6015, 0.855219414893617], [6079, 0.8559210526315789], [6143, 0.8570963541666666], [6207, 0.8580863402061856], [6271, 0.8592155612244898], [6335, 0.8603219696969697], [6399, 0.86046875], [6463, 0.8612314356435643], [6527, 0.8621323529411765], [6591, 0.8630157766990292], [6655, 0.8641826923076923], [6719, 0.8653273809523809], [6783, 0.8663030660377359], [6847, 0.8671144859813084], [6911, 0.8682002314814815], [6975, 0.8688360091743119], [7039, 0.8697443181818182], [7103, 0.8706362612612613], [7167, 0.8716517857142857], [7231, 0.8726493362831859], [7295, 0.8732182017543859], [7359, 0.8739130434782608], [7423, 0.8747306034482759], [7487, 0.875534188034188], [7551, 0.8761917372881356], [7615, 0.8768382352941176], [7679, 0.877734375], [7743, 0.8787448347107438], [7807, 0.8794825819672131], [7871, 0.8802083333333334], [7935, 0.8810483870967742], [7999, 0.882], [8063, 0.8828125], [8127, 0.8836122047244095], [8191, 0.8843994140625], [8255, 0.8851744186046512], [8319, 0.8860576923076923], [8383, 0.8869274809160306], [8447, 0.8876657196969697], [8511, 0.8880404135338346], [8575, 0.8886427238805971], [8639, 0.8894675925925926], [8703, 0.8897058823529411], [8767, 0.889940693430657], [8831, 0.8907382246376812], [8895, 0.8908498201438849], [8959, 0.8909598214285714], [9023, 0.891511524822695], [9087, 0.8919454225352113], [9151, 0.892701048951049], [9215, 0.8929036458333334], [9279, 0.893426724137931], [9343, 0.8939426369863014], [9407, 0.8944515306122449], [9471, 0.8949535472972973], [9535, 0.8954488255033557], [9599, 0.8957291666666667], [9663, 0.8959023178807947], [9727, 0.8963815789473685], [9791, 0.8964460784313726], [9855, 0.8970170454545454], [9919, 0.8975806451612903], [9983, 0.8979366987179487], [9999, 0.8981]], "candidate_count_total": 21, "confirmed_count_total": 15, "created_at": 1768149153.7049072, "confirm_rule_effective": "perm_test", "last_perm_pvalue": 0.12935323383084577, "last_perm_effect": 0.0110562051664025, "perm_test_count_total": 41, "perm_accept_count_total": 15, "perm_reject_count_total": 26, "perm_alpha": 0.01, "perm_pvalue_p50": 1.0, "perm_pvalue_p90": 1.0, "perm_pvalue_p99": 1.0, "perm_pvalue_le_alpha_ratio": 0.36585365853658536, "perm_effect_p50": -0.00017632624068369268, "perm_effect_p90": 0.07506287627805527, "perm_effect_p99": 0.08286938679844971}