{"dataset_name": "sine_nodrift", "dataset_type": "sine", "model_variant": "ts_drift_adapt", "seed": 3, "monitor_preset": "error_divergence_ph_meta@error.threshold=0.10,error.min_instances=5", "monitor_preset_base": "error_divergence_ph_meta", "monitor_ph_params": {"error_rate": {"delta": 0.005, "alpha": 0.15, "threshold": 0.1, "min_instances": 5}, "divergence": {"delta": 0.005, "alpha": 0.1, "threshold": 0.05, "min_instances": 30}}, "monitor_ph_overrides": {"error_rate": {"threshold": 0.1, "min_instances": 5}}, "trigger_mode": "two_stage", "trigger_k": 2, "trigger_threshold": 0.5, "trigger_weights": "__confirm_cooldown=200,__confirm_rule=perm_test,__perm_alpha=0.005,__perm_delta_k=25,__perm_min_effect=0,__perm_n_perm=200,__perm_post_n=10,__perm_pre_n=500,__perm_rng_seed=0,__perm_stat=delta_fused_score,divergence=0.3,error_rate=0.5,teacher_entropy=0.2", "confirm_window": 3, "confirm_cooldown": 0, "adaptive_cooldown_enabled": 0, "adaptive_window": 10000, "adaptive_lower_per10k": 10.0, "adaptive_upper_per10k": 25.0, "adaptive_cooldown_low": 200, "adaptive_cooldown_high": 500, "severity_scheduler_scale": 1.0, "use_severity_v2": 0, "severity_gate": "none", "severity_gate_min_streak": 1, "entropy_mode": "overconfident", "severity_decay": 0.95, "freeze_baseline_steps": 0, "n_steps": 800, "horizon": 10000, "acc_final": 0.9046, "mean_acc": 0.805102000972654, "acc_min": 0.546875, "candidate_sample_idxs": [319, 639, 959, 1279, 1599, 1919, 2367, 2687, 3199, 3519, 3967, 4287, 4607, 4927, 5247, 5567, 5887, 6207, 6527, 7487, 7807, 8511, 8831, 9407, 9791], "confirmed_sample_idxs": [959, 1343, 1599, 1919, 2367, 2751, 3199, 3583, 3967, 4799, 5759, 6527, 7487, 8511, 8831, 9407, 9791], "acc_series": [[63, 0.59375], [127, 0.5703125], [191, 0.546875], [255, 0.55859375], [319, 0.6], [383, 0.6171875], [447, 0.6227678571428571], [511, 0.623046875], [575, 0.6076388888888888], [639, 0.6046875], [703, 0.6008522727272727], [767, 0.5911458333333334], [831, 0.5949519230769231], [895, 0.6015625], [959, 0.6010416666666667], [1023, 0.5888671875], [1087, 0.5955882352941176], [1151, 0.6006944444444444], [1215, 0.6110197368421053], [1279, 0.62109375], [1343, 0.6294642857142857], [1407, 0.6370738636363636], [1471, 0.6474184782608695], [1535, 0.6595052083333334], [1599, 0.671875], [1663, 0.6796875], [1727, 0.6857638888888888], [1791, 0.6925223214285714], [1855, 0.7004310344827587], [1919, 0.70625], [1983, 0.7132056451612904], [2047, 0.72119140625], [2111, 0.7291666666666666], [2175, 0.7366727941176471], [2239, 0.7419642857142857], [2303, 0.7469618055555556], [2367, 0.7495777027027027], [2431, 0.7528782894736842], [2495, 0.7548076923076923], [2559, 0.757421875], [2623, 0.7599085365853658], [2687, 0.7622767857142857], [2751, 0.7663517441860465], [2815, 0.7691761363636364], [2879, 0.7732638888888889], [2943, 0.7764945652173914], [3007, 0.7802526595744681], [3071, 0.7822265625], [3135, 0.7857142857142857], [3199, 0.7884375], [3263, 0.7919730392156863], [3327, 0.7947716346153846], [3391, 0.796875], [3455, 0.7989004629629629], [3519, 0.8017045454545455], [3583, 0.8046875], [3647, 0.8072916666666666], [3711, 0.8098060344827587], [3775, 0.8122351694915254], [3839, 0.81484375], [3903, 0.8165983606557377], [3967, 0.8185483870967742], [4031, 0.8206845238095238], [4095, 0.82275390625], [4159, 0.8245192307692307], [4223, 0.826467803030303], [4287, 0.8285914179104478], [4351, 0.8295036764705882], [4415, 0.8308423913043478], [4479, 0.8325892857142857], [4543, 0.8340669014084507], [4607, 0.8359375], [4671, 0.8373287671232876], [4735, 0.838893581081081], [4799, 0.840625], [4863, 0.8421052631578947], [4927, 0.843952922077922], [4991, 0.8447516025641025], [5055, 0.8455300632911392], [5119, 0.846484375], [5183, 0.8478009259259259], [5247, 0.8490853658536586], [5311, 0.8497740963855421], [5375, 0.8513764880952381], [5439, 0.8525735294117647], [5503, 0.8531976744186046], [5567, 0.8545258620689655], [5631, 0.8556463068181818], [5695, 0.8570926966292135], [5759, 0.8583333333333333], [5823, 0.8598901098901099], [5887, 0.8609035326086957], [5951, 0.8617271505376344], [6015, 0.8626994680851063], [6079, 0.8638157894736842], [6143, 0.8650716145833334], [6207, 0.8661404639175257], [6271, 0.8673469387755102], [6335, 0.8682133838383839], [6399, 0.86921875], [6463, 0.869740099009901], [6527, 0.8705575980392157], [6591, 0.8712075242718447], [6655, 0.8724459134615384], [6719, 0.8735119047619048], [6783, 0.8741155660377359], [6847, 0.8748539719626168], [6911, 0.8755787037037037], [6975, 0.8764334862385321], [7039, 0.8771306818181818], [7103, 0.877956081081081], [7167, 0.87890625], [7231, 0.8799778761061947], [7295, 0.8807565789473685], [7359, 0.88125], [7423, 0.8820043103448276], [7487, 0.8826121794871795], [7551, 0.8833421610169492], [7615, 0.8839285714285714], [7679, 0.8848958333333333], [7743, 0.8855888429752066], [7807, 0.8862704918032787], [7871, 0.8869410569105691], [7935, 0.8878528225806451], [7999, 0.888625], [8063, 0.8893849206349206], [8127, 0.890132874015748], [8191, 0.8909912109375], [8255, 0.8917151162790697], [8319, 0.8924278846153846], [8383, 0.8930104961832062], [8447, 0.8938210227272727], [8511, 0.8941494360902256], [8575, 0.8948227611940298], [8639, 0.8954861111111111], [8703, 0.8961397058823529], [8767, 0.8968978102189781], [8831, 0.8975317028985508], [8895, 0.8978192446043165], [8959, 0.8982142857142857], [9023, 0.8988253546099291], [9087, 0.8988776408450704], [9151, 0.8989291958041958], [9215, 0.8991970486111112], [9279, 0.899676724137931], [9343, 0.9001498287671232], [9407, 0.9006164965986394], [9471, 0.9011824324324325], [9535, 0.9016359060402684], [9599, 0.9016666666666666], [9663, 0.9019039735099338], [9727, 0.90234375], [9791, 0.9027777777777778], [9855, 0.9033076298701299], [9919, 0.9039314516129032], [9983, 0.9044471153846154], [9999, 0.9046]], "candidate_count_total": 23, "confirmed_count_total": 17, "created_at": 1768145140.0485697, "confirm_rule_effective": "perm_test", "last_perm_pvalue": 0.004975124378109453, "last_perm_effect": 0.05728349071447757, "perm_test_count_total": 46, "perm_accept_count_total": 17, "perm_reject_count_total": 29, "perm_alpha": 0.005, "perm_pvalue_p50": 0.6791044776119403, "perm_pvalue_p90": 1.0, "perm_pvalue_p99": 1.0, "perm_pvalue_le_alpha_ratio": 0.3695652173913043, "perm_effect_p50": 0.0014551343436196712, "perm_effect_p90": 0.07629240655431066, "perm_effect_p99": 0.1288562922800728}