{"dataset_name": "INSECTS_abrupt_balanced", "dataset_type": "insects_real", "model_variant": "ts_drift_adapt_severity", "seed": 4, "monitor_preset": "error_divergence_ph_meta@error.threshold=0.05,error.min_instances=5", "monitor_preset_base": "error_divergence_ph_meta", "monitor_ph_params": {"error_rate": {"delta": 0.005, "alpha": 0.15, "threshold": 0.05, "min_instances": 5}, "divergence": {"delta": 0.005, "alpha": 0.1, "threshold": 0.05, "min_instances": 30}}, "monitor_ph_overrides": {"error_rate": {"threshold": 0.05, "min_instances": 5}}, "trigger_mode": "two_stage", "trigger_k": 2, "trigger_threshold": 0.5, "trigger_weights": "confirm_cooldown=200,divergence=0.3,error_rate=0.5,teacher_entropy=0.2", "confirm_window": 1, "confirm_cooldown": 0, "severity_scheduler_scale": 1.0, "use_severity_v2": 1, "severity_gate": "confirmed_streak", "severity_gate_min_streak": 3, "entropy_mode": "overconfident", "severity_decay": 0.95, "freeze_baseline_steps": 0, "n_steps": 1200, "horizon": 52847, "acc_final": 0.19511041307926655, "mean_acc": 0.19690491768903745, "acc_min": 0.16661005434782608, "candidate_sample_idxs": [1279, 2559, 3839, 5119, 6399, 7679, 8959, 10239, 11519, 12799, 14079, 15359, 18175, 19455, 20735, 22015, 23295, 24575, 25855, 27135, 28415, 29695, 30975, 32255, 33535, 34815, 36095, 37375, 38655, 39935, 41215, 42495, 43775, 45055, 46335, 47615, 50431, 51711, 52846], "confirmed_sample_idxs": [1279, 2559, 3839, 5119, 6399, 7679, 8959, 10239, 11519, 12799, 14079, 15359, 18175, 19455, 20735, 22015, 23295, 24575, 25855, 27135, 28415, 29695, 30975, 32255, 33535, 34815, 36095, 37375, 38655, 39935, 41215, 42495, 43775, 45055, 46335, 47615, 50431, 51711, 52846], "acc_series": [[255, 0.2109375], [511, 0.19140625], [767, 0.18359375], [1023, 0.1865234375], [1279, 0.1875], [1535, 0.18489583333333334], [1791, 0.19029017857142858], [2047, 0.1923828125], [2303, 0.19791666666666666], [2559, 0.196484375], [2815, 0.19744318181818182], [3071, 0.19921875], [3327, 0.19861778846153846], [3583, 0.19670758928571427], [3839, 0.19895833333333332], [4095, 0.19775390625], [4351, 0.20151654411764705], [4607, 0.20182291666666666], [4863, 0.20559210526315788], [5119, 0.2080078125], [5375, 0.20907738095238096], [5631, 0.20969460227272727], [5887, 0.20923913043478262], [6143, 0.20914713541666666], [6399, 0.20875], [6655, 0.208984375], [6911, 0.2081886574074074], [7167, 0.20856584821428573], [7423, 0.20891702586206898], [7679, 0.20794270833333334], [7935, 0.20892137096774194], [8191, 0.208251953125], [8447, 0.20774147727272727], [8703, 0.20818014705882354], [8959, 0.20892857142857144], [9215, 0.20811631944444445], [9471, 0.20850929054054054], [9727, 0.2080592105263158], [9983, 0.2088341346153846], [10239, 0.20986328125], [10495, 0.21208079268292682], [10751, 0.21372767857142858], [11007, 0.21357194767441862], [11263, 0.2149325284090909], [11519, 0.21484375], [11775, 0.21424932065217392], [12031, 0.21459441489361702], [12287, 0.215087890625], [12543, 0.21484375], [12799, 0.211015625], [13055, 0.2068780637254902], [13311, 0.20289963942307693], [13567, 0.19907134433962265], [13823, 0.19545717592592593], [14079, 0.1955965909090909], [14335, 0.20389229910714285], [14591, 0.20148026315789475], [14847, 0.19800646551724138], [15103, 0.1947166313559322], [15359, 0.19147135416666666], [15615, 0.18833247950819673], [15871, 0.18529485887096775], [16127, 0.1824156746031746], [16383, 0.1795654296875], [16639, 0.17680288461538463], [16895, 0.17412405303030304], [17151, 0.17152518656716417], [17407, 0.16906020220588236], [17663, 0.16661005434782608], [17919, 0.16668526785714285], [18175, 0.1715448943661972], [18431, 0.1752387152777778], [18687, 0.1781892123287671], [18943, 0.18100717905405406], [19199, 0.18322916666666667], [19455, 0.1864720394736842], [19711, 0.18805803571428573], [19967, 0.18865184294871795], [20223, 0.18893393987341772], [20479, 0.189453125], [20735, 0.18952546296296297], [20991, 0.18978658536585366], [21247, 0.18961784638554216], [21503, 0.18977864583333334], [21759, 0.18975183823529412], [22015, 0.18972565406976744], [22271, 0.19010416666666666], [22527, 0.19047407670454544], [22783, 0.1913623595505618], [23039, 0.19249131944444445], [23295, 0.1928228021978022], [23551, 0.1943359375], [23807, 0.1953125], [24063, 0.19643450797872342], [24319, 0.19724506578947368], [24575, 0.19771321614583334], [24831, 0.19829252577319587], [25087, 0.19886001275510204], [25343, 0.1998895202020202], [25599, 0.2001953125], [25855, 0.20107518564356436], [26111, 0.20220588235294118], [26367, 0.20316292475728157], [26623, 0.20387620192307693], [26879, 0.20453869047619047], [27135, 0.20533608490566038], [27391, 0.20626460280373832], [27647, 0.20728443287037038], [27903, 0.2083930619266055], [28159, 0.207421875], [28415, 0.20590512387387389], [28671, 0.20431082589285715], [28927, 0.20281388274336284], [29183, 0.20151452850877194], [29439, 0.20030570652173912], [29695, 0.1990503771551724], [29951, 0.19781650641025642], [30207, 0.19676906779661016], [30463, 0.19573923319327732], [30719, 0.19449869791666666], [30975, 0.19366606404958678], [31231, 0.19262295081967212], [31487, 0.1916285569105691], [31743, 0.1907447076612903], [31999, 0.1899375], [32255, 0.1898871527777778], [32511, 0.19094488188976377], [32767, 0.1927490234375], [33023, 0.19431322674418605], [33279, 0.1947716346153846], [33535, 0.1946564885496183], [33791, 0.19504616477272727], [34047, 0.19510690789473684], [34303, 0.19507929104477612], [34559, 0.1948784722222222], [34815, 0.19459443933823528], [35071, 0.1942860401459854], [35327, 0.194435009057971], [35583, 0.19486285971223022], [35839, 0.19503348214285715], [36095, 0.1948969414893617], [36351, 0.1950099031690141], [36607, 0.19495738636363635], [36863, 0.1948513454861111], [37119, 0.19496228448275862], [37375, 0.1948844178082192], [37631, 0.1949670493197279], [37887, 0.1953125], [38143, 0.19541736577181207], [38399, 0.19411458333333334], [38655, 0.19282905629139072], [38911, 0.19251130756578946], [39167, 0.19240196078431374], [39423, 0.19219257305194806], [39679, 0.19226310483870968], [39935, 0.1921824919871795], [40191, 0.19187898089171976], [40447, 0.19177709651898733], [40703, 0.1914308176100629], [40959, 0.191650390625], [41215, 0.19184297360248448], [41471, 0.19253954475308643], [41727, 0.19291602760736196], [41983, 0.19331173780487804], [42239, 0.1939630681818182], [42495, 0.1946065512048193], [42751, 0.195125374251497], [43007, 0.19589378720238096], [43263, 0.19681490384615385], [43519, 0.1975873161764706], [43775, 0.1982593201754386], [44031, 0.19921875], [44287, 0.19953486271676302], [44543, 0.2000493893678161], [44799, 0.20073660714285715], [45055, 0.20139382102272727], [45311, 0.20177877824858756], [45567, 0.20233497191011235], [45823, 0.20290677374301677], [46079, 0.2037109375], [46335, 0.20420407458563536], [46591, 0.20479910714285715], [46847, 0.20468323087431695], [47103, 0.20357082201086957], [47359, 0.2024704391891892], [47615, 0.20138188844086022], [47871, 0.20030497994652408], [48127, 0.19923952792553193], [48383, 0.19818535052910052], [48639, 0.1971422697368421], [48895, 0.1961101112565445], [49151, 0.19510904947916666], [49407, 0.19409812176165803], [49663, 0.19315802190721648], [49919, 0.1922275641025641], [50175, 0.1915656887755102], [50431, 0.1915450507614213], [50687, 0.19186000631313133], [50943, 0.19272141959798994], [51199, 0.19375], [51455, 0.19505985696517414], [51711, 0.19641475866336633], [51967, 0.197814039408867], [52223, 0.19743795955882354], [52479, 0.1964748475609756], [52735, 0.19552108616504854], [52846, 0.19511041307926655]], "candidate_count_total": 39, "confirmed_count_total": 39, "created_at": 1767842035.4509616}