{"dataset_name": "INSECTS_abrupt_balanced", "dataset_type": "insects_real", "model_variant": "ts_drift_adapt_severity", "seed": 16, "monitor_preset": "error_divergence_ph_meta@error.threshold=0.05,error.min_instances=5", "monitor_preset_base": "error_divergence_ph_meta", "monitor_ph_params": {"error_rate": {"delta": 0.005, "alpha": 0.15, "threshold": 0.05, "min_instances": 5}, "divergence": {"delta": 0.005, "alpha": 0.1, "threshold": 0.05, "min_instances": 30}}, "monitor_ph_overrides": {"error_rate": {"threshold": 0.05, "min_instances": 5}}, "trigger_mode": "two_stage", "trigger_k": 2, "trigger_threshold": 0.5, "trigger_weights": "confirm_cooldown=200,divergence=0.3,error_rate=0.5,teacher_entropy=0.2", "confirm_window": 1, "confirm_cooldown": 0, "adaptive_cooldown_enabled": 0, "adaptive_window": 10000, "adaptive_lower_per10k": 10.0, "adaptive_upper_per10k": 25.0, "adaptive_cooldown_low": 200, "adaptive_cooldown_high": 500, "severity_scheduler_scale": 1.0, "use_severity_v2": 1, "severity_gate": "none", "severity_gate_min_streak": 1, "entropy_mode": "overconfident", "severity_decay": 0.95, "freeze_baseline_steps": 0, "n_steps": 1200, "horizon": 52847, "acc_final": 0.19770280242965543, "mean_acc": 0.19596548903155275, "acc_min": 0.16247735507246377, "candidate_sample_idxs": [1279, 2559, 3839, 5119, 6399, 7679, 8959, 10239, 11519, 12799, 14079, 15103, 15359, 17919, 19199, 20479, 21759, 23039, 24319, 25599, 26879, 28159, 29439, 30719, 31999, 33279, 34559, 35839, 37119, 38399, 39679, 40959, 42239, 43519, 44799, 46079, 47359, 50431, 51711, 52846], "confirmed_sample_idxs": [1279, 2559, 3839, 5119, 6399, 7679, 8959, 10239, 11519, 12799, 14079, 15359, 17919, 19199, 20479, 21759, 23039, 24319, 25599, 26879, 28159, 29439, 30719, 31999, 33279, 34559, 35839, 37119, 38399, 39679, 40959, 42239, 43519, 44799, 46079, 47359, 50431, 51711, 52846], "acc_series": [[255, 0.1875], [511, 0.193359375], [767, 0.1953125], [1023, 0.1982421875], [1279, 0.1921875], [1535, 0.18815104166666666], [1791, 0.18638392857142858], [2047, 0.1884765625], [2303, 0.1931423611111111], [2559, 0.192578125], [2815, 0.1924715909090909], [3071, 0.193359375], [3327, 0.19501201923076922], [3583, 0.19447544642857142], [3839, 0.19453125], [4095, 0.19482421875], [4351, 0.19623161764705882], [4607, 0.1929253472222222], [4863, 0.19387335526315788], [5119, 0.1943359375], [5375, 0.19624255952380953], [5631, 0.1981534090909091], [5887, 0.19853940217391305], [6143, 0.20003255208333334], [6399, 0.20140625], [6655, 0.20072115384615385], [6911, 0.20052083333333334], [7167, 0.20005580357142858], [7423, 0.2013739224137931], [7679, 0.201171875], [7935, 0.20161290322580644], [8191, 0.201904296875], [8447, 0.20158617424242425], [8703, 0.20255055147058823], [8959, 0.20200892857142858], [9215, 0.2021484375], [9471, 0.20354729729729729], [9727, 0.20435855263157895], [9983, 0.2052283653846154], [10239, 0.20576171875], [10495, 0.20607850609756098], [10751, 0.20777529761904762], [11007, 0.20875726744186046], [11263, 0.20880681818181818], [11519, 0.20902777777777778], [11775, 0.20915421195652173], [12031, 0.20977393617021275], [12287, 0.20947265625], [12543, 0.2106983418367347], [12799, 0.20734375], [13055, 0.2032781862745098], [13311, 0.1993689903846154], [13567, 0.1956073113207547], [13823, 0.19227430555555555], [14079, 0.1921875], [14335, 0.19852120535714285], [14591, 0.1962719298245614], [14847, 0.19288793103448276], [15103, 0.18968485169491525], [15359, 0.1865234375], [15615, 0.18346567622950818], [15871, 0.18050655241935484], [16127, 0.17770337301587302], [16383, 0.1749267578125], [16639, 0.17223557692307692], [16895, 0.16962594696969696], [17151, 0.16709421641791045], [17407, 0.16475183823529413], [17663, 0.16247735507246377], [17919, 0.16266741071428573], [18175, 0.16708846830985916], [18431, 0.1698676215277778], [18687, 0.17278467465753425], [18943, 0.1746727195945946], [19199, 0.17713541666666666], [19455, 0.17912212171052633], [19711, 0.18014407467532467], [19967, 0.1800380608974359], [20223, 0.18003362341772153], [20479, 0.180322265625], [20735, 0.1802662037037037], [20991, 0.18073551829268292], [21247, 0.18147590361445784], [21503, 0.18178013392857142], [21759, 0.18253676470588234], [22015, 0.1836391715116279], [22271, 0.18453663793103448], [22527, 0.1861239346590909], [22783, 0.1873683286516854], [23039, 0.18862847222222223], [23295, 0.18938873626373626], [23551, 0.19093919836956522], [23807, 0.19212029569892472], [24063, 0.19327626329787234], [24319, 0.19424342105263157], [24575, 0.19535319010416666], [24831, 0.19656088917525774], [25087, 0.19754464285714285], [25343, 0.19913983585858586], [25599, 0.200234375], [25855, 0.2015006188118812], [26111, 0.2028186274509804], [26367, 0.20380764563106796], [26623, 0.20447716346153846], [26879, 0.2056547619047619], [27135, 0.20607311320754718], [27391, 0.20688522196261683], [27647, 0.2077907986111111], [27903, 0.20807052752293578], [28159, 0.20720880681818182], [28415, 0.20594031531531531], [28671, 0.20497349330357142], [28927, 0.2040583517699115], [29183, 0.20322779605263158], [29439, 0.20237771739130433], [29695, 0.2017780172413793], [29951, 0.2010216346153846], [30207, 0.2004104872881356], [30463, 0.19971113445378152], [30719, 0.19873046875], [30975, 0.19812112603305784], [31231, 0.1973296618852459], [31487, 0.19648755081300814], [31743, 0.1958795362903226], [31999, 0.19521875], [32255, 0.19490947420634921], [32511, 0.19445127952755906], [32767, 0.19482421875], [33023, 0.19500968992248063], [33279, 0.1967548076923077], [33535, 0.1964456106870229], [33791, 0.19655539772727273], [34047, 0.19683975563909775], [34303, 0.19682835820895522], [34559, 0.1962962962962963], [34815, 0.19588694852941177], [35071, 0.19559762773722628], [35327, 0.19570878623188406], [35583, 0.19595885791366907], [35839, 0.19606584821428572], [36095, 0.1958942819148936], [36351, 0.19608274647887325], [36607, 0.1958861451048951], [36863, 0.1957736545138889], [37119, 0.19577047413793103], [37375, 0.1957405821917808], [37631, 0.19563137755102042], [37887, 0.19586676520270271], [38143, 0.19599412751677853], [38399, 0.1946875], [38655, 0.19342404801324503], [38911, 0.19305098684210525], [39167, 0.19301470588235295], [39423, 0.19295353084415584], [39679, 0.19311995967741935], [39935, 0.19338441506410256], [40191, 0.1933469347133758], [40447, 0.19353243670886075], [40703, 0.19376474056603774], [40959, 0.193896484375], [41215, 0.19407511645962733], [41471, 0.19463734567901234], [41727, 0.1950728527607362], [41983, 0.1955983231707317], [42239, 0.1963068181818182], [42495, 0.19705384036144577], [42751, 0.19783869760479042], [43007, 0.19852120535714285], [43263, 0.1994730029585799], [43519, 0.20050551470588235], [43775, 0.2013203581871345], [44031, 0.2027389171511628], [44287, 0.20321531791907516], [44543, 0.2039556393678161], [44799, 0.20486607142857144], [45055, 0.2059659090909091], [45311, 0.20678848870056496], [45567, 0.20779933286516855], [45823, 0.2086897695530726], [46079, 0.2097439236111111], [46335, 0.2106353591160221], [46591, 0.21149553571428573], [46847, 0.2114284494535519], [47103, 0.21027938179347827], [47359, 0.20914273648648649], [47615, 0.208018313172043], [47871, 0.20690591577540107], [48127, 0.20580535239361702], [48383, 0.20471643518518517], [48639, 0.2036595394736842], [48895, 0.20259325916230367], [49151, 0.20159912109375], [49407, 0.20067600388601037], [49663, 0.19974226804123713], [49919, 0.19899839743589742], [50175, 0.19842155612244897], [50431, 0.19798937182741116], [50687, 0.19756155303030304], [50943, 0.19768765703517588], [51199, 0.19822265625], [51455, 0.19888837064676618], [51711, 0.19983756188118812], [51967, 0.20058497536945813], [52223, 0.2000421262254902], [52479, 0.19908536585365855], [52735, 0.19811893203883496], [52846, 0.19770280242965543]], "candidate_count_total": 39, "confirmed_count_total": 39, "created_at": 1767880185.1073494}