{"dataset_name": "INSECTS_abrupt_balanced", "dataset_type": "insects_real", "model_variant": "ts_drift_adapt_severity", "seed": 10, "monitor_preset": "error_divergence_ph_meta@error.threshold=0.05,error.min_instances=5", "monitor_preset_base": "error_divergence_ph_meta", "monitor_ph_params": {"error_rate": {"delta": 0.005, "alpha": 0.15, "threshold": 0.05, "min_instances": 5}, "divergence": {"delta": 0.005, "alpha": 0.1, "threshold": 0.05, "min_instances": 30}}, "monitor_ph_overrides": {"error_rate": {"threshold": 0.05, "min_instances": 5}}, "trigger_mode": "two_stage", "trigger_k": 2, "trigger_threshold": 0.3, "trigger_weights": "divergence=0.3,error_rate=0.5,teacher_entropy=0.2", "confirm_window": 1, "severity_scheduler_scale": 1.0, "use_severity_v2": 1, "severity_gate": "confirmed_streak", "severity_gate_min_streak": 5, "entropy_mode": "overconfident", "severity_decay": 0.95, "freeze_baseline_steps": 0, "n_steps": 1200, "horizon": 52847, "acc_final": 0.19318031297897706, "mean_acc": 0.19330052687101637, "acc_min": 0.16219429347826086, "candidate_sample_idxs": [1279, 2559, 3839, 5119, 6399, 7679, 8959, 10239, 11519, 12799, 14335, 15103, 17919, 19199, 20479, 21759, 23551, 24831, 26111, 27391, 28671, 30207, 31487, 32767, 34047, 35327, 36607, 37887, 39167, 40447, 41727, 43007, 44287, 45567, 46847, 50687, 51967], "confirmed_sample_idxs": [1279, 2559, 3839, 5119, 6399, 7679, 8959, 10239, 11519, 12799, 14335, 15103, 17919, 19199, 20479, 21759, 23551, 24831, 26111, 27391, 28671, 30207, 31487, 32767, 34047, 35327, 36607, 37887, 39167, 40447, 41727, 43007, 44287, 45567, 46847, 50687, 51967], "acc_series": [[255, 0.2421875], [511, 0.22265625], [767, 0.20963541666666666], [1023, 0.19921875], [1279, 0.19375], [1535, 0.19856770833333334], [1791, 0.20368303571428573], [2047, 0.201171875], [2303, 0.19661458333333334], [2559, 0.19296875], [2815, 0.19744318181818182], [3071, 0.19856770833333334], [3327, 0.19831730769230768], [3583, 0.20005580357142858], [3839, 0.20026041666666666], [4095, 0.201904296875], [4351, 0.20289522058823528], [4607, 0.20442708333333334], [4863, 0.20230263157894737], [5119, 0.202734375], [5375, 0.20386904761904762], [5631, 0.20578835227272727], [5887, 0.20872961956521738], [6143, 0.20735677083333334], [6399, 0.20734375], [6655, 0.20628004807692307], [6911, 0.20775462962962962], [7167, 0.20703125], [7423, 0.20716594827586207], [7679, 0.206640625], [7935, 0.20816532258064516], [8191, 0.2080078125], [8447, 0.20762310606060605], [8703, 0.20886948529411764], [8959, 0.20982142857142858], [9215, 0.21082899305555555], [9471, 0.21062077702702703], [9727, 0.21134868421052633], [9983, 0.21344150641025642], [10239, 0.21435546875], [10495, 0.21532012195121952], [10751, 0.21614583333333334], [11007, 0.21647892441860464], [11263, 0.21626420454545456], [11519, 0.21744791666666666], [11775, 0.21730638586956522], [12031, 0.21783577127659576], [12287, 0.21809895833333334], [12543, 0.21922831632653061], [12799, 0.2159375], [13055, 0.21170343137254902], [13311, 0.20763221153846154], [13567, 0.20371462264150944], [13823, 0.20008680555555555], [14079, 0.19673295454545456], [14335, 0.19803292410714285], [14591, 0.19599780701754385], [14847, 0.19261853448275862], [15103, 0.1894200211864407], [15359, 0.18626302083333332], [15615, 0.18320952868852458], [15871, 0.1802545362903226], [16127, 0.17745535714285715], [16383, 0.1746826171875], [16639, 0.1719951923076923], [16895, 0.16938920454545456], [17151, 0.16686100746268656], [17407, 0.16446461397058823], [17663, 0.16219429347826086], [17919, 0.16222098214285716], [18175, 0.16675836267605634], [18431, 0.1696506076388889], [18687, 0.1723030821917808], [18943, 0.17472550675675674], [19199, 0.17703125], [19455, 0.18004728618421054], [19711, 0.18161525974025974], [19967, 0.18204126602564102], [20223, 0.18211036392405064], [20479, 0.182470703125], [20735, 0.18248456790123457], [20991, 0.18254573170731708], [21247, 0.1825112951807229], [21503, 0.18243117559523808], [21759, 0.18235294117647058], [22015, 0.18232194767441862], [22271, 0.18269576149425287], [22527, 0.18230646306818182], [22783, 0.18284761235955055], [23039, 0.18350694444444443], [23295, 0.18355082417582416], [23551, 0.18461277173913043], [23807, 0.1853578629032258], [24063, 0.18658577127659576], [24319, 0.18782894736842104], [24575, 0.18863932291666666], [24831, 0.18939271907216496], [25087, 0.19017059948979592], [25343, 0.1916824494949495], [25599, 0.1926953125], [25855, 0.19419090346534654], [26111, 0.1951593137254902], [26367, 0.19591929611650485], [26623, 0.19681490384615385], [26879, 0.19739583333333333], [27135, 0.19815005896226415], [27391, 0.1991822429906542], [27647, 0.20044849537037038], [27903, 0.20126146788990826], [28159, 0.19964488636363636], [28415, 0.19788147522522523], [28671, 0.19611467633928573], [28927, 0.19441371681415928], [29183, 0.19274259868421054], [29439, 0.19123641304347827], [29695, 0.18978987068965517], [29951, 0.18840144230769232], [30207, 0.18710275423728814], [30463, 0.18612132352941177], [30719, 0.18505859375], [30975, 0.18398114669421486], [31231, 0.18288934426229508], [31487, 0.18213287601626016], [31743, 0.18160912298387097], [31999, 0.1818125], [32255, 0.18204365079365079], [32511, 0.18343996062992127], [32767, 0.184661865234375], [33023, 0.1859859496124031], [33279, 0.18590745192307692], [33535, 0.18600906488549618], [33791, 0.18622750946969696], [34047, 0.18614896616541354], [34303, 0.18624650186567165], [34559, 0.1865162037037037], [34815, 0.18643727022058823], [35071, 0.1863594890510949], [35327, 0.18580163043478262], [35583, 0.18570143884892087], [35839, 0.18563058035714286], [36095, 0.18575465425531915], [36351, 0.1856018926056338], [36607, 0.18586101398601398], [36863, 0.18617078993055555], [37119, 0.18601831896551724], [37375, 0.1859482020547945], [37631, 0.18574617346938777], [37887, 0.18591638513513514], [38143, 0.18576971476510068], [38399, 0.18453125], [38655, 0.18330918874172186], [38911, 0.18292557565789475], [39167, 0.18290441176470587], [39423, 0.18280742694805194], [39679, 0.18288810483870968], [39935, 0.18346854967948717], [40191, 0.1839669585987261], [40447, 0.1846568433544304], [40703, 0.18521521226415094], [40959, 0.1858154296875], [41215, 0.18626261645962733], [41471, 0.1869212962962963], [41727, 0.18757189417177914], [41983, 0.18802400914634146], [42239, 0.1888494318181818], [42495, 0.18961784638554216], [42751, 0.19047062125748504], [43007, 0.19122023809523808], [43263, 0.19237703402366865], [43519, 0.19358915441176472], [43775, 0.19439875730994152], [44031, 0.19549418604651161], [44287, 0.19623825867052022], [44543, 0.19670438218390804], [44799, 0.1975], [45055, 0.19837535511363635], [45311, 0.19919668079096045], [45567, 0.19992099719101122], [45823, 0.20063722067039105], [46079, 0.2013888888888889], [46335, 0.20217541436464087], [46591, 0.2029318337912088], [46847, 0.20299692622950818], [47103, 0.20189368206521738], [47359, 0.20080236486486486], [47615, 0.19972278225806453], [47871, 0.19865474598930483], [48127, 0.19759807180851063], [48383, 0.19655257936507936], [48639, 0.19551809210526316], [48895, 0.1945148887434555], [49151, 0.19352213541666666], [49407, 0.19255990932642486], [49663, 0.19170827963917525], [49919, 0.1909054487179487], [50175, 0.19056919642857142], [50431, 0.19065276015228427], [50687, 0.1911300505050505], [50943, 0.1917203203517588], [51199, 0.1926171875], [51455, 0.19366060323383086], [51711, 0.19479037747524752], [51967, 0.19594750615763548], [52223, 0.19548483455882354], [52479, 0.19453125], [52735, 0.1935869235436893], [52846, 0.19318031297897706]], "candidate_count_total": 37, "confirmed_count_total": 37, "created_at": 1767807616.6347027}