{"dataset_name": "sine_nodrift", "dataset_type": "sine", "model_variant": "ts_drift_adapt", "seed": 9, "monitor_preset": "error_divergence_ph_meta@error.threshold=0.10,error.min_instances=5", "monitor_preset_base": "error_divergence_ph_meta", "monitor_ph_params": {"error_rate": {"delta": 0.005, "alpha": 0.15, "threshold": 0.1, "min_instances": 5}, "divergence": {"delta": 0.005, "alpha": 0.1, "threshold": 0.05, "min_instances": 30}}, "monitor_ph_overrides": {"error_rate": {"threshold": 0.1, "min_instances": 5}}, "trigger_mode": "two_stage", "trigger_k": 2, "trigger_threshold": 0.5, "trigger_weights": "__confirm_cooldown=200,__confirm_rule=perm_test,__perm_alpha=0.025,__perm_min_effect=0,__perm_n_perm=200,__perm_post_n=10,__perm_pre_n=500,__perm_rng_seed=0,__perm_stat=vote_score,divergence=0.3,error_rate=0.5,teacher_entropy=0.2", "confirm_window": 3, "confirm_cooldown": 0, "adaptive_cooldown_enabled": 0, "adaptive_window": 10000, "adaptive_lower_per10k": 10.0, "adaptive_upper_per10k": 25.0, "adaptive_cooldown_low": 200, "adaptive_cooldown_high": 500, "severity_scheduler_scale": 1.0, "use_severity_v2": 0, "severity_gate": "none", "severity_gate_min_streak": 1, "entropy_mode": "overconfident", "severity_decay": 0.95, "freeze_baseline_steps": 0, "n_steps": 800, "horizon": 10000, "acc_final": 0.9103, "mean_acc": 0.8215331330861342, "acc_min": 0.359375, "candidate_sample_idxs": [319, 639, 959, 1279, 1599, 1919, 2239, 2559, 2879, 3199, 3519, 3903, 4223, 4543, 4863, 5183, 5503, 6015, 6399, 6719, 7295, 7935, 8255, 8575], "confirmed_sample_idxs": [639, 959, 1279, 1599, 1919, 2239, 2559, 2879, 3199, 3519, 3903, 4223, 4543, 4863, 5183, 5503, 6015, 6399, 6719, 7295, 7935, 8255, 8575], "acc_series": [[63, 0.359375], [127, 0.4453125], [191, 0.4895833333333333], [255, 0.5], [319, 0.515625], [383, 0.5416666666666666], [447, 0.5558035714285714], [511, 0.564453125], [575, 0.5729166666666666], [639, 0.58125], [703, 0.5923295454545454], [767, 0.6080729166666666], [831, 0.6201923076923077], [895, 0.6372767857142857], [959, 0.6489583333333333], [1023, 0.6630859375], [1087, 0.6783088235294118], [1151, 0.6883680555555556], [1215, 0.6981907894736842], [1279, 0.70703125], [1343, 0.7150297619047619], [1407, 0.7201704545454546], [1471, 0.7275815217391305], [1535, 0.7311197916666666], [1599, 0.735], [1663, 0.7391826923076923], [1727, 0.7436342592592593], [1791, 0.7505580357142857], [1855, 0.7570043103448276], [1919, 0.7619791666666667], [1983, 0.765625], [2047, 0.767578125], [2111, 0.7713068181818182], [2175, 0.7771139705882353], [2239, 0.7808035714285714], [2303, 0.7825520833333334], [2367, 0.7867398648648649], [2431, 0.7898848684210527], [2495, 0.7940705128205128], [2559, 0.795703125], [2623, 0.7983993902439024], [2687, 0.8009672619047619], [2751, 0.8037790697674418], [2815, 0.8068181818181818], [2879, 0.8104166666666667], [2943, 0.8135190217391305], [3007, 0.8164893617021277], [3071, 0.8180338541666666], [3135, 0.8198341836734694], [3199, 0.82125], [3263, 0.8223039215686274], [3327, 0.8251201923076923], [3391, 0.8275353773584906], [3455, 0.8287037037037037], [3519, 0.8306818181818182], [3583, 0.8314732142857143], [3647, 0.8327850877192983], [3711, 0.834051724137931], [3775, 0.835010593220339], [3839, 0.8364583333333333], [3903, 0.8373463114754098], [3967, 0.8392137096774194], [4031, 0.8407738095238095], [4095, 0.84228515625], [4159, 0.8439903846153847], [4223, 0.845407196969697], [4287, 0.8467817164179104], [4351, 0.8485753676470589], [4415, 0.8496376811594203], [4479, 0.8513392857142857], [4543, 0.8529929577464789], [4607, 0.8543836805555556], [4671, 0.8559503424657534], [4735, 0.8570523648648649], [4799, 0.85875], [4863, 0.8591694078947368], [4927, 0.8609983766233766], [4991, 0.8621794871794872], [5055, 0.8633306962025317], [5119, 0.8650390625], [5183, 0.8665123456790124], [5247, 0.8677591463414634], [5311, 0.8687876506024096], [5375, 0.8699776785714286], [5439, 0.8713235294117647], [5503, 0.8711845930232558], [5567, 0.8726652298850575], [5631, 0.8734019886363636], [5695, 0.8737710674157303], [5759, 0.8744791666666667], [5823, 0.8753434065934066], [5887, 0.876358695652174], [5951, 0.8775201612903226], [6015, 0.878158244680851], [6079, 0.8786184210526315], [6143, 0.8795572916666666], [6207, 0.8801546391752577], [6271, 0.8808992346938775], [6335, 0.8809974747474747], [6399, 0.88171875], [6463, 0.8825804455445545], [6527, 0.8829656862745098], [6591, 0.8837985436893204], [6655, 0.8846153846153846], [6719, 0.8852678571428572], [6783, 0.8863502358490566], [6847, 0.8872663551401869], [6911, 0.8875868055555556], [6975, 0.887901376146789], [7039, 0.8883522727272727], [7103, 0.888795045045045], [7167, 0.8892299107142857], [7231, 0.8897953539823009], [7295, 0.8900767543859649], [7359, 0.890625], [7423, 0.8912984913793104], [7487, 0.8919604700854701], [7551, 0.892478813559322], [7615, 0.8932510504201681], [7679, 0.894140625], [7743, 0.8947572314049587], [7807, 0.8951075819672131], [7871, 0.895579268292683], [7935, 0.8959173387096774], [7999, 0.89625], [8063, 0.896453373015873], [8127, 0.8966535433070866], [8191, 0.89697265625], [8255, 0.8976501937984496], [8319, 0.8980769230769231], [8383, 0.8987356870229007], [8447, 0.8993844696969697], [8511, 0.8999060150375939], [8575, 0.9005363805970149], [8639, 0.9008101851851852], [8703, 0.9014246323529411], [8767, 0.9019160583941606], [8831, 0.9024003623188406], [8895, 0.9029901079136691], [8959, 0.9035714285714286], [9023, 0.9038120567375887], [9087, 0.9044894366197183], [9151, 0.9050480769230769], [9215, 0.9057074652777778], [9279, 0.9061422413793103], [9343, 0.9064640410958904], [9407, 0.9069940476190477], [9471, 0.9075168918918919], [9535, 0.9079278523489933], [9599, 0.908125], [9663, 0.9085264900662252], [9727, 0.9087171052631579], [9791, 0.9092116013071896], [9855, 0.9095982142857143], [9919, 0.9099798387096775], [9983, 0.9102564102564102], [9999, 0.9103]], "candidate_count_total": 24, "confirmed_count_total": 23, "created_at": 1768236255.2674484, "confirm_rule_effective": "perm_test", "last_perm_pvalue": 0.004975124378109453, "last_perm_effect": 0.4192740077978104, "perm_test_count_total": 23, "perm_accept_count_total": 23, "perm_reject_count_total": 0, "perm_alpha": 0.025, "perm_pvalue_p50": 0.004975124378109453, "perm_pvalue_p90": 0.004975124378109453, "perm_pvalue_p99": 0.004975124378109453, "perm_pvalue_le_alpha_ratio": 1.0, "perm_effect_p50": 0.436377266282311, "perm_effect_p90": 0.46716394483938645, "perm_effect_p99": 0.5062102463611249}