{"dataset_name": "INSECTS_abrupt_balanced", "dataset_type": "insects_real", "model_variant": "ts_drift_adapt_severity", "seed": 6, "monitor_preset": "error_divergence_ph_meta@error.threshold=0.05,error.min_instances=5", "monitor_preset_base": "error_divergence_ph_meta", "monitor_ph_params": {"error_rate": {"delta": 0.005, "alpha": 0.15, "threshold": 0.05, "min_instances": 5}, "divergence": {"delta": 0.005, "alpha": 0.1, "threshold": 0.05, "min_instances": 30}}, "monitor_ph_overrides": {"error_rate": {"threshold": 0.05, "min_instances": 5}}, "trigger_mode": "two_stage", "trigger_k": 2, "trigger_threshold": 0.3, "trigger_weights": "divergence=0.3,error_rate=0.5,teacher_entropy=0.2", "confirm_window": 1, "severity_scheduler_scale": 1.0, "use_severity_v2": 1, "severity_gate": "confirmed_streak", "severity_gate_min_streak": 3, "entropy_mode": "overconfident", "severity_decay": 0.95, "freeze_baseline_steps": 0, "n_steps": 1200, "horizon": 52847, "acc_final": 0.2053285900807993, "mean_acc": 0.2005015435170422, "acc_min": 0.16015625, "candidate_sample_idxs": [1279, 2559, 3839, 5119, 6399, 7679, 8959, 10239, 11519, 12799, 14335, 15615, 17919, 18431, 19199, 20479, 21759, 23039, 24319, 25599, 26879, 28159, 30463, 31743, 33023, 34303, 35583, 36863, 38143, 39423, 40703, 41983, 43263, 44543, 45823, 47103, 48383, 49663, 50943, 52223], "confirmed_sample_idxs": [1279, 2559, 3839, 5119, 6399, 7679, 8959, 10239, 11519, 12799, 14335, 15615, 17919, 18431, 19199, 20479, 21759, 23039, 24319, 25599, 26879, 28159, 30463, 31743, 33023, 34303, 35583, 36863, 38143, 39423, 40703, 41983, 43263, 44543, 45823, 47103, 48383, 49663, 50943, 52223], "acc_series": [[255, 0.16015625], [511, 0.1875], [767, 0.19791666666666666], [1023, 0.193359375], [1279, 0.19453125], [1535, 0.19921875], [1791, 0.19866071428571427], [2047, 0.19775390625], [2303, 0.20052083333333334], [2559, 0.198828125], [2815, 0.19779829545454544], [3071, 0.19270833333333334], [3327, 0.19591346153846154], [3583, 0.19754464285714285], [3839, 0.2], [4095, 0.197998046875], [4351, 0.19738051470588236], [4607, 0.1970486111111111], [4863, 0.1963404605263158], [5119, 0.197265625], [5375, 0.20052083333333334], [5631, 0.20188210227272727], [5887, 0.20261548913043478], [6143, 0.20166015625], [6399, 0.201875], [6655, 0.20147235576923078], [6911, 0.20298032407407407], [7167, 0.203125], [7423, 0.20514547413793102], [7679, 0.20546875], [7935, 0.20703125], [8191, 0.2093505859375], [8447, 0.2099905303030303], [8703, 0.21105238970588236], [8959, 0.21272321428571428], [9215, 0.2134331597222222], [9471, 0.2139991554054054], [9727, 0.21556332236842105], [9983, 0.21684695512820512], [10239, 0.2173828125], [10495, 0.2190358231707317], [10751, 0.21949404761904762], [11007, 0.2194767441860465], [11263, 0.21919389204545456], [11519, 0.21944444444444444], [11775, 0.2198539402173913], [12031, 0.2204122340425532], [12287, 0.220458984375], [12543, 0.22122130102040816], [12799, 0.21796875], [13055, 0.21369485294117646], [13311, 0.20958533653846154], [13567, 0.2056308962264151], [13823, 0.20182291666666666], [14079, 0.19836647727272727], [14335, 0.19649832589285715], [14591, 0.19517543859649122], [14847, 0.1928205818965517], [15103, 0.19014830508474576], [15359, 0.187109375], [15615, 0.1840420081967213], [15871, 0.1810735887096774], [16127, 0.17826140873015872], [16383, 0.17547607421875], [16639, 0.17277644230769232], [16895, 0.17015861742424243], [17151, 0.16761893656716417], [17407, 0.16521139705882354], [17663, 0.16293025362318841], [17919, 0.1630580357142857], [18175, 0.16796875], [18431, 0.1711697048611111], [18687, 0.17438998287671234], [18943, 0.17757601351351351], [19199, 0.18036458333333333], [19455, 0.18302837171052633], [19711, 0.18405032467532467], [19967, 0.1840945512820513], [20223, 0.1844837816455696], [20479, 0.185107421875], [20735, 0.18566743827160495], [20991, 0.18664253048780488], [21247, 0.1878765060240964], [21503, 0.18940662202380953], [21759, 0.19099264705882352], [22015, 0.19281431686046513], [22271, 0.19360632183908047], [22527, 0.19526811079545456], [22783, 0.19693644662921347], [23039, 0.19761284722222222], [23295, 0.19793097527472528], [23551, 0.19921875], [23807, 0.20031081989247312], [24063, 0.20125498670212766], [24319, 0.20205592105263157], [24575, 0.20284016927083334], [24831, 0.20364851804123713], [25087, 0.20420121173469388], [25343, 0.2054135101010101], [25599, 0.206796875], [25855, 0.20834622524752475], [26111, 0.20955882352941177], [26367, 0.2103686286407767], [26623, 0.21165114182692307], [26879, 0.2129092261904762], [27135, 0.2139224646226415], [27391, 0.21539135514018692], [27647, 0.21665219907407407], [27903, 0.21781823394495411], [28159, 0.21633522727272728], [28415, 0.21438626126126126], [28671, 0.21261160714285715], [28927, 0.21073008849557523], [29183, 0.2089501096491228], [29439, 0.20720108695652173], [29695, 0.20558324353448276], [29951, 0.2038928952991453], [30207, 0.2022311970338983], [30463, 0.20082720588235295], [30719, 0.1994140625], [30975, 0.19805655991735538], [31231, 0.19684938524590165], [31487, 0.19575711382113822], [31743, 0.19509198588709678], [31999, 0.19503125], [32255, 0.19556051587301587], [32511, 0.1966658464566929], [32767, 0.1978759765625], [33023, 0.1994609980620155], [33279, 0.19945913461538461], [33535, 0.19918893129770993], [33791, 0.19963304924242425], [34047, 0.19983552631578946], [34303, 0.19986007462686567], [34559, 0.19956597222222222], [34815, 0.19933363970588236], [35071, 0.1991332116788321], [35327, 0.19936028079710144], [35583, 0.19980890287769784], [35839, 0.2], [36095, 0.19988364361702127], [36351, 0.20007152288732394], [36607, 0.19992897727272727], [36863, 0.19970703125], [37119, 0.19970366379310345], [37375, 0.1995130565068493], [37631, 0.1995110544217687], [37887, 0.19977301520270271], [38143, 0.19995281040268456], [38399, 0.19869791666666667], [38655, 0.19743377483443708], [38911, 0.19729132401315788], [39167, 0.19727839052287582], [39423, 0.19716416396103897], [39679, 0.19715221774193548], [39935, 0.19709034455128205], [40191, 0.19720342356687898], [40447, 0.19736451740506328], [40703, 0.1978183962264151], [40959, 0.198193359375], [41215, 0.19853940217391305], [41471, 0.1990499614197531], [41727, 0.1994823619631902], [41983, 0.20033822408536586], [42239, 0.20092329545454546], [42495, 0.20145425451807228], [42751, 0.20207241766467066], [43007, 0.20263671875], [43263, 0.20344859467455623], [43519, 0.20431985294117647], [43775, 0.20488395467836257], [44031, 0.2058048691860465], [44287, 0.20633128612716764], [44543, 0.2069190014367816], [44799, 0.20741071428571428], [45055, 0.20842950994318182], [45311, 0.20912782485875706], [45567, 0.21012552668539325], [45823, 0.2110247905027933], [46079, 0.21197916666666666], [46335, 0.21290141574585636], [46591, 0.21366328983516483], [46847, 0.21379781420765026], [47103, 0.21263586956521738], [47359, 0.21150760135135135], [47615, 0.21039146505376344], [47871, 0.2092663770053476], [48127, 0.20817403590425532], [48383, 0.20711392195767195], [48639, 0.20602384868421053], [48895, 0.20498609293193717], [49151, 0.20404052734375], [49407, 0.2032464378238342], [49663, 0.20248067010309279], [49919, 0.20188301282051282], [50175, 0.20176977040816327], [50431, 0.20201459390862944], [50687, 0.20235558712121213], [50943, 0.20314462939698494], [51199, 0.20408203125], [51455, 0.205107276119403], [51711, 0.20674118193069307], [51967, 0.20820504926108374], [52223, 0.20777803308823528], [52479, 0.20676448170731707], [52735, 0.20576077063106796], [52846, 0.2053285900807993]], "candidate_count_total": 40, "confirmed_count_total": 40, "created_at": 1767807578.72261}