{"dataset_name": "INSECTS_abrupt_balanced", "dataset_type": "insects_real", "model_variant": "ts_drift_adapt", "seed": 9, "monitor_preset": "error_divergence_ph_meta@error.threshold=0.05,error.min_instances=5", "monitor_preset_base": "error_divergence_ph_meta", "monitor_ph_params": {"error_rate": {"delta": 0.005, "alpha": 0.15, "threshold": 0.05, "min_instances": 5}, "divergence": {"delta": 0.005, "alpha": 0.1, "threshold": 0.05, "min_instances": 30}}, "monitor_ph_overrides": {"error_rate": {"threshold": 0.05, "min_instances": 5}}, "trigger_mode": "two_stage", "trigger_k": 2, "trigger_threshold": 0.5, "trigger_weights": "confirm_cooldown=200,divergence=0.3,error_rate=0.5,teacher_entropy=0.2", "confirm_window": 1, "confirm_cooldown": 0, "severity_scheduler_scale": 1.0, "use_severity_v2": 0, "severity_gate": "none", "severity_gate_min_streak": 1, "entropy_mode": "overconfident", "severity_decay": 0.95, "freeze_baseline_steps": 0, "n_steps": 1200, "horizon": 52847, "acc_final": 0.19240448842886068, "mean_acc": 0.19328286299684883, "acc_min": 0.15738224637681159, "candidate_sample_idxs": [1279, 2559, 3839, 5119, 6399, 7679, 8959, 10239, 11519, 12799, 14591, 17919, 19199, 20479, 21759, 23039, 24319, 25599, 26879, 28159, 31743, 33023, 34303, 35583, 36863, 38143, 39423, 40703, 41983, 43263, 44543, 45823, 47103, 49407, 50687, 51967], "confirmed_sample_idxs": [1279, 2559, 3839, 5119, 6399, 7679, 8959, 10239, 11519, 12799, 14591, 17919, 19199, 20479, 21759, 23039, 24319, 25599, 26879, 28159, 31743, 33023, 34303, 35583, 36863, 38143, 39423, 40703, 41983, 43263, 44543, 45823, 47103, 49407, 50687, 51967], "acc_series": [[255, 0.23046875], [511, 0.201171875], [767, 0.19661458333333334], [1023, 0.2001953125], [1279, 0.2], [1535, 0.20247395833333334], [1791, 0.19921875], [2047, 0.19677734375], [2303, 0.1909722222222222], [2559, 0.191796875], [2815, 0.19211647727272727], [3071, 0.19270833333333334], [3327, 0.19411057692307693], [3583, 0.19559151785714285], [3839, 0.19583333333333333], [4095, 0.19873046875], [4351, 0.19944852941176472], [4607, 0.19661458333333334], [4863, 0.1963404605263158], [5119, 0.1974609375], [5375, 0.20033482142857142], [5631, 0.20383522727272727], [5887, 0.20482336956521738], [6143, 0.20296223958333334], [6399, 0.203125], [6655, 0.20357572115384615], [6911, 0.20558449074074073], [7167, 0.20717075892857142], [7423, 0.20810883620689655], [7679, 0.20911458333333333], [7935, 0.20980342741935484], [8191, 0.2103271484375], [8447, 0.21117424242424243], [8703, 0.21185661764705882], [8959, 0.21283482142857144], [9215, 0.2133246527777778], [9471, 0.21378800675675674], [9727, 0.21258223684210525], [9983, 0.21223958333333334], [10239, 0.21298828125], [10495, 0.21236661585365854], [10751, 0.21168154761904762], [11007, 0.21148255813953487], [11263, 0.21209161931818182], [11519, 0.21293402777777778], [11775, 0.21314538043478262], [12031, 0.2135970744680851], [12287, 0.21402994791666666], [12543, 0.21452487244897958], [12799, 0.211484375], [13055, 0.2073376225490196], [13311, 0.20335036057692307], [13567, 0.1995135613207547], [13823, 0.19581886574074073], [14079, 0.1924005681818182], [14335, 0.18966238839285715], [14591, 0.18907620614035087], [14847, 0.1866918103448276], [15103, 0.1838585805084746], [15359, 0.18079427083333333], [15615, 0.17783043032786885], [15871, 0.17496219758064516], [16127, 0.1722470238095238], [16383, 0.1695556640625], [16639, 0.16694711538461537], [16895, 0.16441761363636365], [17151, 0.16202192164179105], [17407, 0.1596966911764706], [17663, 0.15738224637681159], [17919, 0.1575892857142857], [18175, 0.1621368838028169], [18431, 0.16585286458333334], [18687, 0.1694670376712329], [18943, 0.17293074324324326], [19199, 0.175625], [19455, 0.1796875], [19711, 0.18161525974025974], [19967, 0.18194110576923078], [20223, 0.18211036392405064], [20479, 0.182373046875], [20735, 0.18229166666666666], [20991, 0.18249809451219512], [21247, 0.1822289156626506], [21503, 0.18252418154761904], [21759, 0.18267463235294118], [22015, 0.1828215843023256], [22271, 0.1832794540229885], [22527, 0.18386008522727273], [22783, 0.18504213483146068], [23039, 0.186328125], [23295, 0.18728537087912087], [23551, 0.18902853260869565], [23807, 0.19065020161290322], [24063, 0.19202958776595744], [24319, 0.1935032894736842], [24575, 0.19441731770833334], [24831, 0.19595682989690721], [25087, 0.19714604591836735], [25343, 0.19835069444444445], [25599, 0.1994140625], [25855, 0.20034034653465346], [26111, 0.20105698529411764], [26367, 0.20168385922330098], [26623, 0.20241135817307693], [26879, 0.203125], [27135, 0.20393573113207547], [27391, 0.20487733644859812], [27647, 0.20591001157407407], [27903, 0.2071387614678899], [28159, 0.20553977272727272], [28415, 0.20368806306306306], [28671, 0.201904296875], [28927, 0.20011753318584072], [29183, 0.19843064692982457], [29439, 0.19670516304347826], [29695, 0.19500942887931033], [29951, 0.19337606837606838], [30207, 0.19180349576271186], [30463, 0.19022452731092437], [30719, 0.18870442708333332], [30975, 0.1871771694214876], [31231, 0.18570696721311475], [31487, 0.18454649390243902], [31743, 0.1839087701612903], [31999, 0.1838125], [32255, 0.1843998015873016], [32511, 0.18580831692913385], [32767, 0.186981201171875], [33023, 0.1882267441860465], [33279, 0.18822115384615384], [33535, 0.18830510496183206], [33791, 0.1885653409090909], [34047, 0.18855733082706766], [34303, 0.18854944029850745], [34559, 0.1886574074074074], [34815, 0.18856272977941177], [35071, 0.18846943430656934], [35327, 0.18832087862318841], [35583, 0.18834307553956833], [35839, 0.18828125], [36095, 0.1886081560283688], [36351, 0.18895796654929578], [36607, 0.18927556818181818], [36863, 0.18912760416666666], [37119, 0.18914331896551725], [37375, 0.1892123287671233], [37631, 0.18909438775510204], [37887, 0.189453125], [38143, 0.18941380033557048], [38399, 0.18815104166666666], [38655, 0.18690500827814568], [38911, 0.18642064144736842], [39167, 0.1863000408496732], [39423, 0.18600344967532467], [39679, 0.18616431451612903], [39935, 0.18622295673076922], [40191, 0.18595740445859874], [40447, 0.1859918908227848], [40703, 0.18597680817610063], [40959, 0.1865234375], [41215, 0.18694196428571427], [41471, 0.1878858024691358], [41727, 0.18850651840490798], [41983, 0.1890720274390244], [42239, 0.18982007575757576], [42495, 0.1905355798192771], [42751, 0.191219124251497], [43007, 0.19208054315476192], [43263, 0.19300110946745563], [43519, 0.1938419117647059], [43775, 0.19451297514619884], [44031, 0.19553960755813954], [44287, 0.19592214595375723], [44543, 0.1964574353448276], [44799, 0.19714285714285715], [45055, 0.19777610085227273], [45311, 0.19822563559322035], [45567, 0.19893346207865167], [45823, 0.1995679120111732], [46079, 0.200390625], [46335, 0.20126899171270718], [46591, 0.20198746565934067], [46847, 0.2021004098360656], [47103, 0.20100203804347827], [47359, 0.19991554054054053], [47615, 0.19886172715053763], [47871, 0.19779829545454544], [48127, 0.19674617686170212], [48383, 0.1957051917989418], [48639, 0.19469572368421054], [48895, 0.19369682591623036], [49151, 0.19283040364583334], [49407, 0.19199319948186527], [49663, 0.19120489690721648], [49919, 0.19064503205128205], [50175, 0.19031010841836735], [50431, 0.19015704314720813], [50687, 0.19006470959595959], [50943, 0.1905425565326633], [51199, 0.19130859375], [51455, 0.19255286069651742], [51711, 0.19388149752475248], [51967, 0.19519704433497537], [52223, 0.1946997549019608], [52479, 0.19375], [52735, 0.19280946601941748], [52846, 0.19240448842886068]], "candidate_count_total": 36, "confirmed_count_total": 36, "created_at": 1767841938.4368198}