{"dataset_name": "sine_nodrift", "dataset_type": "sine", "model_variant": "ts_drift_adapt", "seed": 3, "monitor_preset": "error_divergence_ph_meta@error.threshold=0.10,error.min_instances=5", "monitor_preset_base": "error_divergence_ph_meta", "monitor_ph_params": {"error_rate": {"delta": 0.005, "alpha": 0.15, "threshold": 0.1, "min_instances": 5}, "divergence": {"delta": 0.005, "alpha": 0.1, "threshold": 0.05, "min_instances": 30}}, "monitor_ph_overrides": {"error_rate": {"threshold": 0.1, "min_instances": 5}}, "trigger_mode": "two_stage", "trigger_k": 2, "trigger_threshold": 0.5, "trigger_weights": "__confirm_cooldown=200,__confirm_rule=perm_test,__perm_alpha=0.01,__perm_delta_k=50,__perm_min_effect=0,__perm_n_perm=200,__perm_post_n=10,__perm_pre_n=500,__perm_rng_seed=0,__perm_stat=delta_fused_score,divergence=0.3,error_rate=0.5,teacher_entropy=0.2", "confirm_window": 3, "confirm_cooldown": 0, "adaptive_cooldown_enabled": 0, "adaptive_window": 10000, "adaptive_lower_per10k": 10.0, "adaptive_upper_per10k": 25.0, "adaptive_cooldown_low": 200, "adaptive_cooldown_high": 500, "severity_scheduler_scale": 1.0, "use_severity_v2": 0, "severity_gate": "none", "severity_gate_min_streak": 1, "entropy_mode": "overconfident", "severity_decay": 0.95, "freeze_baseline_steps": 0, "n_steps": 800, "horizon": 10000, "acc_final": 0.9129, "mean_acc": 0.8288285844169424, "acc_min": 0.546875, "candidate_sample_idxs": [319, 639, 959, 1279, 1663, 2431, 2943, 3327, 3647, 3967, 4287, 4607, 4927, 5247, 5567, 6079, 6399, 6911, 7743, 8063, 8511, 8831, 9407], "confirmed_sample_idxs": [703, 959, 1279, 1663, 2431, 2943, 3327, 3647, 3967, 4671, 4927, 6079, 6399, 6911, 7743, 8511, 8831, 9407], "acc_series": [[63, 0.546875], [127, 0.625], [191, 0.6302083333333334], [255, 0.64453125], [319, 0.66875], [383, 0.6953125], [447, 0.6941964285714286], [511, 0.681640625], [575, 0.6614583333333334], [639, 0.65], [703, 0.6420454545454546], [767, 0.62890625], [831, 0.6274038461538461], [895, 0.6328125], [959, 0.63125], [1023, 0.630859375], [1087, 0.6424632352941176], [1151, 0.65625], [1215, 0.6702302631578947], [1279, 0.678125], [1343, 0.6867559523809523], [1407, 0.6917613636363636], [1471, 0.7010869565217391], [1535, 0.7076822916666666], [1599, 0.7175], [1663, 0.7223557692307693], [1727, 0.7262731481481481], [1791, 0.7293526785714286], [1855, 0.7359913793103449], [1919, 0.7421875], [1983, 0.7474798387096774], [2047, 0.75341796875], [2111, 0.7599431818181818], [2175, 0.7651654411764706], [2239, 0.7705357142857143], [2303, 0.7764756944444444], [2367, 0.7808277027027027], [2431, 0.7845394736842105], [2495, 0.7880608974358975], [2559, 0.7921875], [2623, 0.7953506097560976], [2687, 0.7983630952380952], [2751, 0.8023255813953488], [2815, 0.8053977272727273], [2879, 0.8090277777777778], [2943, 0.8101222826086957], [3007, 0.8138297872340425], [3071, 0.8154296875], [3135, 0.8185586734693877], [3199, 0.8215625], [3263, 0.8244485294117647], [3327, 0.8263221153846154], [3391, 0.8293042452830188], [3455, 0.8313078703703703], [3519, 0.8326704545454545], [3583, 0.8337053571428571], [3647, 0.8344298245614035], [3711, 0.8359375], [3775, 0.8371292372881356], [3839, 0.8393229166666667], [3903, 0.8401639344262295], [3967, 0.8422379032258065], [4031, 0.8432539682539683], [4095, 0.844970703125], [4159, 0.846875], [4223, 0.8480113636363636], [4287, 0.8500466417910447], [4351, 0.8508731617647058], [4415, 0.8519021739130435], [4479, 0.8535714285714285], [4543, 0.8549735915492958], [4607, 0.8569878472222222], [4671, 0.8572345890410958], [4735, 0.8585304054054054], [4799, 0.8602083333333334], [4863, 0.8614309210526315], [4927, 0.862012987012987], [4991, 0.8631810897435898], [5055, 0.864121835443038], [5119, 0.865234375], [5183, 0.8657407407407407], [5247, 0.8668064024390244], [5311, 0.8680346385542169], [5375, 0.8692336309523809], [5439, 0.8707720588235294], [5503, 0.8711845930232558], [5567, 0.8721264367816092], [5631, 0.8725142045454546], [5695, 0.8734199438202247], [5759, 0.8746527777777777], [5823, 0.8760302197802198], [5887, 0.8770380434782609], [5951, 0.8778561827956989], [6015, 0.8788231382978723], [6079, 0.8792763157894737], [6143, 0.8800455729166666], [6207, 0.8806378865979382], [6271, 0.8810586734693877], [6335, 0.8817866161616161], [6399, 0.88234375], [6463, 0.8827351485148515], [6527, 0.8837316176470589], [6591, 0.8847087378640777], [6655, 0.8850661057692307], [6719, 0.8858630952380953], [6783, 0.8866450471698113], [6847, 0.8872663551401869], [6911, 0.8878761574074074], [6975, 0.8884747706422018], [7039, 0.889346590909091], [7103, 0.8900619369369369], [7167, 0.8910435267857143], [7231, 0.8917311946902655], [7295, 0.8924067982456141], [7359, 0.893070652173913], [7423, 0.8938577586206896], [7487, 0.8946314102564102], [7551, 0.8948622881355932], [7615, 0.895483193277311], [7679, 0.8962239583333333], [7743, 0.896823347107438], [7807, 0.8976690573770492], [7871, 0.898119918699187], [7935, 0.8988155241935484], [7999, 0.8995], [8063, 0.9001736111111112], [8127, 0.9009596456692913], [8191, 0.9014892578125], [8255, 0.9017684108527132], [8319, 0.9024038461538462], [8383, 0.9030295801526718], [8447, 0.9036458333333334], [8511, 0.9037828947368421], [8575, 0.9041511194029851], [8639, 0.9048611111111111], [8703, 0.9053308823529411], [8767, 0.9057937956204379], [8831, 0.90625], [8895, 0.9066996402877698], [8959, 0.9073660714285714], [9023, 0.9078014184397163], [9087, 0.9080105633802817], [9151, 0.9082167832167832], [9215, 0.9086371527777778], [9279, 0.9087284482758621], [9343, 0.9090325342465754], [9407, 0.9094387755102041], [9471, 0.9100506756756757], [9535, 0.910130033557047], [9599, 0.910625], [9663, 0.9109064569536424], [9727, 0.9112870065789473], [9791, 0.9115604575163399], [9855, 0.9120332792207793], [9919, 0.9125], [9983, 0.9128605769230769], [9999, 0.9129]], "candidate_count_total": 23, "confirmed_count_total": 18, "created_at": 1768146337.8311977, "confirm_rule_effective": "perm_test", "last_perm_pvalue": 0.004975124378109453, "last_perm_effect": 0.07927634971050984, "perm_test_count_total": 36, "perm_accept_count_total": 18, "perm_reject_count_total": 18, "perm_alpha": 0.01, "perm_pvalue_p50": 0.014925373134328358, "perm_pvalue_p90": 1.0, "perm_pvalue_p99": 1.0, "perm_pvalue_le_alpha_ratio": 0.5, "perm_effect_p50": 0.029992355665860324, "perm_effect_p90": 0.07801002739429168, "perm_effect_p99": 0.17406181296989978}