{"dataset_name": "INSECTS_abrupt_balanced", "dataset_type": "insects_real", "model_variant": "ts_drift_adapt_severity", "seed": 7, "monitor_preset": "error_divergence_ph_meta@error.threshold=0.05,error.min_instances=5", "monitor_preset_base": "error_divergence_ph_meta", "monitor_ph_params": {"error_rate": {"delta": 0.005, "alpha": 0.15, "threshold": 0.05, "min_instances": 5}, "divergence": {"delta": 0.005, "alpha": 0.1, "threshold": 0.05, "min_instances": 30}}, "monitor_ph_overrides": {"error_rate": {"threshold": 0.05, "min_instances": 5}}, "trigger_mode": "two_stage", "trigger_k": 2, "trigger_threshold": 0.5, "trigger_weights": "confirm_cooldown=200,divergence=0.3,error_rate=0.5,teacher_entropy=0.2", "confirm_window": 1, "confirm_cooldown": 0, "adaptive_cooldown_enabled": 0, "adaptive_window": 10000, "adaptive_lower_per10k": 10.0, "adaptive_upper_per10k": 25.0, "adaptive_cooldown_low": 200, "adaptive_cooldown_high": 500, "severity_scheduler_scale": 2.0, "use_severity_v2": 1, "severity_gate": "confirmed_streak", "severity_gate_min_streak": 5, "entropy_mode": "uncertain", "severity_decay": 0.95, "freeze_baseline_steps": 5, "n_steps": 1200, "horizon": 52847, "acc_final": 0.20048441728007266, "mean_acc": 0.1943289468030453, "acc_min": 0.0625, "candidate_sample_idxs": [1279, 2559, 3839, 5119, 6399, 7679, 8959, 10239, 11519, 12799, 14079, 15103, 15359, 17919, 19199, 20479, 21759, 23039, 24319, 25599, 26879, 28159, 30463, 31743, 33023, 34303, 35583, 36863, 38143, 39423, 40703, 41983, 43263, 44543, 45823, 47103, 48895, 50175, 51455, 52735], "confirmed_sample_idxs": [1279, 2559, 3839, 5119, 6399, 7679, 8959, 10239, 11519, 12799, 14079, 15359, 17919, 19199, 20479, 21759, 23039, 24319, 25599, 26879, 28159, 30463, 31743, 33023, 34303, 35583, 36863, 38143, 39423, 40703, 41983, 43263, 44543, 45823, 47103, 48895, 50175, 51455, 52735], "acc_series": [[255, 0.0625], [511, 0.09375], [767, 0.11848958333333333], [1023, 0.1328125], [1279, 0.1484375], [1535, 0.15625], [1791, 0.15848214285714285], [2047, 0.1630859375], [2303, 0.16927083333333334], [2559, 0.175390625], [2815, 0.17649147727272727], [3071, 0.18001302083333334], [3327, 0.18209134615384615], [3583, 0.18610491071428573], [3839, 0.18880208333333334], [4095, 0.190185546875], [4351, 0.19025735294117646], [4607, 0.1890190972222222], [4863, 0.18955592105263158], [5119, 0.18828125], [5375, 0.18861607142857142], [5631, 0.1903409090909091], [5887, 0.19191576086956522], [6143, 0.19401041666666666], [6399, 0.19453125], [6655, 0.19305889423076922], [6911, 0.1948784722222222], [7167, 0.19587053571428573], [7423, 0.19639008620689655], [7679, 0.19609375], [7935, 0.19770665322580644], [8191, 0.197021484375], [8447, 0.1973248106060606], [8703, 0.19887408088235295], [8959, 0.2005580357142857], [9215, 0.20149739583333334], [9471, 0.2014358108108108], [9727, 0.20271381578947367], [9983, 0.2026241987179487], [10239, 0.20341796875], [10495, 0.20360137195121952], [10751, 0.20414806547619047], [11007, 0.20439680232558138], [11263, 0.20525568181818182], [11519, 0.20512152777777778], [11775, 0.2061820652173913], [12031, 0.2064494680851064], [12287, 0.20646158854166666], [12543, 0.20655293367346939], [12799, 0.203125], [13055, 0.19914215686274508], [13311, 0.1953125], [13567, 0.19162735849056603], [13823, 0.18872974537037038], [14079, 0.1903409090909091], [14335, 0.19963727678571427], [14591, 0.1972313596491228], [14847, 0.19383081896551724], [15103, 0.19061175847457626], [15359, 0.18743489583333334], [15615, 0.1843621926229508], [15871, 0.18138860887096775], [16127, 0.17857142857142858], [16383, 0.17578125], [16639, 0.17307692307692307], [16895, 0.17045454545454544], [17151, 0.16791044776119404], [17407, 0.1654986213235294], [17663, 0.16310009057971014], [17919, 0.16322544642857142], [18175, 0.16846390845070422], [18431, 0.17236328125], [18687, 0.176048801369863], [18943, 0.17989864864864866], [19199, 0.18322916666666667], [19455, 0.18734580592105263], [19711, 0.18897118506493507], [19967, 0.18915264423076922], [20223, 0.18937895569620253], [20479, 0.18974609375], [20735, 0.18981481481481483], [20991, 0.18992949695121952], [21247, 0.18990022590361447], [21503, 0.19024367559523808], [21759, 0.19021139705882353], [22015, 0.19049781976744187], [22271, 0.19127155172413793], [22527, 0.19193892045454544], [22783, 0.19294241573033707], [23039, 0.1939670138888889], [23295, 0.19544127747252749], [23551, 0.197265625], [23807, 0.19879872311827956], [24063, 0.20034075797872342], [24319, 0.20111019736842106], [24575, 0.2021484375], [24831, 0.20324581185567012], [25087, 0.20436065051020408], [25343, 0.20572916666666666], [25599, 0.20671875], [25855, 0.2078434405940594], [26111, 0.20879289215686275], [26367, 0.20968598300970873], [26623, 0.21022385817307693], [26879, 0.2109002976190476], [27135, 0.21115860849056603], [27391, 0.21181366822429906], [27647, 0.2131076388888889], [27903, 0.21412700688073394], [28159, 0.2126065340909091], [28415, 0.2107615427927928], [28671, 0.20887974330357142], [28927, 0.20713495575221239], [29183, 0.20552357456140352], [29439, 0.20387228260869567], [29695, 0.20228313577586207], [29951, 0.20072115384615385], [30207, 0.19945047669491525], [30463, 0.19820115546218486], [30719, 0.19694010416666666], [30975, 0.19576446280991736], [31231, 0.1945440573770492], [31487, 0.19331173780487804], [31743, 0.1926978326612903], [31999, 0.1918125], [32255, 0.1923983134920635], [32511, 0.19297490157480315], [32767, 0.19451904296875], [33023, 0.1964934593023256], [33279, 0.19705528846153847], [33535, 0.1971016221374046], [33791, 0.197265625], [34047, 0.19754464285714285], [34303, 0.1974696828358209], [34559, 0.19719328703703703], [34815, 0.19686351102941177], [35071, 0.19659557481751824], [35327, 0.19675611413043478], [35583, 0.19705485611510792], [35839, 0.1970703125], [36095, 0.19700243794326242], [36351, 0.1972381161971831], [36607, 0.19714270104895104], [36863, 0.1969672309027778], [37119, 0.19700969827586207], [37375, 0.1970783390410959], [37631, 0.19719919217687074], [37887, 0.19760874155405406], [38143, 0.19785549496644295], [38399, 0.19653645833333333], [38655, 0.19523489238410596], [38911, 0.19508120888157895], [39167, 0.19541462418300654], [39423, 0.19571834415584416], [39679, 0.19566532258064517], [39935, 0.19611378205128205], [40191, 0.19638236464968153], [40447, 0.19654865506329114], [40703, 0.1967619889937107], [40959, 0.19697265625], [41215, 0.19718070652173914], [41471, 0.1978202160493827], [41727, 0.1983799846625767], [41983, 0.19867092225609756], [42239, 0.19945549242424243], [42495, 0.1999952936746988], [42751, 0.2008561002994012], [43007, 0.20175316220238096], [43263, 0.20266272189349113], [43519, 0.2035845588235294], [43775, 0.20419864766081872], [44031, 0.20539607558139536], [44287, 0.20597001445086704], [44543, 0.20669450431034483], [44799, 0.20725446428571428], [45055, 0.2081631747159091], [45311, 0.20897334039548024], [45567, 0.20984023876404495], [45823, 0.21056651536312848], [46079, 0.21141493055555555], [46335, 0.2120813190607735], [46591, 0.21295501373626374], [46847, 0.21305071721311475], [47103, 0.2119140625], [47359, 0.21089527027027027], [47615, 0.20980342741935484], [47871, 0.20868148395721925], [48127, 0.20763380984042554], [48383, 0.20667989417989419], [48639, 0.20571546052631579], [48895, 0.20469977094240838], [49151, 0.20377604166666666], [49407, 0.202922603626943], [49663, 0.20197728737113402], [49919, 0.20112179487179488], [50175, 0.2002750318877551], [50431, 0.19953600888324874], [50687, 0.1988833648989899], [50943, 0.19880653266331658], [51199, 0.1993359375], [51455, 0.20026819029850745], [51711, 0.20169399752475248], [51967, 0.2032212130541872], [52223, 0.20283777573529413], [52479, 0.2018673780487805], [52735, 0.20090640169902912], [52846, 0.20048441728007266]], "candidate_count_total": 39, "confirmed_count_total": 39, "created_at": 1767880909.6991868}