{"dataset_name": "INSECTS_abrupt_balanced", "dataset_type": "insects_real", "model_variant": "ts_drift_adapt_severity", "seed": 5, "monitor_preset": "error_divergence_ph_meta@error.threshold=0.05,error.min_instances=5", "monitor_preset_base": "error_divergence_ph_meta", "monitor_ph_params": {"error_rate": {"delta": 0.005, "alpha": 0.15, "threshold": 0.05, "min_instances": 5}, "divergence": {"delta": 0.005, "alpha": 0.1, "threshold": 0.05, "min_instances": 30}}, "monitor_ph_overrides": {"error_rate": {"threshold": 0.05, "min_instances": 5}}, "trigger_mode": "two_stage", "trigger_k": 2, "trigger_threshold": 0.5, "trigger_weights": "confirm_cooldown=200,divergence=0.3,error_rate=0.5,teacher_entropy=0.2", "confirm_window": 1, "confirm_cooldown": 0, "adaptive_cooldown_enabled": 0, "adaptive_window": 10000, "adaptive_lower_per10k": 10.0, "adaptive_upper_per10k": 25.0, "adaptive_cooldown_low": 200, "adaptive_cooldown_high": 500, "severity_scheduler_scale": 1.0, "use_severity_v2": 0, "severity_gate": "none", "severity_gate_min_streak": 1, "entropy_mode": "overconfident", "severity_decay": 0.95, "freeze_baseline_steps": 0, "n_steps": 1200, "horizon": 52847, "acc_final": 0.20941586088141237, "mean_acc": 0.20560670801254455, "acc_min": 0.13671875, "candidate_sample_idxs": [1279, 2559, 3839, 5119, 6399, 7679, 8959, 10239, 11519, 12799, 14079, 15359, 17919, 19199, 20479, 21759, 23039, 24319, 25599, 26879, 28159, 29695, 30975, 32255, 33535, 34815, 36095, 37375, 38655, 39935, 41215, 42495, 43775, 45055, 46335, 47615, 48895, 50175, 51455, 52735], "confirmed_sample_idxs": [1279, 2559, 3839, 5119, 6399, 7679, 8959, 10239, 11519, 12799, 14079, 15359, 17919, 19199, 20479, 21759, 23039, 24319, 25599, 26879, 28159, 29695, 30975, 32255, 33535, 34815, 36095, 37375, 38655, 39935, 41215, 42495, 43775, 45055, 46335, 47615, 48895, 50175, 51455, 52735], "acc_series": [[255, 0.13671875], [511, 0.15625], [767, 0.14973958333333334], [1023, 0.173828125], [1279, 0.18203125], [1535, 0.18880208333333334], [1791, 0.18582589285714285], [2047, 0.1953125], [2303, 0.2009548611111111], [2559, 0.20859375], [2815, 0.2080965909090909], [3071, 0.2099609375], [3327, 0.2109375], [3583, 0.2109375], [3839, 0.2140625], [4095, 0.213134765625], [4351, 0.21783088235294118], [4607, 0.2163628472222222], [4863, 0.21669407894736842], [5119, 0.2166015625], [5375, 0.21614583333333334], [5631, 0.21715198863636365], [5887, 0.21671195652173914], [6143, 0.21761067708333334], [6399, 0.216875], [6655, 0.21649639423076922], [6911, 0.2152777777777778], [7167, 0.2158203125], [7423, 0.21780711206896552], [7679, 0.21783854166666666], [7935, 0.21799395161290322], [8191, 0.2200927734375], [8447, 0.21957859848484848], [8703, 0.22081801470588236], [8959, 0.22198660714285715], [9215, 0.22374131944444445], [9471, 0.22276182432432431], [9727, 0.224609375], [9983, 0.22646233974358973], [10239, 0.22666015625], [10495, 0.22570503048780488], [10751, 0.22702752976190477], [11007, 0.22701671511627908], [11263, 0.22505326704545456], [11519, 0.22578125], [11775, 0.22605298913043478], [12031, 0.2269780585106383], [12287, 0.22664388020833334], [12543, 0.22767857142857142], [12799, 0.224375], [13055, 0.21997549019607843], [13311, 0.21574519230769232], [13567, 0.2116745283018868], [13823, 0.20833333333333334], [14079, 0.2083806818181818], [14335, 0.21616908482142858], [14591, 0.21340460526315788], [14847, 0.20972521551724138], [15103, 0.20623675847457626], [15359, 0.20279947916666666], [15615, 0.1994748975409836], [15871, 0.19625756048387097], [16127, 0.1932043650793651], [16383, 0.190185546875], [16639, 0.18725961538461539], [16895, 0.18442234848484848], [17151, 0.181669776119403], [17407, 0.17905560661764705], [17663, 0.17646059782608695], [17919, 0.17628348214285713], [18175, 0.18106294014084506], [18431, 0.1838650173611111], [18687, 0.18691138698630136], [18943, 0.18897804054054054], [19199, 0.19078125], [19455, 0.19263980263157895], [19711, 0.1930296266233766], [19967, 0.19310897435897437], [20223, 0.19279074367088608], [20479, 0.192822265625], [20735, 0.19261188271604937], [20991, 0.19264481707317074], [21247, 0.19244164156626506], [21503, 0.19228980654761904], [21759, 0.19214154411764706], [22015, 0.19231468023255813], [22271, 0.19261853448275862], [22527, 0.19273792613636365], [22783, 0.1932935393258427], [23039, 0.1939670138888889], [23295, 0.19475446428571427], [23551, 0.19624660326086957], [23807, 0.19728662634408603], [24063, 0.1985123005319149], [24319, 0.19962993421052633], [24575, 0.20039876302083334], [24831, 0.20147390463917525], [25087, 0.2028858418367347], [25343, 0.20415088383838384], [25599, 0.2053515625], [25855, 0.2067605198019802], [26111, 0.20768229166666666], [26367, 0.2083206917475728], [26623, 0.20966045673076922], [26879, 0.21078869047619048], [27135, 0.21230100235849056], [27391, 0.213419976635514], [27647, 0.2152416087962963], [27903, 0.21656393348623854], [28159, 0.21484375], [28415, 0.21290822072072071], [28671, 0.21107700892857142], [28927, 0.20924363938053098], [29183, 0.20754523026315788], [29439, 0.20597826086956522], [29695, 0.20440463362068967], [29951, 0.203125], [30207, 0.20199947033898305], [30463, 0.20105698529411764], [30719, 0.19986979166666666], [30975, 0.1987990702479339], [31231, 0.19797003073770492], [31487, 0.19750381097560976], [31743, 0.19773815524193547], [31999, 0.198375], [32255, 0.2001798115079365], [32511, 0.2017716535433071], [32767, 0.20343017578125], [33023, 0.20521438953488372], [33279, 0.20543870192307692], [33535, 0.20506321564885496], [33791, 0.20519649621212122], [34047, 0.20521029135338345], [34303, 0.20499067164179105], [34559, 0.20457175925925927], [34815, 0.2040728400735294], [35071, 0.2038663321167883], [35327, 0.20391757246376813], [35583, 0.20419289568345322], [35839, 0.20435267857142858], [36095, 0.20403922872340424], [36351, 0.20428036971830985], [36607, 0.20429960664335664], [36863, 0.2041558159722222], [37119, 0.20433728448275862], [37375, 0.20435573630136986], [37631, 0.20458652210884354], [37887, 0.20499894425675674], [38143, 0.20509123322147652], [38399, 0.20372395833333334], [38655, 0.20240066225165562], [38911, 0.20217413651315788], [39167, 0.2022314133986928], [39423, 0.20233867694805194], [39679, 0.20239415322580645], [39935, 0.2024238782051282], [40191, 0.2024781050955414], [40447, 0.2026799841772152], [40703, 0.20260908018867924], [40959, 0.2029052734375], [41215, 0.20300368788819875], [41471, 0.20348668981481483], [41727, 0.20403565950920247], [41983, 0.2044826600609756], [42239, 0.20516098484848486], [42495, 0.20583113704819278], [42751, 0.2063997005988024], [43007, 0.20707775297619047], [43263, 0.20788646449704143], [43519, 0.20857077205882352], [43775, 0.20906432748538012], [44031, 0.21014262354651161], [44287, 0.21066654624277456], [44543, 0.2113640445402299], [44799, 0.2121875], [45055, 0.2132235440340909], [45311, 0.21398305084745764], [45567, 0.2150193117977528], [45823, 0.21582576815642457], [46079, 0.21684027777777778], [46335, 0.2178435773480663], [46591, 0.2187285370879121], [46847, 0.2188353825136612], [47103, 0.2176460597826087], [47359, 0.21649070945945945], [47615, 0.21536878360215053], [47871, 0.2142379679144385], [48127, 0.21309840425531915], [48383, 0.21199156746031747], [48639, 0.21104029605263158], [48895, 0.21003763089005237], [49151, 0.20920817057291666], [49407, 0.20852898316062177], [49663, 0.20781652706185566], [49919, 0.20731169871794872], [50175, 0.20723054846938777], [50431, 0.20764593908629442], [50687, 0.2080374053030303], [50943, 0.20856234296482412], [51199, 0.2093359375], [51455, 0.2103350435323383], [51711, 0.21136293316831684], [51967, 0.2125346366995074], [52223, 0.2119140625], [52479, 0.21088033536585366], [52735, 0.20985664441747573], [52846, 0.20941586088141237]], "candidate_count_total": 40, "confirmed_count_total": 40, "created_at": 1767871493.0972655}