{"dataset_name": "sine_nodrift", "dataset_type": "sine", "model_variant": "ts_drift_adapt", "seed": 2, "monitor_preset": "error_divergence_ph_meta@error.threshold=0.10,error.min_instances=5", "monitor_preset_base": "error_divergence_ph_meta", "monitor_ph_params": {"error_rate": {"delta": 0.005, "alpha": 0.15, "threshold": 0.1, "min_instances": 5}, "divergence": {"delta": 0.005, "alpha": 0.1, "threshold": 0.05, "min_instances": 30}}, "monitor_ph_overrides": {"error_rate": {"threshold": 0.1, "min_instances": 5}}, "trigger_mode": "two_stage", "trigger_k": 2, "trigger_threshold": 0.5, "trigger_weights": "__confirm_cooldown=200,__confirm_rule=perm_test,__perm_alpha=0.02,__perm_min_effect=0,__perm_n_perm=200,__perm_post_n=20,__perm_pre_n=500,__perm_rng_seed=0,__perm_stat=vote_score,divergence=0.3,error_rate=0.5,teacher_entropy=0.2", "confirm_window": 3, "confirm_cooldown": 0, "adaptive_cooldown_enabled": 0, "adaptive_window": 10000, "adaptive_lower_per10k": 10.0, "adaptive_upper_per10k": 25.0, "adaptive_cooldown_low": 200, "adaptive_cooldown_high": 500, "severity_scheduler_scale": 1.0, "use_severity_v2": 0, "severity_gate": "none", "severity_gate_min_streak": 1, "entropy_mode": "overconfident", "severity_decay": 0.95, "freeze_baseline_steps": 0, "n_steps": 800, "horizon": 10000, "acc_final": 0.9327, "mean_acc": 0.8751374886462949, "acc_min": 0.546875, "candidate_sample_idxs": [319, 639, 959, 1279, 1599, 2111, 2559, 2879, 3711, 4031, 4351, 4671, 4991, 5631, 6847, 7167, 8063, 8447, 8767, 9087], "confirmed_sample_idxs": [639, 959, 1279, 1599, 2111, 2559, 2879, 3711, 4031, 4351, 4671, 4991, 5631, 6847, 7167, 8063, 8447, 8767, 9087], "acc_series": [[63, 0.546875], [127, 0.546875], [191, 0.6041666666666666], [255, 0.66015625], [319, 0.684375], [383, 0.6927083333333334], [447, 0.7165178571428571], [511, 0.728515625], [575, 0.7395833333333334], [639, 0.746875], [703, 0.7528409090909091], [767, 0.7630208333333334], [831, 0.7728365384615384], [895, 0.78125], [959, 0.7854166666666667], [1023, 0.787109375], [1087, 0.7840073529411765], [1151, 0.7890625], [1215, 0.7952302631578947], [1279, 0.79609375], [1343, 0.8043154761904762], [1407, 0.8061079545454546], [1471, 0.8097826086956522], [1535, 0.8151041666666666], [1599, 0.818125], [1663, 0.8209134615384616], [1727, 0.8252314814814815], [1791, 0.828125], [1855, 0.8297413793103449], [1919, 0.8328125], [1983, 0.8371975806451613], [2047, 0.8408203125], [2111, 0.84375], [2175, 0.8446691176470589], [2239, 0.8464285714285714], [2303, 0.8493923611111112], [2367, 0.8526182432432432], [2431, 0.8548519736842105], [2495, 0.8577724358974359], [2559, 0.858203125], [2623, 0.8601371951219512], [2687, 0.8619791666666666], [2751, 0.8633720930232558], [2815, 0.8661221590909091], [2879, 0.8684027777777777], [2943, 0.868546195652174], [3007, 0.8700132978723404], [3071, 0.8723958333333334], [3135, 0.8740433673469388], [3199, 0.8759375], [3263, 0.8774509803921569], [3327, 0.8792067307692307], [3391, 0.8811910377358491], [3455, 0.8828125], [3519, 0.884090909090909], [3583, 0.8844866071428571], [3647, 0.8854166666666666], [3711, 0.8857758620689655], [3775, 0.8863877118644068], [3839, 0.8872395833333333], [3903, 0.8872950819672131], [3967, 0.8878528225806451], [4031, 0.8893849206349206], [4095, 0.890625], [4159, 0.8908653846153847], [4223, 0.8918087121212122], [4287, 0.8927238805970149], [4351, 0.8936121323529411], [4415, 0.8947010869565217], [4479, 0.8950892857142857], [4543, 0.8959066901408451], [4607, 0.896484375], [4671, 0.8966181506849316], [4735, 0.8961148648648649], [4799, 0.89625], [4863, 0.8969983552631579], [4927, 0.8971185064935064], [4991, 0.897636217948718], [5055, 0.8989319620253164], [5119, 0.9], [5183, 0.9008487654320988], [5247, 0.9018673780487805], [5311, 0.9024849397590361], [5375, 0.9034598214285714], [5439, 0.9045955882352941], [5503, 0.9053415697674418], [5567, 0.9064295977011494], [5631, 0.9064275568181818], [5695, 0.907127808988764], [5759, 0.9074652777777777], [5823, 0.907967032967033], [5887, 0.9089673913043478], [5951, 0.9096102150537635], [6015, 0.909408244680851], [6079, 0.9098684210526315], [6143, 0.91064453125], [6207, 0.911243556701031], [6271, 0.9118303571428571], [6335, 0.912405303030303], [6399, 0.913125], [6463, 0.9138304455445545], [6527, 0.9145220588235294], [6591, 0.9148968446601942], [6655, 0.9152644230769231], [6719, 0.915625], [6783, 0.9162735849056604], [6847, 0.9167640186915887], [6911, 0.9172453703703703], [6975, 0.9178612385321101], [7039, 0.9181818181818182], [7103, 0.9187781531531531], [7167, 0.9186662946428571], [7231, 0.9191095132743363], [7295, 0.9195449561403509], [7359, 0.9199728260869565], [7423, 0.9206627155172413], [7487, 0.9208066239316239], [7551, 0.9213453389830508], [7615, 0.9217436974789915], [7679, 0.922265625], [7743, 0.9226497933884298], [7807, 0.9228995901639344], [7871, 0.9232723577235772], [7935, 0.9235131048387096], [7999, 0.923875], [8063, 0.9241071428571429], [8127, 0.9247047244094488], [8191, 0.925048828125], [8255, 0.9253875968992248], [8319, 0.9257211538461538], [8383, 0.9259303435114504], [8447, 0.9258996212121212], [8511, 0.9261043233082706], [8575, 0.9264225746268657], [8639, 0.9269675925925925], [8703, 0.9271599264705882], [8767, 0.9275775547445255], [8831, 0.927536231884058], [8895, 0.9279451438848921], [8959, 0.9283482142857142], [9023, 0.9286347517730497], [9087, 0.9286971830985915], [9151, 0.928868006993007], [9215, 0.9292534722222222], [9279, 0.9295258620689655], [9343, 0.9296875], [9407, 0.9300595238095238], [9471, 0.9302153716216216], [9535, 0.9304739932885906], [9599, 0.9308333333333333], [9663, 0.9312913907284768], [9727, 0.9315378289473685], [9791, 0.931781045751634], [9855, 0.9320211038961039], [9919, 0.932358870967742], [9983, 0.9325921474358975], [9999, 0.9327]], "candidate_count_total": 20, "confirmed_count_total": 19, "created_at": 1768152215.204449, "confirm_rule_effective": "perm_test", "last_perm_pvalue": 0.004975124378109453, "last_perm_effect": 0.4533875051045586, "perm_test_count_total": 19, "perm_accept_count_total": 19, "perm_reject_count_total": 0, "perm_alpha": 0.02, "perm_pvalue_p50": 0.004975124378109453, "perm_pvalue_p90": 0.004975124378109453, "perm_pvalue_p99": 0.004975124378109453, "perm_pvalue_le_alpha_ratio": 1.0, "perm_effect_p50": 0.4436693196035095, "perm_effect_p90": 0.5, "perm_effect_p99": 0.5}