{"dataset_name": "INSECTS_abrupt_balanced", "dataset_type": "insects_real", "model_variant": "ts_drift_adapt_severity", "seed": 8, "monitor_preset": "error_divergence_ph_meta@error.threshold=0.05,error.min_instances=5", "monitor_preset_base": "error_divergence_ph_meta", "monitor_ph_params": {"error_rate": {"delta": 0.005, "alpha": 0.15, "threshold": 0.05, "min_instances": 5}, "divergence": {"delta": 0.005, "alpha": 0.1, "threshold": 0.05, "min_instances": 30}}, "monitor_ph_overrides": {"error_rate": {"threshold": 0.05, "min_instances": 5}}, "trigger_mode": "two_stage", "trigger_k": 2, "trigger_threshold": 0.5, "trigger_weights": "adaptive_cooldown=1,adaptive_cooldown_high=500,adaptive_cooldown_low=200,adaptive_lower_per10k=10,adaptive_upper_per10k=25,adaptive_window=10000,confirm_cooldown=200,divergence=0.3,error_rate=0.5,teacher_entropy=0.2", "confirm_window": 1, "confirm_cooldown": 0, "adaptive_cooldown_enabled": 0, "adaptive_window": 10000, "adaptive_lower_per10k": 10.0, "adaptive_upper_per10k": 25.0, "adaptive_cooldown_low": 200, "adaptive_cooldown_high": 500, "severity_scheduler_scale": 1.0, "use_severity_v2": 0, "severity_gate": "none", "severity_gate_min_streak": 1, "entropy_mode": "overconfident", "severity_decay": 0.95, "freeze_baseline_steps": 0, "n_steps": 1200, "horizon": 52847, "acc_final": 0.21427895623214185, "mean_acc": 0.20517135970699088, "acc_min": 0.1693840579710145, "candidate_sample_idxs": [1279, 2559, 3839, 5119, 6399, 7679, 8959, 10239, 11519, 12799, 14335, 15359, 16127, 17919, 19199, 20479, 21759, 23039, 24319, 25599, 26879, 28159, 29439, 30719, 31999, 33279, 34559, 35839, 37119, 38399, 39679, 40959, 42239, 43519, 44799, 46079, 47359, 48639, 49919, 51199, 52479], "confirmed_sample_idxs": [1279, 2559, 3839, 5119, 6399, 7679, 8959, 10239, 11519, 12799, 14335, 16127, 17919, 19199, 20479, 21759, 23039, 24319, 25599, 26879, 28159, 29439, 30719, 31999, 33279, 34559, 35839, 37119, 38399, 39679, 40959, 42239, 43519, 44799, 46079, 47359, 48639, 49919, 51199, 52479], "acc_series": [[255, 0.1953125], [511, 0.193359375], [767, 0.18619791666666666], [1023, 0.1845703125], [1279, 0.184375], [1535, 0.185546875], [1791, 0.19196428571428573], [2047, 0.1923828125], [2303, 0.19140625], [2559, 0.191796875], [2815, 0.1903409090909091], [3071, 0.18977864583333334], [3327, 0.19200721153846154], [3583, 0.19503348214285715], [3839, 0.19609375], [4095, 0.198486328125], [4351, 0.19669117647058823], [4607, 0.19661458333333334], [4863, 0.19777960526315788], [5119, 0.1962890625], [5375, 0.19624255952380953], [5631, 0.19762073863636365], [5887, 0.19870923913043478], [6143, 0.20003255208333334], [6399, 0.20140625], [6655, 0.2032752403846154], [6911, 0.20384837962962962], [7167, 0.20382254464285715], [7423, 0.20379849137931033], [7679, 0.20377604166666666], [7935, 0.2053931451612903], [8191, 0.208251953125], [8447, 0.20868844696969696], [8703, 0.20955882352941177], [8959, 0.21272321428571428], [9215, 0.21375868055555555], [9471, 0.2139991554054054], [9727, 0.21546052631578946], [9983, 0.21774839743589744], [10239, 0.21748046875], [10495, 0.2190358231707317], [10751, 0.22154017857142858], [11007, 0.22211119186046513], [11263, 0.22283380681818182], [11519, 0.22361111111111112], [11775, 0.22503396739130435], [12031, 0.22573138297872342], [12287, 0.22664388020833334], [12543, 0.22895408163265307], [12799, 0.225390625], [13055, 0.22097120098039216], [13311, 0.21672175480769232], [13567, 0.21263266509433962], [13823, 0.20869502314814814], [14079, 0.20525568181818182], [14335, 0.20577566964285715], [14591, 0.20429002192982457], [14847, 0.20090247844827586], [15103, 0.1975635593220339], [15359, 0.19427083333333334], [15615, 0.1910860655737705], [15871, 0.18800403225806453], [16127, 0.18508184523809523], [16383, 0.18218994140625], [16639, 0.17938701923076922], [16895, 0.1766690340909091], [17151, 0.1740321828358209], [17407, 0.17158777573529413], [17663, 0.1693840579710145], [17919, 0.16941964285714287], [18175, 0.1740206866197183], [18431, 0.17713758680555555], [18687, 0.1796339897260274], [18943, 0.18169341216216217], [19199, 0.18286458333333333], [19455, 0.18426192434210525], [19711, 0.18613027597402598], [19967, 0.18634815705128205], [20223, 0.1864121835443038], [20479, 0.186962890625], [20735, 0.18745177469135801], [20991, 0.18797637195121952], [21247, 0.18910015060240964], [21503, 0.1900576636904762], [21759, 0.1908547794117647], [22015, 0.19226925872093023], [22271, 0.19333692528735633], [22527, 0.19486860795454544], [22783, 0.19693644662921347], [23039, 0.19852430555555556], [23295, 0.19969093406593408], [23551, 0.20155400815217392], [23807, 0.20308299731182797], [24063, 0.20470412234042554], [24319, 0.20608552631578947], [24575, 0.20711263020833334], [24831, 0.20811855670103094], [25087, 0.20910395408163265], [25343, 0.2107796717171717], [25599, 0.211953125], [25855, 0.21345142326732675], [26111, 0.21472886029411764], [26367, 0.21601941747572814], [26623, 0.21672175480769232], [26879, 0.21793154761904762], [27135, 0.21886055424528303], [27391, 0.21973568925233644], [27647, 0.22063078703703703], [27903, 0.22186783256880735], [28159, 0.22059659090909092], [28415, 0.21896114864864866], [28671, 0.21749441964285715], [28927, 0.21608821902654868], [29183, 0.21453536184210525], [29439, 0.21317934782608697], [29695, 0.21181303879310345], [29951, 0.2104366987179487], [30207, 0.2089512711864407], [30463, 0.20752363445378152], [30719, 0.20608723958333333], [30975, 0.2049974173553719], [31231, 0.20386142418032788], [31487, 0.2029026930894309], [31743, 0.2021484375], [31999, 0.202125], [32255, 0.20203993055555555], [32511, 0.203001968503937], [32767, 0.203857421875], [33023, 0.2050327034883721], [33279, 0.205078125], [33535, 0.20482466603053434], [33791, 0.2051077178030303], [34047, 0.20494595864661655], [34303, 0.2049032182835821], [34559, 0.20494791666666667], [34815, 0.20467601102941177], [35071, 0.2046646897810219], [35327, 0.20437047101449277], [35583, 0.20433340827338128], [35839, 0.20435267857142858], [36095, 0.20431626773049646], [36351, 0.20463798415492956], [36607, 0.20495520104895104], [36863, 0.2051323784722222], [37119, 0.20538793103448275], [37375, 0.2055062071917808], [37631, 0.20564944727891157], [37887, 0.20621304898648649], [38143, 0.2065331375838926], [38399, 0.20518229166666666], [38655, 0.20382346854304637], [38911, 0.20379317434210525], [39167, 0.2038654003267974], [39423, 0.20386059253246752], [39679, 0.20388104838709678], [39935, 0.2037510016025641], [40191, 0.20364749203821655], [40447, 0.20394086234177214], [40703, 0.20405856918238993], [40959, 0.2044677734375], [41215, 0.20465353260869565], [41471, 0.20536747685185186], [41727, 0.20638420245398773], [41983, 0.20738852896341464], [42239, 0.2086410984848485], [42495, 0.20961972891566266], [42751, 0.21056324850299402], [43007, 0.21126302083333334], [43263, 0.21207008136094674], [43519, 0.212890625], [43775, 0.21347313596491227], [44031, 0.21454851017441862], [44287, 0.21527276011560695], [44543, 0.21574173850574713], [44799, 0.21658482142857144], [45055, 0.21770685369318182], [45311, 0.2185293079096045], [45567, 0.21947419241573032], [45823, 0.22032122905027932], [46079, 0.22137586805555556], [46335, 0.22241885359116023], [46591, 0.2231713598901099], [46847, 0.22308316256830601], [47103, 0.22189198369565216], [47359, 0.22071368243243245], [47615, 0.21956905241935484], [47871, 0.21839488636363635], [48127, 0.21727476728723405], [48383, 0.21629050925925927], [48639, 0.21554276315789472], [48895, 0.21482329842931938], [49151, 0.21419270833333334], [49407, 0.21366985103626943], [49663, 0.21315238402061856], [49919, 0.21276041666666667], [50175, 0.21259167729591838], [50431, 0.21264276649746192], [50687, 0.21293008207070707], [50943, 0.21350895100502512], [51199, 0.21423828125], [51455, 0.2150380907960199], [51711, 0.21610071163366337], [51967, 0.21717210591133004], [52223, 0.21681602328431374], [52479, 0.21575838414634146], [52735, 0.21472997572815533], [52846, 0.21427895623214185]],