{"dataset_name": "sine_nodrift", "dataset_type": "sine", "model_variant": "ts_drift_adapt", "seed": 1, "monitor_preset": "error_divergence_ph_meta@error.threshold=0.10,error.min_instances=5", "monitor_preset_base": "error_divergence_ph_meta", "monitor_ph_params": {"error_rate": {"delta": 0.005, "alpha": 0.15, "threshold": 0.1, "min_instances": 5}, "divergence": {"delta": 0.005, "alpha": 0.1, "threshold": 0.05, "min_instances": 30}}, "monitor_ph_overrides": {"error_rate": {"threshold": 0.1, "min_instances": 5}}, "trigger_mode": "two_stage", "trigger_k": 2, "trigger_threshold": 0.5, "trigger_weights": "__confirm_cooldown=200,__confirm_rule=perm_test,__perm_alpha=0.01,__perm_delta_k=25,__perm_min_effect=0,__perm_n_perm=200,__perm_post_n=10,__perm_pre_n=200,__perm_rng_seed=0,__perm_stat=delta_fused_score,divergence=0.3,error_rate=0.5,teacher_entropy=0.2", "confirm_window": 3, "confirm_cooldown": 0, "adaptive_cooldown_enabled": 0, "adaptive_window": 10000, "adaptive_lower_per10k": 10.0, "adaptive_upper_per10k": 25.0, "adaptive_cooldown_low": 200, "adaptive_cooldown_high": 500, "severity_scheduler_scale": 1.0, "use_severity_v2": 0, "severity_gate": "none", "severity_gate_min_streak": 1, "entropy_mode": "overconfident", "severity_decay": 0.95, "freeze_baseline_steps": 0, "n_steps": 800, "horizon": 10000, "acc_final": 0.8962, "mean_acc": 0.7890559773841316, "acc_min": 0.390625, "candidate_sample_idxs": [319, 639, 959, 1279, 1599, 1919, 2303, 2623, 2943, 3263, 3583, 3967, 4287, 4607, 5183, 5503, 5887, 6207, 6655, 7167, 7487, 7871, 8191, 8639, 9087, 9471, 9791], "confirmed_sample_idxs": [1023, 1343, 1919, 2495, 2943, 3583, 3967, 4287, 4607, 5183, 5887, 6655, 7167, 7871, 8639, 9087, 9599], "acc_series": [[63, 0.390625], [127, 0.4375], [191, 0.40625], [255, 0.4296875], [319, 0.428125], [383, 0.4609375], [447, 0.49107142857142855], [511, 0.529296875], [575, 0.546875], [639, 0.55625], [703, 0.5696022727272727], [767, 0.5807291666666666], [831, 0.5877403846153846], [895, 0.5948660714285714], [959, 0.6083333333333333], [1023, 0.6103515625], [1087, 0.6112132352941176], [1151, 0.6163194444444444], [1215, 0.6266447368421053], [1279, 0.63828125], [1343, 0.6495535714285714], [1407, 0.6598011363636364], [1471, 0.6691576086956522], [1535, 0.6770833333333334], [1599, 0.679375], [1663, 0.6802884615384616], [1727, 0.6851851851851852], [1791, 0.6891741071428571], [1855, 0.6945043103448276], [1919, 0.7015625], [1983, 0.7066532258064516], [2047, 0.71240234375], [2111, 0.7192234848484849], [2175, 0.7242647058823529], [2239, 0.728125], [2303, 0.7330729166666666], [2367, 0.7381756756756757], [2431, 0.7442434210526315], [2495, 0.7483974358974359], [2559, 0.748828125], [2623, 0.7534298780487805], [2687, 0.7578125], [2751, 0.7609011627906976], [2815, 0.7634943181818182], [2879, 0.7670138888888889], [2943, 0.7690217391304348], [3007, 0.7712765957446809], [3071, 0.7747395833333334], [3135, 0.7764668367346939], [3199, 0.7778125], [3263, 0.7806372549019608], [3327, 0.7824519230769231], [3391, 0.7841981132075472], [3455, 0.7876157407407407], [3519, 0.7909090909090909], [3583, 0.7932477678571429], [3647, 0.7955043859649122], [3711, 0.796875], [3775, 0.7995233050847458], [3839, 0.8026041666666667], [3903, 0.8055840163934426], [3967, 0.8064516129032258], [4031, 0.8067956349206349], [4095, 0.80712890625], [4159, 0.8079326923076923], [4223, 0.8094223484848485], [4287, 0.8113339552238806], [4351, 0.8129595588235294], [4415, 0.8152173913043478], [4479, 0.8174107142857143], [4543, 0.8186619718309859], [4607, 0.8207465277777778], [4671, 0.8225599315068494], [4735, 0.8241131756756757], [4799, 0.8260416666666667], [4863, 0.8277138157894737], [4927, 0.8297483766233766], [4991, 0.8311298076923077], [5055, 0.832871835443038], [5119, 0.834765625], [5183, 0.8360339506172839], [5247, 0.8372713414634146], [5311, 0.838855421686747], [5375, 0.8402157738095238], [5439, 0.8415441176470588], [5503, 0.8426598837209303], [5567, 0.8442887931034483], [5631, 0.8453480113636364], [5695, 0.8458567415730337], [5759, 0.846875], [5823, 0.8480425824175825], [5887, 0.8493546195652174], [5951, 0.8503024193548387], [6015, 0.8513962765957447], [6079, 0.8526315789473684], [6143, 0.8538411458333334], [6207, 0.8547036082474226], [6271, 0.8558673469387755], [6335, 0.8568497474747475], [6399, 0.8578125], [6463, 0.8587561881188119], [6527, 0.8598345588235294], [6591, 0.8607402912621359], [6655, 0.861328125], [6719, 0.8623511904761905], [6783, 0.863502358490566], [6847, 0.8640478971962616], [6911, 0.8648726851851852], [6975, 0.8659690366972477], [7039, 0.8670454545454546], [7103, 0.8678209459459459], [7167, 0.8688616071428571], [7231, 0.8696073008849557], [7295, 0.8704769736842105], [7359, 0.8714673913043478], [7423, 0.8723060344827587], [7487, 0.8732638888888888], [7551, 0.874073093220339], [7615, 0.8744747899159664], [7679, 0.875], [7743, 0.8757747933884298], [7807, 0.8765368852459017], [7871, 0.8770325203252033], [7935, 0.877898185483871], [7999, 0.878375], [8063, 0.8792162698412699], [8127, 0.8801673228346457], [8191, 0.8809814453125], [8255, 0.8814195736434108], [8319, 0.8822115384615384], [8383, 0.8828721374045801], [8447, 0.8832859848484849], [8511, 0.884046052631579], [8575, 0.8846781716417911], [8639, 0.8851851851851852], [8703, 0.8857996323529411], [8767, 0.8865191605839416], [8831, 0.8873414855072463], [8895, 0.8878147482014388], [8959, 0.8885044642857143], [9023, 0.88885195035461], [9087, 0.8890845070422535], [9151, 0.8895323426573427], [9215, 0.8900824652777778], [9279, 0.890625], [9343, 0.891160102739726], [9407, 0.8915816326530612], [9471, 0.8922086148648649], [9535, 0.8929320469798657], [9599, 0.8935416666666667], [9663, 0.8940397350993378], [9727, 0.8944284539473685], [9791, 0.8951184640522876], [9855, 0.8953936688311688], [9919, 0.895766129032258], [9983, 0.8961338141025641], [9999, 0.8962]], "candidate_count_total": 25, "confirmed_count_total": 17, "created_at": 1768145622.8228674, "confirm_rule_effective": "perm_test", "last_perm_pvalue": 0.004975124378109453, "last_perm_effect": 0.026016725485698583, "perm_test_count_total": 52, "perm_accept_count_total": 17, "perm_reject_count_total": 35, "perm_alpha": 0.01, "perm_pvalue_p50": 1.0, "perm_pvalue_p90": 1.0, "perm_pvalue_p99": 1.0, "perm_pvalue_le_alpha_ratio": 0.3269230769230769, "perm_effect_p50": -0.0019018649986242745, "perm_effect_p90": 0.07541750373802343, "perm_effect_p99": 0.10333217999745228}