{"dataset_name": "sine_nodrift", "dataset_type": "sine", "model_variant": "ts_drift_adapt", "seed": 2, "monitor_preset": "error_divergence_ph_meta@error.threshold=0.10,error.min_instances=5", "monitor_preset_base": "error_divergence_ph_meta", "monitor_ph_params": {"error_rate": {"delta": 0.005, "alpha": 0.15, "threshold": 0.1, "min_instances": 5}, "divergence": {"delta": 0.005, "alpha": 0.1, "threshold": 0.05, "min_instances": 30}}, "monitor_ph_overrides": {"error_rate": {"threshold": 0.1, "min_instances": 5}}, "trigger_mode": "two_stage", "trigger_k": 2, "trigger_threshold": 0.5, "trigger_weights": "__confirm_cooldown=200,__confirm_rule=perm_test,__perm_alpha=0.01,__perm_min_effect=0,__perm_n_perm=200,__perm_post_n=10,__perm_pre_n=200,__perm_rng_seed=0,__perm_stat=vote_score,divergence=0.3,error_rate=0.5,teacher_entropy=0.2", "confirm_window": 3, "confirm_cooldown": 0, "adaptive_cooldown_enabled": 0, "adaptive_window": 10000, "adaptive_lower_per10k": 10.0, "adaptive_upper_per10k": 25.0, "adaptive_cooldown_low": 200, "adaptive_cooldown_high": 500, "severity_scheduler_scale": 1.0, "use_severity_v2": 0, "severity_gate": "none", "severity_gate_min_streak": 1, "entropy_mode": "overconfident", "severity_decay": 0.95, "freeze_baseline_steps": 0, "n_steps": 800, "horizon": 10000, "acc_final": 0.9347, "mean_acc": 0.8839043917449978, "acc_min": 0.6796875, "candidate_sample_idxs": [319, 639, 959, 1279, 1599, 1919, 2367, 3071, 3391, 3711, 4031, 4351, 4671, 4991, 5311, 5631, 6079, 6399, 6719, 7039, 7423, 7743, 8063, 8511, 8831], "confirmed_sample_idxs": [639, 959, 1279, 1599, 1919, 2367, 3071, 3391, 3711, 4031, 4351, 4671, 4991, 5311, 5631, 6079, 6399, 6719, 7039, 7423, 7743, 8063, 8511, 8831], "acc_series": [[63, 0.71875], [127, 0.6796875], [191, 0.7083333333333334], [255, 0.71484375], [319, 0.71875], [383, 0.7239583333333334], [447, 0.734375], [511, 0.744140625], [575, 0.7517361111111112], [639, 0.7609375], [703, 0.7599431818181818], [767, 0.76171875], [831, 0.7692307692307693], [895, 0.7756696428571429], [959, 0.7885416666666667], [1023, 0.794921875], [1087, 0.7922794117647058], [1151, 0.7994791666666666], [1215, 0.8042763157894737], [1279, 0.81015625], [1343, 0.8162202380952381], [1407, 0.8203125], [1471, 0.8233695652173914], [1535, 0.828125], [1599, 0.833125], [1663, 0.8323317307692307], [1727, 0.8344907407407407], [1791, 0.8376116071428571], [1855, 0.8394396551724138], [1919, 0.8416666666666667], [1983, 0.8452620967741935], [2047, 0.84912109375], [2111, 0.853219696969697], [2175, 0.8556985294117647], [2239, 0.8571428571428571], [2303, 0.8602430555555556], [2367, 0.862331081081081], [2431, 0.865953947368421], [2495, 0.8693910256410257], [2559, 0.871484375], [2623, 0.8734756097560976], [2687, 0.875], [2751, 0.8753633720930233], [2815, 0.8767755681818182], [2879, 0.878125], [2943, 0.8794157608695652], [3007, 0.8806515957446809], [3071, 0.8818359375], [3135, 0.8836096938775511], [3199, 0.8853125], [3263, 0.8863357843137255], [3327, 0.8870192307692307], [3391, 0.8879716981132075], [3455, 0.8894675925925926], [3519, 0.8911931818181819], [3583, 0.8917410714285714], [3647, 0.8919956140350878], [3711, 0.8933189655172413], [3775, 0.8945974576271186], [3839, 0.8942708333333333], [3903, 0.8947233606557377], [3967, 0.8954133064516129], [4031, 0.8963293650793651], [4095, 0.8974609375], [4159, 0.8980769230769231], [4223, 0.8982007575757576], [4287, 0.898554104477612], [4351, 0.8988970588235294], [4415, 0.8994565217391305], [4479, 0.8995535714285714], [4543, 0.9007482394366197], [4607, 0.9014756944444444], [4671, 0.9019691780821918], [4735, 0.901393581081081], [4799, 0.9022916666666667], [4863, 0.9031661184210527], [4927, 0.9034090909090909], [4991, 0.9040464743589743], [5055, 0.9052610759493671], [5119, 0.9060546875], [5183, 0.9064429012345679], [5247, 0.907202743902439], [5311, 0.9077560240963856], [5375, 0.9088541666666666], [5439, 0.909375], [5503, 0.9097020348837209], [5567, 0.9103807471264368], [5631, 0.9106889204545454], [5695, 0.9116924157303371], [5759, 0.9121527777777778], [5823, 0.9127747252747253], [5887, 0.9133831521739131], [5951, 0.9141465053763441], [6015, 0.9142287234042553], [6079, 0.9146381578947368], [6143, 0.9150390625], [6207, 0.9154317010309279], [6271, 0.9161352040816326], [6335, 0.9169823232323232], [6399, 0.91765625], [6463, 0.9183168316831684], [6527, 0.9189644607843137], [6591, 0.9191444174757282], [6655, 0.9193209134615384], [6719, 0.9194940476190476], [6783, 0.9198113207547169], [6847, 0.9201226635514018], [6911, 0.9202835648148148], [6975, 0.9207282110091743], [7039, 0.9210227272727273], [7103, 0.9213119369369369], [7167, 0.921875], [7231, 0.9224280973451328], [7295, 0.9225603070175439], [7359, 0.9230978260869566], [7423, 0.9233566810344828], [7487, 0.9236111111111112], [7551, 0.9241260593220338], [7615, 0.9239758403361344], [7679, 0.9239583333333333], [7743, 0.9244576446280992], [7807, 0.9249487704918032], [7871, 0.9250508130081301], [7935, 0.9252772177419355], [7999, 0.925375], [8063, 0.9252232142857143], [8127, 0.9255659448818898], [8191, 0.926025390625], [8255, 0.9264777131782945], [8319, 0.9265625], [8383, 0.9268845419847328], [8447, 0.9269649621212122], [8511, 0.9270441729323309], [8575, 0.9274720149253731], [8639, 0.9278935185185185], [8703, 0.9281939338235294], [8767, 0.9287180656934306], [8831, 0.9287817028985508], [8895, 0.929181654676259], [8959, 0.9294642857142857], [9023, 0.9298537234042553], [9087, 0.9301276408450704], [9151, 0.930506993006993], [9215, 0.9308810763888888], [9279, 0.9311422413793103], [9343, 0.9315068493150684], [9407, 0.9319727891156463], [9471, 0.9323268581081081], [9535, 0.9326761744966443], [9599, 0.9330208333333333], [9663, 0.9334644039735099], [9727, 0.9336965460526315], [9791, 0.9339256535947712], [9855, 0.9341517857142857], [9919, 0.9344758064516129], [9983, 0.9345953525641025], [9999, 0.9347]], "candidate_count_total": 25, "confirmed_count_total": 24, "created_at": 1768151313.9904027, "confirm_rule_effective": "perm_test", "last_perm_pvalue": 0.004975124378109453, "last_perm_effect": 0.479508798797098, "perm_test_count_total": 24, "perm_accept_count_total": 24, "perm_reject_count_total": 0, "perm_alpha": 0.01, "perm_pvalue_p50": 0.004975124378109453, "perm_pvalue_p90": 0.004975124378109453, "perm_pvalue_p99": 0.004975124378109453, "perm_pvalue_le_alpha_ratio": 1.0, "perm_effect_p50": 0.49116648737163005, "perm_effect_p90": 0.5012765165093721, "perm_effect_p99": 0.5157772309300057}