{"dataset_name": "INSECTS_abrupt_balanced", "dataset_type": "insects_real", "model_variant": "ts_drift_adapt_severity", "seed": 14, "monitor_preset": "error_divergence_ph_meta@error.threshold=0.05,error.min_instances=5", "monitor_preset_base": "error_divergence_ph_meta", "monitor_ph_params": {"error_rate": {"delta": 0.005, "alpha": 0.15, "threshold": 0.05, "min_instances": 5}, "divergence": {"delta": 0.005, "alpha": 0.1, "threshold": 0.05, "min_instances": 30}}, "monitor_ph_overrides": {"error_rate": {"threshold": 0.05, "min_instances": 5}}, "trigger_mode": "two_stage", "trigger_k": 2, "trigger_threshold": 0.5, "trigger_weights": "confirm_cooldown=200,divergence=0.3,error_rate=0.5,teacher_entropy=0.2", "confirm_window": 1, "confirm_cooldown": 0, "adaptive_cooldown_enabled": 0, "adaptive_window": 10000, "adaptive_lower_per10k": 10.0, "adaptive_upper_per10k": 25.0, "adaptive_cooldown_low": 200, "adaptive_cooldown_high": 500, "severity_scheduler_scale": 2.0, "use_severity_v2": 1, "severity_gate": "none", "severity_gate_min_streak": 1, "entropy_mode": "uncertain", "severity_decay": 0.95, "freeze_baseline_steps": 5, "n_steps": 1200, "horizon": 52847, "acc_final": 0.20862111378129317, "mean_acc": 0.20487853004998577, "acc_min": 0.15234375, "candidate_sample_idxs": [1279, 2559, 3839, 5119, 6399, 7679, 8959, 10239, 11519, 12799, 14335, 15615, 17663, 18943, 20223, 21503, 22783, 24063, 25343, 26623, 27903, 29183, 30463, 31743, 33023, 34303, 35583, 36863, 38143, 39423, 40703, 41983, 43263, 44543, 45823, 47103, 48383, 49919, 51199, 52479], "confirmed_sample_idxs": [1279, 2559, 3839, 5119, 6399, 7679, 8959, 10239, 11519, 12799, 14335, 15615, 17663, 18943, 20223, 21503, 22783, 24063, 25343, 26623, 27903, 29183, 30463, 31743, 33023, 34303, 35583, 36863, 38143, 39423, 40703, 41983, 43263, 44543, 45823, 47103, 48383, 49919, 51199, 52479], "acc_series": [[255, 0.15234375], [511, 0.17578125], [767, 0.1796875], [1023, 0.19921875], [1279, 0.2], [1535, 0.20638020833333334], [1791, 0.20256696428571427], [2047, 0.21142578125], [2303, 0.21223958333333334], [2559, 0.214453125], [2815, 0.21803977272727273], [3071, 0.216796875], [3327, 0.21875], [3583, 0.21930803571428573], [3839, 0.21927083333333333], [4095, 0.216796875], [4351, 0.22265625], [4607, 0.2248263888888889], [4863, 0.22738486842105263], [5119, 0.2298828125], [5375, 0.23046875], [5631, 0.22975852272727273], [5887, 0.23114809782608695], [6143, 0.23014322916666666], [6399, 0.23], [6655, 0.23137019230769232], [6911, 0.23177083333333334], [7167, 0.23060825892857142], [7423, 0.23019935344827586], [7679, 0.229296875], [7935, 0.2290826612903226], [8191, 0.2288818359375], [8447, 0.2285748106060606], [8703, 0.22644761029411764], [8959, 0.22578125], [9215, 0.2260199652777778], [9471, 0.22635135135135134], [9727, 0.22676809210526316], [9983, 0.2247596153846154], [10239, 0.22568359375], [10495, 0.22484756097560976], [10751, 0.22544642857142858], [11007, 0.22492732558139536], [11263, 0.2264737215909091], [11519, 0.2261284722222222], [11775, 0.22639266304347827], [12031, 0.22731050531914893], [12287, 0.22762044270833334], [12543, 0.22799744897959184], [12799, 0.224375], [13055, 0.21997549019607843], [13311, 0.21574519230769232], [13567, 0.2116745283018868], [13823, 0.20775462962962962], [14079, 0.20397727272727273], [14335, 0.20186941964285715], [14591, 0.20148026315789475], [14847, 0.19847790948275862], [15103, 0.19551112288135594], [15359, 0.19225260416666667], [15615, 0.18929303278688525], [15871, 0.18623991935483872], [16127, 0.18340773809523808], [16383, 0.1805419921875], [16639, 0.1778846153846154], [16895, 0.17524857954545456], [17151, 0.17274953358208955], [17407, 0.17078354779411764], [17663, 0.16927083333333334], [17919, 0.16941964285714287], [18175, 0.17126980633802816], [18431, 0.1711154513888889], [18687, 0.17101883561643835], [18943, 0.17044974662162163], [19199, 0.1703125], [19455, 0.17166940789473684], [19711, 0.1734983766233766], [19967, 0.17482972756410256], [20223, 0.1750395569620253], [20479, 0.176123046875], [20735, 0.17669753086419754], [20991, 0.1775438262195122], [21247, 0.1781344126506024], [21503, 0.17875744047619047], [21759, 0.17945772058823528], [22015, 0.18014171511627908], [22271, 0.18134877873563218], [22527, 0.18377130681818182], [22783, 0.1857004915730337], [23039, 0.18693576388888888], [23295, 0.18822973901098902], [23551, 0.18970788043478262], [23807, 0.19153225806451613], [24063, 0.19331781914893617], [24319, 0.19494243421052632], [24575, 0.1964111328125], [24831, 0.19801063144329897], [25087, 0.19981664540816327], [25343, 0.20170454545454544], [25599, 0.2026953125], [25855, 0.20432394801980197], [26111, 0.20546109068627452], [26367, 0.20672785194174756], [26623, 0.20793269230769232], [26879, 0.20926339285714285], [27135, 0.2104952830188679], [27391, 0.2116676401869159], [27647, 0.21263744212962962], [27903, 0.21401949541284404], [28159, 0.21296164772727272], [28415, 0.21153575450450451], [28671, 0.21017020089285715], [28927, 0.2088633849557522], [29183, 0.20761376096491227], [29439, 0.20621603260869564], [29695, 0.20511179956896552], [29951, 0.2036925747863248], [30207, 0.2026946504237288], [30463, 0.20177914915966386], [30719, 0.20068359375], [30975, 0.19992897727272727], [31231, 0.19909067622950818], [31487, 0.19813897357723578], [31743, 0.19773815524193547], [31999, 0.1973125], [32255, 0.1980716765873016], [32511, 0.19931102362204725], [32767, 0.200958251953125], [33023, 0.20282218992248063], [33279, 0.20306490384615383], [33535, 0.20294608778625955], [33791, 0.20356889204545456], [34047, 0.20377114661654136], [34303, 0.2037080223880597], [34559, 0.20379050925925926], [34815, 0.20372817095588236], [35071, 0.20366674270072993], [35327, 0.2036628170289855], [35583, 0.203630845323741], [35839, 0.20368303571428573], [36095, 0.20362367021276595], [36351, 0.20370268485915494], [36607, 0.2036986451048951], [36863, 0.2038302951388889], [37119, 0.2036637931034483], [37375, 0.20384738869863014], [37631, 0.2038956207482993], [37887, 0.20428631756756757], [38143, 0.20443582214765102], [38399, 0.20307291666666666], [38655, 0.2017280629139073], [38911, 0.20124897203947367], [39167, 0.20133782679738563], [39423, 0.20119724025974026], [39679, 0.20141129032258065], [39935, 0.2016726762820513], [40191, 0.20168192675159236], [40447, 0.2018146756329114], [40703, 0.2017246462264151], [40959, 0.201953125], [41215, 0.20220302795031056], [41471, 0.2025221836419753], [41727, 0.20283742331288343], [41983, 0.20336318597560976], [42239, 0.20416666666666666], [42495, 0.20486634036144577], [42751, 0.2058617140718563], [43007, 0.20656622023809523], [43263, 0.20749352810650887], [43519, 0.20857077205882352], [43775, 0.20933845029239767], [44031, 0.21039244186046513], [44287, 0.2110955563583815], [44543, 0.21140894396551724], [44799, 0.21200892857142858], [45055, 0.21306818181818182], [45311, 0.2136078742937853], [45567, 0.21444873595505617], [45823, 0.21517108938547486], [46079, 0.21597222222222223], [46335, 0.21680766574585636], [46591, 0.21754807692307693], [46847, 0.21753329918032788], [47103, 0.21635105298913043], [47359, 0.21518158783783783], [47615, 0.2140456989247312], [47871, 0.21290106951871657], [48127, 0.21176861702127658], [48383, 0.21066881613756613], [48639, 0.20960115131578946], [48895, 0.20852421465968587], [49151, 0.20753987630208334], [49407, 0.2065859779792746], [49663, 0.20572245489690721], [49919, 0.20504807692307692], [50175, 0.20481903698979592], [50431, 0.2054251269035533], [50687, 0.20634075126262627], [50943, 0.20730606155778894], [51199, 0.20818359375], [51455, 0.20944107587064675], [51711, 0.2105314047029703], [51967, 0.2116879618226601], [52223, 0.21110983455882354], [52479, 0.21008003048780488], [52735, 0.2090602245145631], [52846, 0.20862111378129317]], "candidate_count_total": 40, "confirmed_count_total": 40, "created_at": 1767889532.4945848}