{"dataset_name": "INSECTS_abrupt_balanced", "dataset_type": "insects_real", "model_variant": "ts_drift_adapt_severity", "seed": 1, "monitor_preset": "error_divergence_ph_meta@error.threshold=0.05,error.min_instances=5", "monitor_preset_base": "error_divergence_ph_meta", "monitor_ph_params": {"error_rate": {"delta": 0.005, "alpha": 0.15, "threshold": 0.05, "min_instances": 5}, "divergence": {"delta": 0.005, "alpha": 0.1, "threshold": 0.05, "min_instances": 30}}, "monitor_ph_overrides": {"error_rate": {"threshold": 0.05, "min_instances": 5}}, "trigger_mode": "two_stage", "trigger_k": 2, "trigger_threshold": 0.5, "trigger_weights": "confirm_cooldown=0,divergence=0.3,error_rate=0.5,teacher_entropy=0.2", "confirm_window": 1, "confirm_cooldown": 0, "adaptive_cooldown_enabled": 0, "adaptive_window": 10000, "adaptive_lower_per10k": 10.0, "adaptive_upper_per10k": 25.0, "adaptive_cooldown_low": 200, "adaptive_cooldown_high": 500, "severity_scheduler_scale": 1.0, "use_severity_v2": 0, "severity_gate": "none", "severity_gate_min_streak": 1, "entropy_mode": "overconfident", "severity_decay": 0.95, "freeze_baseline_steps": 0, "n_steps": 1200, "horizon": 52847, "acc_final": 0.2083372755312506, "mean_acc": 0.20894227390405765, "acc_min": 0.17366071428571428, "candidate_sample_idxs": [1279, 2559, 3839, 5119, 6399, 7679, 8959, 10239, 11519, 12799, 14591, 17919, 19199, 20479, 21759, 23039, 24319, 25599, 26879, 28159, 29439, 30719, 31999, 33279, 34559, 35839, 37119, 38399, 39679, 40959, 42239, 43519, 44799, 46079, 47359, 48639, 49919, 51199, 52479], "confirmed_sample_idxs": [1279, 2559, 3839, 5119, 6399, 7679, 8959, 10239, 11519, 12799, 14591, 17919, 19199, 20479, 21759, 23039, 24319, 25599, 26879, 28159, 29439, 30719, 31999, 33279, 34559, 35839, 37119, 38399, 39679, 40959, 42239, 43519, 44799, 46079, 47359, 48639, 49919, 51199, 52479], "acc_series": [[255, 0.26953125], [511, 0.23046875], [767, 0.22135416666666666], [1023, 0.2314453125], [1279, 0.23203125], [1535, 0.224609375], [1791, 0.21540178571428573], [2047, 0.2197265625], [2303, 0.22135416666666666], [2559, 0.223046875], [2815, 0.22052556818181818], [3071, 0.22135416666666666], [3327, 0.22295673076923078], [3583, 0.22377232142857142], [3839, 0.2265625], [4095, 0.229736328125], [4351, 0.22954963235294118], [4607, 0.23328993055555555], [4863, 0.23170230263157895], [5119, 0.230078125], [5375, 0.22842261904761904], [5631, 0.22904829545454544], [5887, 0.22843070652173914], [6143, 0.22884114583333334], [6399, 0.229375], [6655, 0.2267127403846154], [6911, 0.22685185185185186], [7167, 0.2265625], [7423, 0.22561961206896552], [7679, 0.22473958333333333], [7935, 0.22530241935483872], [8191, 0.2261962890625], [8447, 0.22597064393939395], [8703, 0.2280560661764706], [8959, 0.2294642857142857], [9215, 0.2316623263888889], [9471, 0.2313133445945946], [9727, 0.23118832236842105], [9983, 0.23187099358974358], [10239, 0.23203125], [10495, 0.23313643292682926], [10751, 0.23418898809523808], [11007, 0.23492005813953487], [11263, 0.23464133522727273], [11519, 0.23489583333333333], [11775, 0.234375], [12031, 0.23445811170212766], [12287, 0.2333984375], [12543, 0.2345344387755102], [12799, 0.2309375], [13055, 0.2264093137254902], [13311, 0.22205528846153846], [13567, 0.21786556603773585], [13823, 0.21383101851851852], [14079, 0.2099431818181818], [14335, 0.20647321428571427], [14591, 0.20524945175438597], [14847, 0.20386584051724138], [15103, 0.20107256355932204], [15359, 0.1978515625], [15615, 0.1948002049180328], [15871, 0.1917212701612903], [16127, 0.18880208333333334], [16383, 0.1859130859375], [16639, 0.18323317307692308], [16895, 0.18051609848484848], [17151, 0.1779384328358209], [17407, 0.17578125], [17663, 0.17368659420289856], [17919, 0.17366071428571428], [18175, 0.17633142605633803], [18431, 0.1776801215277778], [18687, 0.17829623287671234], [18943, 0.1788429054054054], [19199, 0.17911458333333333], [19455, 0.18107524671052633], [19711, 0.18273133116883117], [19967, 0.18294270833333334], [20223, 0.18319818037974683], [20479, 0.183837890625], [20735, 0.18441358024691357], [20991, 0.18507050304878048], [21247, 0.18575865963855423], [21503, 0.18610491071428573], [21759, 0.1869485294117647], [22015, 0.18849927325581395], [22271, 0.18938577586206898], [22527, 0.19185014204545456], [22783, 0.1933374297752809], [23039, 0.19431423611111112], [23295, 0.19518372252747251], [23551, 0.19645889945652173], [23807, 0.19791666666666666], [24063, 0.19955119680851063], [24319, 0.2001233552631579], [24575, 0.20084635416666666], [24831, 0.20260148195876287], [25087, 0.20420121173469388], [25343, 0.20600536616161616], [25599, 0.2073046875], [25855, 0.2085009282178218], [26111, 0.20978860294117646], [26367, 0.21124089805825244], [26623, 0.21243990384615385], [26879, 0.2136532738095238], [27135, 0.21443838443396226], [27391, 0.21535484813084113], [27647, 0.21632667824074073], [27903, 0.2173881880733945], [28159, 0.216015625], [28415, 0.21428068693693694], [28671, 0.21250697544642858], [28927, 0.2109029314159292], [29183, 0.20929276315789475], [29439, 0.2076766304347826], [29695, 0.2062567349137931], [29951, 0.20482772435897437], [30207, 0.20348914194915255], [30463, 0.20217305672268907], [30719, 0.20084635416666666], [30975, 0.19992897727272727], [31231, 0.19880251024590165], [31487, 0.19756732723577236], [31743, 0.19701360887096775], [31999, 0.1975625], [32255, 0.19887772817460317], [32511, 0.20035679133858267], [32767, 0.202056884765625], [33023, 0.20403343023255813], [33279, 0.20444711538461538], [33535, 0.2041388358778626], [33791, 0.20445667613636365], [34047, 0.20456414473684212], [34303, 0.20446595149253732], [34559, 0.20419560185185184], [34815, 0.20387178308823528], [35071, 0.20366674270072993], [35327, 0.2036628170289855], [35583, 0.2038275629496403], [35839, 0.20401785714285714], [36095, 0.2038175975177305], [36351, 0.20392275528169015], [36607, 0.20402644230769232], [36863, 0.20402018229166666], [37119, 0.20398706896551724], [37375, 0.20411494006849315], [37631, 0.20410820578231292], [37887, 0.20444467905405406], [38143, 0.20412122483221476], [38399, 0.20276041666666667], [38655, 0.20141763245033112], [38911, 0.20086348684210525], [39167, 0.2008016748366013], [39423, 0.2008421266233766], [39679, 0.20103326612903225], [39935, 0.20159755608974358], [40191, 0.20200537420382167], [40447, 0.2024821993670886], [40703, 0.20287932389937108], [40959, 0.203173828125], [41215, 0.2033676242236025], [41471, 0.20394483024691357], [41727, 0.20441909509202455], [41983, 0.2047923018292683], [42239, 0.20556344696969697], [42495, 0.20606645331325302], [42751, 0.20661021706586827], [43007, 0.2074032738095238], [43263, 0.20818694526627218], [43519, 0.20884650735294116], [43775, 0.20936129385964913], [44031, 0.21025617732558138], [44287, 0.2104633309248555], [44543, 0.21087015086206898], [44799, 0.21149553571428573], [45055, 0.21220259232954544], [45311, 0.21270303672316385], [45567, 0.21328563904494383], [45823, 0.21386173184357543], [46079, 0.21471354166666667], [46335, 0.21534012430939226], [46591, 0.21593835851648352], [46847, 0.21571892076502733], [47103, 0.21454653532608695], [47359, 0.21338682432432432], [47615, 0.21234459005376344], [47871, 0.21120905748663102], [48127, 0.21016871675531915], [48383, 0.20924272486772486], [48639, 0.20853207236842106], [48895, 0.20780840968586387], [49151, 0.20719401041666666], [49407, 0.20680861398963732], [49663, 0.20634664948453607], [49919, 0.2063301282051282], [50175, 0.20677216198979592], [50431, 0.20744765228426396], [50687, 0.2079782196969697], [50943, 0.20856234296482412], [51199, 0.20923828125], [51455, 0.20998523009950248], [51711, 0.21084081064356436], [51967, 0.2115917487684729], [52223, 0.21082261029411764], [52479, 0.20979420731707318], [52735, 0.20877578883495146], [52846, 0.2083372755312506]], "candidate_count_total": 39, "confirmed_count_total": 39, "created_at": 1767871334.2685657}