{"dataset_name": "INSECTS_abrupt_balanced", "dataset_type": "insects_real", "model_variant": "ts_drift_adapt_severity", "seed": 21, "monitor_preset": "error_divergence_ph_meta@error.threshold=0.05,error.min_instances=5", "monitor_preset_base": "error_divergence_ph_meta", "monitor_ph_params": {"error_rate": {"delta": 0.005, "alpha": 0.15, "threshold": 0.05, "min_instances": 5}, "divergence": {"delta": 0.005, "alpha": 0.1, "threshold": 0.05, "min_instances": 30}}, "monitor_ph_overrides": {"error_rate": {"threshold": 0.05, "min_instances": 5}}, "trigger_mode": "two_stage", "trigger_k": 2, "trigger_threshold": 0.5, "trigger_weights": "confirm_cooldown=200,divergence=0.3,error_rate=0.5,teacher_entropy=0.2", "confirm_window": 1, "confirm_cooldown": 0, "adaptive_cooldown_enabled": 0, "adaptive_window": 10000, "adaptive_lower_per10k": 10.0, "adaptive_upper_per10k": 25.0, "adaptive_cooldown_low": 200, "adaptive_cooldown_high": 500, "severity_scheduler_scale": 2.0, "use_severity_v2": 1, "severity_gate": "confirmed_streak", "severity_gate_min_streak": 1, "entropy_mode": "uncertain", "severity_decay": 0.95, "freeze_baseline_steps": 5, "n_steps": 1200, "horizon": 52847, "acc_final": 0.19416428557912463, "mean_acc": 0.1937878788313347, "acc_min": 0.15947690217391305, "candidate_sample_idxs": [1279, 2559, 3839, 5119, 6399, 8447, 9727, 11007, 12287, 13567, 14847, 16127, 17407, 18687, 19967, 21247, 22527, 23807, 25087, 26367, 27647, 29439, 30719, 31999, 33279, 34559, 35839, 37119, 38399, 39679, 40959, 42239, 43519, 44799, 46079, 47359, 49919, 51199, 52479], "confirmed_sample_idxs": [1279, 2559, 3839, 5119, 6399, 8447, 9727, 11007, 12287, 13567, 14847, 16127, 17407, 18687, 19967, 21247, 22527, 23807, 25087, 26367, 27647, 29439, 30719, 31999, 33279, 34559, 35839, 37119, 38399, 39679, 40959, 42239, 43519, 44799, 46079, 47359, 49919, 51199, 52479], "acc_series": [[255, 0.21484375], [511, 0.201171875], [767, 0.19401041666666666], [1023, 0.189453125], [1279, 0.1859375], [1535, 0.18294270833333334], [1791, 0.18359375], [2047, 0.18310546875], [2303, 0.17881944444444445], [2559, 0.183203125], [2815, 0.17933238636363635], [3071, 0.17936197916666666], [3327, 0.18088942307692307], [3583, 0.18247767857142858], [3839, 0.18359375], [4095, 0.18359375], [4351, 0.18474264705882354], [4607, 0.18836805555555555], [4863, 0.18914473684210525], [5119, 0.1919921875], [5375, 0.19419642857142858], [5631, 0.19389204545454544], [5887, 0.1956521739130435], [6143, 0.19417317708333334], [6399, 0.19453125], [6655, 0.19666466346153846], [6911, 0.1980613425925926], [7167, 0.19893973214285715], [7423, 0.2017780172413793], [7679, 0.20364583333333333], [7935, 0.20388104838709678], [8191, 0.2049560546875], [8447, 0.20572916666666666], [8703, 0.20691636029411764], [8959, 0.20647321428571427], [9215, 0.20865885416666666], [9471, 0.20956503378378377], [9727, 0.20980674342105263], [9983, 0.2111378205128205], [10239, 0.21181640625], [10495, 0.2109375], [10751, 0.21242559523809523], [11007, 0.21320857558139536], [11263, 0.2129794034090909], [11519, 0.2131076388888889], [11775, 0.21272078804347827], [12031, 0.21351396276595744], [12287, 0.21427408854166666], [12543, 0.2144451530612245], [12799, 0.211015625], [13055, 0.2068780637254902], [13311, 0.20289963942307693], [13567, 0.19907134433962265], [13823, 0.19538483796296297], [14079, 0.19183238636363636], [14335, 0.18854631696428573], [14591, 0.18921326754385964], [14847, 0.1880387931034483], [15103, 0.18577860169491525], [15359, 0.18294270833333334], [15615, 0.1799436475409836], [15871, 0.17704133064516128], [16127, 0.17429315476190477], [16383, 0.17156982421875], [16639, 0.16893028846153846], [16895, 0.16648910984848486], [17151, 0.16400419776119404], [17407, 0.16170726102941177], [17663, 0.15947690217391305], [17919, 0.15959821428571427], [18175, 0.16466769366197184], [18431, 0.16861979166666666], [18687, 0.17267765410958905], [18943, 0.1766258445945946], [19199, 0.18041666666666667], [19455, 0.18498149671052633], [19711, 0.18689123376623376], [19967, 0.18719951923076922], [20223, 0.18720332278481014], [20479, 0.18759765625], [20735, 0.18759645061728394], [20991, 0.18764291158536586], [21247, 0.1875], [21503, 0.18740699404761904], [21759, 0.18731617647058824], [22015, 0.18727289244186046], [22271, 0.18754489942528735], [22527, 0.18794389204545456], [22783, 0.18837780898876405], [23039, 0.1890190972222222], [23295, 0.18986092032967034], [23551, 0.19157608695652173], [23807, 0.19270833333333334], [24063, 0.1937749335106383], [24319, 0.19498355263157896], [24575, 0.19588216145833334], [24831, 0.19708440721649484], [25087, 0.19798309948979592], [25343, 0.19913983585858586], [25599, 0.200078125], [25855, 0.2013072400990099], [26111, 0.20262714460784315], [26367, 0.20342839805825244], [26623, 0.20481520432692307], [26879, 0.2063988095238095], [27135, 0.2075840212264151], [27391, 0.208455023364486], [27647, 0.20949074074074073], [27903, 0.21039994266055045], [28159, 0.20884232954545454], [28415, 0.20699605855855857], [28671, 0.20521763392857142], [28927, 0.20343611725663716], [29183, 0.20168585526315788], [29439, 0.20003396739130436], [29695, 0.19834321120689655], [29951, 0.1967815170940171], [30207, 0.1953456038135593], [30463, 0.19413077731092437], [30719, 0.19287109375], [30975, 0.1919873450413223], [31231, 0.1910860655737705], [31487, 0.19010416666666666], [31743, 0.18970514112903225], [31999, 0.1890625], [32255, 0.18880208333333334], [32511, 0.18894562007874016], [32767, 0.1893310546875], [33023, 0.18958938953488372], [33279, 0.1899939903846154], [33535, 0.19006440839694658], [33791, 0.1904888731060606], [34047, 0.19043703007518797], [34303, 0.1904442630597015], [34559, 0.19056712962962963], [34815, 0.1904296875], [35071, 0.19040830291970803], [35327, 0.19018908514492755], [35583, 0.1904507643884892], [35839, 0.1904017857142857], [36095, 0.19046431737588654], [36351, 0.19060849471830985], [36607, 0.1907506555944056], [36863, 0.19078233506944445], [37119, 0.19075969827586206], [37375, 0.19079088184931506], [37631, 0.1907684948979592], [37887, 0.19130067567567569], [38143, 0.19132760067114093], [38399, 0.19005208333333334], [38655, 0.18879346026490065], [38911, 0.18829666940789475], [39167, 0.18831699346405228], [39423, 0.1881341314935065], [39679, 0.18833165322580644], [39935, 0.18870192307692307], [40191, 0.18931628184713375], [40447, 0.18992286392405064], [40703, 0.19059551886792453], [40959, 0.1912841796875], [41215, 0.19177018633540371], [41471, 0.1925636574074074], [41727, 0.19317963957055215], [41983, 0.19366901676829268], [42239, 0.19443655303030302], [42495, 0.19517131024096385], [42751, 0.19578031437125748], [43007, 0.19654482886904762], [43263, 0.19743897928994084], [43519, 0.19823069852941178], [43775, 0.1988532529239766], [44031, 0.19983194040697674], [44287, 0.2001896676300578], [44543, 0.2006779813218391], [44799, 0.20136160714285714], [45055, 0.20197088068181818], [45311, 0.20233050847457626], [45567, 0.2029274929775281], [45823, 0.20351780726256982], [46079, 0.20442708333333334], [46335, 0.20513207872928177], [46591, 0.20574347527472528], [46847, 0.20557974726775957], [47103, 0.2044624660326087], [47359, 0.20335726351351352], [47615, 0.20226394489247312], [47871, 0.20118231951871657], [48127, 0.20011220079787234], [48383, 0.19905340608465608], [48639, 0.19800575657894737], [48895, 0.19696907722513088], [49151, 0.19594319661458334], [49407, 0.1949481865284974], [49663, 0.19394329896907217], [49919, 0.19302884615384616], [50175, 0.1922233737244898], [50431, 0.19184248096446702], [50687, 0.19170217803030304], [50943, 0.19223068467336685], [51199, 0.19302734375], [51455, 0.1943796641791045], [51711, 0.19556389232673269], [51967, 0.1969096366995074], [52223, 0.19648054534313725], [52479, 0.1955221036585366], [52735, 0.1945729672330097], [52846, 0.19416428557912463]], "candidate_count_total": 39, "confirmed_count_total": 39, "created_at": 1767888064.1140835}