{"dataset_name": "INSECTS_abrupt_balanced", "dataset_type": "insects_real", "model_variant": "ts_drift_adapt_severity", "seed": 15, "monitor_preset": "error_divergence_ph_meta@error.threshold=0.02,error.min_instances=5", "monitor_preset_base": "error_divergence_ph_meta", "monitor_ph_params": {"error_rate": {"delta": 0.005, "alpha": 0.15, "threshold": 0.02, "min_instances": 5}, "divergence": {"delta": 0.005, "alpha": 0.1, "threshold": 0.05, "min_instances": 30}}, "monitor_ph_overrides": {"error_rate": {"threshold": 0.02, "min_instances": 5}}, "trigger_mode": "two_stage", "trigger_k": 2, "trigger_threshold": 0.5, "trigger_weights": "confirm_cooldown=200,divergence=0.3,error_rate=0.5,teacher_entropy=0.2", "confirm_window": 1, "confirm_cooldown": 0, "adaptive_cooldown_enabled": 0, "adaptive_window": 10000, "adaptive_lower_per10k": 10.0, "adaptive_upper_per10k": 25.0, "adaptive_cooldown_low": 200, "adaptive_cooldown_high": 500, "severity_scheduler_scale": 2.0, "use_severity_v2": 1, "severity_gate": "confirmed_streak", "severity_gate_min_streak": 1, "entropy_mode": "uncertain", "severity_decay": 0.95, "freeze_baseline_steps": 5, "n_steps": 1200, "horizon": 52847, "acc_final": 0.1868980263780347, "mean_acc": 0.1945602207323672, "acc_min": 0.1677423007246377, "candidate_sample_idxs": [1279, 2559, 3839, 5119, 6399, 7679, 8959, 10239, 11519, 12799, 14591, 15871, 17919, 19199, 20479, 21759, 23039, 24319, 25599, 26879, 28159, 29695, 30975, 32255, 33535, 34815, 36095, 37375, 38655, 39935, 41215, 42495, 43775, 45055, 46335, 47615, 48895, 50175, 51455, 52735], "confirmed_sample_idxs": [1279, 2559, 3839, 5119, 6399, 7679, 8959, 10239, 11519, 12799, 14591, 15871, 17919, 19199, 20479, 21759, 23039, 24319, 25599, 26879, 28159, 29695, 30975, 32255, 33535, 34815, 36095, 37375, 38655, 39935, 41215, 42495, 43775, 45055, 46335, 47615, 48895, 50175, 51455, 52735], "acc_series": [[255, 0.16796875], [511, 0.181640625], [767, 0.19010416666666666], [1023, 0.1875], [1279, 0.1890625], [1535, 0.181640625], [1791, 0.18861607142857142], [2047, 0.189453125], [2303, 0.1857638888888889], [2559, 0.18359375], [2815, 0.1875], [3071, 0.18782552083333334], [3327, 0.1853966346153846], [3583, 0.18498883928571427], [3839, 0.18463541666666666], [4095, 0.18603515625], [4351, 0.19048713235294118], [4607, 0.1918402777777778], [4863, 0.19346217105263158], [5119, 0.19296875], [5375, 0.19456845238095238], [5631, 0.19477982954545456], [5887, 0.19599184782608695], [6143, 0.19742838541666666], [6399, 0.20015625], [6655, 0.20207331730769232], [6911, 0.20298032407407407], [7167, 0.20438058035714285], [7423, 0.2064924568965517], [7679, 0.20638020833333334], [7935, 0.20728326612903225], [8191, 0.209228515625], [8447, 0.20963541666666666], [8703, 0.21151194852941177], [8959, 0.2140625], [9215, 0.21571180555555555], [9471, 0.21547719594594594], [9727, 0.21607730263157895], [9983, 0.21844951923076922], [10239, 0.2203125], [10495, 0.22160823170731708], [10751, 0.22330729166666666], [11007, 0.22356468023255813], [11263, 0.22434303977272727], [11519, 0.22447916666666667], [11775, 0.224609375], [12031, 0.22564827127659576], [12287, 0.22493489583333334], [12543, 0.22608418367346939], [12799, 0.222734375], [13055, 0.21836703431372548], [13311, 0.21416766826923078], [13567, 0.21012676886792453], [13823, 0.2062355324074074], [14079, 0.20255681818181817], [14335, 0.20075334821428573], [14591, 0.2001781798245614], [14847, 0.1978717672413793], [15103, 0.19511387711864406], [15359, 0.19205729166666666], [15615, 0.18897284836065573], [15871, 0.18592489919354838], [16127, 0.18303571428571427], [16383, 0.18017578125], [16639, 0.17740384615384616], [16895, 0.1747159090909091], [17151, 0.17222481343283583], [17407, 0.16980698529411764], [17663, 0.1677423007246377], [17919, 0.16796875], [18175, 0.17055457746478872], [18431, 0.17176649305555555], [18687, 0.1735338184931507], [18943, 0.17541173986486486], [19199, 0.1771875], [19455, 0.1797388980263158], [19711, 0.18110795454545456], [19967, 0.1812900641025641], [20223, 0.18136867088607594], [20479, 0.1818359375], [20735, 0.18190586419753085], [20991, 0.18235518292682926], [21247, 0.18260542168674698], [21503, 0.18312872023809523], [21759, 0.18354779411764705], [22015, 0.18459302325581395], [22271, 0.18498563218390804], [22527, 0.1865234375], [22783, 0.18815835674157302], [23039, 0.18897569444444445], [23295, 0.19011847527472528], [23551, 0.19149116847826086], [23807, 0.19291834677419356], [24063, 0.1942320478723404], [24319, 0.19510690789473684], [24575, 0.1962890625], [24831, 0.19764819587628865], [25087, 0.1990593112244898], [25343, 0.20040246212121213], [25599, 0.201328125], [25855, 0.20200340346534654], [26111, 0.20270373774509803], [26367, 0.2029733009708738], [26623, 0.2041015625], [26879, 0.20453869047619047], [27135, 0.20548349056603774], [27391, 0.20622809579439252], [27647, 0.20739293981481483], [27903, 0.20803469036697247], [28159, 0.20628551136363638], [28415, 0.20442708333333334], [28671, 0.20263671875], [28927, 0.20108545353982302], [29183, 0.19945860745614036], [29439, 0.19792798913043477], [29695, 0.19655845905172414], [29951, 0.19527911324786323], [30207, 0.19415386652542374], [30463, 0.19327731092436976], [30719, 0.19231770833333334], [30975, 0.19163223140495866], [31231, 0.19082991803278687], [31487, 0.18988185975609756], [31743, 0.18948462701612903], [31999, 0.18915625], [32255, 0.18911210317460317], [32511, 0.18934547244094488], [32767, 0.18988037109375], [33023, 0.1906795058139535], [33279, 0.1909855769230769], [33535, 0.19104842557251908], [33791, 0.19128787878787878], [34047, 0.19120065789473684], [34303, 0.19111473880597016], [34559, 0.19137731481481482], [34815, 0.19132008272058823], [35071, 0.19117814781021897], [35327, 0.19081182065217392], [35583, 0.19092850719424462], [35839, 0.19109933035714285], [36095, 0.19107380319148937], [36351, 0.1912687059859155], [36607, 0.19143356643356643], [36863, 0.1914333767361111], [37119, 0.19151400862068965], [37375, 0.1915667808219178], [37631, 0.1915391156462585], [37887, 0.19180215371621623], [38143, 0.1919305788590604], [38399, 0.19075520833333334], [38655, 0.18954366721854304], [38911, 0.18904194078947367], [39167, 0.1890829248366013], [39423, 0.18884435876623376], [39679, 0.18891129032258064], [39935, 0.18872696314102563], [40191, 0.18866938694267515], [40447, 0.18878560126582278], [40703, 0.18875294811320756], [40959, 0.1889404296875], [41215, 0.1892954192546584], [41471, 0.18993537808641975], [41727, 0.1901840490797546], [41983, 0.1906202362804878], [42239, 0.19131155303030303], [42495, 0.19206513554216867], [42751, 0.19262256736526945], [43007, 0.19338262648809523], [43263, 0.19431860207100593], [43519, 0.19508272058823528], [43775, 0.1958379020467836], [44031, 0.19683412063953487], [44287, 0.19709627890173412], [44543, 0.19760237068965517], [44799, 0.19825892857142857], [45055, 0.19901899857954544], [45311, 0.19941737288135594], [45567, 0.20007461376404495], [45823, 0.20070268854748605], [46079, 0.2017144097222222], [46335, 0.2022185773480663], [46591, 0.20286744505494506], [46847, 0.2029542349726776], [47103, 0.20185122282608695], [47359, 0.20076013513513513], [47615, 0.19968077956989247], [47871, 0.19863385695187166], [48127, 0.19757729388297873], [48383, 0.19655257936507936], [48639, 0.19551809210526316], [48895, 0.19457624345549737], [49151, 0.19362386067708334], [49407, 0.19274206606217617], [49663, 0.19186936211340205], [49919, 0.19110576923076922], [50175, 0.19044961734693877], [50431, 0.18978029822335024], [50687, 0.1891769255050505], [50943, 0.18883479899497488], [51199, 0.1883984375], [51455, 0.18827736318407962], [51711, 0.18846689356435645], [51967, 0.18923183497536947], [52223, 0.18901271446078433], [52479, 0.18812881097560977], [52735, 0.18721556432038836], [52846, 0.1868980263780347]], "candidate_count_total": 40, "confirmed_count_total": 40, "created_at": 1767890507.1416848}