{"dataset_name": "INSECTS_abrupt_balanced", "dataset_type": "insects_real", "model_variant": "ts_drift_adapt_severity", "seed": 7, "monitor_preset": "error_divergence_ph_meta@error.threshold=0.05,error.min_instances=5", "monitor_preset_base": "error_divergence_ph_meta", "monitor_ph_params": {"error_rate": {"delta": 0.005, "alpha": 0.15, "threshold": 0.05, "min_instances": 5}, "divergence": {"delta": 0.005, "alpha": 0.1, "threshold": 0.05, "min_instances": 30}}, "monitor_ph_overrides": {"error_rate": {"threshold": 0.05, "min_instances": 5}}, "trigger_mode": "two_stage", "trigger_k": 2, "trigger_threshold": 0.5, "trigger_weights": "confirm_cooldown=200,divergence=0.3,error_rate=0.5,teacher_entropy=0.2", "confirm_window": 1, "confirm_cooldown": 0, "adaptive_cooldown_enabled": 0, "adaptive_window": 10000, "adaptive_lower_per10k": 10.0, "adaptive_upper_per10k": 25.0, "adaptive_cooldown_low": 200, "adaptive_cooldown_high": 500, "severity_scheduler_scale": 2.0, "use_severity_v2": 1, "severity_gate": "none", "severity_gate_min_streak": 1, "entropy_mode": "uncertain", "severity_decay": 0.95, "freeze_baseline_steps": 5, "n_steps": 1200, "horizon": 52847, "acc_final": 0.20239559483035935, "mean_acc": 0.19815773166024025, "acc_min": 0.15885416666666666, "candidate_sample_idxs": [1279, 2559, 3839, 5119, 6399, 7679, 8959, 10239, 11519, 12799, 14079, 15871, 17151, 18431, 19711, 20991, 22271, 23551, 24831, 26111, 27391, 28671, 29951, 31231, 32511, 33791, 35071, 36351, 37631, 38911, 40191, 41471, 42751, 44031, 45311, 46591, 47871, 49151, 50431, 51711, 52846], "confirmed_sample_idxs": [1279, 2559, 3839, 5119, 6399, 7679, 8959, 10239, 11519, 12799, 14079, 15871, 17151, 18431, 19711, 20991, 22271, 23551, 24831, 26111, 27391, 28671, 29951, 31231, 32511, 33791, 35071, 36351, 37631, 38911, 40191, 41471, 42751, 44031, 45311, 46591, 47871, 49151, 50431, 51711, 52846], "acc_series": [[255, 0.22265625], [511, 0.197265625], [767, 0.20442708333333334], [1023, 0.201171875], [1279, 0.203125], [1535, 0.201171875], [1791, 0.20089285714285715], [2047, 0.201171875], [2303, 0.2026909722222222], [2559, 0.2046875], [2815, 0.20454545454545456], [3071, 0.20475260416666666], [3327, 0.2013221153846154], [3583, 0.20424107142857142], [3839, 0.20416666666666666], [4095, 0.20458984375], [4351, 0.20726102941176472], [4607, 0.2085503472222222], [4863, 0.20723684210526316], [5119, 0.2078125], [5375, 0.20628720238095238], [5631, 0.2061434659090909], [5887, 0.2061820652173913], [6143, 0.20556640625], [6399, 0.20546875], [6655, 0.20567908653846154], [6911, 0.20703125], [7167, 0.20772879464285715], [7423, 0.2087823275862069], [7679, 0.20872395833333332], [7935, 0.2087953629032258], [8191, 0.2103271484375], [8447, 0.20951704545454544], [8703, 0.2109375], [8959, 0.21183035714285714], [9215, 0.21223958333333334], [9471, 0.2126266891891892], [9727, 0.21247944078947367], [9983, 0.21193910256410256], [10239, 0.21259765625], [10495, 0.21169969512195122], [10751, 0.21112351190476192], [11007, 0.21130087209302326], [11263, 0.21218039772727273], [11519, 0.2131076388888889], [11775, 0.21331521739130435], [12031, 0.2130152925531915], [12287, 0.21321614583333334], [12543, 0.21316964285714285], [12799, 0.209921875], [13055, 0.20580575980392157], [13311, 0.20184795673076922], [13567, 0.19803950471698112], [13823, 0.19437210648148148], [14079, 0.1916903409090909], [14335, 0.19259207589285715], [14591, 0.1904468201754386], [14847, 0.18736530172413793], [15103, 0.18425582627118645], [15359, 0.18118489583333333], [15615, 0.17821465163934427], [15871, 0.17534022177419356], [16127, 0.17261904761904762], [16383, 0.16998291015625], [16639, 0.16748798076923077], [16895, 0.1650094696969697], [17151, 0.16272154850746268], [17407, 0.16078814338235295], [17663, 0.15885416666666666], [17919, 0.159375], [18175, 0.16351232394366197], [18431, 0.1662326388888889], [18687, 0.16909246575342465], [18943, 0.17250844594594594], [19199, 0.17541666666666667], [19455, 0.17927631578947367], [19711, 0.18105722402597402], [19967, 0.18118990384615385], [20223, 0.18136867088607594], [20479, 0.181884765625], [20735, 0.18195408950617284], [20991, 0.18230754573170732], [21247, 0.1823230421686747], [21503, 0.18252418154761904], [21759, 0.18253676470588234], [22015, 0.18318495639534885], [22271, 0.18377334770114942], [22527, 0.18439275568181818], [22783, 0.18521769662921347], [23039, 0.18619791666666666], [23295, 0.18737122252747251], [23551, 0.18894361413043478], [23807, 0.190440188172043], [24063, 0.1921126994680851], [24319, 0.19313322368421051], [24575, 0.19449869791666666], [24831, 0.19603737113402062], [25087, 0.19758450255102042], [25343, 0.1989425505050505], [25599, 0.200234375], [25855, 0.2018487004950495], [26111, 0.20301011029411764], [26367, 0.2043385922330097], [26623, 0.205078125], [26879, 0.20625], [27135, 0.2072155070754717], [27391, 0.20827248831775702], [27647, 0.2097439236111111], [27903, 0.21111668577981652], [28159, 0.20962357954545455], [28415, 0.20773507882882883], [28671, 0.20601981026785715], [28927, 0.20419662610619468], [29183, 0.20250822368421054], [29439, 0.20091711956521738], [29695, 0.19928609913793102], [29951, 0.19778311965811965], [30207, 0.196338718220339], [30463, 0.1951155462184874], [30719, 0.19375], [30975, 0.19266528925619836], [31231, 0.1914702868852459], [31487, 0.19035823170731708], [31743, 0.19030367943548387], [31999, 0.19034375], [32255, 0.19069320436507936], [32511, 0.19183686023622049], [32767, 0.192901611328125], [33023, 0.19422238372093023], [33279, 0.19408052884615384], [33535, 0.19408993320610687], [33791, 0.19457267992424243], [34047, 0.19484257518796994], [34303, 0.19516674440298507], [34559, 0.19534143518518518], [34815, 0.1953125], [35071, 0.19516993613138686], [35327, 0.1953408061594203], [35583, 0.195818345323741], [35839, 0.19595424107142856], [36095, 0.19594968971631205], [36351, 0.19619278169014084], [36607, 0.19629589160839161], [36863, 0.19618055555555555], [37119, 0.19620150862068966], [37375, 0.19635595034246575], [37631, 0.19658801020408162], [37887, 0.19718644425675674], [38143, 0.19756711409395974], [38399, 0.19625], [38655, 0.19495033112582782], [38911, 0.19495271381578946], [39167, 0.19528696895424835], [39423, 0.1954393262987013], [39679, 0.19553931451612902], [39935, 0.19556290064102563], [40191, 0.19600915605095542], [40447, 0.19635087025316456], [40703, 0.19668828616352202], [40959, 0.1966552734375], [41215, 0.1968167701863354], [41471, 0.19733796296296297], [41727, 0.19773293711656442], [41983, 0.19819455030487804], [42239, 0.19898200757575757], [42495, 0.19975997740963855], [42751, 0.20043506736526945], [43007, 0.20142764136904762], [43263, 0.20220044378698224], [43519, 0.20287224264705883], [43775, 0.20367324561403508], [44031, 0.20500999273255813], [44287, 0.20560874277456648], [44543, 0.20635775862068967], [44799, 0.2071205357142857], [45055, 0.20820756392045456], [45311, 0.20912782485875706], [45567, 0.21008163623595505], [45823, 0.2109375], [46079, 0.21184895833333334], [46335, 0.212707182320442], [46591, 0.21353451236263737], [46847, 0.21369108606557377], [47103, 0.2125297214673913], [47359, 0.21144425675675677], [47615, 0.2103704637096774], [47871, 0.20930815508021391], [48127, 0.2082987034574468], [48383, 0.20734126984126985], [48639, 0.20651726973684212], [48895, 0.20564054319371727], [49151, 0.20477294921875], [49407, 0.20397506476683938], [49663, 0.2032055412371134], [49919, 0.20256410256410257], [50175, 0.2019889987244898], [50431, 0.2016973350253807], [50687, 0.20142834595959597], [50943, 0.20179020100502512], [51199, 0.2024609375], [51455, 0.20341651119402984], [51711, 0.20436262376237624], [51967, 0.2052801724137931], [52223, 0.20481004901960784], [52479, 0.20381097560975608], [52735, 0.20282160194174756], [52846, 0.20239559483035935]], "candidate_count_total": 41, "confirmed_count_total": 41, "created_at": 1767887119.973584}