{"dataset_name": "sine_nodrift", "dataset_type": "sine", "model_variant": "ts_drift_adapt", "seed": 2, "monitor_preset": "error_divergence_ph_meta@error.threshold=0.10,error.min_instances=5", "monitor_preset_base": "error_divergence_ph_meta", "monitor_ph_params": {"error_rate": {"delta": 0.005, "alpha": 0.15, "threshold": 0.1, "min_instances": 5}, "divergence": {"delta": 0.005, "alpha": 0.1, "threshold": 0.05, "min_instances": 30}}, "monitor_ph_overrides": {"error_rate": {"threshold": 0.1, "min_instances": 5}}, "trigger_mode": "two_stage", "trigger_k": 2, "trigger_threshold": 0.5, "trigger_weights": "__confirm_cooldown=200,__confirm_rule=perm_test,__perm_alpha=0.015,__perm_min_effect=0,__perm_n_perm=200,__perm_post_n=30,__perm_pre_n=500,__perm_rng_seed=0,__perm_stat=vote_score,divergence=0.3,error_rate=0.5,teacher_entropy=0.2", "confirm_window": 3, "confirm_cooldown": 0, "adaptive_cooldown_enabled": 0, "adaptive_window": 10000, "adaptive_lower_per10k": 10.0, "adaptive_upper_per10k": 25.0, "adaptive_cooldown_low": 200, "adaptive_cooldown_high": 500, "severity_scheduler_scale": 1.0, "use_severity_v2": 0, "severity_gate": "none", "severity_gate_min_streak": 1, "entropy_mode": "overconfident", "severity_decay": 0.95, "freeze_baseline_steps": 0, "n_steps": 800, "horizon": 10000, "acc_final": 0.9217, "mean_acc": 0.8475150366220556, "acc_min": 0.53125, "candidate_sample_idxs": [319, 639, 959, 1279, 1599, 2111, 2431, 2751, 3071, 3391, 3839, 4159, 4479, 4799, 5439, 5759, 6591, 6911, 7359, 8127, 8447, 8767, 9087, 9791], "confirmed_sample_idxs": [639, 959, 1279, 1599, 2111, 2431, 2751, 3071, 3391, 3839, 4159, 4479, 4799, 5439, 5759, 6591, 6911, 7359, 8127, 8447, 8767, 9087, 9791], "acc_series": [[63, 0.53125], [127, 0.625], [191, 0.6197916666666666], [255, 0.625], [319, 0.640625], [383, 0.6380208333333334], [447, 0.6428571428571429], [511, 0.6328125], [575, 0.6336805555555556], [639, 0.64375], [703, 0.6463068181818182], [767, 0.6536458333333334], [831, 0.6670673076923077], [895, 0.6774553571428571], [959, 0.690625], [1023, 0.7041015625], [1087, 0.7077205882352942], [1151, 0.7161458333333334], [1215, 0.7269736842105263], [1279, 0.7328125], [1343, 0.7403273809523809], [1407, 0.7485795454545454], [1471, 0.7561141304347826], [1535, 0.7623697916666666], [1599, 0.766875], [1663, 0.7698317307692307], [1727, 0.7731481481481481], [1791, 0.7756696428571429], [1855, 0.7796336206896551], [1919, 0.784375], [1983, 0.7903225806451613], [2047, 0.7939453125], [2111, 0.7964015151515151], [2175, 0.8014705882352942], [2239, 0.8053571428571429], [2303, 0.8103298611111112], [2367, 0.8137668918918919], [2431, 0.8178453947368421], [2495, 0.8213141025641025], [2559, 0.823828125], [2623, 0.8262195121951219], [2687, 0.8270089285714286], [2751, 0.8288517441860465], [2815, 0.8309659090909091], [2879, 0.8326388888888889], [2943, 0.8338994565217391], [3007, 0.8361037234042553], [3071, 0.8382161458333334], [3135, 0.8411989795918368], [3199, 0.8434375], [3263, 0.8452818627450981], [3327, 0.8473557692307693], [3391, 0.8496462264150944], [3455, 0.8518518518518519], [3519, 0.8536931818181818], [3583, 0.8540736607142857], [3647, 0.856359649122807], [3711, 0.8577586206896551], [3775, 0.8596398305084746], [3839, 0.8611979166666667], [3903, 0.8624487704918032], [3967, 0.8639112903225806], [4031, 0.8653273809523809], [4095, 0.866943359375], [4159, 0.8673076923076923], [4223, 0.8683712121212122], [4287, 0.8696361940298507], [4351, 0.8715533088235294], [4415, 0.8729619565217391], [4479, 0.8741071428571429], [4543, 0.8752200704225352], [4607, 0.8760850694444444], [4671, 0.8764982876712328], [4735, 0.8773226351351351], [4799, 0.8783333333333333], [4863, 0.8797286184210527], [4927, 0.8806818181818182], [4991, 0.8816105769230769], [5055, 0.8829113924050633], [5119, 0.884375], [5183, 0.8852237654320988], [5247, 0.8858612804878049], [5311, 0.8868599397590361], [5375, 0.8880208333333334], [5439, 0.8887867647058824], [5503, 0.8895348837209303], [5567, 0.8904454022988506], [5631, 0.8913352272727273], [5695, 0.8923806179775281], [5759, 0.8934027777777778], [5823, 0.8938873626373627], [5887, 0.8948709239130435], [5951, 0.895497311827957], [6015, 0.8956117021276596], [6079, 0.8960526315789473], [6143, 0.896484375], [6207, 0.8973904639175257], [6271, 0.8982780612244898], [6335, 0.8986742424242424], [6399, 0.899375], [6463, 0.8999071782178217], [6527, 0.9002757352941176], [6591, 0.9006371359223301], [6655, 0.9009915865384616], [6719, 0.9013392857142857], [6783, 0.9018278301886793], [6847, 0.9027453271028038], [6911, 0.9030671296296297], [6975, 0.903526376146789], [7039, 0.9041193181818182], [7103, 0.9048423423423423], [7167, 0.9049944196428571], [7231, 0.9052820796460177], [7295, 0.9059758771929824], [7359, 0.9063858695652174], [7423, 0.9069234913793104], [7487, 0.9073183760683761], [7551, 0.9075741525423728], [7615, 0.9080882352941176], [7679, 0.9083333333333333], [7743, 0.9089617768595041], [7807, 0.9094518442622951], [7871, 0.9101880081300813], [7935, 0.9107862903225806], [7999, 0.911375], [8063, 0.9114583333333334], [8127, 0.9117864173228346], [8191, 0.912109375], [8255, 0.9125484496124031], [8319, 0.9128605769230769], [8383, 0.9132872137404581], [8447, 0.9134706439393939], [8511, 0.9135338345864662], [8575, 0.9138292910447762], [8639, 0.9143518518518519], [8703, 0.9146369485294118], [8767, 0.9150319343065694], [8831, 0.9153079710144928], [8895, 0.9159172661870504], [8959, 0.9161830357142857], [9023, 0.9164450354609929], [9087, 0.9163732394366197], [9151, 0.9167395104895105], [9215, 0.9171006944444444], [9279, 0.9174568965517241], [9343, 0.9175941780821918], [9407, 0.9181547619047619], [9471, 0.9186021959459459], [9535, 0.9190436241610739], [9599, 0.9194791666666666], [9663, 0.9198054635761589], [9727, 0.9201274671052632], [9791, 0.920547385620915], [9855, 0.9208603896103896], [9919, 0.9211693548387097], [9983, 0.9215745192307693], [9999, 0.9217]], "candidate_count_total": 24, "confirmed_count_total": 23, "created_at": 1768219808.0780437, "confirm_rule_effective": "perm_test", "last_perm_pvalue": 0.004975124378109453, "last_perm_effect": 0.4993817678532358, "perm_test_count_total": 23, "perm_accept_count_total": 23, "perm_reject_count_total": 0, "perm_alpha": 0.015, "perm_pvalue_p50": 0.004975124378109453, "perm_pvalue_p90": 0.004975124378109453, "perm_pvalue_p99": 0.004975124378109453, "perm_pvalue_le_alpha_ratio": 1.0, "perm_effect_p50": 0.4350577687567365, "perm_effect_p90": 0.4993367370355613, "perm_effect_p99": 0.49998603293471755}