{"dataset_name": "INSECTS_abrupt_balanced", "dataset_type": "insects_real", "model_variant": "ts_drift_adapt_severity", "seed": 1, "monitor_preset": "error_divergence_ph_meta@error.threshold=0.05,error.min_instances=5", "monitor_preset_base": "error_divergence_ph_meta", "monitor_ph_params": {"error_rate": {"delta": 0.005, "alpha": 0.15, "threshold": 0.05, "min_instances": 5}, "divergence": {"delta": 0.005, "alpha": 0.1, "threshold": 0.05, "min_instances": 30}}, "monitor_ph_overrides": {"error_rate": {"threshold": 0.05, "min_instances": 5}}, "trigger_mode": "two_stage", "trigger_k": 2, "trigger_threshold": 0.5, "trigger_weights": "confirm_cooldown=0,divergence=0.3,error_rate=0.5,teacher_entropy=0.2", "confirm_window": 1, "confirm_cooldown": 0, "adaptive_cooldown_enabled": 0, "adaptive_window": 10000, "adaptive_lower_per10k": 10.0, "adaptive_upper_per10k": 25.0, "adaptive_cooldown_low": 200, "adaptive_cooldown_high": 500, "severity_scheduler_scale": 1.0, "use_severity_v2": 0, "severity_gate": "none", "severity_gate_min_streak": 1, "entropy_mode": "overconfident", "severity_decay": 0.95, "freeze_baseline_steps": 0, "n_steps": 1200, "horizon": 52847, "acc_final": 0.2113081158816962, "mean_acc": 0.19846393046264893, "acc_min": 0.125, "candidate_sample_idxs": [1279, 2559, 3839, 5119, 6399, 7679, 8959, 10239, 11519, 12799, 14335, 15615, 17407, 18687, 19967, 21247, 22527, 23807, 25087, 26367, 27647, 28927, 30207, 31743, 33023, 34303, 35583, 36863, 38143, 39423, 40703, 41983, 43263, 44543, 45823, 47103, 48383, 49663, 50943, 52223], "confirmed_sample_idxs": [1279, 2559, 3839, 5119, 6399, 7679, 8959, 10239, 11519, 12799, 14335, 15615, 17407, 18687, 19967, 21247, 22527, 23807, 25087, 26367, 27647, 28927, 30207, 31743, 33023, 34303, 35583, 36863, 38143, 39423, 40703, 41983, 43263, 44543, 45823, 47103, 48383, 49663, 50943, 52223], "acc_series": [[255, 0.125], [511, 0.16796875], [767, 0.17057291666666666], [1023, 0.17578125], [1279, 0.1765625], [1535, 0.17447916666666666], [1791, 0.17020089285714285], [2047, 0.1796875], [2303, 0.18489583333333334], [2559, 0.184375], [2815, 0.18714488636363635], [3071, 0.18977864583333334], [3327, 0.19230769230769232], [3583, 0.19391741071428573], [3839, 0.19661458333333334], [4095, 0.197265625], [4351, 0.20013786764705882], [4607, 0.2029079861111111], [4863, 0.20291940789473684], [5119, 0.2021484375], [5375, 0.20145089285714285], [5631, 0.20152698863636365], [5887, 0.20142663043478262], [6143, 0.20166015625], [6399, 0.2021875], [6655, 0.2013221153846154], [6911, 0.2026909722222222], [7167, 0.20354352678571427], [7423, 0.20420258620689655], [7679, 0.20455729166666667], [7935, 0.20577116935483872], [8191, 0.205810546875], [8447, 0.20572916666666666], [8703, 0.20772058823529413], [8959, 0.20892857142857144], [9215, 0.21104600694444445], [9471, 0.21230996621621623], [9727, 0.2119654605263158], [9983, 0.21233974358974358], [10239, 0.213671875], [10495, 0.2146532012195122], [10751, 0.21633184523809523], [11007, 0.21647892441860464], [11263, 0.2167080965909091], [11519, 0.21614583333333334], [11775, 0.21662703804347827], [12031, 0.21775265957446807], [12287, 0.21785481770833334], [12543, 0.21827168367346939], [12799, 0.215], [13055, 0.2107843137254902], [13311, 0.20673076923076922], [13567, 0.2028301886792453], [13823, 0.19907407407407407], [14079, 0.19566761363636365], [14335, 0.19391741071428573], [14591, 0.1933251096491228], [14847, 0.1908001077586207], [15103, 0.1879634533898305], [15359, 0.18483072916666668], [15615, 0.18180071721311475], [15871, 0.17886844758064516], [16127, 0.17609126984126985], [16383, 0.17333984375], [16639, 0.17067307692307693], [16895, 0.16808712121212122], [17151, 0.16569496268656717], [17407, 0.16343060661764705], [17663, 0.16111865942028986], [17919, 0.16138392857142858], [18175, 0.1658780809859155], [18431, 0.16861979166666666], [18687, 0.17112585616438356], [18943, 0.17319467905405406], [19199, 0.17515625], [19455, 0.17799136513157895], [19711, 0.17958603896103897], [19967, 0.17973758012820512], [20223, 0.17998417721518986], [20479, 0.1806640625], [20735, 0.18070023148148148], [20991, 0.18140243902439024], [21247, 0.1820406626506024], [21503, 0.18247767857142858], [21759, 0.1825827205882353], [22015, 0.18332122093023256], [22271, 0.1840876436781609], [22527, 0.1849698153409091], [22783, 0.18596383426966293], [23039, 0.18684895833333334], [23295, 0.18792925824175824], [23551, 0.1891134510869565], [23807, 0.1908182123655914], [24063, 0.1918218085106383], [24319, 0.19288651315789473], [24575, 0.19384765625], [24831, 0.1950708762886598], [25087, 0.19618941326530612], [25343, 0.19756155303030304], [25599, 0.1987890625], [25855, 0.20018564356435645], [26111, 0.20174632352941177], [26367, 0.20316292475728157], [26623, 0.2042518028846154], [26879, 0.20580357142857142], [27135, 0.20677329009433962], [27391, 0.2076883761682243], [27647, 0.2088035300925926], [27903, 0.21032826834862386], [28159, 0.20916193181818182], [28415, 0.20762950450450451], [28671, 0.20626395089285715], [28927, 0.2049225663716814], [29183, 0.20343338815789475], [29439, 0.20197010869565218], [29695, 0.2008014547413793], [29951, 0.19955261752136752], [30207, 0.198291843220339], [30463, 0.19705225840336135], [30719, 0.19586588541666666], [30975, 0.19476368801652894], [31231, 0.19348744877049182], [31487, 0.19242251016260162], [31743, 0.19260332661290322], [31999, 0.19390625], [32255, 0.1956845238095238], [32511, 0.1974963090551181], [32767, 0.19915771484375], [33023, 0.20139898255813954], [33279, 0.20198317307692307], [33535, 0.20175333969465647], [33791, 0.2021188446969697], [34047, 0.20233200187969924], [34303, 0.20230876865671643], [34559, 0.2021990740740741], [34815, 0.20203354779411764], [35071, 0.20201300182481752], [35327, 0.20193614130434784], [35583, 0.2021695143884892], [35839, 0.2021484375], [36095, 0.2020168439716312], [36351, 0.20185959507042253], [36607, 0.20200502622377622], [36863, 0.20206705729166666], [37119, 0.20191271551724138], [37375, 0.20189426369863014], [37631, 0.20195578231292516], [37887, 0.20233319256756757], [38143, 0.2023647231543624], [38399, 0.201015625], [38655, 0.19968439569536423], [38911, 0.19937294407894737], [39167, 0.19929534313725492], [39423, 0.19964995941558442], [39679, 0.19984879032258066], [39935, 0.20042067307692307], [40191, 0.20073646496815287], [40447, 0.20107298259493672], [40703, 0.2013806996855346], [40959, 0.2018310546875], [41215, 0.20225155279503104], [41471, 0.20288387345679013], [41727, 0.20329275306748465], [41983, 0.20360137195121952], [42239, 0.20409564393939394], [42495, 0.20474868222891565], [42751, 0.20518338323353294], [43007, 0.20577566964285715], [43263, 0.20652274408284024], [43519, 0.2071920955882353], [43775, 0.207625182748538], [44031, 0.2086437136627907], [44287, 0.20904082369942195], [44543, 0.20950071839080459], [44799, 0.2100892857142857], [45055, 0.2108487215909091], [45311, 0.21142302259887005], [45567, 0.21203476123595505], [45823, 0.2126614874301676], [46079, 0.21351996527777778], [46335, 0.21443370165745856], [46591, 0.2151871565934066], [46847, 0.2153560450819672], [47103, 0.21429177989130435], [47359, 0.21330236486486487], [47615, 0.21247059811827956], [47871, 0.21164772727272727], [48127, 0.21087516622340424], [48383, 0.21027612433862433], [48639, 0.20972450657894737], [48895, 0.2091377617801047], [49151, 0.20859781901041666], [49407, 0.20818490932642486], [49663, 0.20769571520618557], [49919, 0.2074519230769231], [50175, 0.2077686543367347], [50431, 0.20826062817258884], [50687, 0.2090435606060606], [50943, 0.20993640075376885], [51199, 0.2107421875], [51455, 0.21198694029850745], [51711, 0.2132193688118812], [51967, 0.21438192733990147], [52223, 0.21382889093137256], [52479, 0.21278582317073172], [52735, 0.2117528822815534], [52846, 0.2113081158816962]], "candidate_count_total": 40, "confirmed_count_total": 40, "created_at": 1767871426.6031036}