{"dataset_name": "sine_nodrift", "dataset_type": "sine", "model_variant": "ts_drift_adapt", "seed": 1, "monitor_preset": "error_divergence_ph_meta@error.threshold=0.10,error.min_instances=5", "monitor_preset_base": "error_divergence_ph_meta", "monitor_ph_params": {"error_rate": {"delta": 0.005, "alpha": 0.15, "threshold": 0.1, "min_instances": 5}, "divergence": {"delta": 0.005, "alpha": 0.1, "threshold": 0.05, "min_instances": 30}}, "monitor_ph_overrides": {"error_rate": {"threshold": 0.1, "min_instances": 5}}, "trigger_mode": "two_stage", "trigger_k": 2, "trigger_threshold": 0.5, "trigger_weights": "__confirm_cooldown=200,__confirm_rule=perm_test,__perm_alpha=0.02,__perm_delta_k=50,__perm_min_effect=0,__perm_n_perm=200,__perm_post_n=30,__perm_pre_n=200,__perm_rng_seed=0,__perm_stat=delta_fused_score,divergence=0.3,error_rate=0.5,teacher_entropy=0.2", "confirm_window": 3, "confirm_cooldown": 0, "adaptive_cooldown_enabled": 0, "adaptive_window": 10000, "adaptive_lower_per10k": 10.0, "adaptive_upper_per10k": 25.0, "adaptive_cooldown_low": 200, "adaptive_cooldown_high": 500, "severity_scheduler_scale": 1.0, "use_severity_v2": 0, "severity_gate": "none", "severity_gate_min_streak": 1, "entropy_mode": "overconfident", "severity_decay": 0.95, "freeze_baseline_steps": 0, "n_steps": 800, "horizon": 10000, "acc_final": 0.9335, "mean_acc": 0.8770576215779772, "acc_min": 0.5703125, "candidate_sample_idxs": [319, 639, 1279, 1919, 2239, 2943, 3263, 3583, 4159, 4479, 4799, 5119, 5439, 5759, 6079, 6399, 6719, 7039, 7359, 9279, 9727], "confirmed_sample_idxs": [639, 1279, 1919, 2239, 2943, 3583, 4159, 4863, 5183, 5503, 5951, 6463, 6847, 7423, 9279, 9727], "acc_series": [[63, 0.59375], [127, 0.5703125], [191, 0.6041666666666666], [255, 0.60546875], [319, 0.6], [383, 0.6223958333333334], [447, 0.6607142857142857], [511, 0.68359375], [575, 0.7100694444444444], [639, 0.725], [703, 0.7428977272727273], [767, 0.75], [831, 0.7644230769230769], [895, 0.7712053571428571], [959, 0.7802083333333333], [1023, 0.7900390625], [1087, 0.7922794117647058], [1151, 0.7986111111111112], [1215, 0.8050986842105263], [1279, 0.80859375], [1343, 0.8147321428571429], [1407, 0.8210227272727273], [1471, 0.8254076086956522], [1535, 0.828125], [1599, 0.830625], [1663, 0.8353365384615384], [1727, 0.8414351851851852], [1791, 0.8454241071428571], [1855, 0.8485991379310345], [1919, 0.8515625], [1983, 0.8533266129032258], [2047, 0.85546875], [2111, 0.8574810606060606], [2175, 0.8589154411764706], [2239, 0.8611607142857143], [2303, 0.8611111111111112], [2367, 0.863597972972973], [2431, 0.8663651315789473], [2495, 0.8677884615384616], [2559, 0.868359375], [2623, 0.8696646341463414], [2687, 0.8716517857142857], [2751, 0.8731831395348837], [2815, 0.8760653409090909], [2879, 0.8777777777777778], [2943, 0.8790760869565217], [3007, 0.879654255319149], [3071, 0.8805338541666666], [3135, 0.8813775510204082], [3199, 0.8815625], [3263, 0.883578431372549], [3327, 0.8852163461538461], [3391, 0.8862028301886793], [3455, 0.8874421296296297], [3519, 0.8883522727272727], [3583, 0.8881138392857143], [3647, 0.8878837719298246], [3711, 0.8879310344827587], [3775, 0.888771186440678], [3839, 0.8903645833333333], [3903, 0.891905737704918], [3967, 0.8931451612903226], [4031, 0.8940972222222222], [4095, 0.894287109375], [4159, 0.8935096153846154], [4223, 0.8939393939393939], [4287, 0.8948227611940298], [4351, 0.8949908088235294], [4415, 0.8951539855072463], [4479, 0.8962053571428571], [4543, 0.8970070422535211], [4607, 0.8977864583333334], [4671, 0.898972602739726], [4735, 0.8997043918918919], [4799, 0.9008333333333334], [4863, 0.9017269736842105], [4927, 0.9028003246753247], [4991, 0.9034455128205128], [5055, 0.9044699367088608], [5119, 0.9048828125], [5183, 0.9050925925925926], [5247, 0.9060594512195121], [5311, 0.9066265060240963], [5375, 0.9071800595238095], [5439, 0.9079044117647059], [5503, 0.9087936046511628], [5567, 0.9096623563218391], [5631, 0.9103338068181818], [5695, 0.9102879213483146], [5759, 0.9105902777777778], [5823, 0.9112293956043956], [5887, 0.9118546195652174], [5951, 0.9117943548387096], [6015, 0.9124002659574468], [6079, 0.912828947368421], [6143, 0.9134114583333334], [6207, 0.9134987113402062], [6271, 0.9140625], [6335, 0.9144570707070707], [6399, 0.91484375], [6463, 0.9155321782178217], [6527, 0.9159007352941176], [6591, 0.9161104368932039], [6655, 0.916015625], [6719, 0.9163690476190476], [6783, 0.9168632075471698], [6847, 0.9172021028037384], [6911, 0.9176793981481481], [6975, 0.9180045871559633], [7039, 0.9183238636363636], [7103, 0.918918918918919], [7167, 0.9195033482142857], [7231, 0.9202157079646017], [7295, 0.9209155701754386], [7359, 0.9214673913043478], [7423, 0.921875], [7487, 0.922409188034188], [7551, 0.9224046610169492], [7615, 0.9226628151260504], [7679, 0.9229166666666667], [7743, 0.9231663223140496], [7807, 0.9234118852459017], [7871, 0.9235264227642277], [7935, 0.9240171370967742], [7999, 0.924125], [8063, 0.9246031746031746], [8127, 0.9250738188976378], [8191, 0.9254150390625], [8255, 0.9256298449612403], [8319, 0.9260817307692307], [8383, 0.9266459923664122], [8447, 0.9269649621212122], [8511, 0.9272791353383458], [8575, 0.9278218283582089], [8639, 0.928125], [8703, 0.9284237132352942], [8767, 0.9288321167883211], [8831, 0.9292346014492754], [8895, 0.9295188848920863], [8959, 0.9297991071428572], [9023, 0.9299645390070922], [9087, 0.9301276408450704], [9151, 0.9303977272727273], [9215, 0.9306640625], [9279, 0.9308189655172414], [9343, 0.931292808219178], [9407, 0.9316539115646258], [9471, 0.9317989864864865], [9535, 0.9320469798657718], [9599, 0.9325], [9663, 0.9328435430463576], [9727, 0.9329769736842105], [9791, 0.9329044117647058], [9855, 0.9330357142857143], [9919, 0.933266129032258], [9983, 0.93359375], [9999, 0.9335]], "candidate_count_total": 19, "confirmed_count_total": 16, "created_at": 1768131449.5402534, "confirm_rule_effective": "perm_test", "last_perm_pvalue": 0.004975124378109453, "last_perm_effect": 0.07086124644940107, "perm_test_count_total": 34, "perm_accept_count_total": 16, "perm_reject_count_total": 18, "perm_alpha": 0.02, "perm_pvalue_p50": 0.05970149253731343, "perm_pvalue_p90": 1.0, "perm_pvalue_p99": 1.0, "perm_pvalue_le_alpha_ratio": 0.47058823529411764, "perm_effect_p50": 0.0085613598814624, "perm_effect_p90": 0.0757132310976482, "perm_effect_p99": 0.11302683081129722}