{"dataset_name": "INSECTS_abrupt_balanced", "dataset_type": "insects_real", "model_variant": "ts_drift_adapt_severity", "seed": 8, "monitor_preset": "error_divergence_ph_meta@error.threshold=0.05,error.min_instances=5", "monitor_preset_base": "error_divergence_ph_meta", "monitor_ph_params": {"error_rate": {"delta": 0.005, "alpha": 0.15, "threshold": 0.05, "min_instances": 5}, "divergence": {"delta": 0.005, "alpha": 0.1, "threshold": 0.05, "min_instances": 30}}, "monitor_ph_overrides": {"error_rate": {"threshold": 0.05, "min_instances": 5}}, "trigger_mode": "two_stage", "trigger_k": 2, "trigger_threshold": 0.5, "trigger_weights": "confirm_cooldown=200,divergence=0.3,error_rate=0.5,teacher_entropy=0.2", "confirm_window": 1, "confirm_cooldown": 0, "adaptive_cooldown_enabled": 0, "adaptive_window": 10000, "adaptive_lower_per10k": 10.0, "adaptive_upper_per10k": 25.0, "adaptive_cooldown_low": 200, "adaptive_cooldown_high": 500, "severity_scheduler_scale": 2.0, "use_severity_v2": 1, "severity_gate": "confirmed_streak", "severity_gate_min_streak": 1, "entropy_mode": "uncertain", "severity_decay": 0.95, "freeze_baseline_steps": 5, "n_steps": 1200, "horizon": 52847, "acc_final": 0.19043654322856549, "mean_acc": 0.18583669392544236, "acc_min": 0.15625, "candidate_sample_idxs": [1279, 2559, 3839, 5119, 6399, 7679, 8959, 10239, 11519, 12799, 14591, 17407, 18687, 19967, 21247, 22527, 23807, 25087, 26367, 27647, 28927, 30207, 31487, 32767, 34047, 35327, 36607, 37887, 39167, 40447, 41727, 43007, 44287, 45567, 46847, 49919, 51199, 52479], "confirmed_sample_idxs": [1279, 2559, 3839, 5119, 6399, 7679, 8959, 10239, 11519, 12799, 14591, 17407, 18687, 19967, 21247, 22527, 23807, 25087, 26367, 27647, 28927, 30207, 31487, 32767, 34047, 35327, 36607, 37887, 39167, 40447, 41727, 43007, 44287, 45567, 46847, 49919, 51199, 52479], "acc_series": [[255, 0.15625], [511, 0.18359375], [767, 0.18359375], [1023, 0.171875], [1279, 0.16875], [1535, 0.17578125], [1791, 0.17578125], [2047, 0.17724609375], [2303, 0.1840277777777778], [2559, 0.18203125], [2815, 0.18323863636363635], [3071, 0.1845703125], [3327, 0.18509615384615385], [3583, 0.18805803571428573], [3839, 0.1875], [4095, 0.19091796875], [4351, 0.18933823529411764], [4607, 0.19032118055555555], [4863, 0.19120065789473684], [5119, 0.1900390625], [5375, 0.19066220238095238], [5631, 0.1903409090909091], [5887, 0.19208559782608695], [6143, 0.19384765625], [6399, 0.1953125], [6655, 0.19861778846153846], [6911, 0.19994212962962962], [7167, 0.20172991071428573], [7423, 0.2017780172413793], [7679, 0.20247395833333334], [7935, 0.20375504032258066], [8191, 0.205810546875], [8447, 0.2060842803030303], [8703, 0.20668658088235295], [8959, 0.20747767857142857], [9215, 0.20833333333333334], [9471, 0.20935388513513514], [9727, 0.20929276315789475], [9983, 0.2104366987179487], [10239, 0.20966796875], [10495, 0.20960365853658536], [10751, 0.21205357142857142], [11007, 0.21111918604651161], [11263, 0.2118252840909091], [11519, 0.21189236111111112], [11775, 0.21221127717391305], [12031, 0.2127659574468085], [12287, 0.21427408854166666], [12543, 0.21540178571428573], [12799, 0.212109375], [13055, 0.20795036764705882], [13311, 0.2039513221153846], [13567, 0.20010318396226415], [13823, 0.19639756944444445], [14079, 0.19282670454545456], [14335, 0.18952287946428573], [14591, 0.18784265350877194], [14847, 0.1849407327586207], [15103, 0.18200476694915255], [15359, 0.17897135416666668], [15615, 0.1760373975409836], [15871, 0.17319808467741934], [16127, 0.1705109126984127], [16383, 0.1678466796875], [16639, 0.16526442307692307], [16895, 0.16281960227272727], [17151, 0.16050606343283583], [17407, 0.15860523897058823], [17663, 0.1565330615942029], [17919, 0.1568638392857143], [18175, 0.1601012323943662], [18431, 0.16048177083333334], [18687, 0.16079837328767124], [18943, 0.1610008445945946], [19199, 0.16072916666666667], [19455, 0.16174958881578946], [19711, 0.1630478896103896], [19967, 0.1638621794871795], [20223, 0.1640625], [20479, 0.16474609375], [20735, 0.16517168209876543], [20991, 0.16615853658536586], [21247, 0.1666039156626506], [21503, 0.16713169642857142], [21759, 0.1671875], [22015, 0.1671965843023256], [22271, 0.1676544540229885], [22527, 0.16779119318181818], [22783, 0.16858321629213482], [23039, 0.1697482638888889], [23295, 0.17075892857142858], [23551, 0.17234205163043478], [23807, 0.17347110215053763], [24063, 0.17482546542553193], [24319, 0.17561677631578948], [24575, 0.17659505208333334], [24831, 0.17755315721649484], [25087, 0.17897002551020408], [25343, 0.18067392676767677], [25599, 0.18171875], [25855, 0.18266553217821782], [26111, 0.18370863970588236], [26367, 0.18503489077669902], [26623, 0.18577223557692307], [26879, 0.18694196428571427], [27135, 0.18790536556603774], [27391, 0.188923773364486], [27647, 0.18992332175925927], [27903, 0.1915495986238532], [28159, 0.190625], [28415, 0.18911880630630631], [28671, 0.18798828125], [28927, 0.1867049225663717], [29183, 0.1855126096491228], [29439, 0.1843070652173913], [29695, 0.1832233297413793], [29951, 0.1819244123931624], [30207, 0.18064751059322035], [30463, 0.1794248949579832], [30719, 0.17809244791666667], [30975, 0.17691115702479338], [31231, 0.17581326844262296], [31487, 0.17508257113821138], [31743, 0.17515120967741934], [31999, 0.1761875], [32255, 0.1771453373015873], [32511, 0.17867249015748032], [32767, 0.179962158203125], [33023, 0.18126211240310078], [33279, 0.18128004807692308], [33535, 0.18138716603053434], [33791, 0.1817294034090909], [34047, 0.18174342105263158], [34303, 0.18190298507462688], [34559, 0.1822337962962963], [34815, 0.18224379595588236], [35071, 0.18242472627737227], [35327, 0.18237658514492755], [35583, 0.18249775179856115], [35839, 0.18275669642857142], [36095, 0.18281804078014185], [36351, 0.1832636443661972], [36607, 0.18340253496503497], [36863, 0.183349609375], [37119, 0.18351293103448277], [37375, 0.1836205051369863], [37631, 0.18391262755102042], [37887, 0.18420080236486486], [38143, 0.1842491610738255], [38399, 0.18302083333333333], [38655, 0.18180877483443708], [38911, 0.18156352796052633], [39167, 0.18167892156862744], [39423, 0.18156452922077923], [39679, 0.18160282258064517], [39935, 0.18174078525641027], [40191, 0.18152866242038215], [40447, 0.18173951740506328], [40703, 0.1814809355345912], [40959, 0.1819091796875], [41215, 0.1819439052795031], [41471, 0.18255690586419754], [41727, 0.18340203220858894], [41983, 0.18440358231707318], [42239, 0.18584280303030304], [42495, 0.18707643072289157], [42751, 0.18808476796407186], [43007, 0.18875558035714285], [43263, 0.1897651627218935], [43519, 0.1907858455882353], [43775, 0.19168037280701755], [44031, 0.19270076308139536], [44287, 0.1935061416184971], [44543, 0.19398796695402298], [44799, 0.19504464285714285], [45055, 0.19615589488636365], [45311, 0.19698975988700565], [45567, 0.19798981741573032], [45823, 0.19900052374301677], [46079, 0.20026041666666666], [46335, 0.20122582872928177], [46591, 0.20215916895604397], [46847, 0.20231386612021857], [47103, 0.20121433423913043], [47359, 0.2001266891891892], [47615, 0.19905073924731181], [47871, 0.19798629679144386], [48127, 0.19693317819148937], [48383, 0.19593253968253968], [48639, 0.19496299342105264], [48895, 0.19404450261780104], [49151, 0.19325764973958334], [49407, 0.19249919041450778], [49663, 0.1918894974226804], [49919, 0.19134615384615383], [50175, 0.19104751275510204], [50431, 0.19091053299492386], [50687, 0.1907354797979798], [50943, 0.19079773869346733], [51199, 0.1910546875], [51455, 0.19152285447761194], [51711, 0.1923538056930693], [51967, 0.19323429802955666], [52223, 0.19270833333333334], [52479, 0.19176829268292683], [52735, 0.1908373786407767], [52846, 0.19043654322856549]], "candidate_count_total": 38, "confirmed_count_total": 38, "created_at": 1767889620.2091172}