{"dataset_name": "INSECTS_abrupt_balanced", "dataset_type": "insects_real", "model_variant": "ts_drift_adapt_severity", "seed": 10, "monitor_preset": "error_divergence_ph_meta@error.threshold=0.02,error.min_instances=5", "monitor_preset_base": "error_divergence_ph_meta", "monitor_ph_params": {"error_rate": {"delta": 0.005, "alpha": 0.15, "threshold": 0.02, "min_instances": 5}, "divergence": {"delta": 0.005, "alpha": 0.1, "threshold": 0.05, "min_instances": 30}}, "monitor_ph_overrides": {"error_rate": {"threshold": 0.02, "min_instances": 5}}, "trigger_mode": "two_stage", "trigger_k": 2, "trigger_threshold": 0.5, "trigger_weights": "confirm_cooldown=200,divergence=0.3,error_rate=0.5,teacher_entropy=0.2", "confirm_window": 1, "confirm_cooldown": 0, "adaptive_cooldown_enabled": 0, "adaptive_window": 10000, "adaptive_lower_per10k": 10.0, "adaptive_upper_per10k": 25.0, "adaptive_cooldown_low": 200, "adaptive_cooldown_high": 500, "severity_scheduler_scale": 2.0, "use_severity_v2": 1, "severity_gate": "confirmed_streak", "severity_gate_min_streak": 1, "entropy_mode": "uncertain", "severity_decay": 0.95, "freeze_baseline_steps": 5, "n_steps": 1200, "horizon": 52847, "acc_final": 0.19280186197892027, "mean_acc": 0.18706278079154284, "acc_min": 0.15324954710144928, "candidate_sample_idxs": [1279, 2559, 3839, 5119, 6399, 7679, 8959, 10239, 11519, 12799, 14591, 17919, 19199, 20479, 21759, 23039, 24319, 25599, 26879, 28159, 29695, 30975, 32255, 33535, 34815, 36095, 37375, 38655, 39935, 41215, 42495, 43775, 45055, 46335, 47615, 49663, 50943, 52223], "confirmed_sample_idxs": [1279, 2559, 3839, 5119, 6399, 7679, 8959, 10239, 11519, 12799, 14591, 17919, 19199, 20479, 21759, 23039, 24319, 25599, 26879, 28159, 29695, 30975, 32255, 33535, 34815, 36095, 37375, 38655, 39935, 41215, 42495, 43775, 45055, 46335, 47615, 49663, 50943, 52223], "acc_series": [[255, 0.15625], [511, 0.17578125], [767, 0.18229166666666666], [1023, 0.1845703125], [1279, 0.1859375], [1535, 0.189453125], [1791, 0.18973214285714285], [2047, 0.19189453125], [2303, 0.19227430555555555], [2559, 0.188671875], [2815, 0.18963068181818182], [3071, 0.18912760416666666], [3327, 0.18780048076923078], [3583, 0.18861607142857142], [3839, 0.18932291666666667], [4095, 0.189453125], [4351, 0.18818933823529413], [4607, 0.1898871527777778], [4863, 0.1885279605263158], [5119, 0.1880859375], [5375, 0.18731398809523808], [5631, 0.18874289772727273], [5887, 0.19021739130434784], [6143, 0.18994140625], [6399, 0.19203125], [6655, 0.19080528846153846], [6911, 0.19241898148148148], [7167, 0.19224330357142858], [7423, 0.19288793103448276], [7679, 0.1921875], [7935, 0.19329637096774194], [8191, 0.194580078125], [8447, 0.19566761363636365], [8703, 0.19623161764705882], [8959, 0.19776785714285713], [9215, 0.19921875], [9471, 0.19953547297297297], [9727, 0.20004111842105263], [9983, 0.20062099358974358], [10239, 0.20107421875], [10495, 0.20188643292682926], [10751, 0.20303199404761904], [11007, 0.20285247093023256], [11263, 0.20392400568181818], [11519, 0.20581597222222223], [11775, 0.2061820652173913], [12031, 0.20728058510638298], [12287, 0.20865885416666666], [12543, 0.20974170918367346], [12799, 0.206953125], [13055, 0.20289522058823528], [13311, 0.19899338942307693], [13567, 0.19523879716981132], [13823, 0.1916232638888889], [14079, 0.18821022727272727], [14335, 0.18638392857142858], [14591, 0.18475877192982457], [14847, 0.18197737068965517], [15103, 0.1789592161016949], [15359, 0.17604166666666668], [15615, 0.17315573770491804], [15871, 0.17036290322580644], [16127, 0.16772073412698413], [16383, 0.16510009765625], [16639, 0.16256009615384615], [16895, 0.1600970643939394], [17151, 0.15776585820895522], [17407, 0.15550321691176472], [17663, 0.15324954710144928], [17919, 0.15362723214285715], [18175, 0.15718529929577466], [18431, 0.15907118055555555], [18687, 0.1603702910958904], [18943, 0.16247888513513514], [19199, 0.16421875], [19455, 0.16750616776315788], [19711, 0.16918628246753248], [19967, 0.16967147435897437], [20223, 0.17009493670886075], [20479, 0.170751953125], [20735, 0.1709104938271605], [20991, 0.17135099085365854], [21247, 0.1714984939759036], [21503, 0.17145647321428573], [21759, 0.17159926470588235], [22015, 0.171875], [22271, 0.17250359195402298], [22527, 0.17289595170454544], [22783, 0.17349894662921347], [23039, 0.17395833333333333], [23295, 0.17449347527472528], [23551, 0.17582370923913043], [23807, 0.17704133064516128], [24063, 0.17852393617021275], [24319, 0.17993421052631578], [24575, 0.1805419921875], [24831, 0.18186211340206185], [25087, 0.18291613520408162], [25343, 0.18442234848484848], [25599, 0.18546875], [25855, 0.18707456683168316], [26111, 0.18845741421568626], [26367, 0.18958586165048544], [26623, 0.1904296875], [26879, 0.19151785714285716], [27135, 0.19251179245283018], [27391, 0.19359667056074767], [27647, 0.19484230324074073], [27903, 0.19606508027522937], [28159, 0.19456676136363638], [28415, 0.19281390765765766], [28671, 0.191162109375], [28927, 0.18953954646017698], [29183, 0.18801398026315788], [29439, 0.18675271739130433], [29695, 0.18551320043103448], [29951, 0.18449519230769232], [30207, 0.18365995762711865], [30463, 0.18297006302521007], [30719, 0.18199869791666667], [30975, 0.18143078512396693], [31231, 0.1807120901639344], [31487, 0.18019563008130082], [31743, 0.1809790826612903], [31999, 0.18284375], [32255, 0.1837487599206349], [32511, 0.18528543307086615], [32767, 0.186492919921875], [33023, 0.1877422480620155], [33279, 0.18771033653846153], [33535, 0.1877683683206107], [33791, 0.18803267045454544], [34047, 0.18799929511278196], [34303, 0.18802472014925373], [34559, 0.18828125], [34815, 0.18821806066176472], [35071, 0.18815579379562045], [35327, 0.18761322463768115], [35583, 0.1875], [35839, 0.18733258928571428], [36095, 0.18741688829787234], [36351, 0.18725242077464788], [36607, 0.18747268356643357], [36863, 0.1877983940972222], [37119, 0.18747306034482758], [37375, 0.1875535102739726], [37631, 0.1872874149659864], [37887, 0.18752639358108109], [38143, 0.18747378355704697], [38399, 0.18622395833333333], [38655, 0.1849906870860927], [38911, 0.1845703125], [39167, 0.1844873366013072], [39423, 0.18440543831168832], [39679, 0.1845766129032258], [39935, 0.18509615384615385], [40191, 0.18538515127388536], [40447, 0.18589299841772153], [40703, 0.18622248427672955], [40959, 0.1865966796875], [41215, 0.18696622670807453], [41471, 0.18762056327160495], [41727, 0.18814704754601227], [41983, 0.18864329268292682], [42239, 0.1895123106060606], [42495, 0.19018260542168675], [42751, 0.19110217065868262], [43007, 0.19180152529761904], [43263, 0.19258505917159763], [43519, 0.19349724264705884], [43775, 0.19405610380116958], [44031, 0.19501726017441862], [44287, 0.1959673049132948], [44543, 0.19652478448275862], [44799, 0.19734375], [45055, 0.1981534090909091], [45311, 0.1988877118644068], [45567, 0.19970154494382023], [45823, 0.20035352653631286], [46079, 0.20112847222222222], [46335, 0.2019164364640884], [46591, 0.2027815934065934], [46847, 0.2028901980874317], [47103, 0.2017875339673913], [47359, 0.20069679054054054], [47615, 0.1996177755376344], [47871, 0.19855030080213903], [48127, 0.19749418218085107], [48383, 0.19644923941798942], [48639, 0.19541529605263158], [48895, 0.19439217931937172], [49151, 0.19337972005208334], [49407, 0.19239799222797926], [49663, 0.19144652061855671], [49919, 0.19064503205128205], [50175, 0.19015066964285715], [50431, 0.1899785850253807], [50687, 0.19020280934343434], [50943, 0.19089588567839197], [51199, 0.19197265625], [51455, 0.1931358830845771], [51711, 0.1943649443069307], [51967, 0.1956588669950739], [52223, 0.19510186887254902], [52479, 0.1941501524390244], [52735, 0.1932076759708738], [52846, 0.19280186197892027]], "candidate_count_total": 38, "confirmed_count_total": 38, "created_at": 1767890431.0873106}