{"dataset_name": "INSECTS_abrupt_balanced", "dataset_type": "insects_real", "model_variant": "ts_drift_adapt_severity", "seed": 9, "monitor_preset": "error_divergence_ph_meta@error.threshold=0.05,error.min_instances=5", "monitor_preset_base": "error_divergence_ph_meta", "monitor_ph_params": {"error_rate": {"delta": 0.005, "alpha": 0.15, "threshold": 0.05, "min_instances": 5}, "divergence": {"delta": 0.005, "alpha": 0.1, "threshold": 0.05, "min_instances": 30}}, "monitor_ph_overrides": {"error_rate": {"threshold": 0.05, "min_instances": 5}}, "trigger_mode": "two_stage", "trigger_k": 2, "trigger_threshold": 0.5, "trigger_weights": "confirm_cooldown=200,divergence=0.3,error_rate=0.5,teacher_entropy=0.2", "confirm_window": 1, "confirm_cooldown": 0, "severity_scheduler_scale": 1.0, "use_severity_v2": 1, "severity_gate": "confirmed_streak", "severity_gate_min_streak": 1, "entropy_mode": "overconfident", "severity_decay": 0.95, "freeze_baseline_steps": 0, "n_steps": 1200, "horizon": 52847, "acc_final": 0.19728650632959296, "mean_acc": 0.2003032649330645, "acc_min": 0.17119565217391305, "candidate_sample_idxs": [1279, 2559, 3839, 5119, 6399, 7679, 8959, 10239, 11519, 12799, 14079, 15103, 17919, 19199, 20479, 21759, 23039, 24319, 25599, 26879, 28159, 31487, 32767, 34047, 35327, 36607, 37887, 39167, 40447, 41727, 43007, 44287, 45567, 46847, 49919, 51199, 52479], "confirmed_sample_idxs": [1279, 2559, 3839, 5119, 6399, 7679, 8959, 10239, 11519, 12799, 14079, 17919, 19199, 20479, 21759, 23039, 24319, 25599, 26879, 28159, 31487, 32767, 34047, 35327, 36607, 37887, 39167, 40447, 41727, 43007, 44287, 45567, 46847, 49919, 51199, 52479], "acc_series": [[255, 0.21484375], [511, 0.197265625], [767, 0.19921875], [1023, 0.203125], [1279, 0.20234375], [1535, 0.21484375], [1791, 0.21316964285714285], [2047, 0.2158203125], [2303, 0.22135416666666666], [2559, 0.22109375], [2815, 0.22123579545454544], [3071, 0.22135416666666666], [3327, 0.22205528846153846], [3583, 0.220703125], [3839, 0.22213541666666667], [4095, 0.220947265625], [4351, 0.22127757352941177], [4607, 0.2224392361111111], [4863, 0.22224506578947367], [5119, 0.2234375], [5375, 0.22395833333333334], [5631, 0.22496448863636365], [5887, 0.22469429347826086], [6143, 0.22607421875], [6399, 0.2265625], [6655, 0.2244591346153846], [6911, 0.22453703703703703], [7167, 0.22530691964285715], [7423, 0.22588900862068967], [7679, 0.22630208333333332], [7935, 0.22731854838709678], [8191, 0.228759765625], [8447, 0.22916666666666666], [8703, 0.23058363970588236], [8959, 0.23214285714285715], [9215, 0.23209635416666666], [9471, 0.2326858108108108], [9727, 0.23293585526315788], [9983, 0.23307291666666666], [10239, 0.23359375], [10495, 0.23237423780487804], [10751, 0.23065476190476192], [11007, 0.22937863372093023], [11263, 0.2295809659090909], [11519, 0.22934027777777777], [11775, 0.23004415760869565], [12031, 0.2298869680851064], [12287, 0.23063151041666666], [12543, 0.23118622448979592], [12799, 0.227734375], [13055, 0.2232689950980392], [13311, 0.21897536057692307], [13567, 0.21484375], [13823, 0.21086516203703703], [14079, 0.20724431818181818], [14335, 0.20877511160714285], [14591, 0.20655153508771928], [14847, 0.203125], [15103, 0.1998146186440678], [15359, 0.196484375], [15615, 0.19326331967213115], [15871, 0.19014616935483872], [16127, 0.18718998015873015], [16383, 0.18426513671875], [16639, 0.18143028846153847], [16895, 0.1786813446969697], [17151, 0.17607276119402984], [17407, 0.17354090073529413], [17663, 0.17119565217391305], [17919, 0.17142857142857143], [18175, 0.1742957746478873], [18431, 0.1748589409722222], [18687, 0.17476455479452055], [18943, 0.17366976351351351], [19199, 0.17354166666666668], [19455, 0.17357113486842105], [19711, 0.1734983766233766], [19967, 0.17322716346153846], [20223, 0.17321004746835442], [20479, 0.173291015625], [20735, 0.17332175925925927], [20991, 0.17339939024390244], [21247, 0.17465173192771086], [21503, 0.17522321428571427], [21759, 0.17729779411764707], [22015, 0.17959665697674418], [22271, 0.1808099856321839], [22527, 0.1826171875], [22783, 0.18455933988764045], [23039, 0.18585069444444444], [23295, 0.18638392857142858], [23551, 0.18809442934782608], [23807, 0.18951612903225806], [24063, 0.19057513297872342], [24319, 0.19148848684210526], [24575, 0.19242350260416666], [24831, 0.19333923969072164], [25087, 0.19451530612244897], [25343, 0.19629892676767677], [25599, 0.1975390625], [25855, 0.19906404702970298], [26111, 0.20032935049019607], [26367, 0.20115291262135923], [26623, 0.20211087740384615], [26879, 0.20286458333333332], [27135, 0.20371462264150944], [27391, 0.2044757593457944], [27647, 0.20576533564814814], [27903, 0.20635034403669725], [28159, 0.20461647727272728], [28415, 0.20280827702702703], [28671, 0.20099748883928573], [28927, 0.1992533185840708], [29183, 0.19753974780701755], [29439, 0.19582201086956522], [29695, 0.1941675646551724], [29951, 0.19254139957264957], [30207, 0.19090969279661016], [30463, 0.18933823529411764], [30719, 0.187890625], [30975, 0.1865315082644628], [31231, 0.18516265368852458], [31487, 0.18410188008130082], [31743, 0.18384576612903225], [31999, 0.1843125], [32255, 0.1847408234126984], [32511, 0.18605437992125984], [32767, 0.1871337890625], [33023, 0.18828730620155038], [33279, 0.18828125], [33535, 0.18827528625954199], [33791, 0.18862452651515152], [34047, 0.18864544172932332], [34303, 0.18857859141791045], [34559, 0.18891782407407406], [34815, 0.18884995404411764], [35071, 0.18889712591240876], [35327, 0.18866055253623187], [35583, 0.18887702338129497], [35839, 0.18911830357142856], [36095, 0.1893007535460993], [36351, 0.18953565140845072], [36607, 0.1898765297202797], [36863, 0.18986002604166666], [37119, 0.1900592672413793], [37375, 0.19030928938356165], [37631, 0.19052933673469388], [37887, 0.19106313344594594], [38143, 0.19135381711409397], [38399, 0.190078125], [38655, 0.18881932947019867], [38911, 0.18868215460526316], [39167, 0.18882761437908496], [39423, 0.18859070616883117], [39679, 0.1888860887096774], [39935, 0.18922776442307693], [40191, 0.18936604299363058], [40447, 0.18970035601265822], [40703, 0.18976022012578617], [40959, 0.1902099609375], [41215, 0.19048427795031056], [41471, 0.1911892361111111], [41727, 0.19181365030674846], [41983, 0.19250190548780488], [42239, 0.19367897727272726], [42495, 0.19455948795180722], [42751, 0.19561657934131738], [43007, 0.19663783482142858], [43263, 0.19776257396449703], [43519, 0.1988970588235294], [43775, 0.199812682748538], [44031, 0.20114916424418605], [44287, 0.20183796965317918], [44543, 0.20265355603448276], [44799, 0.20341517857142857], [45055, 0.2044344815340909], [45311, 0.20513329802259886], [45567, 0.20593398876404495], [45823, 0.20683484636871508], [46079, 0.20789930555555555], [46335, 0.20873618784530387], [46591, 0.20975703983516483], [46847, 0.20987021857923496], [47103, 0.20872961956521738], [47359, 0.20762246621621622], [47615, 0.20650621639784947], [47871, 0.20540190508021391], [48127, 0.20430934175531915], [48383, 0.20322833994708994], [48639, 0.20215871710526315], [48895, 0.20112074607329844], [49151, 0.2000732421875], [49407, 0.1990568329015544], [49663, 0.19809117268041238], [49919, 0.1971153846153846], [50175, 0.19614955357142858], [50431, 0.19543147208121828], [50687, 0.19513494318181818], [50943, 0.19548916457286433], [51199, 0.196171875], [51455, 0.197255907960199], [51711, 0.19863861386138615], [51967, 0.2001231527093596], [52223, 0.19964001225490197], [52479, 0.19866615853658537], [52735, 0.19770175970873785], [52846, 0.19728650632959296]], "candidate_count_total": 37, "confirmed_count_total": 36, "created_at": 1767841995.598224}