{"dataset_name": "INSECTS_abrupt_balanced", "dataset_type": "insects_real", "model_variant": "ts_drift_adapt", "seed": 8, "monitor_preset": "error_divergence_ph_meta@error.threshold=0.05,error.min_instances=5", "monitor_preset_base": "error_divergence_ph_meta", "monitor_ph_params": {"error_rate": {"delta": 0.005, "alpha": 0.15, "threshold": 0.05, "min_instances": 5}, "divergence": {"delta": 0.005, "alpha": 0.1, "threshold": 0.05, "min_instances": 30}}, "monitor_ph_overrides": {"error_rate": {"threshold": 0.05, "min_instances": 5}}, "trigger_mode": "two_stage", "trigger_k": 2, "trigger_threshold": 0.5, "trigger_weights": "confirm_cooldown=0,divergence=0.3,error_rate=0.5,teacher_entropy=0.2", "confirm_window": 1, "confirm_cooldown": 0, "severity_scheduler_scale": 1.0, "use_severity_v2": 0, "severity_gate": "none", "severity_gate_min_streak": 1, "entropy_mode": "overconfident", "severity_decay": 0.95, "freeze_baseline_steps": 0, "n_steps": 1200, "horizon": 52847, "acc_final": 0.18977425397846615, "mean_acc": 0.18143718322600064, "acc_min": 0.1481544384057971, "candidate_sample_idxs": [1279, 2559, 3839, 5119, 6399, 7679, 8959, 10239, 11519, 12799, 14335, 16127, 17919, 19199, 20479, 21759, 23039, 24319, 25599, 26879, 28159, 29439, 30719, 31999, 33279, 34559, 35839, 37119, 38399, 39679, 40959, 42239, 43519, 44799, 46079, 47359, 49919, 51199, 52479], "confirmed_sample_idxs": [1279, 2559, 3839, 5119, 6399, 7679, 8959, 10239, 11519, 12799, 14335, 16127, 17919, 19199, 20479, 21759, 23039, 24319, 25599, 26879, 28159, 29439, 30719, 31999, 33279, 34559, 35839, 37119, 38399, 39679, 40959, 42239, 43519, 44799, 46079, 47359, 49919, 51199, 52479], "acc_series": [[255, 0.15625], [511, 0.18359375], [767, 0.18359375], [1023, 0.1826171875], [1279, 0.17890625], [1535, 0.189453125], [1791, 0.19140625], [2047, 0.1865234375], [2303, 0.1918402777777778], [2559, 0.191796875], [2815, 0.19389204545454544], [3071, 0.1904296875], [3327, 0.18990384615384615], [3583, 0.19112723214285715], [3839, 0.19192708333333333], [4095, 0.1904296875], [4351, 0.18772977941176472], [4607, 0.18641493055555555], [4863, 0.18606085526315788], [5119, 0.1833984375], [5375, 0.18340773809523808], [5631, 0.18341619318181818], [5887, 0.18427309782608695], [6143, 0.18424479166666666], [6399, 0.183125], [6655, 0.1853966346153846], [6911, 0.18446180555555555], [7167, 0.18415178571428573], [7423, 0.18480603448275862], [7679, 0.18463541666666666], [7935, 0.1857358870967742], [8191, 0.18701171875], [8447, 0.18631628787878787], [8703, 0.18543198529411764], [8959, 0.18694196428571427], [9215, 0.1890190972222222], [9471, 0.18940033783783783], [9727, 0.18996710526315788], [9983, 0.19150641025641027], [10239, 0.19326171875], [10495, 0.19397865853658536], [10751, 0.1953125], [11007, 0.19540334302325582], [11263, 0.1952237215909091], [11519, 0.1959201388888889], [11775, 0.19650135869565216], [12031, 0.1975565159574468], [12287, 0.198486328125], [12543, 0.1991390306122449], [12799, 0.196015625], [13055, 0.19217218137254902], [13311, 0.1884765625], [13567, 0.18492040094339623], [13823, 0.18149594907407407], [14079, 0.17897727272727273], [14335, 0.18024553571428573], [14591, 0.17886513157894737], [14847, 0.1759832974137931], [15103, 0.1730667372881356], [15359, 0.17018229166666668], [15615, 0.16739241803278687], [15871, 0.16469254032258066], [16127, 0.16214037698412698], [16383, 0.15960693359375], [16639, 0.15715144230769232], [16895, 0.15477035984848486], [17151, 0.15246035447761194], [17407, 0.15027573529411764], [17663, 0.1481544384057971], [17919, 0.14821428571428572], [18175, 0.1523987676056338], [18431, 0.1545138888888889], [18687, 0.1564640410958904], [18943, 0.15730574324324326], [19199, 0.15875], [19455, 0.1602076480263158], [19711, 0.16188108766233766], [19967, 0.16301081730769232], [20223, 0.16356803797468356], [20479, 0.164111328125], [20735, 0.16473765432098766], [20991, 0.16577743902439024], [21247, 0.16646272590361447], [21503, 0.16694568452380953], [21759, 0.16746323529411763], [22015, 0.16846838662790697], [22271, 0.16954022988505746], [22527, 0.1712979403409091], [22783, 0.17306004213483145], [23039, 0.17408854166666668], [23295, 0.17470810439560439], [23551, 0.17633322010869565], [23807, 0.17750336021505375], [24063, 0.17852393617021275], [24319, 0.17944078947368422], [24575, 0.18013509114583334], [24831, 0.18077480670103094], [25087, 0.1815609056122449], [25343, 0.18268623737373738], [25599, 0.1834765625], [25855, 0.18428991336633663], [26111, 0.1850873161764706], [26367, 0.18609678398058252], [26623, 0.18682391826923078], [26879, 0.18768601190476192], [27135, 0.18816332547169812], [27391, 0.1888507593457944], [27647, 0.1898509837962963], [27903, 0.1911195527522936], [28159, 0.18980823863636365], [28415, 0.18809825450450451], [28671, 0.18659319196428573], [28927, 0.18508019911504425], [29183, 0.18359375], [29439, 0.1820991847826087], [29695, 0.18079876077586207], [29951, 0.179553952991453], [30207, 0.1783302436440678], [30463, 0.17735688025210083], [30719, 0.17633463541666666], [30975, 0.1755229855371901], [31231, 0.17472464139344263], [31487, 0.17400279471544716], [31743, 0.17360761088709678], [31999, 0.17346875], [32255, 0.17364211309523808], [32511, 0.1741818405511811], [32767, 0.175140380859375], [33023, 0.17623546511627908], [33279, 0.17677283653846154], [33535, 0.17694417938931298], [33791, 0.17729048295454544], [34047, 0.17748472744360902], [34303, 0.177734375], [34559, 0.1777199074074074], [34815, 0.17761948529411764], [35071, 0.17769160583941607], [35327, 0.17747961956521738], [35583, 0.17769222122302158], [35839, 0.17798549107142858], [36095, 0.17808067375886524], [36351, 0.1782020246478873], [36607, 0.1782943618881119], [36863, 0.17857530381944445], [37119, 0.1787176724137931], [37375, 0.17893835616438356], [37631, 0.17910289115646258], [37887, 0.17944995777027026], [38143, 0.17976614932885907], [38399, 0.17856770833333332], [38655, 0.17738514072847683], [38911, 0.17709189967105263], [39167, 0.17703227124183007], [39423, 0.17687195616883117], [39679, 0.17699092741935485], [39935, 0.17705829326923078], [40191, 0.1774233678343949], [40447, 0.17788271360759494], [40703, 0.1779677672955975], [40959, 0.178369140625], [41215, 0.1788868400621118], [41471, 0.17975983796296297], [41727, 0.18083780674846625], [41983, 0.18168826219512196], [42239, 0.18271780303030302], [42495, 0.18380553463855423], [42751, 0.18473989520958084], [43007, 0.18563988095238096], [43263, 0.18652921597633135], [43519, 0.18731617647058824], [43775, 0.18797971491228072], [44031, 0.18870367005813954], [44287, 0.18953215317919075], [44543, 0.19014906609195403], [44799, 0.1910044642857143], [45055, 0.19211647727272727], [45311, 0.19303937146892655], [45567, 0.19390800561797752], [45823, 0.19485422486033518], [46079, 0.1956814236111111], [46335, 0.19665055248618785], [46591, 0.19739440247252749], [46847, 0.19761782786885246], [47103, 0.19654381793478262], [47359, 0.19548141891891893], [47615, 0.19445144489247312], [47871, 0.19343248663101603], [48127, 0.19240359042553193], [48383, 0.191385582010582], [48639, 0.19041940789473685], [48895, 0.1895247054973822], [49151, 0.18870035807291666], [49407, 0.18808694948186527], [49663, 0.18754027061855671], [49919, 0.18719951923076922], [50175, 0.18718112244897958], [50431, 0.18765862944162437], [50687, 0.18836805555555555], [50943, 0.18895257537688442], [51199, 0.18970703125], [51455, 0.1904734141791045], [51711, 0.19158029084158415], [51967, 0.1926570197044335], [52223, 0.19203814338235295], [52479, 0.1911013719512195], [52735, 0.19017369538834952], [52846, 0.18977425397846615]], "candidate_count_total": 39, "confirmed_count_total": 39, "created_at": 1767841612.839201}