{"dataset_name": "sine_nodrift", "dataset_type": "sine", "model_variant": "ts_drift_adapt", "seed": 2, "monitor_preset": "error_divergence_ph_meta@error.threshold=0.10,error.min_instances=5", "monitor_preset_base": "error_divergence_ph_meta", "monitor_ph_params": {"error_rate": {"delta": 0.005, "alpha": 0.15, "threshold": 0.1, "min_instances": 5}, "divergence": {"delta": 0.005, "alpha": 0.1, "threshold": 0.05, "min_instances": 30}}, "monitor_ph_overrides": {"error_rate": {"threshold": 0.1, "min_instances": 5}}, "trigger_mode": "two_stage", "trigger_k": 2, "trigger_threshold": 0.5, "trigger_weights": "__confirm_cooldown=200,__confirm_rule=perm_test,__perm_alpha=0.05,__perm_delta_k=50,__perm_min_effect=0,__perm_n_perm=200,__perm_post_n=30,__perm_pre_n=500,__perm_rng_seed=0,__perm_stat=delta_fused_score,divergence=0.3,error_rate=0.5,teacher_entropy=0.2", "confirm_window": 3, "confirm_cooldown": 0, "adaptive_cooldown_enabled": 0, "adaptive_window": 10000, "adaptive_lower_per10k": 10.0, "adaptive_upper_per10k": 25.0, "adaptive_cooldown_low": 200, "adaptive_cooldown_high": 500, "severity_scheduler_scale": 1.0, "use_severity_v2": 0, "severity_gate": "none", "severity_gate_min_streak": 1, "entropy_mode": "overconfident", "severity_decay": 0.95, "freeze_baseline_steps": 0, "n_steps": 800, "horizon": 10000, "acc_final": 0.9207, "mean_acc": 0.8528316716805382, "acc_min": 0.4375, "candidate_sample_idxs": [319, 639, 959, 1279, 1919, 3007, 3711, 4031, 4351, 4799, 5119, 5503, 5823, 6143, 7167, 7487, 7807, 8127, 8447, 8767, 9087, 9791], "confirmed_sample_idxs": [703, 1023, 1919, 3007, 3711, 4031, 4415, 4799, 5119, 5503, 5823, 7167, 7679, 8191, 8447, 8831, 9151, 9791], "acc_series": [[63, 0.4375], [127, 0.5], [191, 0.546875], [255, 0.609375], [319, 0.621875], [383, 0.6510416666666666], [447, 0.6808035714285714], [511, 0.697265625], [575, 0.703125], [639, 0.715625], [703, 0.7159090909090909], [767, 0.7265625], [831, 0.734375], [895, 0.7455357142857143], [959, 0.753125], [1023, 0.75], [1087, 0.7454044117647058], [1151, 0.7482638888888888], [1215, 0.7524671052631579], [1279, 0.75546875], [1343, 0.7611607142857143], [1407, 0.7670454545454546], [1471, 0.7724184782608695], [1535, 0.77734375], [1599, 0.783125], [1663, 0.7860576923076923], [1727, 0.7910879629629629], [1791, 0.7957589285714286], [1855, 0.8006465517241379], [1919, 0.8041666666666667], [1983, 0.8074596774193549], [2047, 0.8125], [2111, 0.8148674242424242], [2175, 0.8175551470588235], [2239, 0.8205357142857143], [2303, 0.82421875], [2367, 0.8268581081081081], [2431, 0.8301809210526315], [2495, 0.8321314102564102], [2559, 0.8328125], [2623, 0.8357469512195121], [2687, 0.8370535714285714], [2751, 0.8386627906976745], [2815, 0.8412642045454546], [2879, 0.84375], [2943, 0.8457880434782609], [3007, 0.8467420212765957], [3071, 0.8492838541666666], [3135, 0.8510841836734694], [3199, 0.8534375], [3263, 0.8553921568627451], [3327, 0.8569711538461539], [3391, 0.8581957547169812], [3455, 0.8596643518518519], [3519, 0.8607954545454546], [3583, 0.8607700892857143], [3647, 0.8615679824561403], [3711, 0.8631465517241379], [3775, 0.8633474576271186], [3839, 0.8640625], [3903, 0.8655225409836066], [3967, 0.8666834677419355], [4031, 0.8678075396825397], [4095, 0.869384765625], [4159, 0.869951923076923], [4223, 0.8709753787878788], [4287, 0.8724347014925373], [4351, 0.8738511029411765], [4415, 0.8752264492753623], [4479, 0.8765625], [4543, 0.8776408450704225], [4607, 0.8784722222222222], [4671, 0.8790667808219178], [4735, 0.8781672297297297], [4799, 0.8791666666666667], [4863, 0.8799342105263158], [4927, 0.8806818181818182], [4991, 0.8812099358974359], [5055, 0.8823180379746836], [5119, 0.88359375], [5183, 0.8842592592592593], [5247, 0.885670731707317], [5311, 0.8868599397590361], [5375, 0.8880208333333334], [5439, 0.8886029411764705], [5503, 0.8888081395348837], [5567, 0.8897270114942529], [5631, 0.8908025568181818], [5695, 0.8918539325842697], [5759, 0.8927083333333333], [5823, 0.8926854395604396], [5887, 0.8936820652173914], [5951, 0.8943212365591398], [6015, 0.8946143617021277], [6079, 0.8947368421052632], [6143, 0.8946940104166666], [6207, 0.8949742268041238], [6271, 0.8957270408163265], [6335, 0.8959911616161617], [6399, 0.89671875], [6463, 0.8972772277227723], [6527, 0.8978247549019608], [6591, 0.8982099514563107], [6655, 0.8984375], [6719, 0.8989583333333333], [6783, 0.8994693396226415], [6847, 0.8995327102803738], [6911, 0.9000289351851852], [6975, 0.9006594036697247], [7039, 0.9015625], [7103, 0.902027027027027], [7167, 0.9020647321428571], [7231, 0.9026548672566371], [7295, 0.903234649122807], [7359, 0.9036684782608696], [7423, 0.9040948275862069], [7487, 0.9049145299145299], [7551, 0.9057203389830508], [7615, 0.9058560924369747], [7679, 0.9065104166666667], [7743, 0.9071539256198347], [7807, 0.9076588114754098], [7871, 0.9081554878048781], [7935, 0.9083921370967742], [7999, 0.9085], [8063, 0.9091021825396826], [8127, 0.9096948818897638], [8191, 0.9100341796875], [8255, 0.9104893410852714], [8319, 0.9108173076923077], [8383, 0.9111402671755725], [8447, 0.9114583333333334], [8511, 0.9116541353383458], [8575, 0.9119636194029851], [8639, 0.9123842592592593], [8703, 0.9125689338235294], [8767, 0.9130930656934306], [8831, 0.9133831521739131], [8895, 0.9138938848920863], [8959, 0.9142857142857143], [9023, 0.9147828014184397], [9087, 0.9152728873239436], [9151, 0.9158653846153846], [9215, 0.9162326388888888], [9279, 0.9167025862068966], [9343, 0.9167380136986302], [9407, 0.9171981292517006], [9471, 0.9175464527027027], [9535, 0.9180998322147651], [9599, 0.9185416666666667], [9663, 0.9190811258278145], [9727, 0.9193050986842105], [9791, 0.9195261437908496], [9855, 0.9199472402597403], [9919, 0.9204637096774193], [9983, 0.9206730769230769], [9999, 0.9207]], "candidate_count_total": 21, "confirmed_count_total": 18, "created_at": 1768148537.132743, "confirm_rule_effective": "perm_test", "last_perm_pvalue": 0.004975124378109453, "last_perm_effect": 0.1509948796100472, "perm_test_count_total": 35, "perm_accept_count_total": 18, "perm_reject_count_total": 17, "perm_alpha": 0.05, "perm_pvalue_p50": 0.04477611940298507, "perm_pvalue_p90": 1.0, "perm_pvalue_p99": 1.0, "perm_pvalue_le_alpha_ratio": 0.5142857142857142, "perm_effect_p50": 0.01737994926041731, "perm_effect_p90": 0.07793749879536692, "perm_effect_p99": 0.13931124118008764}