{"dataset_name": "INSECTS_abrupt_balanced", "dataset_type": "insects_real", "model_variant": "ts_drift_adapt", "seed": 5, "monitor_preset": "error_divergence_ph_meta@error.threshold=0.05,error.min_instances=5", "monitor_preset_base": "error_divergence_ph_meta", "monitor_ph_params": {"error_rate": {"delta": 0.005, "alpha": 0.15, "threshold": 0.05, "min_instances": 5}, "divergence": {"delta": 0.005, "alpha": 0.1, "threshold": 0.05, "min_instances": 30}}, "monitor_ph_overrides": {"error_rate": {"threshold": 0.05, "min_instances": 5}}, "trigger_mode": "two_stage", "trigger_k": 2, "trigger_threshold": 0.5, "trigger_weights": "confirm_cooldown=200,divergence=0.3,error_rate=0.5,teacher_entropy=0.2", "confirm_window": 1, "confirm_cooldown": 0, "adaptive_cooldown_enabled": 0, "adaptive_window": 10000, "adaptive_lower_per10k": 10.0, "adaptive_upper_per10k": 25.0, "adaptive_cooldown_low": 200, "adaptive_cooldown_high": 500, "severity_scheduler_scale": 2.0, "use_severity_v2": 0, "severity_gate": "none", "severity_gate_min_streak": 1, "entropy_mode": "uncertain", "severity_decay": 0.95, "freeze_baseline_steps": 5, "n_steps": 1200, "horizon": 52847, "acc_final": 0.20635040778095257, "mean_acc": 0.19824666501531088, "acc_min": 0.1634963768115942, "candidate_sample_idxs": [1279, 2559, 3839, 5119, 6399, 7679, 8959, 10239, 11519, 12799, 14335, 17919, 19199, 20479, 21759, 23039, 24319, 25599, 26879, 28159, 29439, 30719, 31999, 33279, 34559, 35839, 37119, 38399, 39679, 40959, 42239, 43519, 44799, 46079, 47359, 48639, 49919, 51199, 52479], "confirmed_sample_idxs": [1279, 2559, 3839, 5119, 6399, 7679, 8959, 10239, 11519, 12799, 14335, 17919, 19199, 20479, 21759, 23039, 24319, 25599, 26879, 28159, 29439, 30719, 31999, 33279, 34559, 35839, 37119, 38399, 39679, 40959, 42239, 43519, 44799, 46079, 47359, 48639, 49919, 51199, 52479], "acc_series": [[255, 0.25390625], [511, 0.21484375], [767, 0.2109375], [1023, 0.2158203125], [1279, 0.215625], [1535, 0.19986979166666666], [1791, 0.19754464285714285], [2047, 0.2041015625], [2303, 0.2048611111111111], [2559, 0.209375], [2815, 0.20703125], [3071, 0.20833333333333334], [3327, 0.20853365384615385], [3583, 0.20786830357142858], [3839, 0.2078125], [4095, 0.205810546875], [4351, 0.20519301470588236], [4607, 0.2035590277777778], [4863, 0.20148026315789475], [5119, 0.201171875], [5375, 0.20200892857142858], [5631, 0.2041903409090909], [5887, 0.20414402173913043], [6143, 0.20328776041666666], [6399, 0.2034375], [6655, 0.2029747596153846], [6911, 0.203125], [7167, 0.20479910714285715], [7423, 0.20730064655172414], [7679, 0.20716145833333333], [7935, 0.20753528225806453], [8191, 0.209716796875], [8447, 0.20963541666666666], [8703, 0.21174172794117646], [8959, 0.21395089285714286], [9215, 0.21571180555555555], [9471, 0.21537162162162163], [9727, 0.21648848684210525], [9983, 0.21774839743589744], [10239, 0.21787109375], [10495, 0.21808307926829268], [10751, 0.21958705357142858], [11007, 0.2194767441860465], [11263, 0.21875], [11519, 0.21909722222222222], [11775, 0.21976902173913043], [12031, 0.22091090425531915], [12287, 0.22233072916666666], [12543, 0.22297512755102042], [12799, 0.22015625], [13055, 0.21583946078431374], [13311, 0.21168870192307693], [13567, 0.20769457547169812], [13823, 0.2039207175925926], [14079, 0.20063920454545456], [14335, 0.19880022321428573], [14591, 0.19736842105263158], [14847, 0.1941675646551724], [15103, 0.19100900423728814], [15359, 0.18782552083333334], [15615, 0.18474641393442623], [15871, 0.18176663306451613], [16127, 0.17894345238095238], [16383, 0.1761474609375], [16639, 0.1734375], [16895, 0.1708096590909091], [17151, 0.16826026119402984], [17407, 0.16584329044117646], [17663, 0.1634963768115942], [17919, 0.16383928571428572], [18175, 0.16725352112676056], [18431, 0.1697048611111111], [18687, 0.1716609589041096], [18943, 0.17293074324324326], [19199, 0.17364583333333333], [19455, 0.17521587171052633], [19711, 0.17578125], [19967, 0.17548076923076922], [20223, 0.1753362341772152], [20479, 0.175390625], [20735, 0.17515432098765432], [20991, 0.1756859756097561], [21247, 0.17620481927710843], [21503, 0.1767578125], [21759, 0.17720588235294119], [22015, 0.17809774709302326], [22271, 0.17901400862068967], [22527, 0.18039772727272727], [22783, 0.1817942415730337], [23039, 0.18311631944444445], [23295, 0.18432348901098902], [23551, 0.18622622282608695], [23807, 0.1877940188172043], [24063, 0.18899601063829788], [24319, 0.18992598684210527], [24575, 0.19099934895833334], [24831, 0.19209085051546393], [25087, 0.1931999362244898], [25343, 0.1943655303030303], [25599, 0.19578125], [25855, 0.19716893564356436], [26111, 0.19849111519607843], [26367, 0.1993704490291262], [26623, 0.20057091346153846], [26879, 0.20182291666666666], [27135, 0.20316185141509435], [27391, 0.2044757593457944], [27647, 0.20576533564814814], [27903, 0.2073179472477064], [28159, 0.20589488636363637], [28415, 0.20418074324324326], [28671, 0.202392578125], [28927, 0.20091261061946902], [29183, 0.19935581140350878], [29439, 0.19789402173913043], [29695, 0.19676050646551724], [29951, 0.19561298076923078], [30207, 0.19465042372881355], [30463, 0.19360556722689076], [30719, 0.19241536458333333], [30975, 0.19143853305785125], [31231, 0.19034964139344263], [31487, 0.18946900406504066], [31743, 0.18901209677419356], [31999, 0.18821875], [32255, 0.18824404761904762], [32511, 0.1888533464566929], [32767, 0.190185546875], [33023, 0.19219355620155038], [33279, 0.19278846153846155], [33535, 0.19262881679389313], [33791, 0.19324100378787878], [34047, 0.19357965225563908], [34303, 0.19359258395522388], [34559, 0.19354745370370371], [34815, 0.1933306525735294], [35071, 0.19331660583941607], [35327, 0.19352921195652173], [35583, 0.1935982464028777], [35839, 0.1937220982142857], [36095, 0.19376108156028368], [36351, 0.19374449823943662], [36607, 0.19397399475524477], [36863, 0.19395616319444445], [37119, 0.19399245689655173], [37375, 0.19410851883561644], [37631, 0.1944090136054422], [37887, 0.19491659628378377], [38143, 0.19515520134228187], [38399, 0.19388020833333333], [38655, 0.19262210264900662], [38911, 0.19256270559210525], [39167, 0.1927593954248366], [39423, 0.19292816558441558], [39679, 0.19319556451612904], [39935, 0.19313401442307693], [40191, 0.19319765127388536], [40447, 0.193359375], [40703, 0.19297857704402516], [40959, 0.1932861328125], [41215, 0.19361413043478262], [41471, 0.19410686728395063], [41727, 0.19473734662576686], [41983, 0.19526486280487804], [42239, 0.19618844696969698], [42495, 0.19712443524096385], [42751, 0.1980492140718563], [43007, 0.19886997767857142], [43263, 0.19998150887573965], [43519, 0.2010110294117647], [43775, 0.20177722953216373], [44031, 0.20326126453488372], [44287, 0.203757225433526], [44543, 0.2042699353448276], [44799, 0.2053125], [45055, 0.2063876065340909], [45311, 0.20727401129943504], [45567, 0.20830407303370788], [45823, 0.2092135125698324], [46079, 0.21041666666666667], [46335, 0.21139071132596685], [46591, 0.21220381181318682], [46847, 0.21243169398907105], [47103, 0.2112771739130435], [47359, 0.21017736486486485], [47615, 0.20911038306451613], [47871, 0.20803392379679145], [48127, 0.2069273603723404], [48383, 0.20595651455026456], [48639, 0.20503700657894736], [48895, 0.20422938481675393], [49151, 0.20343017578125], [49407, 0.20290236398963732], [49663, 0.20233972293814434], [49919, 0.20216346153846154], [50175, 0.20240752551020408], [50431, 0.2030853426395939], [50687, 0.20383522727272727], [50943, 0.20451868718592964], [51199, 0.20546875], [51455, 0.20668143656716417], [51711, 0.2080948329207921], [51967, 0.20932112068965517], [52223, 0.20881204044117646], [52479, 0.20779344512195122], [52735, 0.2067847390776699], [52846, 0.20635040778095257]], "candidate_count_total": 39, "confirmed_count_total": 39, "created_at": 1767886137.9781241}