{"dataset_name": "INSECTS_abrupt_balanced", "dataset_type": "insects_real", "model_variant": "ts_drift_adapt_severity", "seed": 5, "monitor_preset": "error_divergence_ph_meta@error.threshold=0.05,error.min_instances=5", "monitor_preset_base": "error_divergence_ph_meta", "monitor_ph_params": {"error_rate": {"delta": 0.005, "alpha": 0.15, "threshold": 0.05, "min_instances": 5}, "divergence": {"delta": 0.005, "alpha": 0.1, "threshold": 0.05, "min_instances": 30}}, "monitor_ph_overrides": {"error_rate": {"threshold": 0.05, "min_instances": 5}}, "trigger_mode": "two_stage", "trigger_k": 2, "trigger_threshold": 0.5, "trigger_weights": "confirm_cooldown=200,divergence=0.3,error_rate=0.5,teacher_entropy=0.2", "confirm_window": 1, "confirm_cooldown": 0, "adaptive_cooldown_enabled": 0, "adaptive_window": 10000, "adaptive_lower_per10k": 10.0, "adaptive_upper_per10k": 25.0, "adaptive_cooldown_low": 200, "adaptive_cooldown_high": 500, "severity_scheduler_scale": 1.0, "use_severity_v2": 1, "severity_gate": "none", "severity_gate_min_streak": 1, "entropy_mode": "overconfident", "severity_decay": 0.95, "freeze_baseline_steps": 0, "n_steps": 1200, "horizon": 52847, "acc_final": 0.2012791643801919, "mean_acc": 0.18974149119029096, "acc_min": 0.1484375, "candidate_sample_idxs": [1279, 2559, 3839, 5119, 6399, 7679, 8959, 10239, 11519, 12799, 14079, 15871, 17663, 18943, 20223, 21503, 22783, 24063, 25343, 26623, 27903, 29183, 30463, 31743, 33023, 34303, 35583, 36863, 38143, 39423, 40703, 41983, 43263, 44543, 45823, 47103, 48639, 49919, 51199, 52479], "confirmed_sample_idxs": [1279, 2559, 3839, 5119, 6399, 7679, 8959, 10239, 11519, 12799, 14079, 15871, 17663, 18943, 20223, 21503, 22783, 24063, 25343, 26623, 27903, 29183, 30463, 31743, 33023, 34303, 35583, 36863, 38143, 39423, 40703, 41983, 43263, 44543, 45823, 47103, 48639, 49919, 51199, 52479], "acc_series": [[255, 0.1484375], [511, 0.150390625], [767, 0.16145833333333334], [1023, 0.1767578125], [1279, 0.1875], [1535, 0.18359375], [1791, 0.18080357142857142], [2047, 0.1884765625], [2303, 0.18836805555555555], [2559, 0.191015625], [2815, 0.18998579545454544], [3071, 0.19498697916666666], [3327, 0.1953125], [3583, 0.19112723214285715], [3839, 0.19348958333333333], [4095, 0.19482421875], [4351, 0.19715073529411764], [4607, 0.1957465277777778], [4863, 0.19366776315789475], [5119, 0.1931640625], [5375, 0.1953125], [5631, 0.1963778409090909], [5887, 0.1961616847826087], [6143, 0.19661458333333334], [6399, 0.1965625], [6655, 0.19666466346153846], [6911, 0.19791666666666666], [7167, 0.19838169642857142], [7423, 0.20043103448275862], [7679, 0.20052083333333334], [7935, 0.20047883064516128], [8191, 0.20263671875], [8447, 0.20276988636363635], [8703, 0.20473345588235295], [8959, 0.20613839285714286], [9215, 0.20713975694444445], [9471, 0.20660895270270271], [9727, 0.20631167763157895], [9983, 0.20803285256410256], [10239, 0.20771484375], [10495, 0.20788871951219512], [10751, 0.20870535714285715], [11007, 0.20875726744186046], [11263, 0.2079190340909091], [11519, 0.20885416666666667], [11775, 0.20949388586956522], [12031, 0.2098570478723404], [12287, 0.21044921875], [12543, 0.2109375], [12799, 0.2078125], [13055, 0.2037377450980392], [13311, 0.19981971153846154], [13567, 0.1960495283018868], [13823, 0.19241898148148148], [14079, 0.18955965909090908], [14335, 0.19084821428571427], [14591, 0.18935032894736842], [14847, 0.18628771551724138], [15103, 0.1832627118644068], [15359, 0.18020833333333333], [15615, 0.17725409836065573], [15871, 0.1743951612903226], [16127, 0.17168898809523808], [16383, 0.16900634765625], [16639, 0.16640625], [16895, 0.16388494318181818], [17151, 0.16143889925373134], [17407, 0.15912224264705882], [17663, 0.15721240942028986], [17919, 0.15731026785714286], [18175, 0.15933098591549297], [18431, 0.16053602430555555], [18687, 0.16117294520547945], [18943, 0.16084248310810811], [19199, 0.160625], [19455, 0.16077302631578946], [19711, 0.16066355519480519], [19967, 0.1606570512820513], [20223, 0.16045292721518986], [20479, 0.16103515625], [20735, 0.16222993827160495], [20991, 0.1642530487804878], [21247, 0.16613328313253012], [21503, 0.16755022321428573], [21759, 0.16893382352941178], [22015, 0.17087572674418605], [22271, 0.17200969827586207], [22527, 0.17365056818181818], [22783, 0.1757373595505618], [23039, 0.17690972222222223], [23295, 0.1775412087912088], [23551, 0.1793478260869565], [23807, 0.18069556451612903], [24063, 0.18188996010638298], [24319, 0.18297697368421054], [24575, 0.18400065104166666], [24831, 0.18496295103092783], [25087, 0.18610491071428573], [25343, 0.1870659722222222], [25599, 0.188046875], [25855, 0.18935643564356436], [26111, 0.19102328431372548], [26367, 0.1924681432038835], [26623, 0.19388521634615385], [26879, 0.19549851190476192], [27135, 0.19693396226415094], [27391, 0.19826956775700935], [27647, 0.19986979166666666], [27903, 0.20129730504587157], [28159, 0.20007102272727273], [28415, 0.19833896396396397], [28671, 0.19674246651785715], [28927, 0.19524336283185842], [29183, 0.19373629385964913], [29439, 0.1923913043478261], [29695, 0.19117052801724138], [29951, 0.18990384615384615], [30207, 0.18879104872881355], [30463, 0.1877626050420168], [30719, 0.18668619791666666], [30975, 0.18572443181818182], [31231, 0.18471439549180327], [31487, 0.1839430894308943], [31743, 0.18334173387096775], [31999, 0.18265625], [32255, 0.18284970238095238], [32511, 0.18316313976377951], [32767, 0.184112548828125], [33023, 0.1855014534883721], [33279, 0.18725961538461539], [33535, 0.18714217557251908], [33791, 0.1874704071969697], [34047, 0.18785244360902256], [34303, 0.18776236007462688], [34559, 0.18744212962962964], [34815, 0.18729894301470587], [35071, 0.18730041058394162], [35327, 0.1874716938405797], [35583, 0.18783723021582735], [35839, 0.1880859375], [36095, 0.18799867021276595], [36351, 0.18821522887323944], [36607, 0.1883741258741259], [36863, 0.18834092881944445], [37119, 0.18833512931034482], [37375, 0.18857020547945205], [37631, 0.18882865646258504], [37887, 0.18937394425675674], [38143, 0.18957109899328858], [38399, 0.18830729166666665], [38655, 0.1870602235099338], [38911, 0.18672902960526316], [39167, 0.18673406862745098], [39423, 0.18668831168831168], [39679, 0.18671875], [39935, 0.1869991987179487], [40191, 0.18700238853503184], [40447, 0.1875], [40703, 0.18757370283018868], [40959, 0.1878662109375], [41215, 0.18808229813664595], [41471, 0.18897087191358025], [41727, 0.18996836656441718], [41983, 0.19057259908536586], [42239, 0.19161931818181818], [42495, 0.1927710843373494], [42751, 0.19379210329341318], [43007, 0.19480096726190477], [43263, 0.19586723372781065], [43519, 0.19701286764705883], [43775, 0.1978252923976608], [44031, 0.19930959302325582], [44287, 0.20009934971098267], [44543, 0.2007453304597701], [44799, 0.2014732142857143], [45055, 0.20257013494318182], [45311, 0.20327948446327684], [45567, 0.20428809691011235], [45823, 0.20515450418994413], [46079, 0.20631510416666668], [46335, 0.2072902279005525], [46591, 0.20823317307692307], [46847, 0.20839737021857924], [47103, 0.20726477581521738], [47359, 0.20614442567567567], [47615, 0.20503612231182797], [47871, 0.20393967245989306], [48127, 0.20287566489361702], [48383, 0.20184358465608465], [48639, 0.20086348684210525], [48895, 0.19991410340314136], [49151, 0.19901529947916666], [49407, 0.19822700777202074], [49663, 0.19762806056701032], [49919, 0.19725560897435898], [50175, 0.19738520408163265], [50431, 0.19798937182741116], [50687, 0.19874526515151514], [50943, 0.19955244974874373], [51199, 0.200546875], [51455, 0.20153140547263682], [51711, 0.20289294554455445], [51967, 0.2041833435960591], [52223, 0.20368030024509803], [52479, 0.20268673780487806], [52735, 0.20170282160194175], [52846, 0.2012791643801919]], "candidate_count_total": 40, "confirmed_count_total": 40, "created_at": 1767880157.4714057}