{"dataset_name": "INSECTS_abrupt_balanced", "dataset_type": "insects_real", "model_variant": "ts_drift_adapt_severity", "seed": 4, "monitor_preset": "error_divergence_ph_meta@error.threshold=0.05,error.min_instances=5", "monitor_preset_base": "error_divergence_ph_meta", "monitor_ph_params": {"error_rate": {"delta": 0.005, "alpha": 0.15, "threshold": 0.05, "min_instances": 5}, "divergence": {"delta": 0.005, "alpha": 0.1, "threshold": 0.05, "min_instances": 30}}, "monitor_ph_overrides": {"error_rate": {"threshold": 0.05, "min_instances": 5}}, "trigger_mode": "two_stage", "trigger_k": 2, "trigger_threshold": 0.5, "trigger_weights": "confirm_cooldown=200,divergence=0.3,error_rate=0.5,teacher_entropy=0.2", "confirm_window": 1, "confirm_cooldown": 0, "adaptive_cooldown_enabled": 0, "adaptive_window": 10000, "adaptive_lower_per10k": 10.0, "adaptive_upper_per10k": 25.0, "adaptive_cooldown_low": 200, "adaptive_cooldown_high": 500, "severity_scheduler_scale": 1.0, "use_severity_v2": 1, "severity_gate": "confirmed_streak", "severity_gate_min_streak": 5, "entropy_mode": "overconfident", "severity_decay": 0.95, "freeze_baseline_steps": 0, "n_steps": 1200, "horizon": 52847, "acc_final": 0.19840293677976045, "mean_acc": 0.19858406632915476, "acc_min": 0.16864809782608695, "candidate_sample_idxs": [1279, 2559, 3839, 5119, 6399, 7679, 8959, 10239, 11519, 12799, 14591, 15871, 17663, 18943, 20223, 21503, 22783, 24063, 25343, 26623, 27903, 29183, 30463, 31743, 33023, 34303, 35583, 36863, 38143, 39423, 40703, 41983, 43263, 44543, 45823, 47103, 49663, 50943, 52223], "confirmed_sample_idxs": [1279, 2559, 3839, 5119, 6399, 7679, 8959, 10239, 11519, 12799, 14591, 15871, 17663, 18943, 20223, 21503, 22783, 24063, 25343, 26623, 27903, 29183, 30463, 31743, 33023, 34303, 35583, 36863, 38143, 39423, 40703, 41983, 43263, 44543, 45823, 47103, 49663, 50943, 52223], "acc_series": [[255, 0.25], [511, 0.216796875], [767, 0.20963541666666666], [1023, 0.2109375], [1279, 0.20546875], [1535, 0.20377604166666666], [1791, 0.20424107142857142], [2047, 0.20654296875], [2303, 0.20399305555555555], [2559, 0.203515625], [2815, 0.2041903409090909], [3071, 0.20735677083333334], [3327, 0.20612980769230768], [3583, 0.20591517857142858], [3839, 0.20755208333333333], [4095, 0.207763671875], [4351, 0.21116727941176472], [4607, 0.21375868055555555], [4863, 0.21504934210526316], [5119, 0.2181640625], [5375, 0.2191220238095238], [5631, 0.21608664772727273], [5887, 0.21535326086956522], [6143, 0.2138671875], [6399, 0.21453125], [6655, 0.21439302884615385], [6911, 0.21513310185185186], [7167, 0.21540178571428573], [7423, 0.2161907327586207], [7679, 0.21471354166666667], [7935, 0.21459173387096775], [8191, 0.215576171875], [8447, 0.21448863636363635], [8703, 0.21449908088235295], [8959, 0.21529017857142857], [9215, 0.21516927083333334], [9471, 0.21526604729729729], [9727, 0.21412417763157895], [9983, 0.2155448717948718], [10239, 0.2169921875], [10495, 0.21798780487804878], [10751, 0.22051711309523808], [11007, 0.2207485465116279], [11263, 0.22194602272727273], [11519, 0.22239583333333332], [11775, 0.22197690217391305], [12031, 0.22249002659574468], [12287, 0.22257486979166666], [12543, 0.2230548469387755], [12799, 0.21921875], [13055, 0.21492034313725492], [13311, 0.2107872596153846], [13567, 0.20681014150943397], [13823, 0.20298032407407407], [14079, 0.19936079545454546], [14335, 0.19607979910714285], [14591, 0.19647752192982457], [14847, 0.19605334051724138], [15103, 0.19445180084745764], [15359, 0.19205729166666666], [15615, 0.18903688524590165], [15871, 0.18636592741935484], [16127, 0.18353174603174602], [16383, 0.1807861328125], [16639, 0.1780048076923077], [16895, 0.17542613636363635], [17151, 0.17292444029850745], [17407, 0.17066865808823528], [17663, 0.16864809782608695], [17919, 0.16869419642857142], [18175, 0.1703895246478873], [18431, 0.1713324652777778], [18687, 0.1717144691780822], [18943, 0.17261402027027026], [19199, 0.17265625], [19455, 0.1737767269736842], [19711, 0.17425933441558442], [19967, 0.17503004807692307], [20223, 0.17548457278481014], [20479, 0.176416015625], [20735, 0.17679398148148148], [20991, 0.17778201219512196], [21247, 0.1787932981927711], [21503, 0.17982700892857142], [21759, 0.1806985294117647], [22015, 0.18254905523255813], [22271, 0.18318965517241378], [22527, 0.18474786931818182], [22783, 0.18653441011235955], [23039, 0.1875], [23295, 0.18827266483516483], [23551, 0.19021739130434784], [23807, 0.19140625], [24063, 0.1926529255319149], [24319, 0.19403782894736843], [24575, 0.1947021484375], [24831, 0.1951514175257732], [25087, 0.1962292729591837], [25343, 0.19736426767676768], [25599, 0.198359375], [25855, 0.19968285891089108], [26111, 0.2008655024509804], [26367, 0.20179763349514562], [26623, 0.20241135817307693], [26879, 0.20338541666666668], [27135, 0.2043410966981132], [27391, 0.2050963785046729], [27647, 0.2062355324074074], [27903, 0.20774799311926606], [28159, 0.20646306818181817], [28415, 0.20491976351351351], [28671, 0.20347377232142858], [28927, 0.2019842367256637], [29183, 0.20055509868421054], [29439, 0.1992866847826087], [29695, 0.19814116379310345], [29951, 0.19708199786324787], [30207, 0.19630561440677965], [30463, 0.1951811974789916], [30719, 0.19397786458333333], [30975, 0.19305268595041322], [31231, 0.1921746926229508], [31487, 0.1910251524390244], [31743, 0.19055569556451613], [31999, 0.19003125], [32255, 0.19047619047619047], [32511, 0.191283218503937], [32767, 0.19268798828125], [33023, 0.19476744186046513], [33279, 0.19495192307692308], [33535, 0.19471612595419846], [33791, 0.19501657196969696], [34047, 0.19537124060150377], [34303, 0.19522504664179105], [34559, 0.1949363425925926], [34815, 0.19456571691176472], [35071, 0.19434306569343066], [35327, 0.19437839673913043], [35583, 0.19463803956834533], [35839, 0.1947265625], [36095, 0.19456449468085107], [36351, 0.19467979753521128], [36607, 0.19460227272727273], [36863, 0.19441731770833334], [37119, 0.19439655172413794], [37375, 0.19421553938356165], [37631, 0.19438244047619047], [37887, 0.19454708614864866], [38143, 0.19476195469798657], [38399, 0.19346354166666666], [38655, 0.19220819536423842], [38911, 0.19204872532894737], [39167, 0.19207005718954248], [39423, 0.19219257305194806], [39679, 0.19248991935483872], [39935, 0.19248297275641027], [40191, 0.19230195063694266], [40447, 0.1919501582278481], [40703, 0.1918238993710692], [40959, 0.1918701171875], [41215, 0.19191576086956522], [41471, 0.19208140432098766], [41727, 0.19226898006134968], [41983, 0.19271627286585366], [42239, 0.19344223484848486], [42495, 0.19420651355421686], [42751, 0.19482129491017963], [43007, 0.19566127232142858], [43263, 0.19651442307692307], [43519, 0.1974264705882353], [43775, 0.19798519736842105], [44031, 0.19910519622093023], [44287, 0.1994219653179191], [44543, 0.1999371408045977], [44799, 0.2007142857142857], [45055, 0.20154918323863635], [45311, 0.2021539548022599], [45567, 0.2029274929775281], [45823, 0.20382332402234637], [46079, 0.20501302083333334], [46335, 0.20569319751381215], [46591, 0.20658052884615385], [46847, 0.2065829918032787], [47103, 0.20546025815217392], [47359, 0.20434966216216216], [47615, 0.20325100806451613], [47871, 0.20216410427807488], [48127, 0.20108876329787234], [48383, 0.2000248015873016], [48639, 0.19897203947368422], [48895, 0.19793030104712042], [49151, 0.19694010416666666], [49407, 0.195919689119171], [49663, 0.19501047036082475], [49919, 0.19413060897435896], [50175, 0.1937579719387755], [50431, 0.19380552030456852], [50687, 0.19444444444444445], [50943, 0.1953713881909548], [51199, 0.19650390625], [51455, 0.19787779850746268], [51711, 0.19941212871287128], [51967, 0.20108528325123154], [52223, 0.20076976102941177], [52479, 0.19979039634146342], [52735, 0.1988205400485437], [52846, 0.19840293677976045]], "candidate_count_total": 39, "confirmed_count_total": 39, "created_at": 1767880205.5478408}