{"dataset_name": "INSECTS_abrupt_balanced", "dataset_type": "insects_real", "model_variant": "ts_drift_adapt_severity", "seed": 10, "monitor_preset": "error_divergence_ph_meta@error.threshold=0.02,error.min_instances=5", "monitor_preset_base": "error_divergence_ph_meta", "monitor_ph_params": {"error_rate": {"delta": 0.005, "alpha": 0.15, "threshold": 0.02, "min_instances": 5}, "divergence": {"delta": 0.005, "alpha": 0.1, "threshold": 0.05, "min_instances": 30}}, "monitor_ph_overrides": {"error_rate": {"threshold": 0.02, "min_instances": 5}}, "trigger_mode": "two_stage", "trigger_k": 2, "trigger_threshold": 0.5, "trigger_weights": "confirm_cooldown=200,divergence=0.3,error_rate=0.5,teacher_entropy=0.2", "confirm_window": 1, "confirm_cooldown": 0, "adaptive_cooldown_enabled": 0, "adaptive_window": 10000, "adaptive_lower_per10k": 10.0, "adaptive_upper_per10k": 25.0, "adaptive_cooldown_low": 200, "adaptive_cooldown_high": 500, "severity_scheduler_scale": 2.0, "use_severity_v2": 1, "severity_gate": "none", "severity_gate_min_streak": 1, "entropy_mode": "uncertain", "severity_decay": 0.95, "freeze_baseline_steps": 5, "n_steps": 1200, "horizon": 52847, "acc_final": 0.2018279183302742, "mean_acc": 0.19995297326275707, "acc_min": 0.1676290760869565, "candidate_sample_idxs": [1279, 2559, 3839, 5119, 6399, 7679, 8959, 10239, 11519, 12799, 14335, 15615, 17407, 18687, 19967, 21247, 22527, 23807, 25087, 26367, 27647, 28927, 30207, 31487, 32767, 34047, 35327, 36607, 37887, 39167, 40447, 41727, 43007, 44287, 45567, 46847, 50431, 51711, 52846], "confirmed_sample_idxs": [1279, 2559, 3839, 5119, 6399, 7679, 8959, 10239, 11519, 12799, 14335, 15615, 17407, 18687, 19967, 21247, 22527, 23807, 25087, 26367, 27647, 28927, 30207, 31487, 32767, 34047, 35327, 36607, 37887, 39167, 40447, 41727, 43007, 44287, 45567, 46847, 50431, 51711, 52846], "acc_series": [[255, 0.1875], [511, 0.21484375], [767, 0.22786458333333334], [1023, 0.23828125], [1279, 0.23671875], [1535, 0.23502604166666666], [1791, 0.22823660714285715], [2047, 0.22509765625], [2303, 0.22005208333333334], [2559, 0.215234375], [2815, 0.21803977272727273], [3071, 0.21809895833333334], [3327, 0.21604567307692307], [3583, 0.21819196428571427], [3839, 0.21510416666666668], [4095, 0.213623046875], [4351, 0.21231617647058823], [4607, 0.21375868055555555], [4863, 0.21217105263157895], [5119, 0.2115234375], [5375, 0.21279761904761904], [5631, 0.2137784090909091], [5887, 0.21314538043478262], [6143, 0.21240234375], [6399, 0.2140625], [6655, 0.21424278846153846], [6911, 0.21455439814814814], [7167, 0.21372767857142858], [7423, 0.2134967672413793], [7679, 0.21263020833333332], [7935, 0.21282762096774194], [8191, 0.2137451171875], [8447, 0.21413352272727273], [8703, 0.21380974264705882], [8959, 0.21450892857142856], [9215, 0.21516927083333334], [9471, 0.2170608108108108], [9727, 0.21659128289473684], [9983, 0.21784855769230768], [10239, 0.21982421875], [10495, 0.22122713414634146], [10751, 0.22181919642857142], [11007, 0.22292877906976744], [11263, 0.22318892045454544], [11519, 0.22369791666666666], [11775, 0.22401494565217392], [12031, 0.22539893617021275], [12287, 0.22542317708333334], [12543, 0.22751913265306123], [12799, 0.223984375], [13055, 0.21959252450980393], [13311, 0.21536959134615385], [13567, 0.21130601415094338], [13823, 0.20739293981481483], [14079, 0.20362215909090908], [14335, 0.20159040178571427], [14591, 0.20072642543859648], [14847, 0.19793911637931033], [15103, 0.1950476694915254], [15359, 0.19186197916666667], [15615, 0.18871670081967212], [15871, 0.18567288306451613], [16127, 0.1827876984126984], [16383, 0.179931640625], [16639, 0.17716346153846155], [16895, 0.17447916666666666], [17151, 0.17193330223880596], [17407, 0.16974954044117646], [17663, 0.1676290760869565], [17919, 0.16813616071428572], [18175, 0.1701144366197183], [18431, 0.1711697048611111], [18687, 0.17123287671232876], [18943, 0.17134712837837837], [19199, 0.17130208333333333], [19455, 0.17223478618421054], [19711, 0.17299107142857142], [19967, 0.17412860576923078], [20223, 0.17454509493670886], [20479, 0.175439453125], [20735, 0.17611882716049382], [20991, 0.17663871951219512], [21247, 0.1773343373493976], [21503, 0.1781063988095238], [21759, 0.17858455882352942], [22015, 0.17946039244186046], [22271, 0.18009159482758622], [22527, 0.18181818181818182], [22783, 0.1835059691011236], [23039, 0.18415798611111112], [23295, 0.18475274725274726], [23551, 0.18660835597826086], [23807, 0.18804603494623656], [24063, 0.18899601063829788], [24319, 0.18996710526315788], [24575, 0.1907958984375], [24831, 0.19152706185567012], [25087, 0.19280133928571427], [25343, 0.19432607323232323], [25599, 0.1955859375], [25855, 0.19697555693069307], [26111, 0.19849111519607843], [26367, 0.19948422330097088], [26623, 0.2008338341346154], [26879, 0.20182291666666666], [27135, 0.2028301886792453], [27391, 0.2038186331775701], [27647, 0.20493344907407407], [27903, 0.20588446100917432], [28159, 0.2044034090909091], [28415, 0.20259712837837837], [28671, 0.20110212053571427], [28927, 0.19956443584070796], [29183, 0.19801946271929824], [29439, 0.19684103260869565], [29695, 0.19564924568965517], [29951, 0.19451121794871795], [30207, 0.1935248940677966], [30463, 0.19271927521008403], [30719, 0.19166666666666668], [30975, 0.19085743801652894], [31231, 0.1899654200819672], [31487, 0.18950076219512196], [31743, 0.18939012096774194], [31999, 0.18984375], [32255, 0.1904141865079365], [32511, 0.19195989173228348], [32767, 0.193115234375], [33023, 0.19452519379844962], [33279, 0.19435096153846154], [33535, 0.1942986641221374], [33791, 0.19463186553030304], [34047, 0.19463698308270677], [34303, 0.19461287313432835], [34559, 0.19479166666666667], [34815, 0.19476677389705882], [35071, 0.19482778284671534], [35327, 0.19432178442028986], [35583, 0.19424460431654678], [35839, 0.19419642857142858], [36095, 0.1942320478723404], [36351, 0.19404709507042253], [36607, 0.19430179195804195], [36863, 0.19441731770833334], [37119, 0.19410021551724138], [37375, 0.19421553938356165], [37631, 0.19406356292517007], [37887, 0.19412478885135134], [38143, 0.19405411073825504], [38399, 0.19276041666666666], [38655, 0.19148385761589404], [38911, 0.19120065789473684], [39167, 0.19130412581699346], [39423, 0.19130478896103897], [39679, 0.19163306451612902], [39935, 0.1922325721153846], [40191, 0.19250099522292993], [40447, 0.192939082278481], [40703, 0.19342079402515724], [40959, 0.193994140625], [41215, 0.19439052795031056], [41471, 0.1951195987654321], [41727, 0.19569593558282208], [41983, 0.19624142530487804], [42239, 0.1972537878787879], [42495, 0.1981362951807229], [42751, 0.1992421407185629], [43007, 0.20024181547619047], [43263, 0.20134522928994084], [43519, 0.20234375], [43775, 0.2033077485380117], [44031, 0.2043513808139535], [44287, 0.20502167630057805], [44543, 0.20532507183908047], [44799, 0.20595982142857142], [45055, 0.206787109375], [45311, 0.20738435734463276], [45567, 0.20817240168539325], [45823, 0.20890799581005587], [46079, 0.2095920138888889], [46335, 0.2103116367403315], [46591, 0.21098042582417584], [46847, 0.2109588456284153], [47103, 0.2098123301630435], [47359, 0.20867820945945945], [47615, 0.20755628360215053], [47871, 0.20644635695187166], [48127, 0.2053482380319149], [48383, 0.20426173941798942], [48639, 0.20318667763157894], [48895, 0.20214332460732984], [49151, 0.20109049479166666], [49407, 0.20004857512953367], [49663, 0.19915834407216496], [49919, 0.19845753205128205], [50175, 0.1981823979591837], [50431, 0.19840577411167512], [50687, 0.19896227904040403], [50943, 0.19996466708542712], [51199, 0.20083984375], [51455, 0.20209499378109452], [51711, 0.20337639232673269], [51967, 0.20470289408866996], [52223, 0.20423560049019607], [52479, 0.2032393292682927], [52735, 0.20225273058252427], [52846, 0.2018279183302742]], "candidate_count_total": 39, "confirmed_count_total": 39, "created_at": 1767890209.916009}