{"dataset_name": "sine_nodrift", "dataset_type": "sine", "model_variant": "ts_drift_adapt", "seed": 1, "monitor_preset": "error_divergence_ph_meta@error.threshold=0.10,error.min_instances=5", "monitor_preset_base": "error_divergence_ph_meta", "monitor_ph_params": {"error_rate": {"delta": 0.005, "alpha": 0.15, "threshold": 0.1, "min_instances": 5}, "divergence": {"delta": 0.005, "alpha": 0.1, "threshold": 0.05, "min_instances": 30}}, "monitor_ph_overrides": {"error_rate": {"threshold": 0.1, "min_instances": 5}}, "trigger_mode": "two_stage", "trigger_k": 2, "trigger_threshold": 0.5, "trigger_weights": "__confirm_cooldown=200,__confirm_rule=perm_test,__perm_alpha=0.01,__perm_delta_k=25,__perm_min_effect=0,__perm_n_perm=200,__perm_post_n=20,__perm_pre_n=200,__perm_rng_seed=0,__perm_stat=delta_fused_score,divergence=0.3,error_rate=0.5,teacher_entropy=0.2", "confirm_window": 3, "confirm_cooldown": 0, "adaptive_cooldown_enabled": 0, "adaptive_window": 10000, "adaptive_lower_per10k": 10.0, "adaptive_upper_per10k": 25.0, "adaptive_cooldown_low": 200, "adaptive_cooldown_high": 500, "severity_scheduler_scale": 1.0, "use_severity_v2": 0, "severity_gate": "none", "severity_gate_min_streak": 1, "entropy_mode": "overconfident", "severity_decay": 0.95, "freeze_baseline_steps": 0, "n_steps": 800, "horizon": 10000, "acc_final": 0.9146, "mean_acc": 0.8356191000242528, "acc_min": 0.40625, "candidate_sample_idxs": [319, 639, 959, 1279, 1599, 1919, 2239, 2687, 3199, 3519, 4031, 4351, 4863, 5183, 5503, 5823, 6143, 6463, 6783, 7103, 7423, 7743, 8063, 8639, 9087, 9407, 9727], "confirmed_sample_idxs": [639, 959, 1279, 1599, 1919, 2239, 2687, 3199, 4031, 4351, 4863, 5311, 5823, 6143, 6655, 7423, 7871, 8639, 9087, 9599], "acc_series": [[63, 0.40625], [127, 0.4296875], [191, 0.5052083333333334], [255, 0.53515625], [319, 0.55625], [383, 0.5703125], [447, 0.5892857142857143], [511, 0.599609375], [575, 0.6267361111111112], [639, 0.6390625], [703, 0.65625], [767, 0.6705729166666666], [831, 0.6862980769230769], [895, 0.6875], [959, 0.7], [1023, 0.7021484375], [1087, 0.7022058823529411], [1151, 0.7074652777777778], [1215, 0.7154605263157895], [1279, 0.72109375], [1343, 0.7276785714285714], [1407, 0.7365056818181818], [1471, 0.7432065217391305], [1535, 0.7506510416666666], [1599, 0.755625], [1663, 0.7602163461538461], [1727, 0.7673611111111112], [1791, 0.7717633928571429], [1855, 0.775323275862069], [1919, 0.7802083333333333], [1983, 0.7857862903225806], [2047, 0.791015625], [2111, 0.7954545454545454], [2175, 0.7991727941176471], [2239, 0.803125], [2303, 0.8051215277777778], [2367, 0.808277027027027], [2431, 0.8129111842105263], [2495, 0.8157051282051282], [2559, 0.81640625], [2623, 0.8197408536585366], [2687, 0.8225446428571429], [2751, 0.8248546511627907], [2815, 0.8277698863636364], [2879, 0.8302083333333333], [2943, 0.8311820652173914], [3007, 0.8324468085106383], [3071, 0.8352864583333334], [3135, 0.8373724489795918], [3199, 0.8384375], [3263, 0.8406862745098039], [3327, 0.8425480769230769], [3391, 0.8428655660377359], [3455, 0.8449074074074074], [3519, 0.8463068181818182], [3583, 0.8470982142857143], [3647, 0.8481359649122807], [3711, 0.8491379310344828], [3775, 0.850635593220339], [3839, 0.85234375], [3903, 0.8542520491803278], [3967, 0.8550907258064516], [4031, 0.8561507936507936], [4095, 0.856201171875], [4159, 0.8560096153846154], [4223, 0.8570075757575758], [4287, 0.8586753731343284], [4351, 0.8591452205882353], [4415, 0.8600543478260869], [4479, 0.8616071428571429], [4543, 0.8628961267605634], [4607, 0.8645833333333334], [4671, 0.8657962328767124], [4735, 0.8667652027027027], [4799, 0.8675], [4863, 0.8688322368421053], [4927, 0.8703327922077922], [4991, 0.8707932692307693], [5055, 0.8714398734177216], [5119, 0.87265625], [5183, 0.8738425925925926], [5247, 0.8746189024390244], [5311, 0.8755647590361446], [5375, 0.8764880952380952], [5439, 0.8775735294117647], [5503, 0.8786337209302325], [5567, 0.8794899425287356], [5631, 0.8797940340909091], [5695, 0.8806179775280899], [5759, 0.8810763888888888], [5823, 0.8822115384615384], [5887, 0.8829823369565217], [5951, 0.8835685483870968], [6015, 0.8844747340425532], [6079, 0.8850328947368421], [6143, 0.8860677083333334], [6207, 0.8870811855670103], [6271, 0.8880739795918368], [6335, 0.8884154040404041], [6399, 0.88921875], [6463, 0.8898514851485149], [6527, 0.890625], [6591, 0.8909283980582524], [6655, 0.8912259615384616], [6719, 0.8918154761904762], [6783, 0.8925412735849056], [6847, 0.8933995327102804], [6911, 0.8942418981481481], [6975, 0.8946387614678899], [7039, 0.8955965909090909], [7103, 0.8962556306306306], [7167, 0.8969029017857143], [7231, 0.8976769911504425], [7295, 0.8984375], [7359, 0.8990489130434782], [7423, 0.8993803879310345], [7487, 0.9001068376068376], [7551, 0.9001588983050848], [7615, 0.9004726890756303], [7679, 0.9005208333333333], [7743, 0.9006973140495868], [7807, 0.9012551229508197], [7871, 0.9014227642276422], [7935, 0.9020917338709677], [7999, 0.902375], [8063, 0.9031498015873016], [8127, 0.9036663385826772], [8191, 0.9041748046875], [8255, 0.9044331395348837], [8319, 0.9050480769230769], [8383, 0.9056536259541985], [8447, 0.9057765151515151], [8511, 0.9063674812030075], [8575, 0.9070662313432836], [8639, 0.9076388888888889], [8703, 0.9079733455882353], [8767, 0.9083029197080292], [8831, 0.9087409420289855], [8895, 0.9089478417266187], [8959, 0.9094866071428571], [9023, 0.9100177304964538], [9087, 0.9103213028169014], [9151, 0.9106206293706294], [9215, 0.9108072916666666], [9279, 0.9110991379310345], [9343, 0.911494006849315], [9407, 0.9117772108843537], [9471, 0.9119510135135135], [9535, 0.9124370805369127], [9599, 0.9128125], [9663, 0.9131829470198676], [9727, 0.9134457236842105], [9791, 0.9138071895424836], [9855, 0.913961038961039], [9919, 0.9141129032258064], [9983, 0.9144631410256411], [9999, 0.9146]], "candidate_count_total": 23, "confirmed_count_total": 20, "created_at": 1768145754.1463976, "confirm_rule_effective": "perm_test", "last_perm_pvalue": 0.004975124378109453, "last_perm_effect": 0.05019427752530661, "perm_test_count_total": 38, "perm_accept_count_total": 20, "perm_reject_count_total": 18, "perm_alpha": 0.01, "perm_pvalue_p50": 0.004975124378109453, "perm_pvalue_p90": 1.0, "perm_pvalue_p99": 1.0, "perm_pvalue_le_alpha_ratio": 0.5263157894736842, "perm_effect_p50": 0.026321608881895747, "perm_effect_p90": 0.07979192743947582, "perm_effect_p99": 0.12732179927401435}