{"dataset_name": "sine_nodrift", "dataset_type": "sine", "model_variant": "ts_drift_adapt", "seed": 3, "monitor_preset": "error_divergence_ph_meta@error.threshold=0.10,error.min_instances=5", "monitor_preset_base": "error_divergence_ph_meta", "monitor_ph_params": {"error_rate": {"delta": 0.005, "alpha": 0.15, "threshold": 0.1, "min_instances": 5}, "divergence": {"delta": 0.005, "alpha": 0.1, "threshold": 0.05, "min_instances": 30}}, "monitor_ph_overrides": {"error_rate": {"threshold": 0.1, "min_instances": 5}}, "trigger_mode": "two_stage", "trigger_k": 2, "trigger_threshold": 0.5, "trigger_weights": "__confirm_cooldown=200,__confirm_rule=perm_test,__perm_alpha=0.02,__perm_min_effect=0,__perm_n_perm=200,__perm_post_n=30,__perm_pre_n=200,__perm_rng_seed=0,__perm_stat=fused_score,divergence=0.3,error_rate=0.5,teacher_entropy=0.2", "confirm_window": 3, "confirm_cooldown": 0, "adaptive_cooldown_enabled": 0, "adaptive_window": 10000, "adaptive_lower_per10k": 10.0, "adaptive_upper_per10k": 25.0, "adaptive_cooldown_low": 200, "adaptive_cooldown_high": 500, "severity_scheduler_scale": 1.0, "use_severity_v2": 0, "severity_gate": "none", "severity_gate_min_streak": 1, "entropy_mode": "overconfident", "severity_decay": 0.95, "freeze_baseline_steps": 0, "n_steps": 800, "horizon": 10000, "acc_final": 0.901, "mean_acc": 0.7952818785743971, "acc_min": 0.5208333333333334, "candidate_sample_idxs": [447, 767, 1087, 1471, 1791, 2303, 2623, 2943, 3263, 3583, 3903, 4223, 4543, 4863, 5183, 5503, 5823, 6143, 6911, 7743, 8063, 8511, 8895, 9215, 9535, 9855], "confirmed_sample_idxs": [575, 1087, 1535, 2303, 2687, 2943, 3647, 3903, 4351, 4863, 5503, 6143, 6911, 7743, 8511, 8895, 9407], "acc_series": [[63, 0.578125], [127, 0.5703125], [191, 0.5208333333333334], [255, 0.54296875], [319, 0.575], [383, 0.5911458333333334], [447, 0.5915178571428571], [511, 0.59375], [575, 0.5850694444444444], [639, 0.5828125], [703, 0.5809659090909091], [767, 0.57421875], [831, 0.578125], [895, 0.5848214285714286], [959, 0.5864583333333333], [1023, 0.576171875], [1087, 0.5762867647058824], [1151, 0.5842013888888888], [1215, 0.5912828947368421], [1279, 0.6046875], [1343, 0.6138392857142857], [1407, 0.6242897727272727], [1471, 0.6365489130434783], [1535, 0.6471354166666666], [1599, 0.6575], [1663, 0.6676682692307693], [1727, 0.6747685185185185], [1791, 0.6785714285714286], [1855, 0.6853448275862069], [1919, 0.6932291666666667], [1983, 0.6985887096774194], [2047, 0.7060546875], [2111, 0.7121212121212122], [2175, 0.7182904411764706], [2239, 0.725], [2303, 0.73046875], [2367, 0.7326858108108109], [2431, 0.7372532894736842], [2495, 0.7403846153846154], [2559, 0.744140625], [2623, 0.7469512195121951], [2687, 0.7485119047619048], [2751, 0.751453488372093], [2815, 0.7546164772727273], [2879, 0.759375], [2943, 0.7615489130434783], [3007, 0.765625], [3071, 0.7682291666666666], [3135, 0.7723214285714286], [3199, 0.7759375], [3263, 0.7800245098039216], [3327, 0.7830528846153846], [3391, 0.7865566037735849], [3455, 0.7890625], [3519, 0.7917613636363636], [3583, 0.7938058035714286], [3647, 0.7966008771929824], [3711, 0.798760775862069], [3775, 0.8021716101694916], [3839, 0.8046875], [3903, 0.8063524590163934], [3967, 0.8079637096774194], [4031, 0.8095238095238095], [4095, 0.8115234375], [4159, 0.8132211538461539], [4223, 0.8148674242424242], [4287, 0.8171641791044776], [4351, 0.8191636029411765], [4415, 0.8206521739130435], [4479, 0.8227678571428572], [4543, 0.8243838028169014], [4607, 0.8266059027777778], [4671, 0.8283390410958904], [4735, 0.8291807432432432], [4799, 0.830625], [4863, 0.83203125], [4927, 0.833400974025974], [4991, 0.8353365384615384], [5055, 0.8368275316455697], [5119, 0.8384765625], [5183, 0.8396990740740741], [5247, 0.8410823170731707], [5311, 0.8426204819277109], [5375, 0.8443080357142857], [5439, 0.8459558823529412], [5503, 0.8473837209302325], [5567, 0.8484195402298851], [5631, 0.8494318181818182], [5695, 0.8509480337078652], [5759, 0.8522569444444444], [5823, 0.8537087912087912], [5887, 0.8547894021739131], [5951, 0.8556787634408602], [6015, 0.8567154255319149], [6079, 0.8578947368421053], [6143, 0.85888671875], [6207, 0.8596971649484536], [6271, 0.8608099489795918], [6335, 0.8615845959595959], [6399, 0.8625], [6463, 0.8637066831683168], [6527, 0.8644301470588235], [6591, 0.8655946601941747], [6655, 0.8662860576923077], [6719, 0.8674107142857143], [6783, 0.8680719339622641], [6847, 0.8687207943925234], [6911, 0.8690682870370371], [6975, 0.8701261467889908], [7039, 0.8710227272727272], [7103, 0.872043918918919], [7167, 0.8731863839285714], [7231, 0.8740320796460177], [7295, 0.8748629385964912], [7359, 0.8756793478260869], [7423, 0.8763469827586207], [7487, 0.8772702991452992], [7551, 0.878177966101695], [7615, 0.8790703781512605], [7679, 0.8799479166666667], [7743, 0.8805526859504132], [7807, 0.8814036885245902], [7871, 0.8821138211382114], [7935, 0.8826864919354839], [7999, 0.88325], [8063, 0.8840525793650794], [8127, 0.8848425196850394], [8191, 0.8856201171875], [8255, 0.8860222868217055], [8319, 0.8866586538461538], [8383, 0.8875238549618321], [8447, 0.888375946969697], [8511, 0.8888627819548872], [8575, 0.8894589552238806], [8639, 0.8902777777777777], [8703, 0.8909696691176471], [8767, 0.8915374087591241], [8831, 0.8923233695652174], [8895, 0.892648381294964], [8959, 0.8933035714285714], [9023, 0.8939494680851063], [9087, 0.8941461267605634], [9151, 0.8946678321678322], [9215, 0.8948567708333334], [9279, 0.8953663793103448], [9343, 0.895869006849315], [9407, 0.8962585034013606], [9471, 0.8969594594594594], [9535, 0.897231543624161], [9599, 0.8978125], [9663, 0.8980753311258278], [9727, 0.8986430921052632], [9791, 0.899203431372549], [9855, 0.8998579545454546], [9919, 0.9004032258064516], [9983, 0.9009415064102564], [9999, 0.901]], "candidate_count_total": 23, "confirmed_count_total": 17, "created_at": 1768149757.1642492, "confirm_rule_effective": "perm_test", "last_perm_pvalue": 1.0, "last_perm_effect": -0.013875007472679075, "perm_test_count_total": 51, "perm_accept_count_total": 17, "perm_reject_count_total": 34, "perm_alpha": 0.02, "perm_pvalue_p50": 1.0, "perm_pvalue_p90": 1.0, "perm_pvalue_p99": 1.0, "perm_pvalue_le_alpha_ratio": 0.3333333333333333, "perm_effect_p50": -0.013163905232142574, "perm_effect_p90": 0.06809702562613644, "perm_effect_p99": 0.07626323401070463}