{"dataset_name": "INSECTS_abrupt_balanced", "dataset_type": "insects_real", "model_variant": "ts_drift_adapt_severity", "seed": 18, "monitor_preset": "error_divergence_ph_meta@error.threshold=0.05,error.min_instances=5", "monitor_preset_base": "error_divergence_ph_meta", "monitor_ph_params": {"error_rate": {"delta": 0.005, "alpha": 0.15, "threshold": 0.05, "min_instances": 5}, "divergence": {"delta": 0.005, "alpha": 0.1, "threshold": 0.05, "min_instances": 30}}, "monitor_ph_overrides": {"error_rate": {"threshold": 0.05, "min_instances": 5}}, "trigger_mode": "two_stage", "trigger_k": 2, "trigger_threshold": 0.5, "trigger_weights": "confirm_cooldown=200,divergence=0.3,error_rate=0.5,teacher_entropy=0.2", "confirm_window": 1, "confirm_cooldown": 0, "adaptive_cooldown_enabled": 0, "adaptive_window": 10000, "adaptive_lower_per10k": 10.0, "adaptive_upper_per10k": 25.0, "adaptive_cooldown_low": 200, "adaptive_cooldown_high": 500, "severity_scheduler_scale": 2.0, "use_severity_v2": 1, "severity_gate": "confirmed_streak", "severity_gate_min_streak": 5, "entropy_mode": "uncertain", "severity_decay": 0.95, "freeze_baseline_steps": 5, "n_steps": 1200, "horizon": 52847, "acc_final": 0.20071148788010673, "mean_acc": 0.19527891984098306, "acc_min": 0.162109375, "candidate_sample_idxs": [1279, 2559, 3839, 5119, 6399, 7679, 8959, 10239, 11519, 12799, 14335, 15615, 18175, 19455, 20735, 22015, 23295, 24575, 25855, 27135, 28415, 31487, 32767, 34047, 35583, 36863, 38143, 39423, 40703, 41983, 43263, 44543, 45823, 47103, 48383, 49663, 50943, 52223], "confirmed_sample_idxs": [1279, 2559, 3839, 5119, 6399, 7679, 8959, 10239, 11519, 12799, 14335, 15615, 18175, 19455, 20735, 22015, 23295, 24575, 25855, 27135, 28415, 31487, 32767, 34047, 35583, 36863, 38143, 39423, 40703, 41983, 43263, 44543, 45823, 47103, 48383, 49663, 50943, 52223], "acc_series": [[255, 0.171875], [511, 0.162109375], [767, 0.17057291666666666], [1023, 0.1728515625], [1279, 0.171875], [1535, 0.17578125], [1791, 0.18359375], [2047, 0.18896484375], [2303, 0.19140625], [2559, 0.1890625], [2815, 0.19211647727272727], [3071, 0.1962890625], [3327, 0.1932091346153846], [3583, 0.19056919642857142], [3839, 0.19453125], [4095, 0.193603515625], [4351, 0.19623161764705882], [4607, 0.197265625], [4863, 0.19942434210526316], [5119, 0.1998046875], [5375, 0.20014880952380953], [5631, 0.20046164772727273], [5887, 0.20193614130434784], [6143, 0.20149739583333334], [6399, 0.2025], [6655, 0.20432692307692307], [6911, 0.2064525462962963], [7167, 0.20828683035714285], [7423, 0.20945581896551724], [7679, 0.21028645833333334], [7935, 0.2123235887096774], [8191, 0.2132568359375], [8447, 0.21366003787878787], [8703, 0.21714154411764705], [8959, 0.21752232142857142], [9215, 0.21744791666666666], [9471, 0.21917229729729729], [9727, 0.21916118421052633], [9983, 0.21965144230769232], [10239, 0.220703125], [10495, 0.22046493902439024], [10751, 0.22191220238095238], [11007, 0.22274709302325582], [11263, 0.22194602272727273], [11519, 0.22387152777777777], [11775, 0.22325067934782608], [12031, 0.22514960106382978], [12287, 0.22688802083333334], [12543, 0.22831632653061223], [12799, 0.224609375], [13055, 0.22020526960784315], [13311, 0.2159705528846154], [13567, 0.21189563679245282], [13823, 0.20797164351851852], [14079, 0.20433238636363638], [14335, 0.20500837053571427], [14591, 0.20429002192982457], [14847, 0.20144127155172414], [15103, 0.19822563559322035], [15359, 0.19498697916666666], [15615, 0.19179047131147542], [15871, 0.18869707661290322], [16127, 0.1857638888888889], [16383, 0.182861328125], [16639, 0.18004807692307692], [16895, 0.17732007575757575], [17151, 0.17473180970149255], [17407, 0.17227711397058823], [17663, 0.17000679347826086], [17919, 0.169921875], [18175, 0.172150088028169], [18431, 0.1735568576388889], [18687, 0.17331977739726026], [18943, 0.17287795608108109], [19199, 0.1725], [19455, 0.17305715460526316], [19711, 0.17431006493506493], [19967, 0.17427884615384615], [20223, 0.17429786392405064], [20479, 0.174951171875], [20735, 0.1748167438271605], [20991, 0.17520960365853658], [21247, 0.17545180722891565], [21503, 0.17559523809523808], [21759, 0.17568933823529412], [22015, 0.17600835755813954], [22271, 0.17654454022988506], [22527, 0.17693536931818182], [22783, 0.1776685393258427], [23039, 0.17903645833333334], [23295, 0.18015968406593408], [23551, 0.18138586956521738], [23807, 0.18266969086021506], [24063, 0.18384308510638298], [24319, 0.18532072368421051], [24575, 0.1866455078125], [24831, 0.1880637886597938], [25087, 0.18965242346938777], [25343, 0.19116950757575757], [25599, 0.1927734375], [25855, 0.1946550123762376], [26111, 0.19600183823529413], [26367, 0.19728458737864077], [26623, 0.19884314903846154], [26879, 0.20063244047619047], [27135, 0.20216686320754718], [27391, 0.20370911214953272], [27647, 0.20580150462962962], [27903, 0.20721043577981652], [28159, 0.20571732954545455], [28415, 0.20386402027027026], [28671, 0.20204380580357142], [28927, 0.20029037610619468], [29183, 0.19860197368421054], [29439, 0.1969429347826087], [29695, 0.19537984913793102], [29951, 0.1937767094017094], [30207, 0.1923000529661017], [30463, 0.1908153886554622], [30719, 0.18935546875], [30975, 0.18811337809917356], [31231, 0.18685963114754098], [31487, 0.18581681910569106], [31743, 0.18494833669354838], [31999, 0.18453125], [32255, 0.18563988095238096], [32511, 0.1875], [32767, 0.18939208984375], [33023, 0.19125484496124032], [33279, 0.1918269230769231], [33535, 0.19146588740458015], [33791, 0.19179095643939395], [34047, 0.19196428571428573], [34303, 0.19193097014925373], [34559, 0.19172453703703704], [34815, 0.1913775275735294], [35071, 0.19114963503649635], [35327, 0.19132133152173914], [35583, 0.1916310701438849], [35839, 0.19188058035714287], [36095, 0.19187721631205673], [36351, 0.19206646126760563], [36607, 0.19211647727272727], [36863, 0.1921929253472222], [37119, 0.19210668103448275], [37375, 0.19215539383561644], [37631, 0.1921768707482993], [37887, 0.19272592905405406], [38143, 0.1928219379194631], [38399, 0.19153645833333333], [38655, 0.19026800496688742], [38911, 0.1899928042763158], [39167, 0.1901296977124183], [39423, 0.18996043019480519], [39679, 0.19029737903225807], [39935, 0.19052984775641027], [40191, 0.1904110270700637], [40447, 0.1903431566455696], [40703, 0.19020243710691823], [40959, 0.1903076171875], [41215, 0.19026591614906832], [41471, 0.19065875771604937], [41727, 0.19111867331288343], [41983, 0.1915967987804878], [42239, 0.19256628787878788], [42495, 0.19324171686746988], [42751, 0.19435348053892215], [43007, 0.19517299107142858], [43263, 0.19623705621301776], [43519, 0.19721966911764705], [43775, 0.1981907894736842], [44031, 0.19935501453488372], [44287, 0.20023482658959538], [44543, 0.20094737787356323], [44799, 0.20167410714285713], [45055, 0.20290305397727273], [45311, 0.20356638418079095], [45567, 0.20457338483146068], [45823, 0.20546002094972068], [46079, 0.206640625], [46335, 0.2076355317679558], [46591, 0.20868389423076922], [46847, 0.20893101092896174], [47103, 0.20781674592391305], [47359, 0.20675675675675675], [47615, 0.20577116935483872], [47871, 0.20473345588235295], [48127, 0.20372755984042554], [48383, 0.2027529761904762], [48639, 0.2019325657894737], [48895, 0.2013048102094241], [49151, 0.2005615234375], [49407, 0.20004857512953367], [49663, 0.19958118556701032], [49919, 0.19923878205128207], [50175, 0.19923867984693877], [50431, 0.19931789340101522], [50687, 0.19935684974747475], [50943, 0.19972911432160803], [51199, 0.20029296875], [51455, 0.201162157960199], [51711, 0.20240949876237624], [51967, 0.20360606527093597], [52223, 0.20310585171568626], [52479, 0.20211509146341464], [52735, 0.20113395024271843], [52846, 0.20071148788010673]], "candidate_count_total": 38, "confirmed_count_total": 38, "created_at": 1767880936.4567306}