{"dataset_name": "INSECTS_abrupt_balanced", "dataset_type": "insects_real", "model_variant": "ts_drift_adapt_severity", "seed": 4, "monitor_preset": "error_divergence_ph_meta@error.threshold=0.05,error.min_instances=5", "monitor_preset_base": "error_divergence_ph_meta", "monitor_ph_params": {"error_rate": {"delta": 0.005, "alpha": 0.15, "threshold": 0.05, "min_instances": 5}, "divergence": {"delta": 0.005, "alpha": 0.1, "threshold": 0.05, "min_instances": 30}}, "monitor_ph_overrides": {"error_rate": {"threshold": 0.05, "min_instances": 5}}, "trigger_mode": "two_stage", "trigger_k": 2, "trigger_threshold": 0.5, "trigger_weights": "confirm_cooldown=200,divergence=0.3,error_rate=0.5,teacher_entropy=0.2", "confirm_window": 1, "confirm_cooldown": 0, "severity_scheduler_scale": 1.0, "use_severity_v2": 1, "severity_gate": "confirmed_streak", "severity_gate_min_streak": 1, "entropy_mode": "overconfident", "severity_decay": 0.95, "freeze_baseline_steps": 0, "n_steps": 1200, "horizon": 52847, "acc_final": 0.19106098737865915, "mean_acc": 0.19322816583749744, "acc_min": 0.16026785714285716, "candidate_sample_idxs": [1279, 2559, 3839, 5119, 6399, 7679, 8959, 10239, 11519, 12799, 14591, 18175, 19455, 20735, 22015, 23295, 24575, 25855, 27135, 28415, 29695, 30975, 32255, 33535, 34815, 36095, 37375, 38655, 39935, 41215, 42495, 43775, 45055, 46335, 47615, 50431, 51711, 52846], "confirmed_sample_idxs": [1279, 2559, 3839, 5119, 6399, 7679, 8959, 10239, 11519, 12799, 14591, 18175, 19455, 20735, 22015, 23295, 24575, 25855, 27135, 28415, 29695, 30975, 32255, 33535, 34815, 36095, 37375, 38655, 39935, 41215, 42495, 43775, 45055, 46335, 47615, 50431, 51711, 52846], "acc_series": [[255, 0.21875], [511, 0.189453125], [767, 0.19010416666666666], [1023, 0.1904296875], [1279, 0.18515625], [1535, 0.18424479166666666], [1791, 0.18191964285714285], [2047, 0.18603515625], [2303, 0.18836805555555555], [2559, 0.191015625], [2815, 0.19282670454545456], [3071, 0.19596354166666666], [3327, 0.19831730769230768], [3583, 0.19754464285714285], [3839, 0.19947916666666668], [4095, 0.197998046875], [4351, 0.203125], [4607, 0.2026909722222222], [4863, 0.20394736842105263], [5119, 0.206640625], [5375, 0.20851934523809523], [5631, 0.20756392045454544], [5887, 0.20652173913043478], [6143, 0.20426432291666666], [6399, 0.20484375], [6655, 0.20432692307692307], [6911, 0.2037037037037037], [7167, 0.20424107142857142], [7423, 0.20770474137931033], [7679, 0.207421875], [7935, 0.20829133064516128], [8191, 0.208984375], [8447, 0.2079782196969697], [8703, 0.20978860294117646], [8959, 0.21138392857142857], [9215, 0.2113715277777778], [9471, 0.21135979729729729], [9727, 0.21083470394736842], [9983, 0.2116386217948718], [10239, 0.213671875], [10495, 0.21427210365853658], [10751, 0.21502976190476192], [11007, 0.21566133720930233], [11263, 0.21635298295454544], [11519, 0.21597222222222223], [11775, 0.21611752717391305], [12031, 0.21642287234042554], [12287, 0.21663411458333334], [12543, 0.21763392857142858], [12799, 0.213984375], [13055, 0.20978860294117646], [13311, 0.20575420673076922], [13567, 0.20187205188679244], [13823, 0.19813368055555555], [14079, 0.19460227272727273], [14335, 0.19224330357142858], [14591, 0.19216008771929824], [14847, 0.19032866379310345], [15103, 0.1872351694915254], [15359, 0.18411458333333333], [15615, 0.18109631147540983], [15871, 0.17817540322580644], [16127, 0.1754092261904762], [16383, 0.17266845703125], [16639, 0.17001201923076922], [16895, 0.16743607954545456], [17151, 0.16493703358208955], [17407, 0.1626263786764706], [17663, 0.16066576086956522], [17919, 0.16026785714285716], [18175, 0.1640074823943662], [18431, 0.16715494791666666], [18687, 0.1697880993150685], [18943, 0.17171663851351351], [19199, 0.17411458333333332], [19455, 0.17814555921052633], [19711, 0.17983969155844157], [19967, 0.18033854166666666], [20223, 0.1804291930379747], [20479, 0.180908203125], [20735, 0.1810378086419753], [20991, 0.18116425304878048], [21247, 0.18109939759036145], [21503, 0.18117559523809523], [21759, 0.18120404411764707], [22015, 0.18150436046511628], [22271, 0.18161817528735633], [22527, 0.1827059659090909], [22783, 0.18438377808988765], [23039, 0.18559027777777778], [23295, 0.18668440934065933], [23551, 0.18826426630434784], [23807, 0.18947412634408603], [24063, 0.19061668882978725], [24319, 0.19202302631578946], [24575, 0.19266764322916666], [24831, 0.19350032216494845], [25087, 0.19431600765306123], [25343, 0.1951546717171717], [25599, 0.19625], [25855, 0.19716893564356436], [26111, 0.19810814950980393], [26367, 0.19883950242718446], [26623, 0.19940655048076922], [26879, 0.20044642857142858], [27135, 0.20109817216981132], [27391, 0.20221232476635514], [27647, 0.20345052083333334], [27903, 0.20470183486238533], [28159, 0.20358664772727272], [28415, 0.20175253378378377], [28671, 0.20002092633928573], [28927, 0.1983891039823009], [29183, 0.19695723684210525], [29439, 0.19548233695652173], [29695, 0.19436961206896552], [29951, 0.1935763888888889], [30207, 0.19253177966101695], [30463, 0.19163602941176472], [30719, 0.19065755208333332], [30975, 0.18995351239669422], [31231, 0.18906890368852458], [31487, 0.18794461382113822], [31743, 0.18746849798387097], [31999, 0.18690625], [32255, 0.18684895833333334], [32511, 0.18710014763779528], [32767, 0.188385009765625], [33023, 0.1894985465116279], [33279, 0.19047475961538463], [33535, 0.19024332061068702], [33791, 0.19054805871212122], [34047, 0.19078947368421054], [34303, 0.19073577425373134], [34559, 0.19045138888888888], [34815, 0.1899701286764706], [35071, 0.18963845802919707], [35327, 0.18982110507246377], [35583, 0.19028214928057555], [35839, 0.1904296875], [36095, 0.1903257978723404], [36351, 0.19055347711267606], [36607, 0.19036822552447552], [36863, 0.1901312934027778], [37119, 0.19014008620689654], [37375, 0.19004173801369864], [37631, 0.19005102040816327], [37887, 0.1902977195945946], [38143, 0.19041002516778524], [38399, 0.189140625], [38655, 0.1878880380794702], [38911, 0.1874486019736842], [39167, 0.18752553104575165], [39423, 0.18729707792207792], [39679, 0.18744959677419354], [39935, 0.1875], [40191, 0.18702726910828024], [40447, 0.18678303006329114], [40703, 0.1864927279874214], [40959, 0.18681640625], [41215, 0.18691770186335405], [41471, 0.1872829861111111], [41727, 0.18757189417177914], [41983, 0.1877858231707317], [42239, 0.1884943181818182], [42495, 0.18900602409638553], [42751, 0.18972211826347304], [43007, 0.1905459449404762], [43263, 0.19147559171597633], [43519, 0.1923483455882353], [43775, 0.19293676900584794], [44031, 0.1941315406976744], [44287, 0.19463511560693642], [44543, 0.19522270114942528], [44799, 0.19604910714285714], [45055, 0.19706587357954544], [45311, 0.19796080508474576], [45567, 0.19880179073033707], [45823, 0.19974249301675978], [46079, 0.20088975694444444], [46335, 0.20200276243093923], [46591, 0.20286744505494506], [46847, 0.2029542349726776], [47103, 0.20185122282608695], [47359, 0.20076013513513513], [47615, 0.19968077956989247], [47871, 0.1986129679144385], [48127, 0.1975565159574468], [48383, 0.19651124338624337], [48639, 0.19547697368421052], [48895, 0.1944535340314136], [49151, 0.19344075520833334], [49407, 0.19243847150259066], [49663, 0.19146665592783504], [49919, 0.19054487179487178], [50175, 0.18971221301020408], [50431, 0.1891061230964467], [50687, 0.1887823547979798], [50943, 0.1890899811557789], [51199, 0.1898046875], [51455, 0.1908037935323383], [51711, 0.19219910272277227], [51967, 0.1937153633004926], [52223, 0.19334022671568626], [52479, 0.19239710365853657], [52735, 0.19146313713592233], [52846, 0.19106098737865915]], "candidate_count_total": 38, "confirmed_count_total": 38, "created_at": 1767841982.804446}