{"dataset_name": "INSECTS_abrupt_balanced", "dataset_type": "insects_real", "model_variant": "ts_drift_adapt", "seed": 1, "monitor_preset": "error_divergence_ph_meta@error.threshold=0.05,error.min_instances=5", "monitor_preset_base": "error_divergence_ph_meta", "monitor_ph_params": {"error_rate": {"delta": 0.005, "alpha": 0.15, "threshold": 0.05, "min_instances": 5}, "divergence": {"delta": 0.005, "alpha": 0.1, "threshold": 0.05, "min_instances": 30}}, "monitor_ph_overrides": {"error_rate": {"threshold": 0.05, "min_instances": 5}}, "trigger_mode": "two_stage", "trigger_k": 2, "trigger_threshold": 0.5, "trigger_weights": "confirm_cooldown=200,divergence=0.3,error_rate=0.5,teacher_entropy=0.2", "confirm_window": 1, "confirm_cooldown": 0, "adaptive_cooldown_enabled": 0, "adaptive_window": 10000, "adaptive_lower_per10k": 10.0, "adaptive_upper_per10k": 25.0, "adaptive_cooldown_low": 200, "adaptive_cooldown_high": 500, "severity_scheduler_scale": 1.0, "use_severity_v2": 0, "severity_gate": "none", "severity_gate_min_streak": 1, "entropy_mode": "overconfident", "severity_decay": 0.95, "freeze_baseline_steps": 0, "n_steps": 1200, "horizon": 52847, "acc_final": 0.2045338429806801, "mean_acc": 0.19245817370238127, "acc_min": 0.15625, "candidate_sample_idxs": [1279, 2559, 3839, 5119, 6399, 7679, 8959, 10239, 11519, 12799, 14591, 16383, 17663, 18943, 20223, 21503, 22783, 24063, 25343, 26623, 27903, 29183, 30463, 32255, 33535, 34815, 36095, 37375, 38655, 39935, 41215, 42495, 43775, 45055, 46335, 47615, 48895, 50175, 51455, 52735], "confirmed_sample_idxs": [1279, 2559, 3839, 5119, 6399, 7679, 8959, 10239, 11519, 12799, 14591, 16383, 17663, 18943, 20223, 21503, 22783, 24063, 25343, 26623, 27903, 29183, 30463, 32255, 33535, 34815, 36095, 37375, 38655, 39935, 41215, 42495, 43775, 45055, 46335, 47615, 48895, 50175, 51455, 52735], "acc_series": [[255, 0.203125], [511, 0.205078125], [767, 0.19921875], [1023, 0.19921875], [1279, 0.2046875], [1535, 0.20247395833333334], [1791, 0.20368303571428573], [2047, 0.20458984375], [2303, 0.20616319444444445], [2559, 0.204296875], [2815, 0.2020596590909091], [3071, 0.205078125], [3327, 0.20372596153846154], [3583, 0.20591517857142858], [3839, 0.209375], [4095, 0.211669921875], [4351, 0.20886948529411764], [4607, 0.2111545138888889], [4863, 0.21032072368421054], [5119, 0.2091796875], [5375, 0.20833333333333334], [5631, 0.20969460227272727], [5887, 0.21076766304347827], [6143, 0.2109375], [6399, 0.21140625], [6655, 0.20853365384615385], [6911, 0.20934606481481483], [7167, 0.21010044642857142], [7423, 0.21053340517241378], [7679, 0.2109375], [7935, 0.21118951612903225], [8191, 0.2108154296875], [8447, 0.21141098484848486], [8703, 0.21266084558823528], [8959, 0.21372767857142858], [9215, 0.2134331597222222], [9471, 0.21421030405405406], [9727, 0.21258223684210525], [9983, 0.21294070512820512], [10239, 0.21357421875], [10495, 0.21427210365853658], [10751, 0.21475074404761904], [11007, 0.21502543604651161], [11263, 0.2147549715909091], [11519, 0.21414930555555556], [11775, 0.2137398097826087], [12031, 0.21392952127659576], [12287, 0.21305338541666666], [12543, 0.21340880102040816], [12799, 0.210078125], [13055, 0.20595894607843138], [13311, 0.2019981971153846], [13567, 0.1981869103773585], [13823, 0.1945167824074074], [14079, 0.19098011363636364], [14335, 0.18756975446428573], [14591, 0.18708881578947367], [14847, 0.1866918103448276], [15103, 0.1841896186440678], [15359, 0.18131510416666666], [15615, 0.17859887295081966], [15871, 0.17584425403225806], [16127, 0.17317708333333334], [16383, 0.1705322265625], [16639, 0.16820913461538461], [16895, 0.16571969696969696], [17151, 0.16353777985074627], [17407, 0.16233915441176472], [17663, 0.16134510869565216], [17919, 0.16143973214285715], [18175, 0.16087147887323944], [18431, 0.1597222222222222], [18687, 0.1581763698630137], [18943, 0.15698902027027026], [19199, 0.15625], [19455, 0.15660978618421054], [19711, 0.1572646103896104], [19967, 0.15720152243589744], [20223, 0.15783227848101267], [20479, 0.158349609375], [20735, 0.15885416666666666], [20991, 0.15939405487804878], [21247, 0.15982680722891565], [21503, 0.16062127976190477], [21759, 0.16121323529411766], [22015, 0.16247274709302326], [22271, 0.16365840517241378], [22527, 0.16552734375], [22783, 0.16726650280898878], [23039, 0.1685763888888889], [23295, 0.17050137362637363], [23551, 0.17238451086956522], [23807, 0.174815188172043], [24063, 0.1763630319148936], [24319, 0.17709703947368421], [24575, 0.17822265625], [24831, 0.1794458762886598], [25087, 0.18076371173469388], [25343, 0.18241003787878787], [25599, 0.18421875], [25855, 0.18583694306930693], [26111, 0.18738511029411764], [26367, 0.18886529126213591], [26623, 0.19012920673076922], [26879, 0.19122023809523808], [27135, 0.19221698113207547], [27391, 0.1934506425233645], [27647, 0.19480613425925927], [27903, 0.1965668004587156], [28159, 0.19552556818181818], [28415, 0.19404560810810811], [28671, 0.192626953125], [28927, 0.1912679756637168], [29183, 0.18989857456140352], [29439, 0.18875679347826088], [29695, 0.18776939655172414], [29951, 0.1867988782051282], [30207, 0.1858779131355932], [30463, 0.18507090336134455], [30719, 0.18408203125], [30975, 0.18307722107438015], [31231, 0.1821529200819672], [31487, 0.18168826219512196], [31743, 0.18104208669354838], [31999, 0.18065625], [32255, 0.18133060515873015], [32511, 0.18273252952755906], [32767, 0.18438720703125], [33023, 0.1865612887596899], [33279, 0.18701923076923077], [33535, 0.1869930820610687], [33791, 0.1874408143939394], [34047, 0.18773496240601503], [34303, 0.18782066231343283], [34559, 0.1876736111111111], [34815, 0.1875287224264706], [35071, 0.18764256386861314], [35327, 0.18798120471014493], [35583, 0.18834307553956833], [35839, 0.18861607142857142], [36095, 0.18846963652482268], [36351, 0.18871038732394366], [36607, 0.188947770979021], [36863, 0.18912760416666666], [37119, 0.18911637931034483], [37375, 0.1893996147260274], [37631, 0.18959927721088435], [37887, 0.19011296452702703], [38143, 0.1904886744966443], [38399, 0.18921875], [38655, 0.18796564569536423], [38911, 0.1875], [39167, 0.18757659313725492], [39423, 0.1876268262987013], [39679, 0.18787802419354838], [39935, 0.18857672275641027], [40191, 0.18921675955414013], [40447, 0.189873417721519], [40703, 0.19047268081761007], [40959, 0.191259765625], [41215, 0.19172166149068323], [41471, 0.1925636574074074], [41727, 0.193107745398773], [41983, 0.19359756097560976], [42239, 0.19438920454545455], [42495, 0.1951242469879518], [42751, 0.19573353293413173], [43007, 0.19649832589285715], [43263, 0.1974158653846154], [43519, 0.19825367647058822], [43775, 0.19905884502923976], [44031, 0.20012718023255813], [44287, 0.20059609826589594], [44543, 0.20121677442528735], [44799, 0.20207589285714286], [45055, 0.20314719460227273], [45311, 0.2038974223163842], [45567, 0.204858672752809], [45823, 0.20589647346368714], [46079, 0.20711805555555557], [46335, 0.2079376726519337], [46591, 0.2088126717032967], [46847, 0.20886697404371585], [47103, 0.20773182744565216], [47359, 0.20660895270270271], [47615, 0.20551915322580644], [47871, 0.20446189839572193], [48127, 0.20337433510638298], [48383, 0.20250496031746032], [48639, 0.2018297697368421], [48895, 0.20122300392670156], [49151, 0.20070393880208334], [49407, 0.20041288860103626], [49663, 0.20012483891752578], [49919, 0.20022035256410256], [50175, 0.20085299744897958], [50431, 0.20167750634517767], [50687, 0.20249368686868688], [50943, 0.20332129396984924], [51199, 0.20421875], [51455, 0.20516557835820895], [51711, 0.2063544245049505], [51967, 0.20751231527093597], [52223, 0.20697380514705882], [52479, 0.2059641768292683], [52735, 0.20496435072815533], [52846, 0.2045338429806801]], "candidate_count_total": 40, "confirmed_count_total": 40, "created_at": 1767880093.447923}