{"dataset_name": "sine_nodrift", "dataset_type": "sine", "model_variant": "ts_drift_adapt", "seed": 4, "monitor_preset": "error_divergence_ph_meta@error.threshold=0.10,error.min_instances=5", "monitor_preset_base": "error_divergence_ph_meta", "monitor_ph_params": {"error_rate": {"delta": 0.005, "alpha": 0.15, "threshold": 0.1, "min_instances": 5}, "divergence": {"delta": 0.005, "alpha": 0.1, "threshold": 0.05, "min_instances": 30}}, "monitor_ph_overrides": {"error_rate": {"threshold": 0.1, "min_instances": 5}}, "trigger_mode": "two_stage", "trigger_k": 2, "trigger_threshold": 0.5, "trigger_weights": "__confirm_cooldown=200,__confirm_rule=perm_test,__perm_alpha=0.005,__perm_min_effect=0,__perm_n_perm=200,__perm_post_n=10,__perm_pre_n=500,__perm_rng_seed=0,__perm_stat=fused_score,divergence=0.3,error_rate=0.5,teacher_entropy=0.2", "confirm_window": 3, "confirm_cooldown": 0, "adaptive_cooldown_enabled": 0, "adaptive_window": 10000, "adaptive_lower_per10k": 10.0, "adaptive_upper_per10k": 25.0, "adaptive_cooldown_low": 200, "adaptive_cooldown_high": 500, "severity_scheduler_scale": 1.0, "use_severity_v2": 0, "severity_gate": "none", "severity_gate_min_streak": 1, "entropy_mode": "overconfident", "severity_decay": 0.95, "freeze_baseline_steps": 0, "n_steps": 800, "horizon": 10000, "acc_final": 0.924, "mean_acc": 0.851671433586876, "acc_min": 0.4375, "candidate_sample_idxs": [319, 639, 959, 1279, 1599, 1919, 2239, 2559, 2879, 3199, 3647, 3967, 4287, 4991, 5311, 5631, 6207, 7231, 7551, 7999, 8319, 8767, 9535], "confirmed_sample_idxs": [639, 1791, 2559, 3199, 3647, 4287, 4991, 5631, 6207, 7231, 7551, 7999, 8767, 9535], "acc_series": [[63, 0.4375], [127, 0.4921875], [191, 0.5625], [255, 0.55859375], [319, 0.584375], [383, 0.6197916666666666], [447, 0.6383928571428571], [511, 0.658203125], [575, 0.6736111111111112], [639, 0.6890625], [703, 0.6960227272727273], [767, 0.6940104166666666], [831, 0.6995192307692307], [895, 0.7064732142857143], [959, 0.7197916666666667], [1023, 0.73046875], [1087, 0.7389705882352942], [1151, 0.7482638888888888], [1215, 0.7508223684210527], [1279, 0.7546875], [1343, 0.7559523809523809], [1407, 0.7620738636363636], [1471, 0.7703804347826086], [1535, 0.7760416666666666], [1599, 0.780625], [1663, 0.7854567307692307], [1727, 0.7899305555555556], [1791, 0.7924107142857143], [1855, 0.7941810344827587], [1919, 0.7963541666666667], [1983, 0.7973790322580645], [2047, 0.80224609375], [2111, 0.8049242424242424], [2175, 0.8097426470588235], [2239, 0.8138392857142858], [2303, 0.8138020833333334], [2367, 0.8158783783783784], [2431, 0.8186677631578947], [2495, 0.8217147435897436], [2559, 0.821875], [2623, 0.8254573170731707], [2687, 0.8292410714285714], [2751, 0.8321220930232558], [2815, 0.8327414772727273], [2879, 0.8350694444444444], [2943, 0.8376358695652174], [3007, 0.8397606382978723], [3071, 0.841796875], [3135, 0.8431122448979592], [3199, 0.845], [3263, 0.8471200980392157], [3327, 0.8494591346153846], [3391, 0.8520047169811321], [3455, 0.8541666666666666], [3519, 0.8568181818181818], [3583, 0.859375], [3647, 0.8607456140350878], [3711, 0.8620689655172413], [3775, 0.8641419491525424], [3839, 0.865625], [3903, 0.866547131147541], [3967, 0.8674395161290323], [4031, 0.8692956349206349], [4095, 0.870849609375], [4159, 0.8723557692307692], [4223, 0.8728693181818182], [4287, 0.8736007462686567], [4351, 0.8745404411764706], [4415, 0.876358695652174], [4479, 0.8776785714285714], [4543, 0.8785211267605634], [4607, 0.8795572916666666], [4671, 0.8803510273972602], [4735, 0.8819679054054054], [4799, 0.8833333333333333], [4863, 0.8844572368421053], [4927, 0.885551948051948], [4991, 0.8866185897435898], [5055, 0.8874604430379747], [5119, 0.8884765625], [5183, 0.888695987654321], [5247, 0.8894817073170732], [5311, 0.8900602409638554], [5375, 0.8908110119047619], [5439, 0.8913602941176471], [5503, 0.892078488372093], [5567, 0.8933189655172413], [5631, 0.8941761363636364], [5695, 0.8953651685393258], [5759, 0.8963541666666667], [5823, 0.8974931318681318], [5887, 0.8979279891304348], [5951, 0.8986895161290323], [6015, 0.8996010638297872], [6079, 0.9006578947368421], [6143, 0.9016927083333334], [6207, 0.9020618556701031], [6271, 0.9025829081632653], [6335, 0.9034090909090909], [6399, 0.904375], [6463, 0.9053217821782178], [6527, 0.9057904411764706], [6591, 0.9064016990291263], [6655, 0.9071514423076923], [6719, 0.9075892857142858], [6783, 0.9081662735849056], [6847, 0.9090245327102804], [6911, 0.9092881944444444], [6975, 0.9099770642201835], [7039, 0.9100852272727272], [7103, 0.9108952702702703], [7167, 0.9111328125], [7231, 0.911504424778761], [7295, 0.9118695175438597], [7359, 0.9120923913043478], [7423, 0.9125808189655172], [7487, 0.9129273504273504], [7551, 0.9132680084745762], [7615, 0.913734243697479], [7679, 0.913671875], [7743, 0.9143853305785123], [7807, 0.9145747950819673], [7871, 0.9152693089430894], [7935, 0.9157006048387096], [7999, 0.916125], [8063, 0.9165426587301587], [8127, 0.9163385826771654], [8191, 0.9166259765625], [8255, 0.9169089147286822], [8319, 0.9174278846153846], [8383, 0.9177003816793893], [8447, 0.9174952651515151], [8511, 0.9178806390977443], [8575, 0.918027052238806], [8639, 0.9179398148148148], [8703, 0.9180836397058824], [8767, 0.9181113138686131], [8831, 0.9180253623188406], [8895, 0.9182778776978417], [8959, 0.9186383928571429], [9023, 0.9189937943262412], [9087, 0.9192341549295775], [9151, 0.9196896853146853], [9215, 0.9202473958333334], [9279, 0.9205818965517242], [9343, 0.9210188356164384], [9407, 0.9214498299319728], [9471, 0.921875], [9535, 0.9222944630872483], [9599, 0.9223958333333333], [9663, 0.9225993377483444], [9727, 0.9229029605263158], [9791, 0.923202614379085], [9855, 0.9235998376623377], [9919, 0.9236895161290323], [9983, 0.9238782051282052], [9999, 0.924]], "candidate_count_total": 22, "confirmed_count_total": 14, "created_at": 1768148909.9286947, "confirm_rule_effective": "perm_test", "last_perm_pvalue": 0.004975124378109453, "last_perm_effect": 0.07448695148763404, "perm_test_count_total": 45, "perm_accept_count_total": 14, "perm_reject_count_total": 31, "perm_alpha": 0.005, "perm_pvalue_p50": 0.5223880597014925, "perm_pvalue_p90": 1.0, "perm_pvalue_p99": 1.0, "perm_pvalue_le_alpha_ratio": 0.3111111111111111, "perm_effect_p50": 1.4452054170376386e-05, "perm_effect_p90": 0.07552447091092584, "perm_effect_p99": 0.11117778084337124}