{"dataset_name": "INSECTS_abrupt_balanced", "dataset_type": "insects_real", "model_variant": "ts_drift_adapt", "seed": 10, "monitor_preset": "error_divergence_ph_meta@error.threshold=0.05,error.min_instances=5", "monitor_preset_base": "error_divergence_ph_meta", "monitor_ph_params": {"error_rate": {"delta": 0.005, "alpha": 0.15, "threshold": 0.05, "min_instances": 5}, "divergence": {"delta": 0.005, "alpha": 0.1, "threshold": 0.05, "min_instances": 30}}, "monitor_ph_overrides": {"error_rate": {"threshold": 0.05, "min_instances": 5}}, "trigger_mode": "two_stage", "trigger_k": 2, "trigger_threshold": 0.5, "trigger_weights": "confirm_cooldown=200,divergence=0.3,error_rate=0.5,teacher_entropy=0.2", "confirm_window": 1, "confirm_cooldown": 0, "adaptive_cooldown_enabled": 0, "adaptive_window": 10000, "adaptive_lower_per10k": 10.0, "adaptive_upper_per10k": 25.0, "adaptive_cooldown_low": 200, "adaptive_cooldown_high": 500, "severity_scheduler_scale": 1.0, "use_severity_v2": 0, "severity_gate": "none", "severity_gate_min_streak": 1, "entropy_mode": "overconfident", "severity_decay": 0.95, "freeze_baseline_steps": 0, "n_steps": 1200, "horizon": 52847, "acc_final": 0.21953942513293093, "mean_acc": 0.216252040616776, "acc_min": 0.1822544642857143, "candidate_sample_idxs": [1279, 2559, 3839, 5119, 6399, 7679, 8959, 10239, 11519, 12799, 14079, 14847, 15359, 17919, 19199, 20479, 21759, 23039, 24319, 25599, 26879, 28159, 29695, 30975, 32255, 32511, 33535, 34815, 36095, 37375, 38655, 39935, 41215, 42495, 43775, 45055, 46591, 47871, 49663, 50943, 52223], "confirmed_sample_idxs": [1279, 2559, 3839, 5119, 6399, 7679, 8959, 10239, 11519, 12799, 14079, 15359, 17919, 19199, 20479, 21759, 23039, 24319, 25599, 26879, 28159, 29695, 30975, 32255, 33535, 34815, 36095, 37375, 38655, 39935, 41215, 42495, 43775, 45055, 46591, 47871, 49663, 50943, 52223], "acc_series": [[255, 0.26953125], [511, 0.23046875], [767, 0.22135416666666666], [1023, 0.2197265625], [1279, 0.2171875], [1535, 0.21809895833333334], [1791, 0.21540178571428573], [2047, 0.21484375], [2303, 0.2183159722222222], [2559, 0.21328125], [2815, 0.21306818181818182], [3071, 0.21516927083333334], [3327, 0.21394230769230768], [3583, 0.21540178571428573], [3839, 0.2125], [4095, 0.21142578125], [4351, 0.21185661764705882], [4607, 0.21375868055555555], [4863, 0.21155427631578946], [5119, 0.2107421875], [5375, 0.21075148809523808], [5631, 0.2120028409090909], [5887, 0.21314538043478262], [6143, 0.21321614583333334], [6399, 0.21484375], [6655, 0.21364182692307693], [6911, 0.21556712962962962], [7167, 0.21609933035714285], [7423, 0.21672952586206898], [7679, 0.21627604166666667], [7935, 0.2164818548387097], [8191, 0.2178955078125], [8447, 0.21898674242424243], [8703, 0.21966911764705882], [8959, 0.22042410714285715], [9215, 0.2224392361111111], [9471, 0.22381756756756757], [9727, 0.224609375], [9983, 0.22556089743589744], [10239, 0.22685546875], [10495, 0.22799161585365854], [10751, 0.228515625], [11007, 0.22956031976744187], [11263, 0.23029119318181818], [11519, 0.23081597222222222], [11775, 0.23114809782608695], [12031, 0.23238031914893617], [12287, 0.23323567708333334], [12543, 0.23405612244897958], [12799, 0.23046875], [13055, 0.2259497549019608], [13311, 0.22160456730769232], [13567, 0.21749705188679244], [13823, 0.21397569444444445], [14079, 0.21434659090909092], [14335, 0.22293526785714285], [14591, 0.22060032894736842], [14847, 0.216796875], [15103, 0.2131885593220339], [15359, 0.20963541666666666], [15615, 0.20619877049180327], [15871, 0.20287298387096775], [16127, 0.19971478174603174], [16383, 0.19659423828125], [16639, 0.19356971153846153], [16895, 0.19063683712121213], [17151, 0.18779151119402984], [17407, 0.1850873161764706], [17663, 0.18240489130434784], [17919, 0.1822544642857143], [18175, 0.18661971830985916], [18431, 0.18983289930555555], [18687, 0.19226241438356165], [18943, 0.19436233108108109], [19199, 0.19635416666666666], [19455, 0.19865337171052633], [19711, 0.19967532467532467], [19967, 0.19996995192307693], [20223, 0.19981210443037975], [20479, 0.199755859375], [20735, 0.19974922839506173], [20991, 0.20026676829268292], [21247, 0.20063064759036145], [21503, 0.20131138392857142], [21759, 0.2017922794117647], [22015, 0.20321584302325582], [22271, 0.20397808908045978], [22527, 0.2060546875], [22783, 0.207250702247191], [23039, 0.20811631944444445], [23295, 0.20947802197802198], [23551, 0.21089504076086957], [23807, 0.21198756720430106], [24063, 0.21334773936170212], [24319, 0.21476151315789474], [24575, 0.2154541015625], [24831, 0.21661565721649484], [25087, 0.21831154336734693], [25343, 0.22020991161616163], [25599, 0.221015625], [25855, 0.22242419554455445], [26111, 0.22361366421568626], [26367, 0.224780036407767], [26623, 0.22562349759615385], [26879, 0.22686011904761905], [27135, 0.2275943396226415], [27391, 0.2286433995327103], [27647, 0.2294921875], [27903, 0.23046875], [28159, 0.22887073863636365], [28415, 0.22691441441441443], [28671, 0.22506277901785715], [28927, 0.22334762168141592], [29183, 0.22179961622807018], [29439, 0.22021059782608696], [29695, 0.21881734913793102], [29951, 0.21738114316239315], [30207, 0.2160685911016949], [30463, 0.21487657563025211], [30719, 0.21350911458333333], [30975, 0.21222882231404958], [31231, 0.2110015368852459], [31487, 0.21008003048780488], [31743, 0.20989793346774194], [31999, 0.2108125], [32255, 0.21196056547619047], [32511, 0.21373646653543307], [32767, 0.21588134765625], [33023, 0.21784156976744187], [33279, 0.21763822115384615], [33535, 0.21746779580152673], [33791, 0.2177142518939394], [34047, 0.21763392857142858], [34303, 0.21743819962686567], [34559, 0.21744791666666666], [34815, 0.21717026654411764], [35071, 0.21692518248175183], [35327, 0.2164855072463768], [35583, 0.2165299010791367], [35839, 0.21635044642857143], [36095, 0.21631205673758866], [36351, 0.21610915492957747], [36607, 0.21620957167832167], [36863, 0.2162814670138889], [37119, 0.21592133620689655], [37375, 0.21591395547945205], [37631, 0.21564094387755103], [37887, 0.2159522804054054], [38143, 0.21581375838926176], [38399, 0.214375], [38655, 0.21295529801324503], [38911, 0.21237664473684212], [39167, 0.21239276960784315], [39423, 0.2122564935064935], [39679, 0.2123991935483871], [39935, 0.21291566506410256], [40191, 0.2131767515923567], [40447, 0.21368176424050633], [40703, 0.2141067216981132], [40959, 0.2147705078125], [41215, 0.2149893245341615], [41471, 0.2156153549382716], [41727, 0.21601802147239263], [41983, 0.21634432164634146], [42239, 0.2170217803030303], [42495, 0.21762048192771086], [42751, 0.21830557634730538], [43007, 0.21907552083333334], [43263, 0.2200212647928994], [43519, 0.22095588235294117], [43775, 0.2218110380116959], [44031, 0.22281522529069767], [44287, 0.22335621387283236], [44543, 0.2238011853448276], [44799, 0.22446428571428573], [45055, 0.225341796875], [45311, 0.22594456214689265], [45567, 0.22693556882022473], [45823, 0.2276536312849162], [46079, 0.22842881944444443], [46335, 0.2293249309392265], [46591, 0.23006095467032966], [46847, 0.2301272199453552], [47103, 0.2288765285326087], [47359, 0.22766047297297298], [47615, 0.22643649193548387], [47871, 0.2252673796791444], [48127, 0.22406914893617022], [48383, 0.22292493386243387], [48639, 0.22183388157894737], [48895, 0.22075425392670156], [49151, 0.2198486328125], [49407, 0.218952396373057], [49663, 0.21804526417525774], [49919, 0.21742788461538462], [50175, 0.21715561224489796], [50431, 0.2173223350253807], [50687, 0.21776357323232323], [50943, 0.21841630025125627], [51199, 0.2191796875], [51455, 0.22032416044776118], [51711, 0.22163134282178218], [51967, 0.2228101908866995], [52223, 0.22215839460784315], [52479, 0.22107469512195121], [52735, 0.22000151699029127], [52846, 0.21953942513293093]], "candidate_count_total": 41, "confirmed_count_total": 39, "created_at": 1767880117.7844565}