{"dataset_name": "sine_nodrift", "dataset_type": "sine", "model_variant": "ts_drift_adapt", "seed": 2, "monitor_preset": "error_divergence_ph_meta@error.threshold=0.10,error.min_instances=5", "monitor_preset_base": "error_divergence_ph_meta", "monitor_ph_params": {"error_rate": {"delta": 0.005, "alpha": 0.15, "threshold": 0.1, "min_instances": 5}, "divergence": {"delta": 0.005, "alpha": 0.1, "threshold": 0.05, "min_instances": 30}}, "monitor_ph_overrides": {"error_rate": {"threshold": 0.1, "min_instances": 5}}, "trigger_mode": "two_stage", "trigger_k": 2, "trigger_threshold": 0.5, "trigger_weights": "__confirm_cooldown=200,__confirm_rule=perm_test,__perm_alpha=0.02,__perm_min_effect=0,__perm_n_perm=200,__perm_post_n=50,__perm_pre_n=500,__perm_rng_seed=0,__perm_stat=fused_score,divergence=0.3,error_rate=0.5,teacher_entropy=0.2", "confirm_window": 3, "confirm_cooldown": 0, "adaptive_cooldown_enabled": 0, "adaptive_window": 10000, "adaptive_lower_per10k": 10.0, "adaptive_upper_per10k": 25.0, "adaptive_cooldown_low": 200, "adaptive_cooldown_high": 500, "severity_scheduler_scale": 1.0, "use_severity_v2": 0, "severity_gate": "none", "severity_gate_min_streak": 1, "entropy_mode": "overconfident", "severity_decay": 0.95, "freeze_baseline_steps": 0, "n_steps": 800, "horizon": 10000, "acc_final": 0.9119, "mean_acc": 0.82028262687892, "acc_min": 0.46875, "candidate_sample_idxs": [319, 639, 959, 1279, 1599, 1919, 2367, 2751, 3071, 3711, 4031, 4351, 4671, 4991, 5311, 5631, 5951, 6271, 6591, 6911, 7231, 7551, 7871, 8191, 8639, 8959, 9919], "confirmed_sample_idxs": [703, 1023, 1599, 1983, 2367, 2751, 3071, 3711, 4159, 4799, 5439, 6079, 6591, 6911, 7423, 7871, 8639, 9919], "acc_series": [[63, 0.484375], [127, 0.46875], [191, 0.5052083333333334], [255, 0.515625], [319, 0.5375], [383, 0.5442708333333334], [447, 0.5535714285714286], [511, 0.556640625], [575, 0.5659722222222222], [639, 0.578125], [703, 0.5809659090909091], [767, 0.5807291666666666], [831, 0.5913461538461539], [895, 0.6049107142857143], [959, 0.6166666666666667], [1023, 0.6376953125], [1087, 0.6452205882352942], [1151, 0.65625], [1215, 0.6677631578947368], [1279, 0.6765625], [1343, 0.6889880952380952], [1407, 0.6974431818181818], [1471, 0.7058423913043478], [1535, 0.7135416666666666], [1599, 0.72125], [1663, 0.7253605769230769], [1727, 0.7326388888888888], [1791, 0.7388392857142857], [1855, 0.7429956896551724], [1919, 0.7494791666666667], [1983, 0.7560483870967742], [2047, 0.7607421875], [2111, 0.7637310606060606], [2175, 0.7693014705882353], [2239, 0.775], [2303, 0.7799479166666666], [2367, 0.7833614864864865], [2431, 0.7874177631578947], [2495, 0.7924679487179487], [2559, 0.796484375], [2623, 0.7991615853658537], [2687, 0.8024553571428571], [2751, 0.8041424418604651], [2815, 0.8075284090909091], [2879, 0.8111111111111111], [2943, 0.8145380434782609], [3007, 0.816156914893617], [3071, 0.8190104166666666], [3135, 0.8211096938775511], [3199, 0.82375], [3263, 0.8262867647058824], [3327, 0.8287259615384616], [3391, 0.8310731132075472], [3455, 0.8333333333333334], [3519, 0.8349431818181818], [3583, 0.8351004464285714], [3647, 0.8374451754385965], [3711, 0.8386314655172413], [3775, 0.8403072033898306], [3839, 0.8419270833333333], [3903, 0.8427254098360656], [3967, 0.8442540322580645], [4031, 0.845734126984127], [4095, 0.84765625], [4159, 0.8480769230769231], [4223, 0.8480113636363636], [4287, 0.8491138059701493], [4351, 0.8499540441176471], [4415, 0.8514492753623188], [4479, 0.8520089285714286], [4543, 0.8536531690140845], [4607, 0.8543836805555556], [4671, 0.8553082191780822], [4735, 0.8555743243243243], [4799, 0.8564583333333333], [4863, 0.8579358552631579], [4927, 0.8589691558441559], [4991, 0.8595753205128205], [5055, 0.8613528481012658], [5119, 0.8626953125], [5183, 0.8634259259259259], [5247, 0.8641387195121951], [5311, 0.8657756024096386], [5375, 0.8671875], [5439, 0.8681985294117647], [5503, 0.8691860465116279], [5567, 0.8703304597701149], [5631, 0.87109375], [5695, 0.8725421348314607], [5759, 0.8732638888888888], [5823, 0.8739697802197802], [5887, 0.8751698369565217], [5951, 0.8761760752688172], [6015, 0.8769946808510638], [6079, 0.8774671052631579], [6143, 0.8780924479166666], [6207, 0.8785438144329897], [6271, 0.8794642857142857], [6335, 0.88052398989899], [6399, 0.8815625], [6463, 0.8824257425742574], [6527, 0.8834252450980392], [6591, 0.8837985436893204], [6655, 0.8846153846153846], [6719, 0.8854166666666666], [6783, 0.8863502358490566], [6847, 0.8872663551401869], [6911, 0.8872974537037037], [6975, 0.887901376146789], [7039, 0.8887784090909091], [7103, 0.8896396396396397], [7167, 0.8902064732142857], [7231, 0.8911780973451328], [7295, 0.891858552631579], [7359, 0.8925271739130435], [7423, 0.8929148706896551], [7487, 0.8934294871794872], [7551, 0.8939353813559322], [7615, 0.8946953781512605], [7679, 0.8951822916666666], [7743, 0.8960485537190083], [7807, 0.8967725409836066], [7871, 0.8973577235772358], [7935, 0.8979334677419355], [7999, 0.898375], [8063, 0.8989335317460317], [8127, 0.8996062992125984], [8191, 0.9002685546875], [8255, 0.9009205426356589], [8319, 0.9013221153846154], [8383, 0.9015982824427481], [8447, 0.9019886363636364], [8511, 0.902608082706767], [8575, 0.9027518656716418], [8639, 0.903125], [8703, 0.9034926470588235], [8767, 0.9037408759124088], [8831, 0.9036458333333334], [8895, 0.9043390287769785], [8959, 0.9047991071428572], [9023, 0.905363475177305], [9087, 0.905699823943662], [9151, 0.9060314685314685], [9215, 0.9064670138888888], [9279, 0.9071120689655172], [9343, 0.907320205479452], [9407, 0.907844387755102], [9471, 0.9082559121621622], [9535, 0.9085570469798657], [9599, 0.9089583333333333], [9663, 0.9095612582781457], [9727, 0.9100534539473685], [9791, 0.9106413398692811], [9855, 0.9111201298701299], [9919, 0.911491935483871], [9983, 0.9117588141025641], [9999, 0.9119]], "candidate_count_total": 22, "confirmed_count_total": 18, "created_at": 1768128958.1048179, "confirm_rule_effective": "perm_test", "last_perm_pvalue": 0.004975124378109453, "last_perm_effect": 0.07653748492981614, "perm_test_count_total": 44, "perm_accept_count_total": 18, "perm_reject_count_total": 26, "perm_alpha": 0.02, "perm_pvalue_p50": 0.6940298507462687, "perm_pvalue_p90": 1.0, "perm_pvalue_p99": 1.0, "perm_pvalue_le_alpha_ratio": 0.4090909090909091, "perm_effect_p50": -0.0003556422014195514, "perm_effect_p90": 0.06396836436751772, "perm_effect_p99": 0.12942638098125905}