{"dataset_name": "sine_nodrift", "dataset_type": "sine", "model_variant": "ts_drift_adapt", "seed": 4, "monitor_preset": "error_divergence_ph_meta@error.threshold=0.10,error.min_instances=5", "monitor_preset_base": "error_divergence_ph_meta", "monitor_ph_params": {"error_rate": {"delta": 0.005, "alpha": 0.15, "threshold": 0.1, "min_instances": 5}, "divergence": {"delta": 0.005, "alpha": 0.1, "threshold": 0.05, "min_instances": 30}}, "monitor_ph_overrides": {"error_rate": {"threshold": 0.1, "min_instances": 5}}, "trigger_mode": "two_stage", "trigger_k": 2, "trigger_threshold": 0.5, "trigger_weights": "__confirm_cooldown=200,__confirm_rule=perm_test,__perm_alpha=0.05,__perm_min_effect=0,__perm_n_perm=200,__perm_post_n=20,__perm_pre_n=500,__perm_rng_seed=0,__perm_stat=fused_score,divergence=0.3,error_rate=0.5,teacher_entropy=0.2", "confirm_window": 3, "confirm_cooldown": 0, "adaptive_cooldown_enabled": 0, "adaptive_window": 10000, "adaptive_lower_per10k": 10.0, "adaptive_upper_per10k": 25.0, "adaptive_cooldown_low": 200, "adaptive_cooldown_high": 500, "severity_scheduler_scale": 1.0, "use_severity_v2": 0, "severity_gate": "none", "severity_gate_min_streak": 1, "entropy_mode": "overconfident", "severity_decay": 0.95, "freeze_baseline_steps": 0, "n_steps": 800, "horizon": 10000, "acc_final": 0.927, "mean_acc": 0.8685304478537561, "acc_min": 0.546875, "candidate_sample_idxs": [319, 639, 959, 1279, 1599, 2047, 2367, 2687, 3007, 3327, 3647, 4031, 4543, 4863, 5247, 5695, 6015, 6335, 6655, 7167, 7551, 7871, 8191, 8703, 9023, 9407, 9727], "confirmed_sample_idxs": [639, 959, 1279, 2047, 2367, 3007, 3455, 4031, 4543, 5247, 5695, 6207, 7167, 7551, 8191, 8703, 9023, 9407], "acc_series": [[63, 0.546875], [127, 0.5859375], [191, 0.5833333333333334], [255, 0.57421875], [319, 0.6], [383, 0.6302083333333334], [447, 0.6674107142857143], [511, 0.693359375], [575, 0.7083333333333334], [639, 0.7265625], [703, 0.7357954545454546], [767, 0.7408854166666666], [831, 0.7512019230769231], [895, 0.7633928571428571], [959, 0.7666666666666667], [1023, 0.771484375], [1087, 0.7775735294117647], [1151, 0.7795138888888888], [1215, 0.7779605263157895], [1279, 0.78046875], [1343, 0.7849702380952381], [1407, 0.7904829545454546], [1471, 0.796875], [1535, 0.8020833333333334], [1599, 0.8075], [1663, 0.8125], [1727, 0.8177083333333334], [1791, 0.8231026785714286], [1855, 0.8259698275862069], [1919, 0.8270833333333333], [1983, 0.828125], [2047, 0.82958984375], [2111, 0.8323863636363636], [2175, 0.8359375], [2239, 0.8392857142857143], [2303, 0.8411458333333334], [2367, 0.8433277027027027], [2431, 0.8462171052631579], [2495, 0.8493589743589743], [2559, 0.84921875], [2623, 0.8517530487804879], [2687, 0.8541666666666666], [2751, 0.8568313953488372], [2815, 0.8590198863636364], [2879, 0.8618055555555556], [2943, 0.8631114130434783], [3007, 0.8643617021276596], [3071, 0.8662109375], [3135, 0.8663903061224489], [3199, 0.86875], [3263, 0.8700980392156863], [3327, 0.8716947115384616], [3391, 0.8732311320754716], [3455, 0.8744212962962963], [3519, 0.8764204545454546], [3583, 0.8772321428571429], [3647, 0.8785635964912281], [3711, 0.8793103448275862], [3775, 0.8813559322033898], [3839, 0.8822916666666667], [3903, 0.8837090163934426], [3967, 0.8848286290322581], [4031, 0.8861607142857143], [4095, 0.887451171875], [4159, 0.8889423076923076], [4223, 0.8901515151515151], [4287, 0.8903917910447762], [4351, 0.8917738970588235], [4415, 0.8933423913043478], [4479, 0.8944196428571428], [4543, 0.8945862676056338], [4607, 0.8953993055555556], [4671, 0.8957619863013698], [4735, 0.8967483108108109], [4799, 0.896875], [4863, 0.8976151315789473], [4927, 0.8981331168831169], [4991, 0.8990384615384616], [5055, 0.8995253164556962], [5119, 0.9001953125], [5183, 0.9004629629629629], [5247, 0.9007240853658537], [5311, 0.901355421686747], [5375, 0.9017857142857143], [5439, 0.9022058823529412], [5503, 0.9031613372093024], [5567, 0.9039152298850575], [5631, 0.9044744318181818], [5695, 0.9048455056179775], [5759, 0.9059027777777777], [5823, 0.9067651098901099], [5887, 0.9074388586956522], [5951, 0.9080981182795699], [6015, 0.9089095744680851], [6079, 0.9098684210526315], [6143, 0.9104817708333334], [6207, 0.9105992268041238], [6271, 0.9115114795918368], [6335, 0.9120896464646465], [6399, 0.9125], [6463, 0.9127475247524752], [6527, 0.9131433823529411], [6591, 0.9138349514563107], [6655, 0.9146634615384616], [6719, 0.9151785714285714], [6783, 0.9156839622641509], [6847, 0.9163259345794392], [6911, 0.9166666666666666], [6975, 0.917144495412844], [7039, 0.9173295454545455], [7103, 0.9179335585585585], [7167, 0.91796875], [7231, 0.9182798672566371], [7295, 0.9183114035087719], [7359, 0.9184782608695652], [7423, 0.9189116379310345], [7487, 0.9190705128205128], [7551, 0.9194915254237288], [7615, 0.9200367647058824], [7679, 0.919921875], [7743, 0.9203254132231405], [7807, 0.9207223360655737], [7871, 0.9211128048780488], [7935, 0.9213709677419355], [7999, 0.921625], [8063, 0.9217509920634921], [8127, 0.921875], [8191, 0.9219970703125], [8255, 0.922359496124031], [8319, 0.9225961538461539], [8383, 0.9228291984732825], [8447, 0.9231770833333334], [8511, 0.9235197368421053], [8575, 0.9236240671641791], [8639, 0.9239583333333333], [8703, 0.923828125], [8767, 0.9240419708029197], [8831, 0.9241394927536232], [8895, 0.9244604316546763], [8959, 0.925], [9023, 0.9251994680851063], [9087, 0.925506161971831], [9151, 0.9256993006993007], [9215, 0.9261067708333334], [9279, 0.9260775862068965], [9343, 0.9264768835616438], [9407, 0.9264455782312925], [9471, 0.9269425675675675], [9535, 0.9271182885906041], [9599, 0.9271875], [9663, 0.9269453642384106], [9727, 0.9266036184210527], [9791, 0.9266748366013072], [9855, 0.9268465909090909], [9919, 0.9268145161290322], [9983, 0.9269831730769231], [9999, 0.927]], "candidate_count_total": 25, "confirmed_count_total": 18, "created_at": 1768150649.774613, "confirm_rule_effective": "perm_test", "last_perm_pvalue": 1.0, "last_perm_effect": -0.04690243733321352, "perm_test_count_total": 47, "perm_accept_count_total": 18, "perm_reject_count_total": 29, "perm_alpha": 0.05, "perm_pvalue_p50": 1.0, "perm_pvalue_p90": 1.0, "perm_pvalue_p99": 1.0, "perm_pvalue_le_alpha_ratio": 0.3829787234042553, "perm_effect_p50": -0.009275087666026818, "perm_effect_p90": 0.07160782353233176, "perm_effect_p99": 0.11073478962853173}