{"dataset_name": "sine_nodrift", "dataset_type": "sine", "model_variant": "ts_drift_adapt", "seed": 2, "monitor_preset": "error_divergence_ph_meta@error.threshold=0.10,error.min_instances=5", "monitor_preset_base": "error_divergence_ph_meta", "monitor_ph_params": {"error_rate": {"delta": 0.005, "alpha": 0.15, "threshold": 0.1, "min_instances": 5}, "divergence": {"delta": 0.005, "alpha": 0.1, "threshold": 0.05, "min_instances": 30}}, "monitor_ph_overrides": {"error_rate": {"threshold": 0.1, "min_instances": 5}}, "trigger_mode": "two_stage", "trigger_k": 2, "trigger_threshold": 0.5, "trigger_weights": "__confirm_cooldown=200,__confirm_rule=perm_test,__perm_alpha=0.02,__perm_min_effect=0,__perm_n_perm=200,__perm_post_n=30,__perm_pre_n=500,__perm_rng_seed=0,__perm_stat=fused_score,divergence=0.3,error_rate=0.5,teacher_entropy=0.2", "confirm_window": 3, "confirm_cooldown": 0, "adaptive_cooldown_enabled": 0, "adaptive_window": 10000, "adaptive_lower_per10k": 10.0, "adaptive_upper_per10k": 25.0, "adaptive_cooldown_low": 200, "adaptive_cooldown_high": 500, "severity_scheduler_scale": 1.0, "use_severity_v2": 0, "severity_gate": "none", "severity_gate_min_streak": 1, "entropy_mode": "overconfident", "severity_decay": 0.95, "freeze_baseline_steps": 0, "n_steps": 800, "horizon": 10000, "acc_final": 0.9166, "mean_acc": 0.8288312247765881, "acc_min": 0.546875, "candidate_sample_idxs": [319, 639, 959, 1279, 1599, 1919, 2367, 2687, 3071, 3391, 3711, 4031, 4351, 4671, 4991, 5311, 5631, 5951, 6271, 6591, 6911, 7423, 8127, 8447, 8767, 9087, 9919], "confirmed_sample_idxs": [703, 959, 1279, 1599, 1983, 2367, 3071, 3711, 4031, 4479, 5119, 5823, 6591, 7423, 8127, 8447, 8895, 9919], "acc_series": [[63, 0.5625], [127, 0.546875], [191, 0.5729166666666666], [255, 0.5703125], [319, 0.58125], [383, 0.5833333333333334], [447, 0.5959821428571429], [511, 0.591796875], [575, 0.5989583333333334], [639, 0.6109375], [703, 0.6079545454545454], [767, 0.6119791666666666], [831, 0.6189903846153846], [895, 0.625], [959, 0.6354166666666666], [1023, 0.650390625], [1087, 0.6626838235294118], [1151, 0.6753472222222222], [1215, 0.6858552631578947], [1279, 0.69453125], [1343, 0.7023809523809523], [1407, 0.7116477272727273], [1471, 0.717391304347826], [1535, 0.724609375], [1599, 0.73125], [1663, 0.7319711538461539], [1727, 0.7366898148148148], [1791, 0.7410714285714286], [1855, 0.7451508620689655], [1919, 0.7515625], [1983, 0.7570564516129032], [2047, 0.76318359375], [2111, 0.7684659090909091], [2175, 0.7743566176470589], [2239, 0.7799107142857142], [2303, 0.7838541666666666], [2367, 0.7871621621621622], [2431, 0.7911184210526315], [2495, 0.7948717948717948], [2559, 0.79765625], [2623, 0.8010670731707317], [2687, 0.8039434523809523], [2751, 0.8059593023255814], [2815, 0.8096590909090909], [2879, 0.8121527777777777], [2943, 0.8141983695652174], [3007, 0.8174867021276596], [3071, 0.8199869791666666], [3135, 0.8223852040816326], [3199, 0.825], [3263, 0.8278186274509803], [3327, 0.8293269230769231], [3391, 0.8319575471698113], [3455, 0.8342013888888888], [3519, 0.8366477272727273], [3583, 0.8390066964285714], [3647, 0.8410087719298246], [3711, 0.8421336206896551], [3775, 0.8445444915254238], [3839, 0.8466145833333333], [3903, 0.8478483606557377], [3967, 0.8490423387096774], [4031, 0.8506944444444444], [4095, 0.8525390625], [4159, 0.8533653846153846], [4223, 0.8539299242424242], [4287, 0.855410447761194], [4351, 0.8563878676470589], [4415, 0.8571105072463768], [4479, 0.8578125], [4543, 0.8595950704225352], [4607, 0.8611111111111112], [4671, 0.8623715753424658], [4735, 0.8627533783783784], [4799, 0.86375], [4863, 0.8649259868421053], [4927, 0.8652597402597403], [4991, 0.8659855769230769], [5055, 0.8672863924050633], [5119, 0.8685546875], [5183, 0.8699845679012346], [5247, 0.8706173780487805], [5311, 0.8717996987951807], [5375, 0.8733258928571429], [5439, 0.8737132352941176], [5503, 0.8744549418604651], [5567, 0.8757183908045977], [5631, 0.8765980113636364], [5695, 0.8779845505617978], [5759, 0.8788194444444445], [5823, 0.8792925824175825], [5887, 0.880264945652174], [5951, 0.8810483870967742], [6015, 0.8818151595744681], [6079, 0.8824013157894737], [6143, 0.88330078125], [6207, 0.884020618556701], [6271, 0.8848852040816326], [6335, 0.8857323232323232], [6399, 0.886875], [6463, 0.8876856435643564], [6527, 0.8886335784313726], [6591, 0.8891080097087378], [6655, 0.8898737980769231], [6719, 0.8907738095238096], [6783, 0.8913620283018868], [6847, 0.8919392523364486], [6911, 0.8923611111111112], [6975, 0.8932052752293578], [7039, 0.89375], [7103, 0.8945664414414415], [7167, 0.8950892857142857], [7231, 0.895879424778761], [7295, 0.8966557017543859], [7359, 0.8972826086956521], [7423, 0.8974946120689655], [7487, 0.8979700854700855], [7551, 0.8984375], [7615, 0.8983718487394958], [7679, 0.8989583333333333], [7743, 0.8994059917355371], [7807, 0.9002305327868853], [7871, 0.9007876016260162], [7935, 0.9012096774193549], [7999, 0.901625], [8063, 0.9021577380952381], [8127, 0.9026820866141733], [8191, 0.9033203125], [8255, 0.9040697674418605], [8319, 0.9046875], [8383, 0.9051765267175572], [8447, 0.9055397727272727], [8511, 0.9060150375939849], [8575, 0.906366604477612], [8639, 0.9065972222222223], [8703, 0.9071691176470589], [8767, 0.9077326642335767], [8831, 0.9081748188405797], [8895, 0.9087230215827338], [8959, 0.9090401785714286], [9023, 0.9094636524822695], [9087, 0.9101012323943662], [9151, 0.9107298951048951], [9215, 0.9112413194444444], [9279, 0.9117456896551724], [9343, 0.9121361301369864], [9407, 0.9126275510204082], [9471, 0.9130067567567568], [9535, 0.9134857382550335], [9599, 0.9139583333333333], [9663, 0.9145281456953642], [9727, 0.9148848684210527], [9791, 0.9153390522875817], [9855, 0.9158887987012987], [9919, 0.9163306451612904], [9983, 0.9164663461538461], [9999, 0.9166]], "candidate_count_total": 23, "confirmed_count_total": 18, "created_at": 1768128825.1690335, "confirm_rule_effective": "perm_test", "last_perm_pvalue": 0.004975124378109453, "last_perm_effect": 0.07549520202945308, "perm_test_count_total": 45, "perm_accept_count_total": 18, "perm_reject_count_total": 27, "perm_alpha": 0.02, "perm_pvalue_p50": 1.0, "perm_pvalue_p90": 1.0, "perm_pvalue_p99": 1.0, "perm_pvalue_le_alpha_ratio": 0.4, "perm_effect_p50": -0.0056046898445307365, "perm_effect_p90": 0.07451282168255581, "perm_effect_p99": 0.14384495530520908}