{"dataset_name": "sine_nodrift", "dataset_type": "sine", "model_variant": "ts_drift_adapt", "seed": 2, "monitor_preset": "error_divergence_ph_meta@error.threshold=0.10,error.min_instances=5", "monitor_preset_base": "error_divergence_ph_meta", "monitor_ph_params": {"error_rate": {"delta": 0.005, "alpha": 0.15, "threshold": 0.1, "min_instances": 5}, "divergence": {"delta": 0.005, "alpha": 0.1, "threshold": 0.05, "min_instances": 30}}, "monitor_ph_overrides": {"error_rate": {"threshold": 0.1, "min_instances": 5}}, "trigger_mode": "two_stage", "trigger_k": 2, "trigger_threshold": 0.5, "trigger_weights": "__confirm_cooldown=200,__confirm_rule=perm_test,__perm_alpha=0.02,__perm_delta_k=50,__perm_min_effect=0,__perm_n_perm=200,__perm_post_n=30,__perm_pre_n=200,__perm_rng_seed=0,__perm_stat=delta_fused_score,divergence=0.3,error_rate=0.5,teacher_entropy=0.2", "confirm_window": 3, "confirm_cooldown": 0, "adaptive_cooldown_enabled": 0, "adaptive_window": 10000, "adaptive_lower_per10k": 10.0, "adaptive_upper_per10k": 25.0, "adaptive_cooldown_low": 200, "adaptive_cooldown_high": 500, "severity_scheduler_scale": 1.0, "use_severity_v2": 0, "severity_gate": "none", "severity_gate_min_streak": 1, "entropy_mode": "overconfident", "severity_decay": 0.95, "freeze_baseline_steps": 0, "n_steps": 800, "horizon": 10000, "acc_final": 0.9314, "mean_acc": 0.8759036155305676, "acc_min": 0.6328125, "candidate_sample_idxs": [319, 639, 959, 1279, 1663, 1983, 2367, 2751, 3071, 3391, 3711, 4031, 4351, 4671, 4991, 5311, 5631, 5951, 6271, 6591, 6911, 7231, 7551, 7871, 8191, 8767, 9087, 9407], "confirmed_sample_idxs": [703, 1023, 1279, 1663, 1983, 2367, 2815, 4031, 4479, 4991, 5375, 5823, 6335, 6591, 7359, 7935, 8255, 8767, 9087, 9471], "acc_series": [[63, 0.671875], [127, 0.6328125], [191, 0.65625], [255, 0.66015625], [319, 0.675], [383, 0.6901041666666666], [447, 0.7053571428571429], [511, 0.708984375], [575, 0.7083333333333334], [639, 0.725], [703, 0.7272727272727273], [767, 0.73828125], [831, 0.7487980769230769], [895, 0.7589285714285714], [959, 0.7677083333333333], [1023, 0.77734375], [1087, 0.7784926470588235], [1151, 0.7864583333333334], [1215, 0.7952302631578947], [1279, 0.8015625], [1343, 0.8080357142857143], [1407, 0.8153409090909091], [1471, 0.8186141304347826], [1535, 0.822265625], [1599, 0.824375], [1663, 0.8275240384615384], [1727, 0.8304398148148148], [1791, 0.8331473214285714], [1855, 0.834051724137931], [1919, 0.8359375], [1983, 0.8402217741935484], [2047, 0.8447265625], [2111, 0.8475378787878788], [2175, 0.8506433823529411], [2239, 0.8526785714285714], [2303, 0.85546875], [2367, 0.8559966216216216], [2431, 0.858141447368421], [2495, 0.8609775641025641], [2559, 0.862890625], [2623, 0.8647103658536586], [2687, 0.8656994047619048], [2751, 0.8666424418604651], [2815, 0.8686079545454546], [2879, 0.8704861111111111], [2943, 0.8709239130434783], [3007, 0.8716755319148937], [3071, 0.873046875], [3135, 0.8746811224489796], [3199, 0.8759375], [3263, 0.8774509803921569], [3327, 0.8780048076923077], [3391, 0.8797169811320755], [3455, 0.8816550925925926], [3519, 0.8832386363636363], [3583, 0.884765625], [3647, 0.8851425438596491], [3711, 0.8863146551724138], [3775, 0.8871822033898306], [3839, 0.8877604166666667], [3903, 0.8888319672131147], [3967, 0.8901209677419355], [4031, 0.8911210317460317], [4095, 0.892578125], [4159, 0.8927884615384616], [4223, 0.8932291666666666], [4287, 0.8938899253731343], [4351, 0.89453125], [4415, 0.8951539855072463], [4479, 0.8955357142857143], [4543, 0.8970070422535211], [4607, 0.8980034722222222], [4671, 0.8983304794520548], [4735, 0.8980152027027027], [4799, 0.8983333333333333], [4863, 0.8988486842105263], [4927, 0.8991477272727273], [4991, 0.8994391025641025], [5055, 0.9003164556962026], [5119, 0.901171875], [5183, 0.9018132716049383], [5247, 0.9020579268292683], [5311, 0.9030496987951807], [5375, 0.9040178571428571], [5439, 0.9045955882352941], [5503, 0.9049781976744186], [5567, 0.9057112068965517], [5631, 0.9064275568181818], [5695, 0.907127808988764], [5759, 0.9078125], [5823, 0.907967032967033], [5887, 0.908797554347826], [5951, 0.9094422043010753], [6015, 0.9095744680851063], [6079, 0.9097039473684211], [6143, 0.9104817708333334], [6207, 0.9109213917525774], [6271, 0.9118303571428571], [6335, 0.9122474747474747], [6399, 0.91296875], [6463, 0.9135210396039604], [6527, 0.9142156862745098], [6591, 0.9148968446601942], [6655, 0.9154146634615384], [6719, 0.9157738095238095], [6783, 0.9162735849056604], [6847, 0.9166179906542056], [6911, 0.9165219907407407], [6975, 0.9167144495412844], [7039, 0.9174715909090909], [7103, 0.9177927927927928], [7167, 0.9182477678571429], [7231, 0.9189712389380531], [7295, 0.9191337719298246], [7359, 0.9191576086956522], [7423, 0.9194504310344828], [7487, 0.9200053418803419], [7551, 0.9202860169491526], [7615, 0.9201680672268907], [7679, 0.9203125], [7743, 0.9207128099173554], [7807, 0.9211065573770492], [7871, 0.9214939024390244], [7935, 0.9217489919354839], [7999, 0.922], [8063, 0.9223710317460317], [8127, 0.922613188976378], [8191, 0.9232177734375], [8255, 0.9235707364341085], [8319, 0.9236778846153846], [8383, 0.9240219465648855], [8447, 0.9244791666666666], [8511, 0.9245770676691729], [8575, 0.9246735074626866], [8639, 0.9251157407407408], [8703, 0.9254365808823529], [8767, 0.9257527372262774], [8831, 0.9259510869565217], [8895, 0.9262589928057554], [8959, 0.9266741071428571], [9023, 0.9269725177304965], [9087, 0.9272667253521126], [9151, 0.9274475524475524], [9215, 0.927734375], [9279, 0.9280172413793103], [9343, 0.9281892123287672], [9407, 0.9284651360544217], [9471, 0.928737331081081], [9535, 0.9289010067114094], [9599, 0.9292708333333334], [9663, 0.929739238410596], [9727, 0.9302014802631579], [9791, 0.9305555555555556], [9855, 0.9307021103896104], [9919, 0.9310483870967742], [9983, 0.9312900641025641], [9999, 0.9314]], "candidate_count_total": 25, "confirmed_count_total": 20, "created_at": 1768147083.772304, "confirm_rule_effective": "perm_test", "last_perm_pvalue": 0.004975124378109453, "last_perm_effect": 0.012244405751246606, "perm_test_count_total": 51, "perm_accept_count_total": 20, "perm_reject_count_total": 31, "perm_alpha": 0.02, "perm_pvalue_p50": 1.0, "perm_pvalue_p90": 1.0, "perm_pvalue_p99": 1.0, "perm_pvalue_le_alpha_ratio": 0.39215686274509803, "perm_effect_p50": -0.00584352464400708, "perm_effect_p90": 0.06779877185250932, "perm_effect_p99": 0.11359833879404838}