{"dataset_name": "sine_nodrift", "dataset_type": "sine", "model_variant": "ts_drift_adapt", "seed": 1, "monitor_preset": "error_divergence_ph_meta@error.threshold=0.10,error.min_instances=5", "monitor_preset_base": "error_divergence_ph_meta", "monitor_ph_params": {"error_rate": {"delta": 0.005, "alpha": 0.15, "threshold": 0.1, "min_instances": 5}, "divergence": {"delta": 0.005, "alpha": 0.1, "threshold": 0.05, "min_instances": 30}}, "monitor_ph_overrides": {"error_rate": {"threshold": 0.1, "min_instances": 5}}, "trigger_mode": "two_stage", "trigger_k": 2, "trigger_threshold": 0.5, "trigger_weights": "__confirm_cooldown=200,__confirm_rule=perm_test,__perm_alpha=0.005,__perm_delta_k=50,__perm_min_effect=0,__perm_n_perm=200,__perm_post_n=20,__perm_pre_n=200,__perm_rng_seed=0,__perm_stat=delta_fused_score,divergence=0.3,error_rate=0.5,teacher_entropy=0.2", "confirm_window": 3, "confirm_cooldown": 0, "adaptive_cooldown_enabled": 0, "adaptive_window": 10000, "adaptive_lower_per10k": 10.0, "adaptive_upper_per10k": 25.0, "adaptive_cooldown_low": 200, "adaptive_cooldown_high": 500, "severity_scheduler_scale": 1.0, "use_severity_v2": 0, "severity_gate": "none", "severity_gate_min_streak": 1, "entropy_mode": "overconfident", "severity_decay": 0.95, "freeze_baseline_steps": 0, "n_steps": 800, "horizon": 10000, "acc_final": 0.9008, "mean_acc": 0.8063778532947963, "acc_min": 0.390625, "candidate_sample_idxs": [319, 639, 959, 1279, 1599, 1919, 2303, 2623, 2943, 3263, 3583, 3903, 4223, 4543, 4927, 5247, 5567, 6015, 6335, 6655, 6975, 7423, 7743, 8063, 9279, 9599, 9919], "confirmed_sample_idxs": [639, 959, 1343, 1791, 2367, 2751, 3583, 4287, 4927, 5631, 6015, 6335, 6655, 6975, 7423, 8063, 9279], "acc_series": [[63, 0.390625], [127, 0.4765625], [191, 0.5260416666666666], [255, 0.5234375], [319, 0.53125], [383, 0.5234375], [447, 0.5424107142857143], [511, 0.55859375], [575, 0.5746527777777778], [639, 0.590625], [703, 0.6051136363636364], [767, 0.61328125], [831, 0.6237980769230769], [895, 0.6350446428571429], [959, 0.6458333333333334], [1023, 0.6455078125], [1087, 0.6433823529411765], [1151, 0.6458333333333334], [1215, 0.6521381578947368], [1279, 0.6609375], [1343, 0.671875], [1407, 0.6825284090909091], [1471, 0.6922554347826086], [1535, 0.701171875], [1599, 0.7075], [1663, 0.7139423076923077], [1727, 0.7222222222222222], [1791, 0.7293526785714286], [1855, 0.7349137931034483], [1919, 0.740625], [1983, 0.7454637096774194], [2047, 0.751953125], [2111, 0.7571022727272727], [2175, 0.7614889705882353], [2239, 0.765625], [2303, 0.7673611111111112], [2367, 0.7711148648648649], [2431, 0.7750822368421053], [2495, 0.7784455128205128], [2559, 0.78125], [2623, 0.7846798780487805], [2687, 0.7890625], [2751, 0.7914244186046512], [2815, 0.7950994318181818], [2879, 0.7979166666666667], [2943, 0.798233695652174], [3007, 0.7988696808510638], [3071, 0.80078125], [3135, 0.8013392857142857], [3199, 0.801875], [3263, 0.8036151960784313], [3327, 0.8046875], [3391, 0.8066037735849056], [3455, 0.8090277777777778], [3519, 0.8105113636363637], [3583, 0.810546875], [3647, 0.8114035087719298], [3711, 0.8119612068965517], [3775, 0.814353813559322], [3839, 0.8166666666666667], [3903, 0.8191598360655737], [3967, 0.8205645161290323], [4031, 0.8206845238095238], [4095, 0.8203125], [4159, 0.8206730769230769], [4223, 0.8212594696969697], [4287, 0.8222947761194029], [4351, 0.8232996323529411], [4415, 0.8240489130434783], [4479, 0.8263392857142857], [4543, 0.828125], [4607, 0.830078125], [4671, 0.8321917808219178], [4735, 0.8340371621621622], [4799, 0.8358333333333333], [4863, 0.8373766447368421], [4927, 0.8392857142857143], [4991, 0.8405448717948718], [5055, 0.8417721518987342], [5119, 0.84375], [5183, 0.8447145061728395], [5247, 0.846608231707317], [5311, 0.8478915662650602], [5375, 0.8491443452380952], [5439, 0.850735294117647], [5503, 0.8521075581395349], [5567, 0.8538074712643678], [5631, 0.8545809659090909], [5695, 0.8558637640449438], [5759, 0.8571180555555555], [5823, 0.8585164835164835], [5887, 0.8595448369565217], [5951, 0.8605510752688172], [6015, 0.8612034574468085], [6079, 0.8611842105263158], [6143, 0.8621419270833334], [6207, 0.8627577319587629], [6271, 0.8638392857142857], [6335, 0.8645833333333334], [6399, 0.8653125], [6463, 0.8661819306930693], [6527, 0.8671875], [6591, 0.8680218446601942], [6655, 0.8677884615384616], [6719, 0.8688988095238095], [6783, 0.8699882075471698], [6847, 0.8704731308411215], [6911, 0.8712384259259259], [6975, 0.8717029816513762], [7039, 0.8728693181818182], [7103, 0.8740146396396397], [7167, 0.8751395089285714], [7231, 0.8761061946902655], [7295, 0.8771929824561403], [7359, 0.878125], [7423, 0.8786368534482759], [7487, 0.8794070512820513], [7551, 0.879634533898305], [7615, 0.8802521008403361], [7679, 0.8807291666666667], [7743, 0.8813274793388429], [7807, 0.8817879098360656], [7871, 0.8826219512195121], [7935, 0.8833165322580645], [7999, 0.883875], [8063, 0.8844246031746031], [8127, 0.8852116141732284], [8191, 0.8858642578125], [8255, 0.8860222868217055], [8319, 0.8867788461538462], [8383, 0.8876431297709924], [8447, 0.8877840909090909], [8511, 0.8883928571428571], [8575, 0.8891091417910447], [8639, 0.8896990740740741], [8703, 0.8902803308823529], [8767, 0.8909671532846716], [8831, 0.8916440217391305], [8895, 0.8923111510791367], [8959, 0.8928571428571429], [9023, 0.8930629432624113], [9087, 0.8934859154929577], [9151, 0.8941215034965035], [9215, 0.8947482638888888], [9279, 0.8952586206896552], [9343, 0.8957619863013698], [9407, 0.8961522108843537], [9471, 0.8965371621621622], [9535, 0.897231543624161], [9599, 0.8978125], [9663, 0.898489238410596], [9727, 0.899157072368421], [9791, 0.8998161764705882], [9855, 0.8999594155844156], [9919, 0.9003024193548387], [9983, 0.9008413461538461], [9999, 0.9008]], "candidate_count_total": 25, "confirmed_count_total": 17, "created_at": 1768144937.3757987, "confirm_rule_effective": "perm_test", "last_perm_pvalue": 1.0, "last_perm_effect": -0.01548795587924542, "perm_test_count_total": 53, "perm_accept_count_total": 17, "perm_reject_count_total": 36, "perm_alpha": 0.005, "perm_pvalue_p50": 1.0, "perm_pvalue_p90": 1.0, "perm_pvalue_p99": 1.0, "perm_pvalue_le_alpha_ratio": 0.32075471698113206, "perm_effect_p50": -0.007178582634660479, "perm_effect_p90": 0.09065057952890486, "perm_effect_p99": 0.14755168733469712}