{"dataset_name": "INSECTS_abrupt_balanced", "dataset_type": "insects_real", "model_variant": "ts_drift_adapt_severity", "seed": 35, "monitor_preset": "error_divergence_ph_meta@error.threshold=0.05,error.min_instances=5", "monitor_preset_base": "error_divergence_ph_meta", "monitor_ph_params": {"error_rate": {"delta": 0.005, "alpha": 0.15, "threshold": 0.05, "min_instances": 5}, "divergence": {"delta": 0.005, "alpha": 0.1, "threshold": 0.05, "min_instances": 30}}, "monitor_ph_overrides": {"error_rate": {"threshold": 0.05, "min_instances": 5}}, "trigger_mode": "two_stage", "trigger_k": 2, "trigger_threshold": 0.5, "trigger_weights": "confirm_cooldown=200,divergence=0.3,error_rate=0.5,teacher_entropy=0.2", "confirm_window": 1, "confirm_cooldown": 0, "adaptive_cooldown_enabled": 0, "adaptive_window": 10000, "adaptive_lower_per10k": 10.0, "adaptive_upper_per10k": 25.0, "adaptive_cooldown_low": 200, "adaptive_cooldown_high": 500, "severity_scheduler_scale": 2.0, "use_severity_v2": 1, "severity_gate": "confirmed_streak", "severity_gate_min_streak": 1, "entropy_mode": "uncertain", "severity_decay": 0.95, "freeze_baseline_steps": 5, "n_steps": 1200, "horizon": 52847, "acc_final": 0.21333282873199994, "mean_acc": 0.20477915418652562, "acc_min": 0.16685267857142858, "candidate_sample_idxs": [1279, 2559, 3839, 5119, 6399, 7679, 8959, 10239, 11519, 12799, 14079, 15359, 17919, 19199, 20479, 21759, 23039, 24319, 25599, 26879, 28159, 29439, 30719, 31999, 33279, 34559, 35839, 37119, 38399, 39679, 40959, 42239, 43519, 44799, 46079, 47359, 48895, 50175, 51455, 52735], "confirmed_sample_idxs": [1279, 2559, 3839, 5119, 6399, 7679, 8959, 10239, 11519, 12799, 14079, 15359, 17919, 19199, 20479, 21759, 23039, 24319, 25599, 26879, 28159, 29439, 30719, 31999, 33279, 34559, 35839, 37119, 38399, 39679, 40959, 42239, 43519, 44799, 46079, 47359, 48895, 50175, 51455, 52735], "acc_series": [[255, 0.21484375], [511, 0.2109375], [767, 0.20442708333333334], [1023, 0.203125], [1279, 0.21015625], [1535, 0.22200520833333334], [1791, 0.22154017857142858], [2047, 0.2265625], [2303, 0.22916666666666666], [2559, 0.22421875], [2815, 0.22478693181818182], [3071, 0.22005208333333334], [3327, 0.21604567307692307], [3583, 0.21540178571428573], [3839, 0.21432291666666667], [4095, 0.2177734375], [4351, 0.21714154411764705], [4607, 0.21766493055555555], [4863, 0.2177220394736842], [5119, 0.21640625], [5375, 0.21558779761904762], [5631, 0.21502130681818182], [5887, 0.21603260869565216], [6143, 0.21402994791666666], [6399, 0.21265625], [6655, 0.21379206730769232], [6911, 0.21383101851851852], [7167, 0.21400669642857142], [7423, 0.21578663793103448], [7679, 0.21640625], [7935, 0.21723790322580644], [8191, 0.2191162109375], [8447, 0.22017045454545456], [8703, 0.22139246323529413], [8959, 0.22287946428571428], [9215, 0.22233072916666666], [9471, 0.22244510135135134], [9727, 0.22183388157894737], [9983, 0.22175480769230768], [10239, 0.22353515625], [10495, 0.22370426829268292], [10751, 0.2242373511904762], [11007, 0.22429142441860464], [11263, 0.22407670454545456], [11519, 0.225], [11775, 0.22537364130434784], [12031, 0.22506648936170212], [12287, 0.22469075520833334], [12543, 0.22441007653061223], [12799, 0.220390625], [13055, 0.21606924019607843], [13311, 0.2119140625], [13567, 0.20791568396226415], [13823, 0.20406539351851852], [14079, 0.20106534090909092], [14335, 0.20166015625], [14591, 0.20065789473684212], [14847, 0.19753502155172414], [15103, 0.19431938559322035], [15359, 0.19114583333333332], [15615, 0.1880122950819672], [15871, 0.1849798387096774], [16127, 0.18210565476190477], [16383, 0.17926025390625], [16639, 0.17662259615384615], [16895, 0.17400568181818182], [17151, 0.17140858208955223], [17407, 0.16900275735294118], [17663, 0.16694972826086957], [17919, 0.16685267857142858], [18175, 0.17104973591549297], [18431, 0.1728515625], [18687, 0.17444349315068494], [18943, 0.17583403716216217], [19199, 0.1771875], [19455, 0.1787109375], [19711, 0.17989042207792208], [19967, 0.1801883012820513], [20223, 0.18008306962025317], [20479, 0.180419921875], [20735, 0.18060378086419754], [20991, 0.18130716463414634], [21247, 0.18246423192771086], [21503, 0.18312872023809523], [21759, 0.18432904411764706], [22015, 0.18536518895348839], [22271, 0.18651221264367815], [22527, 0.18803267045454544], [22783, 0.1896506320224719], [23039, 0.1912326388888889], [23295, 0.19226476648351648], [23551, 0.19425101902173914], [23807, 0.19585853494623656], [24063, 0.19747340425531915], [24319, 0.1986842105263158], [24575, 0.19991048177083334], [24831, 0.20111146907216496], [25087, 0.20240752551020408], [25343, 0.2043481691919192], [25599, 0.20546875], [25855, 0.2069538985148515], [26111, 0.20795036764705882], [26367, 0.20888956310679613], [26623, 0.21048677884615385], [26879, 0.21179315476190477], [27135, 0.21263266509433962], [27391, 0.21327394859813084], [27647, 0.21401186342592593], [27903, 0.21505877293577982], [28159, 0.213671875], [28415, 0.212134009009009], [28671, 0.2109375], [28927, 0.20965846238938052], [29183, 0.20829906798245615], [29439, 0.20706521739130435], [29695, 0.20581896551724138], [29951, 0.20452724358974358], [30207, 0.2032574152542373], [30463, 0.20210740546218486], [30719, 0.20078125], [30975, 0.19957386363636365], [31231, 0.19841828893442623], [31487, 0.19737677845528456], [31743, 0.19632056451612903], [31999, 0.19540625], [32255, 0.19503348214285715], [32511, 0.19534325787401574], [32767, 0.19622802734375], [33023, 0.19818919573643412], [33279, 0.19861778846153846], [33535, 0.19829437022900764], [33791, 0.19865648674242425], [34047, 0.19886630639097744], [34303, 0.19892723880597016], [34559, 0.19849537037037038], [34815, 0.1982421875], [35071, 0.1980782390510949], [35327, 0.19845448369565216], [35583, 0.19882531474820145], [35839, 0.19905133928571428], [36095, 0.19905252659574468], [36351, 0.1992462588028169], [36607, 0.19949191433566432], [36863, 0.19954427083333334], [37119, 0.19954202586206896], [37375, 0.1996200770547945], [37631, 0.19967049319727892], [37887, 0.19987858952702703], [38143, 0.20008389261744966], [38399, 0.19875], [38655, 0.19743377483443708], [38911, 0.19729132401315788], [39167, 0.1973549836601307], [39423, 0.19754464285714285], [39679, 0.19780745967741936], [39935, 0.19829226762820512], [40191, 0.19879578025477707], [40447, 0.19936708860759494], [40703, 0.20007861635220126], [40959, 0.2008544921875], [41215, 0.20130531832298137], [41471, 0.2021604938271605], [41727, 0.20266967024539878], [41983, 0.203125], [42239, 0.2038589015151515], [42495, 0.20465455572289157], [42751, 0.2054874625748503], [43007, 0.20614769345238096], [43263, 0.20696190828402367], [43519, 0.20772058823529413], [43775, 0.2083561769005848], [44031, 0.20943859011627908], [44287, 0.20992142341040462], [44543, 0.21037625718390804], [44799, 0.2113392857142857], [45055, 0.2125577059659091], [45311, 0.2134092514124294], [45567, 0.21442679073033707], [45823, 0.21532384776536312], [46079, 0.21655815972222223], [46335, 0.2176061809392265], [46591, 0.2185568337912088], [46847, 0.2186005806010929], [47103, 0.2174125339673913], [47359, 0.21625844594594595], [47615, 0.21520077284946237], [47871, 0.21413352272727273], [48127, 0.21313996010638298], [48383, 0.21236359126984128], [48639, 0.2116981907894737], [48895, 0.21110111256544503], [49151, 0.21053059895833334], [49407, 0.21012791450777202], [49663, 0.20960856958762886], [49919, 0.2091746794871795], [50175, 0.2090640943877551], [50431, 0.2094701776649746], [50687, 0.21052320075757575], [50943, 0.21162452889447236], [51199, 0.21263671875], [51455, 0.2138526119402985], [51711, 0.2151724938118812], [51967, 0.21640240147783252], [52223, 0.21587775735294118], [52479, 0.2148246951219512], [52735, 0.2137818567961165], [52846, 0.21333282873199994]], "candidate_count_total": 40, "confirmed_count_total": 40, "created_at": 1767888272.8863456}