{"dataset_name": "INSECTS_abrupt_balanced", "dataset_type": "insects_real", "model_variant": "ts_drift_adapt_severity", "seed": 6, "monitor_preset": "error_divergence_ph_meta@error.threshold=0.05,error.min_instances=5", "monitor_preset_base": "error_divergence_ph_meta", "monitor_ph_params": {"error_rate": {"delta": 0.005, "alpha": 0.15, "threshold": 0.05, "min_instances": 5}, "divergence": {"delta": 0.005, "alpha": 0.1, "threshold": 0.05, "min_instances": 30}}, "monitor_ph_overrides": {"error_rate": {"threshold": 0.05, "min_instances": 5}}, "trigger_mode": "two_stage", "trigger_k": 2, "trigger_threshold": 0.5, "trigger_weights": "confirm_cooldown=0,divergence=0.3,error_rate=0.5,teacher_entropy=0.2", "confirm_window": 1, "confirm_cooldown": 0, "severity_scheduler_scale": 1.0, "use_severity_v2": 1, "severity_gate": "none", "severity_gate_min_streak": 1, "entropy_mode": "overconfident", "severity_decay": 0.95, "freeze_baseline_steps": 0, "n_steps": 1200, "horizon": 52847, "acc_final": 0.19726758377959014, "mean_acc": 0.19154569467085375, "acc_min": 0.15234375, "candidate_sample_idxs": [1279, 2559, 3839, 5119, 6399, 7679, 8959, 10239, 11519, 12799, 14335, 16127, 17919, 19199, 20479, 21759, 23039, 24319, 25599, 26879, 28159, 29695, 30975, 32255, 33535, 34815, 36095, 37375, 38655, 39935, 41215, 42495, 43775, 45055, 46335, 47615, 49919, 51199, 52479], "confirmed_sample_idxs": [1279, 2559, 3839, 5119, 6399, 7679, 8959, 10239, 11519, 12799, 14335, 16127, 17919, 19199, 20479, 21759, 23039, 24319, 25599, 26879, 28159, 29695, 30975, 32255, 33535, 34815, 36095, 37375, 38655, 39935, 41215, 42495, 43775, 45055, 46335, 47615, 49919, 51199, 52479], "acc_series": [[255, 0.1640625], [511, 0.15234375], [767, 0.16666666666666666], [1023, 0.1982421875], [1279, 0.19609375], [1535, 0.19010416666666666], [1791, 0.18805803571428573], [2047, 0.18603515625], [2303, 0.18359375], [2559, 0.1859375], [2815, 0.18394886363636365], [3071, 0.18131510416666666], [3327, 0.18479567307692307], [3583, 0.18722098214285715], [3839, 0.1875], [4095, 0.185791015625], [4351, 0.1831341911764706], [4607, 0.18467881944444445], [4863, 0.18297697368421054], [5119, 0.185546875], [5375, 0.18694196428571427], [5631, 0.18732244318181818], [5887, 0.18970788043478262], [6143, 0.18766276041666666], [6399, 0.1875], [6655, 0.18704927884615385], [6911, 0.1880787037037037], [7167, 0.18819754464285715], [7423, 0.19019396551724138], [7679, 0.190625], [7935, 0.19165826612903225], [8191, 0.192626953125], [8447, 0.19318181818181818], [8703, 0.19473805147058823], [8959, 0.19575892857142857], [9215, 0.1968315972222222], [9471, 0.19647381756756757], [9727, 0.19767680921052633], [9983, 0.1994190705128205], [10239, 0.20029296875], [10495, 0.20131478658536586], [10751, 0.2027529761904762], [11007, 0.20303415697674418], [11263, 0.20436789772727273], [11519, 0.2052951388888889], [11775, 0.20524796195652173], [12031, 0.20570146276595744], [12287, 0.20556640625], [12543, 0.20591517857142858], [12799, 0.202734375], [13055, 0.1987591911764706], [13311, 0.19493689903846154], [13567, 0.19125884433962265], [13823, 0.1877170138888889], [14079, 0.18515625], [14335, 0.18673270089285715], [14591, 0.18475877192982457], [14847, 0.18157327586206898], [15103, 0.17856197033898305], [15359, 0.1755859375], [15615, 0.17270747950819673], [15871, 0.169921875], [16127, 0.16728670634920634], [16383, 0.1646728515625], [16639, 0.16213942307692308], [16895, 0.15968276515151514], [17151, 0.15729944029850745], [17407, 0.15504365808823528], [17663, 0.15279664855072464], [17919, 0.15301339285714285], [18175, 0.1583956866197183], [18431, 0.1625434027777778], [18687, 0.16663099315068494], [18943, 0.17097761824324326], [19199, 0.17473958333333334], [19455, 0.17927631578947367], [19711, 0.18110795454545456], [19967, 0.1814403044871795], [20223, 0.18156645569620253], [20479, 0.182080078125], [20735, 0.18233989197530864], [20991, 0.18264100609756098], [21247, 0.18345256024096385], [21503, 0.18443080357142858], [21759, 0.1856158088235294], [22015, 0.18727289244186046], [22271, 0.18776939655172414], [22527, 0.18940873579545456], [22783, 0.19114290730337077], [23039, 0.19192708333333333], [23295, 0.19205013736263737], [23551, 0.19352921195652173], [23807, 0.19468245967741934], [24063, 0.19552027925531915], [24319, 0.19629934210526315], [24575, 0.19685872395833334], [24831, 0.19740657216494845], [25087, 0.19786352040816327], [25343, 0.1989425505050505], [25599, 0.1998046875], [25855, 0.20115253712871287], [26111, 0.20212928921568626], [26367, 0.2032766990291262], [26623, 0.20458984375], [26879, 0.20598958333333334], [27135, 0.20688384433962265], [27391, 0.2081994742990654], [27647, 0.2097800925925926], [27903, 0.21115252293577982], [28159, 0.20973011363636362], [28415, 0.20791103603603603], [28671, 0.20615931919642858], [28927, 0.20447317477876106], [29183, 0.20285087719298245], [29439, 0.20118885869565217], [29695, 0.19972386853448276], [29951, 0.19815037393162394], [30207, 0.1966697563559322], [30463, 0.1952468487394958], [30719, 0.19397786458333333], [30975, 0.19272985537190082], [31231, 0.19175845286885246], [31487, 0.19092987804878048], [31743, 0.19017767137096775], [31999, 0.189375], [32255, 0.18898809523809523], [32511, 0.18934547244094488], [32767, 0.190521240234375], [33023, 0.19167877906976744], [33279, 0.19176682692307692], [33535, 0.19173425572519084], [33791, 0.19217566287878787], [34047, 0.1922873590225564], [34303, 0.19245569029850745], [34559, 0.19262152777777777], [34815, 0.19244025735294118], [35071, 0.19251824817518248], [35327, 0.19268002717391305], [35583, 0.19292378597122303], [35839, 0.19310825892857142], [36095, 0.19295766843971632], [36351, 0.193084286971831], [36607, 0.19318181818181818], [36863, 0.1931423611111111], [37119, 0.19323814655172414], [37375, 0.1931720890410959], [37631, 0.19334608843537415], [37887, 0.1936233108108108], [38143, 0.19368708053691275], [38399, 0.19239583333333332], [38655, 0.19112168874172186], [38911, 0.19058388157894737], [39167, 0.19048713235294118], [39423, 0.19029017857142858], [39679, 0.1904233870967742], [39935, 0.19035456730769232], [40191, 0.19023686305732485], [40447, 0.19007120253164558], [40703, 0.18985849056603774], [40959, 0.1899169921875], [41215, 0.19012034161490685], [41471, 0.19070698302469136], [41727, 0.19135832055214724], [41983, 0.19190644054878048], [42239, 0.19258996212121213], [42495, 0.1930534638554217], [42751, 0.19379210329341318], [43007, 0.19473121279761904], [43263, 0.19554363905325445], [43519, 0.19657628676470587], [43775, 0.19727704678362573], [44031, 0.1984465843023256], [44287, 0.19899295520231214], [44543, 0.19955549568965517], [44799, 0.20020089285714285], [45055, 0.20112748579545456], [45311, 0.20199947033898305], [45567, 0.2028836025280899], [45823, 0.20380150139664804], [46079, 0.20492621527777777], [46335, 0.2058874309392265], [46591, 0.20677369505494506], [46847, 0.2067964480874317], [47103, 0.20567255434782608], [47359, 0.20456081081081082], [47615, 0.20346102150537634], [47871, 0.2023729946524064], [48127, 0.20131732047872342], [48383, 0.20025214947089948], [48639, 0.19921875], [48895, 0.19819617146596857], [49151, 0.197265625], [49407, 0.19636496113989638], [49663, 0.19553398840206185], [49919, 0.194931891025641], [50175, 0.19443558673469388], [50431, 0.19459866751269037], [50687, 0.1948784722222222], [50943, 0.19560694095477388], [51199, 0.19666015625], [51455, 0.19762515547263682], [51711, 0.1988126547029703], [51967, 0.20006542487684728], [52223, 0.19962086397058823], [52479, 0.19864710365853658], [52735, 0.19768279733009708], [52846, 0.19726758377959014]], "candidate_count_total": 39, "confirmed_count_total": 39, "created_at": 1767841678.9843528}