{"dataset_name": "sine_nodrift", "dataset_type": "sine", "model_variant": "ts_drift_adapt", "seed": 4, "monitor_preset": "error_divergence_ph_meta@error.threshold=0.10,error.min_instances=5", "monitor_preset_base": "error_divergence_ph_meta", "monitor_ph_params": {"error_rate": {"delta": 0.005, "alpha": 0.15, "threshold": 0.1, "min_instances": 5}, "divergence": {"delta": 0.005, "alpha": 0.1, "threshold": 0.05, "min_instances": 30}}, "monitor_ph_overrides": {"error_rate": {"threshold": 0.1, "min_instances": 5}}, "trigger_mode": "two_stage", "trigger_k": 2, "trigger_threshold": 0.5, "trigger_weights": "__confirm_cooldown=200,__confirm_rule=perm_test,__perm_alpha=0.02,__perm_min_effect=0,__perm_n_perm=200,__perm_post_n=30,__perm_pre_n=500,__perm_rng_seed=0,__perm_stat=fused_score,divergence=0.3,error_rate=0.5,teacher_entropy=0.2", "confirm_window": 3, "confirm_cooldown": 0, "adaptive_cooldown_enabled": 0, "adaptive_window": 10000, "adaptive_lower_per10k": 10.0, "adaptive_upper_per10k": 25.0, "adaptive_cooldown_low": 200, "adaptive_cooldown_high": 500, "severity_scheduler_scale": 1.0, "use_severity_v2": 0, "severity_gate": "none", "severity_gate_min_streak": 1, "entropy_mode": "overconfident", "severity_decay": 0.95, "freeze_baseline_steps": 0, "n_steps": 800, "horizon": 10000, "acc_final": 0.9289, "mean_acc": 0.8704232612672804, "acc_min": 0.5859375, "candidate_sample_idxs": [319, 639, 959, 1279, 1599, 1919, 2239, 2559, 2879, 3263, 3647, 3967, 4287, 5119, 5439, 5759, 6207, 6591, 7551, 8191, 9023, 9599, 9919], "confirmed_sample_idxs": [959, 1663, 1919, 2559, 2879, 3263, 3647, 5119, 5759, 6207, 6591, 7551, 8191, 9023, 9599], "acc_series": [[63, 0.59375], [127, 0.6171875], [191, 0.6041666666666666], [255, 0.5859375], [319, 0.603125], [383, 0.6302083333333334], [447, 0.6651785714285714], [511, 0.69140625], [575, 0.71875], [639, 0.7390625], [703, 0.7556818181818182], [767, 0.7682291666666666], [831, 0.7776442307692307], [895, 0.7845982142857143], [959, 0.78125], [1023, 0.7841796875], [1087, 0.78125], [1151, 0.7829861111111112], [1215, 0.7828947368421053], [1279, 0.78359375], [1343, 0.7849702380952381], [1407, 0.7890625], [1471, 0.7961956521739131], [1535, 0.802734375], [1599, 0.8075], [1663, 0.8118990384615384], [1727, 0.8171296296296297], [1791, 0.8214285714285714], [1855, 0.8248922413793104], [1919, 0.8276041666666667], [1983, 0.8316532258064516], [2047, 0.833984375], [2111, 0.8357007575757576], [2175, 0.8386948529411765], [2239, 0.8419642857142857], [2303, 0.84375], [2367, 0.8450168918918919], [2431, 0.8478618421052632], [2495, 0.8501602564102564], [2559, 0.85078125], [2623, 0.852515243902439], [2687, 0.8549107142857143], [2751, 0.857921511627907], [2815, 0.8586647727272727], [2879, 0.8611111111111112], [2943, 0.8631114130434783], [3007, 0.8646941489361702], [3071, 0.8668619791666666], [3135, 0.8676658163265306], [3199, 0.8690625], [3263, 0.8704044117647058], [3327, 0.8725961538461539], [3391, 0.8735259433962265], [3455, 0.8758680555555556], [3519, 0.8775568181818182], [3583, 0.8794642857142857], [3647, 0.8807565789473685], [3711, 0.8820043103448276], [3775, 0.8832097457627118], [3839, 0.8846354166666667], [3903, 0.8849897540983607], [3967, 0.8865927419354839], [4031, 0.8874007936507936], [4095, 0.888671875], [4159, 0.8894230769230769], [4223, 0.8896780303030303], [4287, 0.890625], [4351, 0.8908547794117647], [4415, 0.8924365942028986], [4479, 0.8935267857142857], [4543, 0.893705985915493], [4607, 0.8947482638888888], [4671, 0.895333904109589], [4735, 0.8963260135135135], [4799, 0.8970833333333333], [4863, 0.897203947368421], [4927, 0.8977272727272727], [4991, 0.8986378205128205], [5055, 0.8993275316455697], [5119, 0.899609375], [5183, 0.9002700617283951], [5247, 0.901295731707317], [5311, 0.9021084337349398], [5375, 0.9021577380952381], [5439, 0.9018382352941177], [5503, 0.9027979651162791], [5567, 0.9037356321839081], [5631, 0.9044744318181818], [5695, 0.9044943820224719], [5759, 0.9048611111111111], [5823, 0.9057348901098901], [5887, 0.90625], [5951, 0.9070900537634409], [6015, 0.9077460106382979], [6079, 0.9083881578947368], [6143, 0.9093424479166666], [6207, 0.9096327319587629], [6271, 0.9105548469387755], [6335, 0.9113005050505051], [6399, 0.91203125], [6463, 0.9119740099009901], [6527, 0.9125306372549019], [6591, 0.9127730582524272], [6655, 0.9130108173076923], [6719, 0.9136904761904762], [6783, 0.9142099056603774], [6847, 0.9148656542056075], [6911, 0.9152199074074074], [6975, 0.9158543577981652], [7039, 0.915625], [7103, 0.9162443693693694], [7167, 0.9165736607142857], [7231, 0.9171736725663717], [7295, 0.9176260964912281], [7359, 0.9179347826086957], [7423, 0.9185075431034483], [7487, 0.9184027777777778], [7551, 0.9185646186440678], [7615, 0.9191176470588235], [7679, 0.919140625], [7743, 0.9198088842975206], [7807, 0.9200819672131147], [7871, 0.9207317073170732], [7935, 0.9212449596774194], [7999, 0.9215], [8063, 0.9219990079365079], [8127, 0.922121062992126], [8191, 0.9222412109375], [8255, 0.9226017441860465], [8319, 0.9228365384615385], [8383, 0.9233062977099237], [8447, 0.9232954545454546], [8511, 0.9237546992481203], [8575, 0.9242070895522388], [8639, 0.9244212962962963], [8703, 0.9245174632352942], [8767, 0.9248403284671532], [8831, 0.9248188405797102], [8895, 0.9250224820143885], [8959, 0.9251116071428571], [9023, 0.9251994680851063], [9087, 0.9256161971830986], [9151, 0.9260270979020979], [9215, 0.9265407986111112], [9279, 0.9267241379310345], [9343, 0.9270119863013698], [9407, 0.9272959183673469], [9471, 0.9277871621621622], [9535, 0.9281669463087249], [9599, 0.9282291666666667], [9663, 0.9283940397350994], [9727, 0.9283511513157895], [9791, 0.9283088235294118], [9855, 0.9284699675324676], [9919, 0.9285282258064517], [9983, 0.9287860576923077], [9999, 0.9289]], "candidate_count_total": 23, "confirmed_count_total": 15, "created_at": 1768128828.0720294, "confirm_rule_effective": "perm_test", "last_perm_pvalue": 1.0, "last_perm_effect": -0.026647452327698197, "perm_test_count_total": 43, "perm_accept_count_total": 15, "perm_reject_count_total": 28, "perm_alpha": 0.02, "perm_pvalue_p50": 1.0, "perm_pvalue_p90": 1.0, "perm_pvalue_p99": 1.0, "perm_pvalue_le_alpha_ratio": 0.3488372093023256, "perm_effect_p50": -0.010973532958173347, "perm_effect_p90": 0.08140567627034528, "perm_effect_p99": 0.13237376818368654}