{"dataset_name": "INSECTS_abrupt_balanced", "dataset_type": "insects_real", "model_variant": "ts_drift_adapt_severity", "seed": 8, "monitor_preset": "error_divergence_ph_meta@error.threshold=0.05,error.min_instances=5", "monitor_preset_base": "error_divergence_ph_meta", "monitor_ph_params": {"error_rate": {"delta": 0.005, "alpha": 0.15, "threshold": 0.05, "min_instances": 5}, "divergence": {"delta": 0.005, "alpha": 0.1, "threshold": 0.05, "min_instances": 30}}, "monitor_ph_overrides": {"error_rate": {"threshold": 0.05, "min_instances": 5}}, "trigger_mode": "two_stage", "trigger_k": 2, "trigger_threshold": 0.5, "trigger_weights": "confirm_cooldown=200,divergence=0.3,error_rate=0.5,teacher_entropy=0.2", "confirm_window": 1, "confirm_cooldown": 0, "severity_scheduler_scale": 1.0, "use_severity_v2": 1, "severity_gate": "confirmed_streak", "severity_gate_min_streak": 5, "entropy_mode": "overconfident", "severity_decay": 0.95, "freeze_baseline_steps": 0, "n_steps": 1200, "horizon": 52847, "acc_final": 0.2009953261301493, "mean_acc": 0.19190149290387543, "acc_min": 0.15857110507246377, "candidate_sample_idxs": [1279, 2559, 3839, 5119, 6399, 7679, 8959, 10239, 11519, 12799, 14335, 15615, 17919, 19199, 20479, 21759, 23039, 24319, 25599, 26879, 28159, 29439, 30719, 31999, 33279, 34559, 35839, 37119, 38399, 39679, 40959, 42239, 43519, 44799, 46079, 47359, 48639, 49919, 51199, 52479], "confirmed_sample_idxs": [1279, 2559, 3839, 5119, 6399, 7679, 8959, 10239, 11519, 12799, 14335, 17919, 19199, 20479, 21759, 23039, 24319, 25599, 26879, 28159, 29439, 30719, 31999, 33279, 34559, 35839, 37119, 38399, 39679, 40959, 42239, 43519, 44799, 46079, 47359, 48639, 49919, 51199, 52479], "acc_series": [[255, 0.19140625], [511, 0.203125], [767, 0.19401041666666666], [1023, 0.1962890625], [1279, 0.19375], [1535, 0.203125], [1791, 0.19754464285714285], [2047, 0.20068359375], [2303, 0.1996527777777778], [2559, 0.20078125], [2815, 0.20241477272727273], [3071, 0.20052083333333334], [3327, 0.19981971153846154], [3583, 0.20256696428571427], [3839, 0.20182291666666666], [4095, 0.20263671875], [4351, 0.19944852941176472], [4607, 0.1974826388888889], [4863, 0.19736842105263158], [5119, 0.1947265625], [5375, 0.19401041666666666], [5631, 0.19389204545454544], [5887, 0.19412364130434784], [6143, 0.19580078125], [6399, 0.19515625], [6655, 0.19621394230769232], [6911, 0.19632523148148148], [7167, 0.19782366071428573], [7423, 0.19921875], [7679, 0.19895833333333332], [7935, 0.19972278225806453], [8191, 0.2015380859375], [8447, 0.20194128787878787], [8703, 0.20392922794117646], [8959, 0.2046875], [9215, 0.20670572916666666], [9471, 0.20766469594594594], [9727, 0.20826480263157895], [9983, 0.20923477564102563], [10239, 0.20888671875], [10495, 0.20865091463414634], [10751, 0.20907738095238096], [11007, 0.20930232558139536], [11263, 0.2088955965909091], [11519, 0.20928819444444444], [11775, 0.2098335597826087], [12031, 0.21018949468085107], [12287, 0.21223958333333334], [12543, 0.21356823979591838], [12799, 0.21015625], [13055, 0.20603553921568626], [13311, 0.20207331730769232], [13567, 0.19826061320754718], [13823, 0.19458912037037038], [14079, 0.19161931818181818], [14335, 0.19321986607142858], [14591, 0.19106359649122806], [14847, 0.18783674568965517], [15103, 0.18471927966101695], [15359, 0.181640625], [15615, 0.1786629098360656], [15871, 0.17578125], [16127, 0.1730530753968254], [16383, 0.17034912109375], [16639, 0.16772836538461539], [16895, 0.16518702651515152], [17151, 0.16272154850746268], [17407, 0.16044347426470587], [17663, 0.15857110507246377], [17919, 0.15870535714285713], [18175, 0.16103653169014084], [18431, 0.1623806423611111], [18687, 0.1623501712328767], [18943, 0.16232052364864866], [19199, 0.16203125], [19455, 0.1620579769736842], [19711, 0.1633015422077922], [19967, 0.16401241987179488], [20223, 0.16475474683544303], [20479, 0.16572265625], [20735, 0.1661844135802469], [20991, 0.16696836890243902], [21247, 0.16792168674698796], [21503, 0.16908482142857142], [21759, 0.17049632352941177], [22015, 0.17164789244186046], [22271, 0.1723688936781609], [22527, 0.17378373579545456], [22783, 0.1756495786516854], [23039, 0.17777777777777778], [23295, 0.17870020604395603], [23551, 0.18057914402173914], [23807, 0.18178763440860216], [24063, 0.1830119680851064], [24319, 0.18429276315789472], [24575, 0.18546549479166666], [24831, 0.18629188144329897], [25087, 0.1873405612244898], [25343, 0.18892045454545456], [25599, 0.190078125], [25855, 0.19117419554455445], [26111, 0.19221047794117646], [26367, 0.1937575849514563], [26623, 0.1946739783653846], [26879, 0.19616815476190477], [27135, 0.19715507075471697], [27391, 0.1985251168224299], [27647, 0.19983362268518517], [27903, 0.2017273509174312], [28159, 0.20071022727272728], [28415, 0.19928913288288289], [28671, 0.19778878348214285], [28927, 0.19638412610619468], [29183, 0.19510690789473684], [29439, 0.19375], [29695, 0.19251751077586207], [29951, 0.19117254273504272], [30207, 0.1897841631355932], [30463, 0.18868172268907563], [30719, 0.1873046875], [30975, 0.18604726239669422], [31231, 0.18497054303278687], [31487, 0.18410188008130082], [31743, 0.1834047379032258], [31999, 0.1830625], [32255, 0.18291170634920634], [32511, 0.1837782972440945], [32767, 0.184600830078125], [33023, 0.18580426356589147], [33279, 0.18590745192307692], [33535, 0.18594942748091603], [33791, 0.18628669507575757], [34047, 0.18635455827067668], [34303, 0.18662546641791045], [34559, 0.1868923611111111], [34815, 0.1870404411764706], [35071, 0.18707230839416059], [35327, 0.18707540760869565], [35583, 0.18764051258992806], [35839, 0.18816964285714285], [36095, 0.18841422872340424], [36351, 0.18895796654929578], [36607, 0.1892209353146853], [36863, 0.18929036458333334], [37119, 0.18957435344827586], [37375, 0.189720676369863], [37631, 0.19015731292517007], [37887, 0.19050886824324326], [38143, 0.1910392197986577], [38399, 0.189765625], [38655, 0.18850889900662252], [38911, 0.18839946546052633], [39167, 0.1888531454248366], [39423, 0.18884435876623376], [39679, 0.18881048387096774], [39935, 0.18885216346153846], [40191, 0.18871914808917198], [40447, 0.18893393987341772], [40703, 0.18875294811320756], [40959, 0.1887939453125], [41215, 0.1889557453416149], [41471, 0.18952546296296297], [41727, 0.1904236963190184], [41983, 0.19143006859756098], [42239, 0.1926846590909091], [42495, 0.19387707078313254], [42751, 0.19498502994011976], [43007, 0.19563802083333334], [43263, 0.19681490384615385], [43519, 0.1978860294117647], [43775, 0.1987847222222222], [44031, 0.19996820494186046], [44287, 0.20070899566473988], [44543, 0.20130657327586207], [44799, 0.2021205357142857], [45055, 0.20341352982954544], [45311, 0.2043167372881356], [45567, 0.205297577247191], [45823, 0.20622381284916202], [46079, 0.20726996527777777], [46335, 0.2082398135359116], [46591, 0.20919900412087913], [46847, 0.20933657786885246], [47103, 0.20819887907608695], [47359, 0.20707347972972973], [47615, 0.2059601814516129], [47871, 0.2049423462566845], [48127, 0.20389378324468085], [48383, 0.20295965608465608], [48639, 0.20217927631578947], [48895, 0.20142751963350786], [49151, 0.20082600911458334], [49407, 0.20033193005181346], [49663, 0.19988321520618557], [49919, 0.19951923076923078], [50175, 0.19935825892857142], [50431, 0.1994368654822335], [50687, 0.19983033459595959], [50943, 0.20051429020100503], [51199, 0.20111328125], [51455, 0.20192008706467662], [51711, 0.2030476485148515], [51967, 0.20399091748768472], [52223, 0.20339307598039216], [52479, 0.20240091463414633], [52735, 0.2014183859223301], [52846, 0.2009953261301493]], "candidate_count_total": 40, "confirmed_count_total": 39, "created_at": 1767842102.2355776}