{"dataset_name": "INSECTS_abrupt_balanced", "dataset_type": "insects_real", "model_variant": "ts_drift_adapt_severity", "seed": 9, "monitor_preset": "error_divergence_ph_meta@error.threshold=0.05,error.min_instances=5", "monitor_preset_base": "error_divergence_ph_meta", "monitor_ph_params": {"error_rate": {"delta": 0.005, "alpha": 0.15, "threshold": 0.05, "min_instances": 5}, "divergence": {"delta": 0.005, "alpha": 0.1, "threshold": 0.05, "min_instances": 30}}, "monitor_ph_overrides": {"error_rate": {"threshold": 0.05, "min_instances": 5}}, "trigger_mode": "two_stage", "trigger_k": 2, "trigger_threshold": 0.5, "trigger_weights": "confirm_cooldown=0,divergence=0.3,error_rate=0.5,teacher_entropy=0.2", "confirm_window": 1, "confirm_cooldown": 0, "severity_scheduler_scale": 1.0, "use_severity_v2": 1, "severity_gate": "confirmed_streak", "severity_gate_min_streak": 5, "entropy_mode": "overconfident", "severity_decay": 0.95, "freeze_baseline_steps": 0, "n_steps": 1200, "horizon": 52847, "acc_final": 0.199859973129979, "mean_acc": 0.1949834535697462, "acc_min": 0.138671875, "candidate_sample_idxs": [1279, 2559, 3839, 5119, 6399, 7679, 8959, 10239, 11519, 12799, 14335, 17919, 19199, 20479, 21759, 23039, 24319, 25599, 26879, 28159, 31231, 32767, 34047, 35327, 36607, 37887, 39167, 40447, 41727, 43007, 44287, 45567, 46847, 49151, 50431, 51711, 52846], "confirmed_sample_idxs": [1279, 2559, 3839, 5119, 6399, 7679, 8959, 10239, 11519, 12799, 14335, 17919, 19199, 20479, 21759, 23039, 24319, 25599, 26879, 28159, 31231, 32767, 34047, 35327, 36607, 37887, 39167, 40447, 41727, 43007, 44287, 45567, 46847, 49151, 50431, 51711, 52846], "acc_series": [[255, 0.14453125], [511, 0.138671875], [767, 0.15234375], [1023, 0.162109375], [1279, 0.165625], [1535, 0.171875], [1791, 0.17020089285714285], [2047, 0.16845703125], [2303, 0.1740451388888889], [2559, 0.1765625], [2815, 0.17897727272727273], [3071, 0.18196614583333334], [3327, 0.18659855769230768], [3583, 0.1875], [3839, 0.1890625], [4095, 0.1923828125], [4351, 0.19255514705882354], [4607, 0.1950954861111111], [4863, 0.19366776315789475], [5119, 0.194140625], [5375, 0.19642857142857142], [5631, 0.19850852272727273], [5887, 0.1983695652173913], [6143, 0.19938151041666666], [6399, 0.20125], [6655, 0.20087139423076922], [6911, 0.20211226851851852], [7167, 0.20326450892857142], [7423, 0.2048760775862069], [7679, 0.20533854166666668], [7935, 0.20501512096774194], [8191, 0.2059326171875], [8447, 0.20490056818181818], [8703, 0.20840992647058823], [8959, 0.21004464285714286], [9215, 0.21082899305555555], [9471, 0.21230996621621623], [9727, 0.21175986842105263], [9983, 0.21193910256410256], [10239, 0.21279296875], [10495, 0.21265243902439024], [10751, 0.21214657738095238], [11007, 0.21257267441860464], [11263, 0.2129794034090909], [11519, 0.21293402777777778], [11775, 0.21314538043478262], [12031, 0.21417885638297873], [12287, 0.214599609375], [12543, 0.2150829081632653], [12799, 0.211875], [13055, 0.20772058823529413], [13311, 0.20372596153846154], [13567, 0.19988207547169812], [13823, 0.19618055555555555], [14079, 0.1927556818181818], [14335, 0.19133649553571427], [14591, 0.19030975877192982], [14847, 0.1875], [15103, 0.18438824152542374], [15359, 0.18138020833333332], [15615, 0.17840676229508196], [15871, 0.17552923387096775], [16127, 0.17280505952380953], [16383, 0.17010498046875], [16639, 0.16748798076923077], [16895, 0.1650094696969697], [17151, 0.16254664179104478], [17407, 0.16032858455882354], [17663, 0.15806159420289856], [17919, 0.158203125], [18175, 0.16274207746478872], [18431, 0.16569010416666666], [18687, 0.1683433219178082], [18943, 0.1710304054054054], [19199, 0.17322916666666666], [19455, 0.17629523026315788], [19711, 0.17765827922077923], [19967, 0.17828525641025642], [20223, 0.17820411392405064], [20479, 0.178564453125], [20735, 0.17843364197530864], [20991, 0.17892530487804878], [21247, 0.1793109939759036], [21503, 0.1800595238095238], [21759, 0.1811580882352941], [22015, 0.18318495639534885], [22271, 0.18422234195402298], [22527, 0.18639026988636365], [22783, 0.18859726123595505], [23039, 0.1898871527777778], [23295, 0.19071943681318682], [23551, 0.1922554347826087], [23807, 0.1936743951612903], [24063, 0.1950216090425532], [24319, 0.19625822368421053], [24575, 0.19718424479166666], [24831, 0.19853414948453607], [25087, 0.19969706632653061], [25343, 0.20127051767676768], [25599, 0.202578125], [25855, 0.2040145420792079], [26111, 0.20496323529411764], [26367, 0.20577973300970873], [26623, 0.20676832932692307], [26879, 0.2076636904761905], [27135, 0.20872641509433962], [27391, 0.20973276869158877], [27647, 0.21104600694444445], [27903, 0.2120126146788991], [28159, 0.21036931818181817], [28415, 0.20847409909909909], [28671, 0.20661272321428573], [28927, 0.20478429203539822], [29183, 0.20298793859649122], [29439, 0.20122282608695652], [29695, 0.19948814655172414], [29951, 0.19778311965811965], [30207, 0.19617319915254236], [30463, 0.19452468487394958], [30719, 0.19300130208333333], [30975, 0.19176136363636365], [31231, 0.19131019467213115], [31487, 0.1915650406504065], [31743, 0.19244581653225806], [31999, 0.19371875], [32255, 0.19466145833333334], [32511, 0.1960199311023622], [32767, 0.1971435546875], [33023, 0.19831031976744187], [33279, 0.19819711538461537], [33535, 0.19817509541984732], [33791, 0.19836055871212122], [34047, 0.19822015977443608], [34303, 0.1981984608208955], [34559, 0.19837962962962963], [34815, 0.19841452205882354], [35071, 0.19827782846715328], [35327, 0.19771852355072464], [35583, 0.1975325989208633], [35839, 0.19740513392857142], [36095, 0.19750110815602837], [36351, 0.1974581866197183], [36607, 0.19747049825174826], [36863, 0.1974555121527778], [37119, 0.19735991379310344], [37375, 0.1973994006849315], [37631, 0.19762436224489796], [37887, 0.19803103885135134], [38143, 0.1981700922818792], [38399, 0.19684895833333332], [38655, 0.1955453228476821], [38911, 0.1952611019736842], [39167, 0.19533803104575165], [39423, 0.19523640422077923], [39679, 0.1952116935483871], [39935, 0.19528745993589744], [40191, 0.1952876194267516], [40447, 0.19516416139240506], [40703, 0.19504225628930819], [40959, 0.19560546875], [41215, 0.19584627329192547], [41471, 0.19639756944444445], [41727, 0.19708588957055215], [41983, 0.1976467225609756], [42239, 0.1984848484848485], [42495, 0.19921875], [42751, 0.19996725299401197], [43007, 0.20068359375], [43263, 0.20162259615384615], [43519, 0.20241268382352942], [43775, 0.2030107821637427], [44031, 0.20407885174418605], [44287, 0.20441203034682082], [44543, 0.20498832614942528], [44799, 0.2056919642857143], [45055, 0.20636541193181818], [45311, 0.2067664194915254], [45567, 0.20771155196629212], [45823, 0.20844972067039105], [46079, 0.20944010416666667], [46335, 0.2103547997237569], [46591, 0.21119505494505494], [46847, 0.2112149931693989], [47103, 0.21006708559782608], [47359, 0.2089527027027027], [47615, 0.2078293010752688], [47871, 0.20671791443850268], [48127, 0.2056391289893617], [48383, 0.20459242724867724], [48639, 0.20355674342105262], [48895, 0.20251145287958114], [49151, 0.20163981119791666], [49407, 0.20077720207253885], [49663, 0.19998389175257733], [49919, 0.1993790064102564], [50175, 0.19895966198979592], [50431, 0.1987428616751269], [50687, 0.19862689393939395], [50943, 0.19880653266331658], [51199, 0.1993359375], [51455, 0.20026819029850745], [51711, 0.20155863242574257], [51967, 0.20275939039408866], [52223, 0.20224417892156862], [52479, 0.20125762195121952], [52735, 0.2002806432038835], [52846, 0.199859973129979]], "candidate_count_total": 37, "confirmed_count_total": 37, "created_at": 1767841869.6466615}