{"dataset_name": "sine_nodrift", "dataset_type": "sine", "model_variant": "ts_drift_adapt", "seed": 1, "monitor_preset": "error_divergence_ph_meta@error.threshold=0.10,error.min_instances=5", "monitor_preset_base": "error_divergence_ph_meta", "monitor_ph_params": {"error_rate": {"delta": 0.005, "alpha": 0.15, "threshold": 0.1, "min_instances": 5}, "divergence": {"delta": 0.005, "alpha": 0.1, "threshold": 0.05, "min_instances": 30}}, "monitor_ph_overrides": {"error_rate": {"threshold": 0.1, "min_instances": 5}}, "trigger_mode": "two_stage", "trigger_k": 2, "trigger_threshold": 0.5, "trigger_weights": "__confirm_cooldown=200,__confirm_rule=perm_test,__perm_alpha=0.02,__perm_delta_k=25,__perm_min_effect=0,__perm_n_perm=200,__perm_post_n=30,__perm_pre_n=500,__perm_rng_seed=0,__perm_stat=delta_fused_score,divergence=0.3,error_rate=0.5,teacher_entropy=0.2", "confirm_window": 3, "confirm_cooldown": 0, "adaptive_cooldown_enabled": 0, "adaptive_window": 10000, "adaptive_lower_per10k": 10.0, "adaptive_upper_per10k": 25.0, "adaptive_cooldown_low": 200, "adaptive_cooldown_high": 500, "severity_scheduler_scale": 1.0, "use_severity_v2": 0, "severity_gate": "none", "severity_gate_min_streak": 1, "entropy_mode": "overconfident", "severity_decay": 0.95, "freeze_baseline_steps": 0, "n_steps": 800, "horizon": 10000, "acc_final": 0.912, "mean_acc": 0.833767330422269, "acc_min": 0.375, "candidate_sample_idxs": [319, 639, 959, 1279, 1599, 1919, 2239, 2559, 2879, 3199, 3519, 3967, 4287, 5055, 5375, 5887, 6207, 6527, 6847, 7167, 7679, 7999, 8575, 8895, 9279, 9599, 9919], "confirmed_sample_idxs": [1023, 1279, 1791, 2367, 2943, 3199, 3967, 4351, 5055, 5887, 6271, 6591, 6847, 7167, 7679, 8575, 9279, 9599], "acc_series": [[63, 0.375], [127, 0.421875], [191, 0.4895833333333333], [255, 0.5234375], [319, 0.534375], [383, 0.546875], [447, 0.578125], [511, 0.599609375], [575, 0.6197916666666666], [639, 0.634375], [703, 0.6534090909090909], [767, 0.6640625], [831, 0.6778846153846154], [895, 0.6863839285714286], [959, 0.7010416666666667], [1023, 0.7119140625], [1087, 0.7141544117647058], [1151, 0.7256944444444444], [1215, 0.7360197368421053], [1279, 0.74140625], [1343, 0.7514880952380952], [1407, 0.7556818181818182], [1471, 0.7629076086956522], [1535, 0.7682291666666666], [1599, 0.770625], [1663, 0.7734375], [1727, 0.7777777777777778], [1791, 0.7818080357142857], [1855, 0.7844827586206896], [1919, 0.7895833333333333], [1983, 0.7938508064516129], [2047, 0.7978515625], [2111, 0.8016098484848485], [2175, 0.8042279411764706], [2239, 0.8071428571428572], [2303, 0.8090277777777778], [2367, 0.8116554054054054], [2431, 0.8157894736842105], [2495, 0.8173076923076923], [2559, 0.81796875], [2623, 0.8201219512195121], [2687, 0.8225446428571429], [2751, 0.825218023255814], [2815, 0.8277698863636364], [2879, 0.8298611111111112], [2943, 0.8308423913043478], [3007, 0.8311170212765957], [3071, 0.8336588541666666], [3135, 0.8345025510204082], [3199, 0.8353125], [3263, 0.8379289215686274], [3327, 0.8401442307692307], [3391, 0.8413915094339622], [3455, 0.8423032407407407], [3519, 0.84375], [3583, 0.8443080357142857], [3647, 0.8451206140350878], [3711, 0.8450969827586207], [3775, 0.8461334745762712], [3839, 0.8479166666666667], [3903, 0.8498975409836066], [3967, 0.8510584677419355], [4031, 0.8511904761904762], [4095, 0.850830078125], [4159, 0.8512019230769231], [4223, 0.8517992424242424], [4287, 0.8530783582089553], [4351, 0.8536305147058824], [4415, 0.855072463768116], [4479, 0.8564732142857143], [4543, 0.8569542253521126], [4607, 0.8585069444444444], [4671, 0.8600171232876712], [4735, 0.8606418918918919], [4799, 0.8616666666666667], [4863, 0.8628700657894737], [4927, 0.8642451298701299], [4991, 0.8651842948717948], [5055, 0.8659018987341772], [5119, 0.8669921875], [5183, 0.8684413580246914], [5247, 0.8698551829268293], [5311, 0.8708584337349398], [5375, 0.8716517857142857], [5439, 0.8729779411764705], [5503, 0.8737281976744186], [5567, 0.8748204022988506], [5631, 0.8758877840909091], [5695, 0.8767556179775281], [5759, 0.8777777777777778], [5823, 0.8787774725274725], [5887, 0.8792459239130435], [5951, 0.8802083333333334], [6015, 0.8809840425531915], [6079, 0.8814144736842106], [6143, 0.88232421875], [6207, 0.883215206185567], [6271, 0.8842474489795918], [6335, 0.8839962121212122], [6399, 0.885], [6463, 0.885519801980198], [6527, 0.8861825980392157], [6591, 0.8868325242718447], [6655, 0.8868689903846154], [6719, 0.8876488095238095], [6783, 0.8885613207547169], [6847, 0.8885806074766355], [6911, 0.8890335648148148], [6975, 0.8897649082568807], [7039, 0.8904829545454546], [7103, 0.8913288288288288], [7167, 0.8920200892857143], [7231, 0.8925608407079646], [7295, 0.8933662280701754], [7359, 0.8942934782608696], [7423, 0.8950700431034483], [7487, 0.8956997863247863], [7551, 0.8961864406779662], [7615, 0.8965336134453782], [7679, 0.897265625], [7743, 0.8977272727272727], [7807, 0.8983094262295082], [7871, 0.8988821138211383], [7935, 0.8995715725806451], [7999, 0.900125], [8063, 0.9006696428571429], [8127, 0.9014517716535433], [8191, 0.902099609375], [8255, 0.9018895348837209], [8319, 0.9024038461538462], [8383, 0.9030295801526718], [8447, 0.9032907196969697], [8511, 0.9039003759398496], [8575, 0.9045009328358209], [8639, 0.9050925925925926], [8703, 0.9055606617647058], [8767, 0.9061359489051095], [8831, 0.9067028985507246], [8895, 0.9070368705035972], [8959, 0.9072544642857143], [9023, 0.9075797872340425], [9087, 0.9080105633802817], [9151, 0.908326048951049], [9215, 0.9087456597222222], [9279, 0.9088362068965518], [9343, 0.9091395547945206], [9407, 0.9093324829931972], [9471, 0.9094172297297297], [9535, 0.9099203020134228], [9599, 0.9103125], [9663, 0.9106995033112583], [9727, 0.9112870065789473], [9791, 0.9113562091503268], [9855, 0.911525974025974], [9919, 0.9115927419354839], [9983, 0.9120592948717948], [9999, 0.912]], "candidate_count_total": 25, "confirmed_count_total": 18, "created_at": 1768131869.6125011, "confirm_rule_effective": "perm_test", "last_perm_pvalue": 1.0, "last_perm_effect": -0.0072266203402927345, "perm_test_count_total": 51, "perm_accept_count_total": 18, "perm_reject_count_total": 33, "perm_alpha": 0.02, "perm_pvalue_p50": 0.3482587064676617, "perm_pvalue_p90": 1.0, "perm_pvalue_p99": 1.0, "perm_pvalue_le_alpha_ratio": 0.35294117647058826, "perm_effect_p50": 0.0027864070977573763, "perm_effect_p90": 0.07927640585268743, "perm_effect_p99": 0.16680338364731204}