{"dataset_name": "INSECTS_abrupt_balanced", "dataset_type": "insects_real", "model_variant": "ts_drift_adapt_severity", "seed": 9, "monitor_preset": "error_divergence_ph_meta@error.threshold=0.05,error.min_instances=5", "monitor_preset_base": "error_divergence_ph_meta", "monitor_ph_params": {"error_rate": {"delta": 0.005, "alpha": 0.15, "threshold": 0.05, "min_instances": 5}, "divergence": {"delta": 0.005, "alpha": 0.1, "threshold": 0.05, "min_instances": 30}}, "monitor_ph_overrides": {"error_rate": {"threshold": 0.05, "min_instances": 5}}, "trigger_mode": "two_stage", "trigger_k": 2, "trigger_threshold": 0.5, "trigger_weights": "confirm_cooldown=0,divergence=0.3,error_rate=0.5,teacher_entropy=0.2", "confirm_window": 1, "confirm_cooldown": 0, "severity_scheduler_scale": 1.0, "use_severity_v2": 1, "severity_gate": "none", "severity_gate_min_streak": 1, "entropy_mode": "overconfident", "severity_decay": 0.95, "freeze_baseline_steps": 0, "n_steps": 1200, "horizon": 52847, "acc_final": 0.20712623233106894, "mean_acc": 0.19814648529698964, "acc_min": 0.16191123188405798, "candidate_sample_idxs": [1279, 2559, 3839, 5119, 6399, 7679, 8959, 10239, 11519, 12799, 14335, 17919, 19199, 20479, 21759, 23039, 24319, 25599, 26879, 28159, 31487, 32767, 34047, 35327, 36607, 37887, 39423, 40703, 41983, 43263, 44543, 45823, 47103, 48639, 49919, 51199, 52479], "confirmed_sample_idxs": [1279, 2559, 3839, 5119, 6399, 7679, 8959, 10239, 11519, 12799, 14335, 17919, 19199, 20479, 21759, 23039, 24319, 25599, 26879, 28159, 31487, 32767, 34047, 35327, 36607, 37887, 39423, 40703, 41983, 43263, 44543, 45823, 47103, 48639, 49919, 51199, 52479], "acc_series": [[255, 0.2265625], [511, 0.21875], [767, 0.19921875], [1023, 0.1962890625], [1279, 0.19453125], [1535, 0.19661458333333334], [1791, 0.19698660714285715], [2047, 0.203125], [2303, 0.203125], [2559, 0.20078125], [2815, 0.20241477272727273], [3071, 0.203125], [3327, 0.20162259615384615], [3583, 0.20145089285714285], [3839, 0.20078125], [4095, 0.201416015625], [4351, 0.20335477941176472], [4607, 0.203125], [4863, 0.20333059210526316], [5119, 0.20390625], [5375, 0.20386904761904762], [5631, 0.20632102272727273], [5887, 0.2073709239130435], [6143, 0.20817057291666666], [6399, 0.20765625], [6655, 0.20868389423076922], [6911, 0.21166087962962962], [7167, 0.21261160714285715], [7423, 0.2140355603448276], [7679, 0.214453125], [7935, 0.21471774193548387], [8191, 0.2152099609375], [8447, 0.21413352272727273], [8703, 0.21472886029411764], [8959, 0.2158482142857143], [9215, 0.21690538194444445], [9471, 0.21758868243243243], [9727, 0.21761924342105263], [9983, 0.21774839743589744], [10239, 0.21904296875], [10495, 0.21808307926829268], [10751, 0.2183779761904762], [11007, 0.2173873546511628], [11263, 0.2178622159090909], [11519, 0.21762152777777777], [11775, 0.21891983695652173], [12031, 0.21924867021276595], [12287, 0.22086588541666666], [12543, 0.22138073979591838], [12799, 0.218203125], [13055, 0.21392463235294118], [13311, 0.2098106971153846], [13567, 0.20585200471698112], [13823, 0.20203993055555555], [14079, 0.19836647727272727], [14335, 0.19580078125], [14591, 0.19455866228070176], [14847, 0.1916082974137931], [15103, 0.1885593220338983], [15359, 0.18541666666666667], [15615, 0.18237704918032788], [15871, 0.17943548387096775], [16127, 0.17664930555555555], [16383, 0.17388916015625], [16639, 0.1712139423076923], [16895, 0.16867897727272727], [17151, 0.1662196828358209], [17407, 0.16400505514705882], [17663, 0.16191123188405798], [17919, 0.16205357142857144], [18175, 0.16538292253521128], [18431, 0.16786024305555555], [18687, 0.1696810787671233], [18943, 0.1721389358108108], [19199, 0.174375], [19455, 0.17711759868421054], [19711, 0.1789265422077922], [19967, 0.17913661858974358], [20223, 0.1790446993670886], [20479, 0.179345703125], [20735, 0.17944637345679013], [20991, 0.1798780487804878], [21247, 0.18053463855421686], [21503, 0.181640625], [21759, 0.18253676470588234], [22015, 0.18404796511627908], [22271, 0.1846264367816092], [22527, 0.18616832386363635], [22783, 0.18811446629213482], [23039, 0.18910590277777778], [23295, 0.1893028846153846], [23551, 0.19085427989130435], [23807, 0.19191028225806453], [24063, 0.1929438164893617], [24319, 0.19399671052631579], [24575, 0.19462076822916666], [24831, 0.1954735824742268], [25087, 0.19618941326530612], [25343, 0.19771938131313133], [25599, 0.198984375], [25855, 0.20057240099009901], [26111, 0.2014782475490196], [26367, 0.20251820388349515], [26623, 0.20398888221153846], [26879, 0.2050967261904762], [27135, 0.20607311320754718], [27391, 0.20703125], [27647, 0.2084418402777778], [27903, 0.20932482798165136], [28159, 0.20759943181818183], [28415, 0.20576435810810811], [28671, 0.20399693080357142], [28927, 0.20222621681415928], [29183, 0.20045230263157895], [29439, 0.19870923913043478], [29695, 0.19702990301724138], [29951, 0.19541266025641027], [30207, 0.1938228283898305], [30463, 0.19225971638655462], [30719, 0.19075520833333334], [30975, 0.1892110020661157], [31231, 0.18791623975409835], [31487, 0.18708714430894308], [31743, 0.1869329637096774], [31999, 0.188], [32255, 0.18898809523809523], [32511, 0.1904527559055118], [32767, 0.191619873046875], [33023, 0.19285973837209303], [33279, 0.19278846153846155], [33535, 0.19286736641221375], [33791, 0.19300426136363635], [34047, 0.19293350563909775], [34303, 0.19295125932835822], [34559, 0.1931423611111111], [34815, 0.19321576286764705], [35071, 0.19308850364963503], [35327, 0.1927932518115942], [35583, 0.19283947841726617], [35839, 0.1931640625], [36095, 0.19329011524822695], [36351, 0.1935519366197183], [36607, 0.19375546328671328], [36863, 0.1937934027777778], [37119, 0.19364224137931035], [37375, 0.1938142123287671], [37631, 0.19377125850340135], [37887, 0.19417757601351351], [38143, 0.19418519295302014], [38399, 0.192890625], [38655, 0.1916132036423841], [38911, 0.19120065789473684], [39167, 0.1912530637254902], [39423, 0.1910765016233766], [39679, 0.1912298387096774], [39935, 0.19140625], [40191, 0.1914311305732484], [40447, 0.19148041930379747], [40703, 0.1917501965408805], [40959, 0.192333984375], [41215, 0.19240100931677018], [41471, 0.19333526234567902], [41727, 0.19401840490797545], [41983, 0.1947170350609756], [42239, 0.19569128787878787], [42495, 0.19653614457831325], [42751, 0.19753461826347304], [43007, 0.19842819940476192], [43263, 0.199426775147929], [43519, 0.20043658088235294], [43775, 0.2012061403508772], [44031, 0.2024890988372093], [44287, 0.20303468208092484], [44543, 0.2034392959770115], [44799, 0.2042857142857143], [45055, 0.20534446022727273], [45311, 0.2062588276836158], [45567, 0.2070970856741573], [45823, 0.20810055865921787], [46079, 0.2093532986111111], [46335, 0.2103116367403315], [46591, 0.2112809065934066], [46847, 0.2114497950819672], [47103, 0.2103006114130435], [47359, 0.20916385135135135], [47615, 0.20803931451612903], [47871, 0.20692680481283424], [48127, 0.20584690824468085], [48383, 0.2048611111111111], [48639, 0.20394736842105263], [48895, 0.20306364528795812], [49151, 0.20229085286458334], [49407, 0.20184990284974094], [49663, 0.20153431056701032], [49919, 0.2014823717948718], [50175, 0.2020886479591837], [50431, 0.2030853426395939], [50687, 0.2041903409090909], [50943, 0.2052842336683417], [51199, 0.2063671875], [51455, 0.20755597014925373], [51711, 0.20888768564356436], [51967, 0.21014855295566504], [52223, 0.2095971200980392], [52479, 0.20857469512195123], [52735, 0.20756219660194175], [52846, 0.20712623233106894]], "candidate_count_total": 37, "confirmed_count_total": 37, "created_at": 1767841686.5671356}