{"dataset_name": "INSECTS_abrupt_balanced", "dataset_type": "insects_real", "model_variant": "ts_drift_adapt_severity", "seed": 24, "monitor_preset": "error_divergence_ph_meta@error.threshold=0.05,error.min_instances=5", "monitor_preset_base": "error_divergence_ph_meta", "monitor_ph_params": {"error_rate": {"delta": 0.005, "alpha": 0.15, "threshold": 0.05, "min_instances": 5}, "divergence": {"delta": 0.005, "alpha": 0.1, "threshold": 0.05, "min_instances": 30}}, "monitor_ph_overrides": {"error_rate": {"threshold": 0.05, "min_instances": 5}}, "trigger_mode": "two_stage", "trigger_k": 2, "trigger_threshold": 0.5, "trigger_weights": "confirm_cooldown=200,divergence=0.3,error_rate=0.5,teacher_entropy=0.2", "confirm_window": 1, "confirm_cooldown": 0, "adaptive_cooldown_enabled": 0, "adaptive_window": 10000, "adaptive_lower_per10k": 10.0, "adaptive_upper_per10k": 25.0, "adaptive_cooldown_low": 200, "adaptive_cooldown_high": 500, "severity_scheduler_scale": 2.0, "use_severity_v2": 1, "severity_gate": "confirmed_streak", "severity_gate_min_streak": 3, "entropy_mode": "uncertain", "severity_decay": 0.95, "freeze_baseline_steps": 5, "n_steps": 1200, "horizon": 52847, "acc_final": 0.20095748103014363, "mean_acc": 0.20563481625361127, "acc_min": 0.17595108695652173, "candidate_sample_idxs": [1279, 2559, 3839, 5119, 6399, 7679, 8959, 10239, 11519, 12799, 14591, 15871, 17919, 19199, 20479, 21759, 23039, 24319, 25599, 26879, 28159, 29439, 30719, 31999, 33279, 34559, 35839, 37119, 38399, 39679, 40959, 42239, 43519, 44799, 46079, 47359, 48895, 50175, 51455, 52735], "confirmed_sample_idxs": [1279, 2559, 3839, 5119, 6399, 7679, 8959, 10239, 11519, 12799, 14591, 15871, 17919, 19199, 20479, 21759, 23039, 24319, 25599, 26879, 28159, 29439, 30719, 31999, 33279, 34559, 35839, 37119, 38399, 39679, 40959, 42239, 43519, 44799, 46079, 47359, 48895, 50175, 51455, 52735], "acc_series": [[255, 0.21484375], [511, 0.189453125], [767, 0.1953125], [1023, 0.1943359375], [1279, 0.18828125], [1535, 0.18033854166666666], [1791, 0.18470982142857142], [2047, 0.1875], [2303, 0.19227430555555555], [2559, 0.1984375], [2815, 0.2020596590909091], [3071, 0.20768229166666666], [3327, 0.21003605769230768], [3583, 0.21400669642857142], [3839, 0.21822916666666667], [4095, 0.218994140625], [4351, 0.22288602941176472], [4607, 0.22178819444444445], [4863, 0.22676809210526316], [5119, 0.2287109375], [5375, 0.22953869047619047], [5631, 0.22833806818181818], [5887, 0.22978940217391305], [6143, 0.22802734375], [6399, 0.2265625], [6655, 0.22686298076923078], [6911, 0.2287326388888889], [7167, 0.22781808035714285], [7423, 0.22885237068965517], [7679, 0.228125], [7935, 0.2283266129032258], [8191, 0.2296142578125], [8447, 0.22964015151515152], [8703, 0.23138786764705882], [8959, 0.23270089285714285], [9215, 0.2331814236111111], [9471, 0.23321368243243243], [9727, 0.23303865131578946], [9983, 0.23307291666666666], [10239, 0.23369140625], [10495, 0.23370807926829268], [10751, 0.23502604166666666], [11007, 0.23519258720930233], [11263, 0.23579545454545456], [11519, 0.23472222222222222], [11775, 0.23462975543478262], [12031, 0.23503989361702127], [12287, 0.23445638020833334], [12543, 0.23549107142857142], [12799, 0.2315625], [13055, 0.2270220588235294], [13311, 0.22265625], [13567, 0.2184551886792453], [13823, 0.2144097222222222], [14079, 0.21051136363636364], [14335, 0.20675223214285715], [14591, 0.20655153508771928], [14847, 0.20575161637931033], [15103, 0.20365466101694915], [15359, 0.20084635416666666], [15615, 0.19800204918032788], [15871, 0.19493447580645162], [16127, 0.19190228174603174], [16383, 0.18890380859375], [16639, 0.18599759615384615], [16895, 0.18329782196969696], [17151, 0.1806203358208955], [17407, 0.1781939338235294], [17663, 0.17595108695652173], [17919, 0.17600446428571428], [18175, 0.17924735915492956], [18431, 0.1803927951388889], [18687, 0.18091823630136986], [18943, 0.18211570945945946], [19199, 0.18328125], [19455, 0.18477590460526316], [19711, 0.1856737012987013], [19967, 0.1857471955128205], [20223, 0.1858682753164557], [20479, 0.186572265625], [20735, 0.18663194444444445], [20991, 0.1875], [21247, 0.18806475903614459], [21503, 0.18866257440476192], [21759, 0.18915441176470588], [22015, 0.1902252906976744], [22271, 0.19118175287356323], [22527, 0.19242720170454544], [22783, 0.19425912921348315], [23039, 0.19526909722222222], [23295, 0.1965573489010989], [23551, 0.1979025135869565], [23807, 0.19921875], [24063, 0.20025764627659576], [24319, 0.20160361842105262], [24575, 0.2021484375], [24831, 0.203527706185567], [25087, 0.205078125], [25343, 0.2065183080808081], [25599, 0.2076953125], [25855, 0.20896503712871287], [26111, 0.20998008578431374], [26367, 0.21124089805825244], [26623, 0.21243990384615385], [26879, 0.21372767857142858], [27135, 0.21491745283018868], [27391, 0.2160119742990654], [27647, 0.2173394097222222], [27903, 0.21853497706422018], [28159, 0.21715198863636365], [28415, 0.21537162162162163], [28671, 0.21379743303571427], [28927, 0.21218196902654868], [29183, 0.21062911184210525], [29439, 0.20889945652173914], [29695, 0.20743534482758622], [29951, 0.20592948717948717], [30207, 0.20471398305084745], [30463, 0.20361738445378152], [30719, 0.20221354166666666], [30975, 0.20118801652892562], [31231, 0.20005122950819673], [31487, 0.19874237804878048], [31743, 0.19808467741935484], [31999, 0.197125], [32255, 0.19664558531746032], [32511, 0.1975578248031496], [32767, 0.199676513671875], [33023, 0.20206516472868216], [33279, 0.20225360576923077], [33535, 0.20193225190839695], [33791, 0.20238517992424243], [34047, 0.20250822368421054], [34303, 0.2023379197761194], [34559, 0.20190972222222223], [34815, 0.2016314338235294], [35071, 0.20132869525547445], [35327, 0.20142663043478262], [35583, 0.20169177158273383], [35839, 0.20181361607142856], [36095, 0.20179521276595744], [36351, 0.20207966549295775], [36607, 0.20203234265734266], [36863, 0.20201280381944445], [37119, 0.2019665948275862], [37375, 0.20200128424657535], [37631, 0.20211522108843538], [37887, 0.20251794763513514], [38143, 0.20265310402684564], [38399, 0.20130208333333333], [38655, 0.20002069536423842], [38911, 0.19991262335526316], [39167, 0.20016339869281047], [39423, 0.20008116883116883], [39679, 0.20012600806451614], [39935, 0.20022035256410256], [40191, 0.2001393312101911], [40447, 0.20000988924050633], [40703, 0.19980837264150944], [40959, 0.19970703125], [41215, 0.19970399844720496], [41471, 0.19989390432098766], [41727, 0.19967407975460122], [41983, 0.19962366615853658], [42239, 0.19957386363636365], [42495, 0.19933640813253012], [42751, 0.1993123128742515], [43007, 0.19961402529761904], [43263, 0.2001664201183432], [43519, 0.20073529411764707], [43775, 0.20111476608187134], [44031, 0.20205759447674418], [44287, 0.20258309248554912], [44543, 0.20334949712643677], [44799, 0.20386160714285714], [45055, 0.20487837357954544], [45311, 0.2057070974576271], [45567, 0.20661429073033707], [45823, 0.20742405726256982], [46079, 0.20857204861111112], [46335, 0.20949154005524862], [46591, 0.21048677884615385], [46847, 0.2105959699453552], [47103, 0.20949388586956522], [47359, 0.20840371621621623], [47615, 0.2073252688172043], [47871, 0.20632102272727273], [48127, 0.20524434840425532], [48383, 0.2042824074074074], [48639, 0.20328947368421052], [48895, 0.20236829188481675], [49151, 0.20166015625], [49407, 0.20110103626943004], [49663, 0.20044700386597938], [49919, 0.1999599358974359], [50175, 0.19967713647959184], [50431, 0.19941703680203046], [50687, 0.19912010732323232], [50943, 0.19939541457286433], [51199, 0.1999609375], [51455, 0.20085121268656717], [51711, 0.20221612004950495], [51967, 0.20364455049261085], [52223, 0.20335477941176472], [52479, 0.20236280487804878], [52735, 0.20138046116504854], [52846, 0.20095748103014363]], "candidate_count_total": 40, "confirmed_count_total": 40, "created_at": 1767888699.678598}