{"dataset_name": "INSECTS_abrupt_balanced", "dataset_type": "insects_real", "model_variant": "ts_drift_adapt_severity", "seed": 5, "monitor_preset": "error_divergence_ph_meta@error.threshold=0.05,error.min_instances=5", "monitor_preset_base": "error_divergence_ph_meta", "monitor_ph_params": {"error_rate": {"delta": 0.005, "alpha": 0.15, "threshold": 0.05, "min_instances": 5}, "divergence": {"delta": 0.005, "alpha": 0.1, "threshold": 0.05, "min_instances": 30}}, "monitor_ph_overrides": {"error_rate": {"threshold": 0.05, "min_instances": 5}}, "trigger_mode": "two_stage", "trigger_k": 2, "trigger_threshold": 0.5, "trigger_weights": "confirm_cooldown=0,divergence=0.3,error_rate=0.5,teacher_entropy=0.2", "confirm_window": 1, "confirm_cooldown": 0, "severity_scheduler_scale": 1.0, "use_severity_v2": 1, "severity_gate": "none", "severity_gate_min_streak": 1, "entropy_mode": "overconfident", "severity_decay": 0.95, "freeze_baseline_steps": 0, "n_steps": 1200, "horizon": 52847, "acc_final": 0.20748576078112285, "mean_acc": 0.1964750549570688, "acc_min": 0.16015625, "candidate_sample_idxs": [1279, 2559, 3839, 5119, 6399, 7679, 8959, 10239, 11519, 12799, 14335, 15615, 17663, 18943, 20223, 21503, 22783, 24063, 25343, 26623, 27903, 29183, 30463, 31743, 33023, 34303, 35583, 36863, 38143, 39423, 40703, 41983, 43263, 44543, 45823, 47103, 49407, 50687, 51967], "confirmed_sample_idxs": [1279, 2559, 3839, 5119, 6399, 7679, 8959, 10239, 11519, 12799, 14335, 15615, 17663, 18943, 20223, 21503, 22783, 24063, 25343, 26623, 27903, 29183, 30463, 31743, 33023, 34303, 35583, 36863, 38143, 39423, 40703, 41983, 43263, 44543, 45823, 47103, 49407, 50687, 51967], "acc_series": [[255, 0.19140625], [511, 0.1875], [767, 0.17708333333333334], [1023, 0.1806640625], [1279, 0.178125], [1535, 0.17513020833333334], [1791, 0.18080357142857142], [2047, 0.18408203125], [2303, 0.18359375], [2559, 0.186328125], [2815, 0.18536931818181818], [3071, 0.18782552083333334], [3327, 0.18870192307692307], [3583, 0.19084821428571427], [3839, 0.1890625], [4095, 0.19189453125], [4351, 0.19347426470588236], [4607, 0.1929253472222222], [4863, 0.1924342105263158], [5119, 0.1939453125], [5375, 0.19717261904761904], [5631, 0.19779829545454544], [5887, 0.19904891304347827], [6143, 0.19970703125], [6399, 0.20171875], [6655, 0.201171875], [6911, 0.2026909722222222], [7167, 0.20326450892857142], [7423, 0.20541487068965517], [7679, 0.20638020833333334], [7935, 0.20740927419354838], [8191, 0.209228515625], [8447, 0.2090435606060606], [8703, 0.21128216911764705], [8959, 0.2140625], [9215, 0.2153862847222222], [9471, 0.21537162162162163], [9727, 0.21422697368421054], [9983, 0.21684695512820512], [10239, 0.21669921875], [10495, 0.21646341463414634], [10751, 0.2171688988095238], [11007, 0.21729651162790697], [11263, 0.21626420454545456], [11519, 0.21614583333333334], [11775, 0.21611752717391305], [12031, 0.21625664893617022], [12287, 0.21647135416666666], [12543, 0.21723533163265307], [12799, 0.21421875], [13055, 0.21001838235294118], [13311, 0.20597956730769232], [13567, 0.2020931603773585], [13823, 0.19835069444444445], [14079, 0.19474431818181817], [14335, 0.19224330357142858], [14591, 0.1914747807017544], [14847, 0.18904903017241378], [15103, 0.18637447033898305], [15359, 0.18326822916666666], [15615, 0.18039190573770492], [15871, 0.17748235887096775], [16127, 0.17472718253968253], [16383, 0.1719970703125], [16639, 0.16935096153846155], [16895, 0.16678503787878787], [17151, 0.16447061567164178], [17407, 0.162109375], [17663, 0.16015625], [17919, 0.16043526785714285], [18175, 0.1623019366197183], [18431, 0.16324869791666666], [18687, 0.1638484589041096], [18943, 0.16427364864864866], [19199, 0.16526041666666666], [19455, 0.16740337171052633], [19711, 0.16842532467532467], [19967, 0.1686698717948718], [20223, 0.16866099683544303], [20479, 0.16923828125], [20735, 0.1697530864197531], [20991, 0.17049352134146342], [21247, 0.17154555722891565], [21503, 0.17252604166666666], [21759, 0.17403492647058824], [22015, 0.1751453488372093], [22271, 0.17636494252873564], [22527, 0.17835582386363635], [22783, 0.1798191713483146], [23039, 0.1812065972222222], [23295, 0.18230597527472528], [23551, 0.18406080163043478], [23807, 0.18607190860215053], [24063, 0.18745844414893617], [24319, 0.18914473684210525], [24575, 0.19038899739583334], [24831, 0.19144652061855671], [25087, 0.19300063775510204], [25343, 0.19428661616161616], [25599, 0.19578125], [25855, 0.1971302599009901], [26111, 0.19829963235294118], [26367, 0.19910497572815533], [26623, 0.20057091346153846], [26879, 0.20230654761904762], [27135, 0.20378832547169812], [27391, 0.20487733644859812], [27647, 0.20634403935185186], [27903, 0.20771215596330275], [28159, 0.20625], [28415, 0.20449746621621623], [28671, 0.20277622767857142], [28927, 0.2011200221238938], [29183, 0.19962993421052633], [29439, 0.1982336956521739], [29695, 0.19702990301724138], [29951, 0.19598023504273504], [30207, 0.1950145656779661], [30463, 0.19429490546218486], [30719, 0.19329427083333334], [30975, 0.19269757231404958], [31231, 0.1919185450819672], [31487, 0.1911204268292683], [31743, 0.1915007560483871], [31999, 0.19209375], [32255, 0.1937313988095238], [32511, 0.1952509842519685], [32767, 0.19720458984375], [33023, 0.19912790697674418], [33279, 0.1994891826923077], [33535, 0.19924856870229007], [33791, 0.19954427083333334], [34047, 0.19974741541353383], [34303, 0.19965601679104478], [34559, 0.19956597222222222], [34815, 0.19930491727941177], [35071, 0.1991332116788321], [35327, 0.19913383152173914], [35583, 0.1994716726618705], [35839, 0.19952566964285715], [36095, 0.19944038120567376], [36351, 0.19965889084507044], [36607, 0.19976507867132867], [36863, 0.1997612847222222], [37119, 0.19970366379310345], [37375, 0.19972709760273974], [37631, 0.199750212585034], [37887, 0.20024809966216217], [38143, 0.20052957214765102], [38399, 0.19919270833333333], [38655, 0.19787355132450332], [38911, 0.19744551809210525], [39167, 0.19753370098039216], [39423, 0.19746854707792208], [39679, 0.1978578629032258], [39935, 0.19801682692307693], [40191, 0.1979249601910828], [40447, 0.19805676424050633], [40703, 0.19794123427672955], [40959, 0.1984619140625], [41215, 0.19858792701863354], [41471, 0.19892939814814814], [41727, 0.19936253834355827], [41983, 0.19995712652439024], [42239, 0.2005681818181818], [42495, 0.20150131777108435], [42751, 0.20228293413173654], [43007, 0.20317150297619047], [43263, 0.20400332840236687], [43519, 0.20512408088235295], [43775, 0.2058890716374269], [44031, 0.20716751453488372], [44287, 0.2078666907514451], [44543, 0.20858028017241378], [44799, 0.2094419642857143], [45055, 0.210693359375], [45311, 0.211621645480226], [45567, 0.21262728230337077], [45823, 0.21362168296089384], [46079, 0.2146267361111111], [46335, 0.2154264502762431], [46591, 0.21634615384615385], [46847, 0.21635928961748635], [47103, 0.2151834239130435], [47359, 0.21402027027027026], [47615, 0.21286962365591397], [47871, 0.2117312834224599], [48127, 0.21062583111702127], [48383, 0.20951140873015872], [48639, 0.2084498355263158], [48895, 0.20744028141361257], [49151, 0.20646158854166666], [49407, 0.20551327720207255], [49663, 0.20469555412371135], [49919, 0.20418669871794873], [50175, 0.20390226403061223], [50431, 0.20435437817258884], [50687, 0.20515703914141414], [50943, 0.20585348618090452], [51199, 0.206796875], [51455, 0.20794465174129353], [51711, 0.20921642945544555], [51967, 0.2104949199507389], [52223, 0.2099609375], [52479, 0.20893673780487804], [52735, 0.2079224817961165], [52846, 0.20748576078112285]], "candidate_count_total": 39, "confirmed_count_total": 39, "created_at": 1767841086.3989613}