{"dataset_name": "INSECTS_abrupt_balanced", "dataset_type": "insects_real", "model_variant": "ts_drift_adapt_severity", "seed": 1, "monitor_preset": "error_divergence_ph_meta@error.threshold=0.05,error.min_instances=5", "monitor_preset_base": "error_divergence_ph_meta", "monitor_ph_params": {"error_rate": {"delta": 0.005, "alpha": 0.15, "threshold": 0.05, "min_instances": 5}, "divergence": {"delta": 0.005, "alpha": 0.1, "threshold": 0.05, "min_instances": 30}}, "monitor_ph_overrides": {"error_rate": {"threshold": 0.05, "min_instances": 5}}, "trigger_mode": "two_stage", "trigger_k": 2, "trigger_threshold": 0.5, "trigger_weights": "confirm_cooldown=200,divergence=0.3,error_rate=0.5,teacher_entropy=0.2", "confirm_window": 1, "confirm_cooldown": 0, "severity_scheduler_scale": 1.0, "use_severity_v2": 1, "severity_gate": "confirmed_streak", "severity_gate_min_streak": 5, "entropy_mode": "overconfident", "severity_decay": 0.95, "freeze_baseline_steps": 0, "n_steps": 1200, "horizon": 52847, "acc_final": 0.20797774708119665, "mean_acc": 0.19331750415084104, "acc_min": 0.140625, "candidate_sample_idxs": [1279, 2559, 3839, 5119, 6399, 7679, 8959, 10239, 11519, 12799, 14335, 17919, 19199, 19455, 20479, 21759, 23039, 24319, 25599, 26879, 28159, 29439, 30719, 31999, 33279, 34559, 35839, 37119, 38399, 39679, 40959, 42239, 43519, 44799, 46079, 47359, 48639, 49919, 51199, 52479], "confirmed_sample_idxs": [1279, 2559, 3839, 5119, 6399, 7679, 8959, 10239, 11519, 12799, 14335, 17919, 19199, 20479, 21759, 23039, 24319, 25599, 26879, 28159, 29439, 30719, 31999, 33279, 34559, 35839, 37119, 38399, 39679, 40959, 42239, 43519, 44799, 46079, 47359, 48639, 49919, 51199, 52479], "acc_series": [[255, 0.140625], [511, 0.140625], [767, 0.15625], [1023, 0.150390625], [1279, 0.1578125], [1535, 0.162109375], [1791, 0.16127232142857142], [2047, 0.1669921875], [2303, 0.1684027777777778], [2559, 0.170703125], [2815, 0.16938920454545456], [3071, 0.17447916666666666], [3327, 0.17578125], [3583, 0.1796875], [3839, 0.18255208333333334], [4095, 0.180908203125], [4351, 0.1840533088235294], [4607, 0.1840277777777778], [4863, 0.18379934210526316], [5119, 0.183203125], [5375, 0.18415178571428573], [5631, 0.18696732954545456], [5887, 0.1866508152173913], [6143, 0.1884765625], [6399, 0.1896875], [6655, 0.18855168269230768], [6911, 0.1902488425925926], [7167, 0.19029017857142858], [7423, 0.19167564655172414], [7679, 0.19283854166666667], [7935, 0.1930443548387097], [8191, 0.193359375], [8447, 0.19353693181818182], [8703, 0.19588694852941177], [8959, 0.19654017857142858], [9215, 0.19694010416666666], [9471, 0.1983741554054054], [9727, 0.1981907894736842], [9983, 0.19861778846153846], [10239, 0.2], [10495, 0.20112423780487804], [10751, 0.20340401785714285], [11007, 0.20421511627906977], [11263, 0.205078125], [11519, 0.20503472222222222], [11775, 0.205078125], [12031, 0.20470412234042554], [12287, 0.20426432291666666], [12543, 0.20487882653061223], [12799, 0.20203125], [13055, 0.19806985294117646], [13311, 0.19426081730769232], [13567, 0.19059551886792453], [13823, 0.18721064814814814], [14079, 0.18522727272727274], [14335, 0.18938337053571427], [14591, 0.18722587719298245], [14847, 0.18406519396551724], [15103, 0.1810116525423729], [15359, 0.17799479166666668], [15615, 0.17507684426229508], [15871, 0.17225302419354838], [16127, 0.16958085317460317], [16383, 0.16693115234375], [16639, 0.16436298076923078], [16895, 0.16187263257575757], [17151, 0.15945662313432835], [17407, 0.15716911764705882], [17663, 0.15489130434782608], [17919, 0.155078125], [18175, 0.1603213028169014], [18431, 0.16417100694444445], [18687, 0.1675406678082192], [18943, 0.17060810810810811], [19199, 0.17369791666666667], [19455, 0.17758018092105263], [19711, 0.17928165584415584], [19967, 0.17963741987179488], [20223, 0.17998417721518986], [20479, 0.180419921875], [20735, 0.18036265432098766], [20991, 0.18078315548780488], [21247, 0.18147590361445784], [21503, 0.1820126488095238], [21759, 0.18285845588235294], [22015, 0.1836391715116279], [22271, 0.1844019396551724], [22527, 0.18590198863636365], [22783, 0.1874561095505618], [23039, 0.18897569444444445], [23295, 0.19033310439560439], [23551, 0.19208559782608695], [23807, 0.19405241935483872], [24063, 0.19581117021276595], [24319, 0.1974095394736842], [24575, 0.198486328125], [24831, 0.199621456185567], [25087, 0.2005341198979592], [25343, 0.20213857323232323], [25599, 0.2032421875], [25855, 0.2044012995049505], [26111, 0.20565257352941177], [26367, 0.2072587985436893], [26623, 0.20827073317307693], [26879, 0.2095610119047619], [27135, 0.2103847287735849], [27391, 0.21126606308411214], [27647, 0.2123480902777778], [27903, 0.2135536123853211], [28159, 0.21239346590909092], [28415, 0.21062077702702703], [28671, 0.20901925223214285], [28927, 0.20741150442477876], [29183, 0.20579769736842105], [29439, 0.20417798913043478], [29695, 0.2026872306034483], [29951, 0.2012553418803419], [30207, 0.19974841101694915], [30463, 0.19839810924369747], [30719, 0.19713541666666667], [30975, 0.19608729338842976], [31231, 0.19492827868852458], [31487, 0.19359756097560976], [31743, 0.19263482862903225], [31999, 0.19184375], [32255, 0.19190228174603174], [32511, 0.19269808070866143], [32767, 0.194427490234375], [33023, 0.19655402131782945], [33279, 0.19696514423076922], [33535, 0.1967139790076336], [33791, 0.19708806818181818], [34047, 0.19733905075187969], [34303, 0.19741138059701493], [34559, 0.19722222222222222], [34815, 0.19712201286764705], [35071, 0.1969377281021898], [35327, 0.1969542572463768], [35583, 0.19719536870503598], [35839, 0.19737723214285716], [36095, 0.1972794769503546], [36351, 0.1974306778169014], [36607, 0.1974158653846154], [36863, 0.1974555121527778], [37119, 0.19735991379310344], [37375, 0.1975064212328767], [37631, 0.19775722789115646], [37887, 0.19829497466216217], [38143, 0.19840604026845637], [38399, 0.197109375], [38655, 0.19580401490066227], [38911, 0.19541529605263158], [39167, 0.1956188725490196], [39423, 0.1956422483766234], [39679, 0.19594254032258066], [39935, 0.19668970352564102], [40191, 0.19717854299363058], [40447, 0.1975870253164557], [40703, 0.19803950471698112], [40959, 0.19853515625], [41215, 0.1988790760869565], [41471, 0.19958043981481483], [41727, 0.1998418328220859], [41983, 0.20031440548780488], [42239, 0.2008285984848485], [42495, 0.20164250753012047], [42751, 0.2021425898203593], [43007, 0.20279947916666666], [43263, 0.20342548076923078], [43519, 0.20418198529411766], [43775, 0.20458698830409358], [44031, 0.20562318313953487], [44287, 0.20608291184971098], [44543, 0.20669450431034483], [44799, 0.20741071428571428], [45055, 0.20842950994318182], [45311, 0.2091498940677966], [45567, 0.20992801966292135], [45823, 0.2107629189944134], [46079, 0.21176215277777777], [46335, 0.21251294889502761], [46591, 0.21336280906593408], [46847, 0.21341359289617487], [47103, 0.2122749660326087], [47359, 0.2111275337837838], [47615, 0.21001344086021506], [47871, 0.20891126336898397], [48127, 0.20782081117021275], [48383, 0.20696924603174602], [48639, 0.2061060855263158], [48895, 0.20535422120418848], [49151, 0.20467122395833334], [49407, 0.20405602331606218], [49663, 0.20350757087628865], [49919, 0.2032051282051282], [50175, 0.20330436862244897], [50431, 0.2038190038071066], [50687, 0.20470328282828282], [50943, 0.20569645100502512], [51199, 0.206796875], [51455, 0.20804182213930347], [51711, 0.20956451113861385], [51967, 0.21087977216748768], [52223, 0.21045879289215685], [52479, 0.20943216463414635], [52735, 0.2084155036407767], [52846, 0.20797774708119665]], "candidate_count_total": 40, "confirmed_count_total": 39, "created_at": 1767842084.4358535}