{"dataset_name": "INSECTS_abrupt_balanced", "dataset_type": "insects_real", "model_variant": "ts_drift_adapt_severity", "seed": 33, "monitor_preset": "error_divergence_ph_meta@error.threshold=0.05,error.min_instances=5", "monitor_preset_base": "error_divergence_ph_meta", "monitor_ph_params": {"error_rate": {"delta": 0.005, "alpha": 0.15, "threshold": 0.05, "min_instances": 5}, "divergence": {"delta": 0.005, "alpha": 0.1, "threshold": 0.05, "min_instances": 30}}, "monitor_ph_overrides": {"error_rate": {"threshold": 0.05, "min_instances": 5}}, "trigger_mode": "two_stage", "trigger_k": 2, "trigger_threshold": 0.5, "trigger_weights": "confirm_cooldown=200,divergence=0.3,error_rate=0.5,teacher_entropy=0.2", "confirm_window": 1, "confirm_cooldown": 0, "adaptive_cooldown_enabled": 0, "adaptive_window": 10000, "adaptive_lower_per10k": 10.0, "adaptive_upper_per10k": 25.0, "adaptive_cooldown_low": 200, "adaptive_cooldown_high": 500, "severity_scheduler_scale": 2.0, "use_severity_v2": 1, "severity_gate": "confirmed_streak", "severity_gate_min_streak": 1, "entropy_mode": "uncertain", "severity_decay": 0.95, "freeze_baseline_steps": 5, "n_steps": 1200, "horizon": 52847, "acc_final": 0.21092966488163944, "mean_acc": 0.2083729996857645, "acc_min": 0.1640625, "candidate_sample_idxs": [1279, 2559, 3839, 5119, 6399, 7679, 8959, 10239, 11519, 12799, 14591, 18175, 19455, 20735, 22015, 23295, 24575, 25855, 27135, 28415, 29695, 30975, 32255, 33535, 34815, 36095, 37375, 38655, 39935, 41215, 42495, 43775, 45055, 46335, 47615, 49151, 50431, 51711], "confirmed_sample_idxs": [1279, 2559, 3839, 5119, 6399, 7679, 8959, 10239, 11519, 12799, 14591, 18175, 19455, 20735, 22015, 23295, 24575, 25855, 27135, 28415, 29695, 30975, 32255, 33535, 34815, 36095, 37375, 38655, 39935, 41215, 42495, 43775, 45055, 46335, 47615, 49151, 50431, 51711], "acc_series": [[255, 0.1640625], [511, 0.17578125], [767, 0.18489583333333334], [1023, 0.19140625], [1279, 0.1921875], [1535, 0.19140625], [1791, 0.19977678571428573], [2047, 0.20068359375], [2303, 0.2009548611111111], [2559, 0.197265625], [2815, 0.19921875], [3071, 0.19889322916666666], [3327, 0.19861778846153846], [3583, 0.20172991071428573], [3839, 0.20572916666666666], [4095, 0.206787109375], [4351, 0.20795036764705882], [4607, 0.21028645833333334], [4863, 0.21237664473684212], [5119, 0.212890625], [5375, 0.21354166666666666], [5631, 0.21324573863636365], [5887, 0.21314538043478262], [6143, 0.21305338541666666], [6399, 0.2121875], [6655, 0.21439302884615385], [6911, 0.21672453703703703], [7167, 0.21763392857142858], [7423, 0.2200969827586207], [7679, 0.21966145833333334], [7935, 0.2203881048387097], [8191, 0.2218017578125], [8447, 0.22147253787878787], [8703, 0.22265625], [8959, 0.22321428571428573], [9215, 0.22493489583333334], [9471, 0.22519003378378377], [9727, 0.2255345394736842], [9983, 0.22556089743589744], [10239, 0.22578125], [10495, 0.22522865853658536], [10751, 0.22609747023809523], [11007, 0.22674418604651161], [11263, 0.22807173295454544], [11519, 0.22786458333333334], [11775, 0.22843070652173914], [12031, 0.22888962765957446], [12287, 0.22981770833333334], [12543, 0.22975127551020408], [12799, 0.226171875], [13055, 0.22173713235294118], [13311, 0.21747295673076922], [13567, 0.2133696933962264], [13823, 0.2094184027777778], [14079, 0.20561079545454544], [14335, 0.20242745535714285], [14591, 0.20086348684210525], [14847, 0.1978044181034483], [15103, 0.19451800847457626], [15359, 0.19134114583333334], [15615, 0.18820440573770492], [15871, 0.18516885080645162], [16127, 0.18229166666666666], [16383, 0.179443359375], [16639, 0.17668269230769232], [16895, 0.17400568181818182], [17151, 0.17152518656716417], [17407, 0.16917509191176472], [17663, 0.16706295289855072], [17919, 0.1671875], [18175, 0.17077464788732394], [18431, 0.1728515625], [18687, 0.1742829623287671], [18943, 0.17567567567567569], [19199, 0.17708333333333334], [19455, 0.17912212171052633], [19711, 0.18065137987012986], [19967, 0.18139022435897437], [20223, 0.18146756329113925], [20479, 0.182421875], [20735, 0.18373842592592593], [20991, 0.185546875], [21247, 0.1876882530120482], [21503, 0.18870907738095238], [21759, 0.1900735294117647], [22015, 0.1921329941860465], [22271, 0.19333692528735633], [22527, 0.19549005681818182], [22783, 0.1971120084269663], [23039, 0.19817708333333334], [23295, 0.19921875], [23551, 0.20100203804347827], [23807, 0.20262096774193547], [24063, 0.20445478723404256], [24319, 0.20555098684210527], [24575, 0.20646158854166666], [24831, 0.2075950386597938], [25087, 0.208984375], [25343, 0.21062184343434343], [25599, 0.21203125], [25855, 0.21364480198019803], [26111, 0.21495863970588236], [26367, 0.2159814927184466], [26623, 0.21705979567307693], [26879, 0.21863839285714284], [27135, 0.2199660966981132], [27391, 0.22119596962616822], [27647, 0.22269241898148148], [27903, 0.22365969036697247], [28159, 0.221875], [28415, 0.21987612612612611], [28671, 0.21798270089285715], [28927, 0.21608821902654868], [29183, 0.21432976973684212], [29439, 0.21263586956521738], [29695, 0.21124057112068967], [29951, 0.20973557692307693], [30207, 0.2086533368644068], [30463, 0.20752363445378152], [30719, 0.20634765625], [30975, 0.20590134297520662], [31231, 0.20591060450819673], [31487, 0.2071265243902439], [31743, 0.20835433467741934], [31999, 0.2100625], [32255, 0.2119295634920635], [32511, 0.21355191929133857], [32767, 0.215057373046875], [33023, 0.2167514534883721], [33279, 0.2169170673076923], [33535, 0.21645395992366412], [33791, 0.21635298295454544], [34047, 0.21648848684210525], [34303, 0.21624300373134328], [34559, 0.21594328703703702], [34815, 0.21564797794117646], [35071, 0.21518590328467152], [35327, 0.2151834239130435], [35583, 0.21498426258992806], [35839, 0.21517857142857144], [36095, 0.2151207890070922], [36351, 0.2151463468309859], [36607, 0.21503496503496503], [36863, 0.2148980034722222], [37119, 0.21452047413793104], [37375, 0.21430864726027396], [37631, 0.21412627551020408], [37887, 0.21431587837837837], [38143, 0.2141883389261745], [38399, 0.21276041666666667], [38655, 0.2113514072847682], [38911, 0.21111739309210525], [39167, 0.2110906862745098], [39423, 0.21091213474025974], [39679, 0.21101310483870966], [39935, 0.21098758012820512], [40191, 0.2109126194267516], [40447, 0.2108138844936709], [40703, 0.2106426886792453], [40959, 0.210791015625], [41215, 0.21101028726708074], [41471, 0.21144386574074073], [41727, 0.21180023006134968], [41983, 0.21189024390243902], [42239, 0.2126183712121212], [42495, 0.21324359939759036], [42751, 0.21369760479041916], [43007, 0.21435546875], [43263, 0.21512111686390534], [43519, 0.21580882352941178], [43775, 0.21630573830409358], [44031, 0.21722837936046513], [44287, 0.217485549132948], [44543, 0.2179193606321839], [44799, 0.2185044642857143], [45055, 0.21897194602272727], [45311, 0.2192134533898305], [45567, 0.21973753511235955], [45823, 0.22023393854748605], [46079, 0.22100694444444444], [46335, 0.2214261049723757], [46591, 0.22186212225274726], [46847, 0.22169569672131148], [47103, 0.22049082880434784], [47359, 0.2192989864864865], [47615, 0.21811995967741934], [47871, 0.21697443181818182], [48127, 0.21586186835106383], [48383, 0.21476107804232805], [48639, 0.21385690789473685], [48895, 0.21312581806282724], [49151, 0.21250406901041666], [49407, 0.21209115932642486], [49663, 0.21168250644329897], [49919, 0.2114383012820513], [50175, 0.21159518494897958], [50431, 0.21192893401015228], [50687, 0.21225931186868688], [50943, 0.21266488693467336], [51199, 0.21310546875], [51455, 0.21344449626865672], [51711, 0.2138961943069307], [51967, 0.2142472290640394], [52223, 0.21344592524509803], [52479, 0.2124047256097561], [52735, 0.21137363470873785], [52846, 0.21092966488163944]], "candidate_count_total": 38, "confirmed_count_total": 38, "created_at": 1767888238.8341503}