{"dataset_name": "sine_nodrift", "dataset_type": "sine", "model_variant": "ts_drift_adapt", "seed": 2, "monitor_preset": "error_divergence_ph_meta@error.threshold=0.10,error.min_instances=5", "monitor_preset_base": "error_divergence_ph_meta", "monitor_ph_params": {"error_rate": {"delta": 0.005, "alpha": 0.15, "threshold": 0.1, "min_instances": 5}, "divergence": {"delta": 0.005, "alpha": 0.1, "threshold": 0.05, "min_instances": 30}}, "monitor_ph_overrides": {"error_rate": {"threshold": 0.1, "min_instances": 5}}, "trigger_mode": "two_stage", "trigger_k": 2, "trigger_threshold": 0.5, "trigger_weights": "__confirm_cooldown=200,__confirm_rule=perm_test,__perm_alpha=0.05,__perm_delta_k=25,__perm_min_effect=0,__perm_n_perm=200,__perm_post_n=50,__perm_pre_n=500,__perm_rng_seed=0,__perm_stat=delta_fused_score,divergence=0.3,error_rate=0.5,teacher_entropy=0.2", "confirm_window": 3, "confirm_cooldown": 0, "adaptive_cooldown_enabled": 0, "adaptive_window": 10000, "adaptive_lower_per10k": 10.0, "adaptive_upper_per10k": 25.0, "adaptive_cooldown_low": 200, "adaptive_cooldown_high": 500, "severity_scheduler_scale": 1.0, "use_severity_v2": 0, "severity_gate": "none", "severity_gate_min_streak": 1, "entropy_mode": "overconfident", "severity_decay": 0.95, "freeze_baseline_steps": 0, "n_steps": 800, "horizon": 10000, "acc_final": 0.9156, "mean_acc": 0.820344553091903, "acc_min": 0.5260416666666666, "candidate_sample_idxs": [319, 639, 959, 1279, 1599, 1983, 2367, 2687, 3071, 3391, 3711, 4031, 4351, 4671, 4991, 5503, 5823, 6207, 6591, 6911, 7359, 7935, 8703, 9023], "confirmed_sample_idxs": [703, 1023, 1279, 1599, 1983, 2367, 2751, 3071, 4031, 4415, 4671, 4991, 5503, 5887, 6207, 6591, 7359, 7935, 8703], "acc_series": [[63, 0.5625], [127, 0.5390625], [191, 0.5260416666666666], [255, 0.54296875], [319, 0.553125], [383, 0.5546875], [447, 0.5714285714285714], [511, 0.5703125], [575, 0.578125], [639, 0.59375], [703, 0.5866477272727273], [767, 0.5846354166666666], [831, 0.5853365384615384], [895, 0.5915178571428571], [959, 0.6020833333333333], [1023, 0.6181640625], [1087, 0.6295955882352942], [1151, 0.6397569444444444], [1215, 0.6529605263157895], [1279, 0.6625], [1343, 0.6748511904761905], [1407, 0.6846590909090909], [1471, 0.6936141304347826], [1535, 0.703125], [1599, 0.71125], [1663, 0.7169471153846154], [1727, 0.7233796296296297], [1791, 0.7293526785714286], [1855, 0.7338362068965517], [1919, 0.7390625], [1983, 0.7454637096774194], [2047, 0.75048828125], [2111, 0.7537878787878788], [2175, 0.7601102941176471], [2239, 0.7660714285714286], [2303, 0.7699652777777778], [2367, 0.7719594594594594], [2431, 0.774671052631579], [2495, 0.7796474358974359], [2559, 0.781640625], [2623, 0.7854420731707317], [2687, 0.7883184523809523], [2751, 0.7917877906976745], [2815, 0.7950994318181818], [2879, 0.7989583333333333], [2943, 0.8009510869565217], [3007, 0.8045212765957447], [3071, 0.8072916666666666], [3135, 0.8089923469387755], [3199, 0.811875], [3263, 0.8143382352941176], [3327, 0.8173076923076923], [3391, 0.8207547169811321], [3455, 0.8234953703703703], [3519, 0.8252840909090909], [3583, 0.8270089285714286], [3647, 0.8289473684210527], [3711, 0.8313577586206896], [3775, 0.8339512711864406], [3839, 0.8359375], [3903, 0.8378586065573771], [3967, 0.8397177419354839], [4031, 0.8407738095238095], [4095, 0.8427734375], [4159, 0.8432692307692308], [4223, 0.8444602272727273], [4287, 0.8463152985074627], [4351, 0.8474264705882353], [4415, 0.8491847826086957], [4479, 0.8504464285714286], [4543, 0.8525528169014085], [4607, 0.8541666666666666], [4671, 0.8553082191780822], [4735, 0.8566300675675675], [4799, 0.8579166666666667], [4863, 0.8595805921052632], [4927, 0.8614042207792207], [4991, 0.8621794871794872], [5055, 0.8637262658227848], [5119, 0.865234375], [5183, 0.8663194444444444], [5247, 0.8677591463414634], [5311, 0.8689759036144579], [5375, 0.8705357142857143], [5439, 0.8716911764705882], [5503, 0.8724563953488372], [5567, 0.873742816091954], [5631, 0.8744673295454546], [5695, 0.8757022471910112], [5759, 0.8767361111111112], [5823, 0.8777472527472527], [5887, 0.87890625], [5951, 0.8800403225806451], [6015, 0.8808178191489362], [6079, 0.8819078947368421], [6143, 0.8826497395833334], [6207, 0.8835373711340206], [6271, 0.8847257653061225], [6335, 0.8855744949494949], [6399, 0.88671875], [6463, 0.8873762376237624], [6527, 0.8880208333333334], [6591, 0.8886529126213593], [6655, 0.8892728365384616], [6719, 0.8898809523809523], [6783, 0.8903301886792453], [6847, 0.8909170560747663], [6911, 0.8916377314814815], [6975, 0.8924885321100917], [7039, 0.8933238636363636], [7103, 0.8940033783783784], [7167, 0.89453125], [7231, 0.8949115044247787], [7295, 0.8952850877192983], [7359, 0.8956521739130435], [7423, 0.8962823275862069], [7487, 0.8966346153846154], [7551, 0.8971133474576272], [7615, 0.897452731092437], [7679, 0.8983072916666667], [7743, 0.8991477272727273], [7807, 0.8999743852459017], [7871, 0.9005335365853658], [7935, 0.9008316532258065], [7999, 0.901625], [8063, 0.9021577380952381], [8127, 0.9029281496062992], [8191, 0.9031982421875], [8255, 0.903827519379845], [8319, 0.9040865384615384], [8383, 0.904699427480916], [8447, 0.9051846590909091], [8511, 0.9057800751879699], [8575, 0.9060167910447762], [8639, 0.906712962962963], [8703, 0.9071691176470589], [8767, 0.9077326642335767], [8831, 0.9077219202898551], [8895, 0.9083857913669064], [8959, 0.9089285714285714], [9023, 0.9092420212765957], [9087, 0.9097711267605634], [9151, 0.9101835664335665], [9215, 0.9105902777777778], [9279, 0.9110991379310345], [9343, 0.9111729452054794], [9407, 0.9115646258503401], [9471, 0.9119510135135135], [9535, 0.9125419463087249], [9599, 0.9128125], [9663, 0.9132864238410596], [9727, 0.9136513157894737], [9791, 0.9142156862745098], [9855, 0.9145698051948052], [9919, 0.9150201612903226], [9983, 0.9154647435897436], [9999, 0.9156]], "candidate_count_total": 24, "confirmed_count_total": 19, "created_at": 1768131048.7388935, "confirm_rule_effective": "perm_test", "last_perm_pvalue": 1.0, "last_perm_effect": -0.006273941162725342, "perm_test_count_total": 40, "perm_accept_count_total": 19, "perm_reject_count_total": 21, "perm_alpha": 0.05, "perm_pvalue_p50": 0.5422885572139303, "perm_pvalue_p90": 1.0, "perm_pvalue_p99": 1.0, "perm_pvalue_le_alpha_ratio": 0.475, "perm_effect_p50": 0.0008581190853360135, "perm_effect_p90": 0.0732300416318434, "perm_effect_p99": 0.13074011257070398}