{"dataset_name": "INSECTS_abrupt_balanced", "dataset_type": "insects_real", "model_variant": "ts_drift_adapt_severity", "seed": 34, "monitor_preset": "error_divergence_ph_meta@error.threshold=0.05,error.min_instances=5", "monitor_preset_base": "error_divergence_ph_meta", "monitor_ph_params": {"error_rate": {"delta": 0.005, "alpha": 0.15, "threshold": 0.05, "min_instances": 5}, "divergence": {"delta": 0.005, "alpha": 0.1, "threshold": 0.05, "min_instances": 30}}, "monitor_ph_overrides": {"error_rate": {"threshold": 0.05, "min_instances": 5}}, "trigger_mode": "two_stage", "trigger_k": 2, "trigger_threshold": 0.5, "trigger_weights": "confirm_cooldown=200,divergence=0.3,error_rate=0.5,teacher_entropy=0.2", "confirm_window": 1, "confirm_cooldown": 0, "adaptive_cooldown_enabled": 0, "adaptive_window": 10000, "adaptive_lower_per10k": 10.0, "adaptive_upper_per10k": 25.0, "adaptive_cooldown_low": 200, "adaptive_cooldown_high": 500, "severity_scheduler_scale": 2.0, "use_severity_v2": 1, "severity_gate": "none", "severity_gate_min_streak": 1, "entropy_mode": "uncertain", "severity_decay": 0.95, "freeze_baseline_steps": 5, "n_steps": 1200, "horizon": 52847, "acc_final": 0.1953185611292978, "mean_acc": 0.19187594891502696, "acc_min": 0.16191123188405798, "candidate_sample_idxs": [1279, 2559, 3839, 5119, 6399, 7679, 8959, 10239, 11519, 12799, 14591, 15871, 17663, 18943, 20223, 21503, 22783, 24063, 25343, 26623, 27903, 29183, 30463, 31999, 33279, 34559, 35839, 37119, 38399, 39679, 40959, 42239, 43519, 44799, 46079, 47359, 49151, 50431, 51711, 52846], "confirmed_sample_idxs": [1279, 2559, 3839, 5119, 6399, 7679, 8959, 10239, 11519, 12799, 14591, 15871, 17663, 18943, 20223, 21503, 22783, 24063, 25343, 26623, 27903, 29183, 30463, 31999, 33279, 34559, 35839, 37119, 38399, 39679, 40959, 42239, 43519, 44799, 46079, 47359, 49151, 50431, 51711, 52846], "acc_series": [[255, 0.16796875], [511, 0.1640625], [767, 0.17317708333333334], [1023, 0.181640625], [1279, 0.18125], [1535, 0.177734375], [1791, 0.17466517857142858], [2047, 0.181640625], [2303, 0.1814236111111111], [2559, 0.18359375], [2815, 0.1875], [3071, 0.18619791666666666], [3327, 0.1875], [3583, 0.19168526785714285], [3839, 0.19635416666666666], [4095, 0.19921875], [4351, 0.20013786764705882], [4607, 0.1990017361111111], [4863, 0.19860197368421054], [5119, 0.19921875], [5375, 0.19866071428571427], [5631, 0.19886363636363635], [5887, 0.19904891304347827], [6143, 0.19742838541666666], [6399, 0.19984375], [6655, 0.19921875], [6911, 0.19994212962962962], [7167, 0.20172991071428573], [7423, 0.2025862068965517], [7679, 0.20234375], [7935, 0.20287298387096775], [8191, 0.2034912109375], [8447, 0.20348011363636365], [8703, 0.20542279411764705], [8959, 0.20613839285714286], [9215, 0.20789930555555555], [9471, 0.20840371621621623], [9727, 0.20867598684210525], [9983, 0.2093349358974359], [10239, 0.21103515625], [10495, 0.21208079268292682], [10751, 0.2132626488095238], [11007, 0.21429869186046513], [11263, 0.21360085227272727], [11519, 0.21414930555555556], [11775, 0.21526834239130435], [12031, 0.21534242021276595], [12287, 0.214599609375], [12543, 0.2150829081632653], [12799, 0.21171875], [13055, 0.20756740196078433], [13311, 0.20357572115384615], [13567, 0.19973466981132076], [13823, 0.19603587962962962], [14079, 0.1924715909090909], [14335, 0.18903459821428573], [14591, 0.1904468201754386], [14847, 0.19046336206896552], [15103, 0.1877648305084746], [15359, 0.18470052083333333], [15615, 0.18173668032786885], [15871, 0.1788054435483871], [16127, 0.17602926587301587], [16383, 0.17327880859375], [16639, 0.17061298076923076], [16895, 0.16814630681818182], [17151, 0.1658115671641791], [17407, 0.16377527573529413], [17663, 0.16191123188405798], [17919, 0.1625], [18175, 0.1658780809859155], [18431, 0.16715494791666666], [18687, 0.16866438356164384], [18943, 0.16939400337837837], [19199, 0.17083333333333334], [19455, 0.17259457236842105], [19711, 0.17339691558441558], [19967, 0.1733273237179487], [20223, 0.173407832278481], [20479, 0.1736328125], [20735, 0.17375578703703703], [20991, 0.1737328506097561], [21247, 0.17361634036144577], [21503, 0.17368861607142858], [21759, 0.17362132352941176], [22015, 0.17419149709302326], [22271, 0.17501795977011494], [22527, 0.17626953125], [22783, 0.17823911516853932], [23039, 0.17955729166666667], [23295, 0.18046016483516483], [23551, 0.18231997282608695], [23807, 0.18342573924731181], [24063, 0.18442486702127658], [24319, 0.18548519736842106], [24575, 0.18603515625], [24831, 0.18665431701030927], [25087, 0.1875], [25343, 0.18899936868686867], [25599, 0.1901953125], [25855, 0.19163830445544555], [26111, 0.19224877450980393], [26367, 0.19379550970873785], [26623, 0.19493689903846154], [26879, 0.19657738095238095], [27135, 0.19752358490566038], [27391, 0.1984886098130841], [27647, 0.1994357638888889], [27903, 0.2006163990825688], [28159, 0.1998224431818182], [28415, 0.19872606981981983], [28671, 0.19778878348214285], [28927, 0.19676438053097345], [29183, 0.19562088815789475], [29439, 0.19470108695652175], [29695, 0.19362877155172414], [29951, 0.19244123931623933], [30207, 0.1912407309322034], [30463, 0.19025735294117646], [30719, 0.18919270833333332], [30975, 0.188307076446281], [31231, 0.1873078893442623], [31487, 0.18645198170731708], [31743, 0.18592489919354838], [31999, 0.185625], [32255, 0.18582589285714285], [32511, 0.18706938976377951], [32767, 0.188446044921875], [33023, 0.19010416666666666], [33279, 0.19005408653846154], [33535, 0.19012404580152673], [33791, 0.1905184659090909], [34047, 0.1905251409774436], [34303, 0.19050256529850745], [34559, 0.1908564814814815], [34815, 0.19083180147058823], [35071, 0.19075045620437955], [35327, 0.19024569746376813], [35583, 0.1901416366906475], [35839, 0.18998325892857143], [36095, 0.19021498226950354], [36351, 0.19008582746478872], [36607, 0.1903409090909091], [36863, 0.19059244791666666], [37119, 0.19054418103448276], [37375, 0.19071061643835616], [37631, 0.19084821428571427], [37887, 0.19119510135135134], [38143, 0.19119651845637584], [38399, 0.189921875], [38655, 0.1886641142384106], [38911, 0.18837376644736842], [39167, 0.18864889705882354], [39423, 0.18866680194805194], [39679, 0.18911290322580646], [39935, 0.1896033653846154], [40191, 0.1897143710191083], [40447, 0.19004647943037975], [40703, 0.1899321933962264], [40959, 0.190283203125], [41215, 0.1903629658385093], [41471, 0.19092399691358025], [41727, 0.19135832055214724], [41983, 0.19183498475609756], [42239, 0.19270833333333334], [42495, 0.1936652861445783], [42751, 0.19463416916167664], [43007, 0.19540550595238096], [43263, 0.19635262573964496], [43519, 0.19724264705882352], [43775, 0.19812225877192982], [44031, 0.19928688226744187], [44287, 0.19998645231213874], [44543, 0.20065553160919541], [44799, 0.2014732142857143], [45055, 0.20250355113636365], [45311, 0.2034118997175141], [45567, 0.20441976825842698], [45823, 0.20532908519553073], [46079, 0.20635850694444444], [46335, 0.20724706491712708], [46591, 0.20821171016483517], [46847, 0.20826929644808742], [47103, 0.20713739809782608], [47359, 0.20603885135135136], [47615, 0.20493111559139784], [47871, 0.20383522727272727], [48127, 0.20277177526595744], [48383, 0.2017815806878307], [48639, 0.20082236842105264], [48895, 0.19981184554973822], [49151, 0.19901529947916666], [49407, 0.19814604922279794], [49663, 0.19744684278350516], [49919, 0.19689503205128206], [50175, 0.19656808035714285], [50431, 0.19636342005076143], [50687, 0.19616082702020202], [50943, 0.196097675879397], [51199, 0.19599609375], [51455, 0.19620646766169153], [51711, 0.19701423267326731], [51967, 0.19812192118226601], [52223, 0.19764859068627452], [52479, 0.1966844512195122], [52735, 0.19572967233009708], [52846, 0.1953185611292978]], "candidate_count_total": 40, "confirmed_count_total": 40, "created_at": 1767887647.9129949}