{"dataset_name": "INSECTS_abrupt_balanced", "dataset_type": "insects_real", "model_variant": "ts_drift_adapt_severity", "seed": 15, "monitor_preset": "error_divergence_ph_meta@error.threshold=0.05,error.min_instances=5", "monitor_preset_base": "error_divergence_ph_meta", "monitor_ph_params": {"error_rate": {"delta": 0.005, "alpha": 0.15, "threshold": 0.05, "min_instances": 5}, "divergence": {"delta": 0.005, "alpha": 0.1, "threshold": 0.05, "min_instances": 30}}, "monitor_ph_overrides": {"error_rate": {"threshold": 0.05, "min_instances": 5}}, "trigger_mode": "two_stage", "trigger_k": 2, "trigger_threshold": 0.5, "trigger_weights": "confirm_cooldown=200,divergence=0.3,error_rate=0.5,teacher_entropy=0.2", "confirm_window": 1, "confirm_cooldown": 0, "adaptive_cooldown_enabled": 0, "adaptive_window": 10000, "adaptive_lower_per10k": 10.0, "adaptive_upper_per10k": 25.0, "adaptive_cooldown_low": 200, "adaptive_cooldown_high": 500, "severity_scheduler_scale": 1.0, "use_severity_v2": 1, "severity_gate": "confirmed_streak", "severity_gate_min_streak": 5, "entropy_mode": "overconfident", "severity_decay": 0.95, "freeze_baseline_steps": 0, "n_steps": 1200, "horizon": 52847, "acc_final": 0.20822374023123355, "mean_acc": 0.20446463523390454, "acc_min": 0.1328125, "candidate_sample_idxs": [1279, 2559, 3839, 5119, 6399, 7679, 8959, 10239, 11519, 12799, 14079, 15359, 17919, 19199, 20479, 21759, 23039, 24319, 25599, 26879, 28159, 29439, 30719, 31999, 33279, 34559, 35839, 37119, 38399, 39679, 40959, 42239, 43519, 44799, 46079, 47359, 49919, 51199, 52479], "confirmed_sample_idxs": [1279, 2559, 3839, 5119, 6399, 7679, 8959, 10239, 11519, 12799, 14079, 15359, 17919, 19199, 20479, 21759, 23039, 24319, 25599, 26879, 28159, 29439, 30719, 31999, 33279, 34559, 35839, 37119, 38399, 39679, 40959, 42239, 43519, 44799, 46079, 47359, 49919, 51199, 52479], "acc_series": [[255, 0.1328125], [511, 0.158203125], [767, 0.18098958333333334], [1023, 0.1826171875], [1279, 0.175], [1535, 0.171875], [1791, 0.17745535714285715], [2047, 0.1767578125], [2303, 0.17578125], [2559, 0.173046875], [2815, 0.1768465909090909], [3071, 0.18131510416666666], [3327, 0.18058894230769232], [3583, 0.18415178571428573], [3839, 0.18541666666666667], [4095, 0.1865234375], [4351, 0.1909466911764706], [4607, 0.19205729166666666], [4863, 0.19654605263157895], [5119, 0.1962890625], [5375, 0.19698660714285715], [5631, 0.1983309659090909], [5887, 0.1995584239130435], [6143, 0.19889322916666666], [6399, 0.200625], [6655, 0.2010216346153846], [6911, 0.20182291666666666], [7167, 0.2021484375], [7423, 0.20460668103448276], [7679, 0.20416666666666666], [7935, 0.2052671370967742], [8191, 0.207763671875], [8447, 0.20857007575757575], [8703, 0.21059283088235295], [8959, 0.21261160714285715], [9215, 0.21397569444444445], [9471, 0.21494932432432431], [9727, 0.21432976973684212], [9983, 0.2171474358974359], [10239, 0.21904296875], [10495, 0.21951219512195122], [10751, 0.22181919642857142], [11007, 0.22301962209302326], [11263, 0.22345525568181818], [11519, 0.22335069444444444], [11775, 0.22393002717391305], [12031, 0.2239029255319149], [12287, 0.22322591145833334], [12543, 0.22417091836734693], [12799, 0.220625], [13055, 0.21629901960784315], [13311, 0.21213942307692307], [13567, 0.20813679245283018], [13823, 0.20457175925925927], [14079, 0.20482954545454546], [14335, 0.20982142857142858], [14591, 0.20751096491228072], [14847, 0.20400053879310345], [15103, 0.20060911016949154], [15359, 0.197265625], [15615, 0.19403176229508196], [15871, 0.19090221774193547], [16127, 0.1879340277777778], [16383, 0.18499755859375], [16639, 0.1821514423076923], [16895, 0.17939157196969696], [17151, 0.1767140858208955], [17407, 0.17417279411764705], [17663, 0.1716485507246377], [17919, 0.171484375], [18175, 0.17633142605633803], [18431, 0.1794704861111111], [18687, 0.18295162671232876], [18943, 0.18607474662162163], [19199, 0.18947916666666667], [19455, 0.19346217105263158], [19711, 0.1950588474025974], [19967, 0.1951121794871795], [20223, 0.19516416139240506], [20479, 0.19541015625], [20735, 0.19536072530864199], [20991, 0.19597942073170732], [21247, 0.19644201807228914], [21503, 0.19717261904761904], [21759, 0.19811580882352942], [22015, 0.19903706395348839], [22271, 0.2003412356321839], [22527, 0.2022372159090909], [22783, 0.203125], [23039, 0.20399305555555555], [23295, 0.20497081043956045], [23551, 0.20681895380434784], [23807, 0.20854334677419356], [24063, 0.20994015957446807], [24319, 0.21126644736842104], [24575, 0.21219889322916666], [24831, 0.21363563144329897], [25087, 0.21504304846938777], [25343, 0.2160669191919192], [25599, 0.217265625], [25855, 0.21836324257425743], [26111, 0.21897977941176472], [26367, 0.2196601941747573], [26623, 0.22047776442307693], [26879, 0.22098214285714285], [27135, 0.22195607311320756], [27391, 0.2227292640186916], [27647, 0.22374131944444445], [27903, 0.22451978211009174], [28159, 0.22265625], [28415, 0.22065033783783783], [28671, 0.21878487723214285], [28927, 0.21705613938053098], [29183, 0.21525493421052633], [29439, 0.2134171195652174], [29695, 0.2117456896551724], [29951, 0.2101696047008547], [30207, 0.20878575211864406], [30463, 0.2076221113445378], [30719, 0.20641276041666667], [30975, 0.2054816632231405], [31231, 0.20459784836065573], [31487, 0.2034743394308943], [31743, 0.20296748991935484], [31999, 0.20234375], [32255, 0.2026909722222222], [32511, 0.203001968503937], [32767, 0.204132080078125], [33023, 0.20533551356589147], [33279, 0.20579927884615384], [33535, 0.20559995229007633], [33791, 0.20578835227272727], [34047, 0.2057095864661654], [34303, 0.20580690298507462], [34559, 0.20564236111111112], [34815, 0.20548023897058823], [35071, 0.20534899635036497], [35327, 0.20519134963768115], [35583, 0.20540130395683454], [35839, 0.20555245535714287], [36095, 0.20542442375886524], [36351, 0.20562830105633803], [36607, 0.2056381118881119], [36863, 0.20564778645833334], [37119, 0.20557650862068966], [37375, 0.2055597174657534], [37631, 0.20546343537414966], [37887, 0.20573796452702703], [38143, 0.20595637583892618], [38399, 0.204765625], [38655, 0.20364238410596028], [38911, 0.20330489309210525], [39167, 0.20353349673202614], [39423, 0.20365767045454544], [39679, 0.20405745967741937], [39935, 0.20397636217948717], [40191, 0.20424462579617833], [40447, 0.20426226265822786], [40703, 0.20440251572327045], [40959, 0.20478515625], [41215, 0.20496894409937888], [41471, 0.20577739197530864], [41727, 0.20636023773006135], [41983, 0.20662633384146342], [42239, 0.20729166666666668], [42495, 0.20804310993975902], [42751, 0.2086686002994012], [43007, 0.20954241071428573], [43263, 0.21061390532544377], [43519, 0.2115579044117647], [43775, 0.21228527046783627], [44031, 0.21341297238372092], [44287, 0.21398572976878613], [44543, 0.21468660201149425], [44799, 0.21546875], [45055, 0.2164639559659091], [45311, 0.2170065324858757], [45567, 0.21776246488764045], [45823, 0.21870635474860337], [46079, 0.21970486111111112], [46335, 0.2208649861878453], [46591, 0.22162603021978022], [46847, 0.22167435109289618], [47103, 0.22046959918478262], [47359, 0.21927787162162163], [47615, 0.21809895833333334], [47871, 0.2169326537433155], [48127, 0.21577875664893617], [48383, 0.21465773809523808], [48639, 0.2135485197368421], [48895, 0.212532722513089], [49151, 0.21156819661458334], [49407, 0.21063390544041452], [49663, 0.20976965206185566], [49919, 0.20901442307692308], [50175, 0.20830676020408162], [50431, 0.20782439720812182], [50687, 0.20734690656565657], [50943, 0.20728643216080403], [51199, 0.20759765625], [51455, 0.2084110696517413], [51711, 0.20973855198019803], [51967, 0.21111068349753695], [52223, 0.21070772058823528], [52479, 0.2096798780487805], [52735, 0.2086620145631068], [52846, 0.20822374023123355]], "candidate_count_total": 39, "confirmed_count_total": 39, "created_at": 1767880233.5246322}