{"dataset_name": "sine_nodrift", "dataset_type": "sine", "model_variant": "ts_drift_adapt", "seed": 2, "monitor_preset": "error_divergence_ph_meta@error.threshold=0.10,error.min_instances=5", "monitor_preset_base": "error_divergence_ph_meta", "monitor_ph_params": {"error_rate": {"delta": 0.005, "alpha": 0.15, "threshold": 0.1, "min_instances": 5}, "divergence": {"delta": 0.005, "alpha": 0.1, "threshold": 0.05, "min_instances": 30}}, "monitor_ph_overrides": {"error_rate": {"threshold": 0.1, "min_instances": 5}}, "trigger_mode": "two_stage", "trigger_k": 2, "trigger_threshold": 0.5, "trigger_weights": "__confirm_cooldown=200,__confirm_rule=perm_test,__perm_alpha=0.01,__perm_min_effect=0,__perm_n_perm=200,__perm_post_n=10,__perm_pre_n=500,__perm_rng_seed=0,__perm_stat=vote_score,divergence=0.3,error_rate=0.5,teacher_entropy=0.2", "confirm_window": 3, "confirm_cooldown": 0, "adaptive_cooldown_enabled": 0, "adaptive_window": 10000, "adaptive_lower_per10k": 10.0, "adaptive_upper_per10k": 25.0, "adaptive_cooldown_low": 200, "adaptive_cooldown_high": 500, "severity_scheduler_scale": 1.0, "use_severity_v2": 0, "severity_gate": "none", "severity_gate_min_streak": 1, "entropy_mode": "overconfident", "severity_decay": 0.95, "freeze_baseline_steps": 0, "n_steps": 800, "horizon": 10000, "acc_final": 0.8915, "mean_acc": 0.7778229150763352, "acc_min": 0.4375, "candidate_sample_idxs": [319, 639, 959, 1279, 1599, 2111, 2559, 2879, 3199, 3519, 3839, 4159, 4479, 4799, 5119, 5439, 5823, 6847, 7743, 8127, 8511, 8895, 9215], "confirmed_sample_idxs": [639, 959, 1279, 1599, 2111, 2559, 2879, 3199, 3519, 3839, 4159, 4479, 4799, 5119, 5439, 5823, 6847, 7743, 8127, 8511, 8895, 9215], "acc_series": [[63, 0.4375], [127, 0.4609375], [191, 0.4635416666666667], [255, 0.4453125], [319, 0.440625], [383, 0.4557291666666667], [447, 0.47767857142857145], [511, 0.498046875], [575, 0.5121527777777778], [639, 0.521875], [703, 0.5340909090909091], [767, 0.546875], [831, 0.5576923076923077], [895, 0.5680803571428571], [959, 0.5739583333333333], [1023, 0.564453125], [1087, 0.5652573529411765], [1151, 0.5729166666666666], [1215, 0.5797697368421053], [1279, 0.5859375], [1343, 0.5959821428571429], [1407, 0.6001420454545454], [1471, 0.609375], [1535, 0.6165364583333334], [1599, 0.62875], [1663, 0.6370192307692307], [1727, 0.6475694444444444], [1791, 0.6568080357142857], [1855, 0.6632543103448276], [1919, 0.6729166666666667], [1983, 0.6814516129032258], [2047, 0.68896484375], [2111, 0.6950757575757576], [2175, 0.7008272058823529], [2239, 0.7075892857142857], [2303, 0.7139756944444444], [2367, 0.71875], [2431, 0.7228618421052632], [2495, 0.7283653846153846], [2559, 0.7328125], [2623, 0.7374237804878049], [2687, 0.7410714285714286], [2751, 0.7434593023255814], [2815, 0.7475142045454546], [2879, 0.7510416666666667], [2943, 0.7544157608695652], [3007, 0.7566489361702128], [3071, 0.7607421875], [3135, 0.7646683673469388], [3199, 0.768125], [3263, 0.7723651960784313], [3327, 0.7758413461538461], [3391, 0.7797759433962265], [3455, 0.7826967592592593], [3519, 0.7846590909090909], [3583, 0.7857142857142857], [3647, 0.7886513157894737], [3711, 0.790948275862069], [3775, 0.7929025423728814], [3839, 0.79453125], [3903, 0.796875], [3967, 0.7988911290322581], [4031, 0.8013392857142857], [4095, 0.803955078125], [4159, 0.8057692307692308], [4223, 0.8082386363636364], [4287, 0.8099347014925373], [4351, 0.8120404411764706], [4415, 0.813858695652174], [4479, 0.8160714285714286], [4543, 0.8177816901408451], [4607, 0.8192274305555556], [4671, 0.8199914383561644], [4735, 0.8196790540540541], [4799, 0.820625], [4863, 0.8219572368421053], [4927, 0.822849025974026], [4991, 0.8235176282051282], [5055, 0.8253560126582279], [5119, 0.826953125], [5183, 0.828125], [5247, 0.8296493902439024], [5311, 0.8313253012048193], [5375, 0.8325892857142857], [5439, 0.8340073529411764], [5503, 0.8352107558139535], [5567, 0.8367456896551724], [5631, 0.8382457386363636], [5695, 0.840063202247191], [5759, 0.8409722222222222], [5823, 0.8415178571428571], [5887, 0.8427309782608695], [5951, 0.8440860215053764], [6015, 0.8450797872340425], [6079, 0.8458881578947368], [6143, 0.8470052083333334], [6207, 0.8482603092783505], [6271, 0.8494897959183674], [6335, 0.8506944444444444], [6399, 0.85203125], [6463, 0.8534962871287128], [6527, 0.8546262254901961], [6591, 0.8555825242718447], [6655, 0.8560697115384616], [6719, 0.8569940476190476], [6783, 0.8579009433962265], [6847, 0.8586448598130841], [6911, 0.8595196759259259], [6975, 0.8606651376146789], [7039, 0.8615056818181818], [7103, 0.862331081081081], [7167, 0.8628627232142857], [7231, 0.863799778761062], [7295, 0.8648574561403509], [7359, 0.8658967391304347], [7423, 0.8669181034482759], [7487, 0.8677884615384616], [7551, 0.8683792372881356], [7615, 0.8686974789915967], [7679, 0.8694010416666667], [7743, 0.8699638429752066], [7807, 0.8709016393442623], [7871, 0.8716971544715447], [7935, 0.8726058467741935], [7999, 0.8735], [8063, 0.8740079365079365], [8127, 0.874753937007874], [8191, 0.8756103515625], [8255, 0.8763323643410853], [8319, 0.8769230769230769], [8383, 0.8772662213740458], [8447, 0.8778409090909091], [8511, 0.8784069548872181], [8575, 0.879081156716418], [8639, 0.8799768518518518], [8703, 0.8803998161764706], [8767, 0.8809306569343066], [8831, 0.8813405797101449], [8895, 0.8821942446043165], [8959, 0.8829241071428572], [9023, 0.8835328014184397], [9087, 0.8840228873239436], [9151, 0.8845061188811189], [9215, 0.8850911458333334], [9279, 0.8858836206896552], [9343, 0.8862371575342466], [9407, 0.8869047619047619], [9471, 0.8873521959459459], [9535, 0.888003355704698], [9599, 0.8884375], [9663, 0.8891763245033113], [9727, 0.889391447368421], [9791, 0.8897058823529411], [9855, 0.8903206168831169], [9919, 0.8909274193548387], [9983, 0.8913261217948718], [9999, 0.8915]], "candidate_count_total": 23, "confirmed_count_total": 22, "created_at": 1768151571.9641874, "confirm_rule_effective": "perm_test", "last_perm_pvalue": 0.004975124378109453, "last_perm_effect": 0.4202330413796348, "perm_test_count_total": 22, "perm_accept_count_total": 22, "perm_reject_count_total": 0, "perm_alpha": 0.01, "perm_pvalue_p50": 0.004975124378109453, "perm_pvalue_p90": 0.004975124378109453, "perm_pvalue_p99": 0.004975124378109453, "perm_pvalue_le_alpha_ratio": 1.0, "perm_effect_p50": 0.43406455225774837, "perm_effect_p90": 0.45623269237011355, "perm_effect_p99": 0.5}