{"dataset_name": "sine_nodrift", "dataset_type": "sine", "model_variant": "ts_drift_adapt", "seed": 3, "monitor_preset": "error_divergence_ph_meta@error.threshold=0.10,error.min_instances=5", "monitor_preset_base": "error_divergence_ph_meta", "monitor_ph_params": {"error_rate": {"delta": 0.005, "alpha": 0.15, "threshold": 0.1, "min_instances": 5}, "divergence": {"delta": 0.005, "alpha": 0.1, "threshold": 0.05, "min_instances": 30}}, "monitor_ph_overrides": {"error_rate": {"threshold": 0.1, "min_instances": 5}}, "trigger_mode": "two_stage", "trigger_k": 2, "trigger_threshold": 0.5, "trigger_weights": "__confirm_cooldown=200,__confirm_rule=perm_test,__perm_alpha=0.02,__perm_delta_k=25,__perm_min_effect=0,__perm_n_perm=200,__perm_post_n=30,__perm_pre_n=200,__perm_rng_seed=0,__perm_stat=delta_fused_score,divergence=0.3,error_rate=0.5,teacher_entropy=0.2", "confirm_window": 3, "confirm_cooldown": 0, "adaptive_cooldown_enabled": 0, "adaptive_window": 10000, "adaptive_lower_per10k": 10.0, "adaptive_upper_per10k": 25.0, "adaptive_cooldown_low": 200, "adaptive_cooldown_high": 500, "severity_scheduler_scale": 1.0, "use_severity_v2": 0, "severity_gate": "none", "severity_gate_min_streak": 1, "entropy_mode": "overconfident", "severity_decay": 0.95, "freeze_baseline_steps": 0, "n_steps": 800, "horizon": 10000, "acc_final": 0.9463, "mean_acc": 0.8999199402105187, "acc_min": 0.65625, "candidate_sample_idxs": [319, 639, 959, 1279, 1983, 2303, 2623, 3135, 3455, 3775, 4095, 4415, 5055, 5503, 5823, 6143, 6463, 6847, 7167, 7487, 9023, 9407, 9727], "confirmed_sample_idxs": [703, 959, 1983, 2303, 2687, 3135, 3455, 4095, 4415, 5055, 5503, 6143, 6847, 7231, 7487, 9023, 9407], "acc_series": [[63, 0.65625], [127, 0.671875], [191, 0.7447916666666666], [255, 0.77734375], [319, 0.778125], [383, 0.7994791666666666], [447, 0.8080357142857143], [511, 0.822265625], [575, 0.8125], [639, 0.8109375], [703, 0.8025568181818182], [767, 0.7955729166666666], [831, 0.8016826923076923], [895, 0.8091517857142857], [959, 0.8145833333333333], [1023, 0.818359375], [1087, 0.8253676470588235], [1151, 0.8307291666666666], [1215, 0.8330592105263158], [1279, 0.83359375], [1343, 0.8355654761904762], [1407, 0.8345170454545454], [1471, 0.8369565217391305], [1535, 0.8391927083333334], [1599, 0.843125], [1663, 0.8461538461538461], [1727, 0.8489583333333334], [1791, 0.8515625], [1855, 0.8545258620689655], [1919, 0.8583333333333333], [1983, 0.8618951612903226], [2047, 0.865234375], [2111, 0.8674242424242424], [2175, 0.8704044117647058], [2239, 0.8736607142857142], [2303, 0.8763020833333334], [2367, 0.8766891891891891], [2431, 0.8774671052631579], [2495, 0.8782051282051282], [2559, 0.88046875], [2623, 0.8814786585365854], [2687, 0.8835565476190477], [2751, 0.8862645348837209], [2815, 0.8877840909090909], [2879, 0.8899305555555556], [2943, 0.8899456521739131], [3007, 0.8922872340425532], [3071, 0.8922526041666666], [3135, 0.8938137755102041], [3199, 0.8953125], [3263, 0.8970588235294118], [3327, 0.8984375], [3391, 0.8994693396226415], [3455, 0.9004629629629629], [3519, 0.9019886363636364], [3583, 0.9029017857142857], [3647, 0.9029605263157895], [3711, 0.9038254310344828], [3775, 0.9051906779661016], [3839, 0.9065104166666667], [3903, 0.9070184426229508], [3967, 0.9075100806451613], [4031, 0.9079861111111112], [4095, 0.908935546875], [4159, 0.9096153846153846], [4223, 0.9102746212121212], [4287, 0.9111473880597015], [4351, 0.9122242647058824], [4415, 0.9123641304347826], [4479, 0.9133928571428571], [4543, 0.9143926056338029], [4607, 0.9149305555555556], [4671, 0.915667808219178], [4735, 0.9163851351351351], [4799, 0.9172916666666666], [4863, 0.9177631578947368], [4927, 0.9186282467532467], [4991, 0.9194711538461539], [5055, 0.9198971518987342], [5119, 0.9205078125], [5183, 0.9212962962962963], [5247, 0.921875], [5311, 0.9226280120481928], [5375, 0.9233630952380952], [5439, 0.9240808823529412], [5503, 0.9244186046511628], [5567, 0.9245689655172413], [5631, 0.9248934659090909], [5695, 0.9252106741573034], [5759, 0.9260416666666667], [5823, 0.9268543956043956], [5887, 0.9274796195652174], [5951, 0.9280913978494624], [6015, 0.9286901595744681], [6079, 0.9291118421052632], [6143, 0.9293619791666666], [6207, 0.9299291237113402], [6271, 0.9303252551020408], [6335, 0.9303977272727273], [6399, 0.93046875], [6463, 0.9306930693069307], [6527, 0.9307598039215687], [6591, 0.931128640776699], [6655, 0.9313401442307693], [6719, 0.9318452380952381], [6783, 0.9318985849056604], [6847, 0.9320969626168224], [6911, 0.9325810185185185], [6975, 0.9330561926605505], [7039, 0.9333806818181818], [7103, 0.9338400900900901], [7167, 0.9344308035714286], [7231, 0.9347345132743363], [7295, 0.9351699561403509], [7359, 0.9351902173913044], [7423, 0.9353448275862069], [7487, 0.9354967948717948], [7551, 0.9359110169491526], [7615, 0.9364495798319328], [7679, 0.9368489583333334], [7743, 0.93724173553719], [7807, 0.9375], [7871, 0.9377540650406504], [7935, 0.9382560483870968], [7999, 0.938625], [8063, 0.9389880952380952], [8127, 0.9392224409448819], [8191, 0.9395751953125], [8255, 0.9398013565891473], [8319, 0.9401442307692308], [8383, 0.9406011450381679], [8447, 0.9410511363636364], [8511, 0.9413768796992481], [8575, 0.941581156716418], [8639, 0.9418981481481481], [8703, 0.9423253676470589], [8767, 0.942632299270073], [8831, 0.9430480072463768], [8895, 0.9432329136690647], [8959, 0.9435267857142857], [9023, 0.9438164893617021], [9087, 0.9438820422535211], [9151, 0.9442744755244755], [9215, 0.9444444444444444], [9279, 0.9447198275862069], [9343, 0.9449914383561644], [9407, 0.9452593537414966], [9471, 0.9454180743243243], [9535, 0.9453649328859061], [9599, 0.9453125], [9663, 0.945260761589404], [9727, 0.9454152960526315], [9791, 0.9454656862745098], [9855, 0.9457183441558441], [9919, 0.9460685483870968], [9983, 0.9463141025641025], [9999, 0.9463]], "candidate_count_total": 23, "confirmed_count_total": 17, "created_at": 1768131324.838013, "confirm_rule_effective": "perm_test", "last_perm_pvalue": 1.0, "last_perm_effect": -0.012146675511803018, "perm_test_count_total": 40, "perm_accept_count_total": 17, "perm_reject_count_total": 23, "perm_alpha": 0.02, "perm_pvalue_p50": 1.0, "perm_pvalue_p90": 1.0, "perm_pvalue_p99": 1.0, "perm_pvalue_le_alpha_ratio": 0.425, "perm_effect_p50": -0.000996607783450847, "perm_effect_p90": 0.09111004774953163, "perm_effect_p99": 0.15097783670599824}