{"dataset_name": "INSECTS_abrupt_balanced", "dataset_type": "insects_real", "model_variant": "ts_drift_adapt", "seed": 4, "monitor_preset": "error_divergence_ph_meta", "trigger_mode": "weighted", "trigger_k": 2, "trigger_threshold": 0.5, "trigger_weights": "divergence=0.3,error_rate=0.5,teacher_entropy=0.2", "confirm_window": 200, "severity_scheduler_scale": 1.0, "use_severity_v2": 0, "severity_gate": "none", "severity_gate_min_streak": 1, "entropy_mode": "overconfident", "severity_decay": 0.95, "freeze_baseline_steps": 0, "n_steps": 1200, "horizon": 52847, "acc_final": 0.1883739852782561, "mean_acc": 0.19208873957853093, "acc_min": 0.171875, "candidate_sample_idxs": [6399, 12799, 19199, 25599, 31999, 38399, 44799, 51199], "confirmed_sample_idxs": [6399, 12799, 19199, 25599, 31999, 38399, 44799, 51199], "acc_series": [[255, 0.25], [511, 0.21484375], [767, 0.20572916666666666], [1023, 0.201171875], [1279, 0.19921875], [1535, 0.19856770833333334], [1791, 0.19866071428571427], [2047, 0.19873046875], [2303, 0.1970486111111111], [2559, 0.20078125], [2815, 0.203125], [3071, 0.20540364583333334], [3327, 0.20612980769230768], [3583, 0.20424107142857142], [3839, 0.20390625], [4095, 0.20166015625], [4351, 0.20450367647058823], [4607, 0.2033420138888889], [4863, 0.20620888157894737], [5119, 0.2080078125], [5375, 0.20703125], [5631, 0.20649857954545456], [5887, 0.20550271739130435], [6143, 0.20345052083333334], [6399, 0.201875], [6655, 0.203125], [6911, 0.20326967592592593], [7167, 0.20270647321428573], [7423, 0.20352909482758622], [7679, 0.20221354166666666], [7935, 0.20211693548387097], [8191, 0.2030029296875], [8447, 0.20194128787878787], [8703, 0.20243566176470587], [8959, 0.20368303571428573], [9215, 0.20345052083333334], [9471, 0.20344172297297297], [9727, 0.20363898026315788], [9983, 0.20532852564102563], [10239, 0.20693359375], [10495, 0.2074123475609756], [10751, 0.20926339285714285], [11007, 0.2097565406976744], [11263, 0.21173650568181818], [11519, 0.21180555555555555], [11775, 0.21076766304347827], [12031, 0.21110372340425532], [12287, 0.21199544270833334], [12543, 0.21293048469387754], [12799, 0.208984375], [13055, 0.20488664215686275], [13311, 0.20094651442307693], [13567, 0.19715507075471697], [13823, 0.19350405092592593], [14079, 0.18998579545454544], [14335, 0.18659319196428573], [14591, 0.1875], [14847, 0.1889143318965517], [15103, 0.18889036016949154], [15359, 0.18763020833333333], [15615, 0.18589907786885246], [15871, 0.18365675403225806], [16127, 0.1818576388888889], [16383, 0.1796875], [16639, 0.1780048076923077], [16895, 0.17578125], [17151, 0.17391557835820895], [17407, 0.17308134191176472], [17663, 0.171875], [17919, 0.171875], [18175, 0.17314040492957747], [18431, 0.1740451388888889], [18687, 0.17481806506849315], [18943, 0.17593961148648649], [19199, 0.17651041666666667], [19455, 0.17896792763157895], [19711, 0.1807021103896104], [19967, 0.1811398237179487], [20223, 0.18136867088607594], [20479, 0.181787109375], [20735, 0.18214699074074073], [20991, 0.18230754573170732], [21247, 0.18218185240963855], [21503, 0.18191964285714285], [21759, 0.1818014705882353], [22015, 0.1816860465116279], [22271, 0.18220186781609196], [22527, 0.18226207386363635], [22783, 0.18319873595505617], [23039, 0.18411458333333333], [23295, 0.18470982142857142], [23551, 0.18580163043478262], [23807, 0.18615591397849462], [24063, 0.18729222074468085], [24319, 0.1880345394736842], [24575, 0.1888427734375], [24831, 0.18947326030927836], [25087, 0.1903698979591837], [25343, 0.19140625], [25599, 0.19203125], [25855, 0.19283725247524752], [26111, 0.19401041666666666], [26367, 0.19481947815533981], [26623, 0.19557542067307693], [26879, 0.19639136904761906], [27135, 0.19737617924528303], [27391, 0.19834258177570094], [27647, 0.19932725694444445], [27903, 0.2005447247706422], [28159, 0.19939630681818182], [28415, 0.19777590090090091], [28671, 0.19625418526785715], [28927, 0.19472483407079647], [29183, 0.1933936403508772], [29439, 0.19208559782608695], [29695, 0.1908001077586207], [29951, 0.18963675213675213], [30207, 0.1885593220338983], [30463, 0.1876313025210084], [30719, 0.1865234375], [30975, 0.18556301652892562], [31231, 0.18449026639344263], [31487, 0.1837207825203252], [31743, 0.18296370967741934], [31999, 0.1824375], [32255, 0.1830047123015873], [32511, 0.18405511811023623], [32767, 0.185943603515625], [33023, 0.18756056201550386], [33279, 0.1877704326923077], [33535, 0.18767891221374045], [33791, 0.18779592803030304], [34047, 0.18799929511278196], [34303, 0.18784981343283583], [34559, 0.18761574074074075], [34815, 0.18729894301470587], [35071, 0.18701528284671534], [35327, 0.1871603260869565], [35583, 0.1874718974820144], [35839, 0.18761160714285716], [36095, 0.1875], [36351, 0.18774757922535212], [36607, 0.18760926573426573], [36863, 0.1874728732638889], [37119, 0.18755387931034484], [37375, 0.1875], [37631, 0.18768601190476192], [37887, 0.18794869087837837], [38143, 0.18797189597315436], [38399, 0.18671875], [38655, 0.18548220198675497], [38911, 0.18531558388157895], [39167, 0.18535539215686275], [39423, 0.18534395292207792], [39679, 0.1854586693548387], [39935, 0.18537159455128205], [40191, 0.18506170382165604], [40447, 0.18475573575949367], [40703, 0.184281643081761], [40959, 0.1843017578125], [41215, 0.18432162267080746], [41471, 0.18448591820987653], [41727, 0.1848159509202454], [41983, 0.18492759146341464], [42239, 0.18574810606060607], [42495, 0.18629988704819278], [42751, 0.18693862275449102], [43007, 0.18791852678571427], [43263, 0.18893306213017752], [43519, 0.18984375], [43775, 0.19049250730994152], [44031, 0.19142896075581395], [44287, 0.19185783959537572], [44543, 0.19239403735632185], [44799, 0.19345982142857143], [45055, 0.19406960227272727], [45311, 0.19445180084745764], [45567, 0.1951588834269663], [45823, 0.19572712988826815], [46079, 0.19661458333333334], [46335, 0.19729799723756905], [46591, 0.19801682692307693], [46847, 0.19817281420765026], [47103, 0.19709578804347827], [47359, 0.1960304054054054], [47615, 0.19497647849462366], [47871, 0.19393382352941177], [48127, 0.19290226063829788], [48383, 0.19188161375661375], [48639, 0.1908717105263158], [48895, 0.1898723821989529], [49151, 0.18890380859375], [49407, 0.18792503238341968], [49663, 0.1870167525773196], [49919, 0.18619791666666666], [50175, 0.18558673469387754], [50431, 0.1854179885786802], [50687, 0.18558633207070707], [50943, 0.1862240891959799], [51199, 0.18697265625], [51455, 0.18804415422885573], [51711, 0.18949180074257427], [51967, 0.19094442733990147], [52223, 0.19062117034313725], [52479, 0.18969131097560976], [52735, 0.18877047936893204], [52846, 0.1883739852782561]], "candidate_count_total": 0, "confirmed_count_total": 0, "created_at": 1767803761.2906623}