{"dataset_name": "INSECTS_abrupt_balanced", "dataset_type": "insects_real", "model_variant": "ts_drift_adapt_severity", "seed": 3, "monitor_preset": "error_divergence_ph_meta@error.threshold=0.05,error.min_instances=5", "monitor_preset_base": "error_divergence_ph_meta", "monitor_ph_params": {"error_rate": {"delta": 0.005, "alpha": 0.15, "threshold": 0.05, "min_instances": 5}, "divergence": {"delta": 0.005, "alpha": 0.1, "threshold": 0.05, "min_instances": 30}}, "monitor_ph_overrides": {"error_rate": {"threshold": 0.05, "min_instances": 5}}, "trigger_mode": "two_stage", "trigger_k": 2, "trigger_threshold": 0.5, "trigger_weights": "confirm_cooldown=200,divergence=0.3,error_rate=0.5,teacher_entropy=0.2", "confirm_window": 1, "confirm_cooldown": 0, "adaptive_cooldown_enabled": 0, "adaptive_window": 10000, "adaptive_lower_per10k": 10.0, "adaptive_upper_per10k": 25.0, "adaptive_cooldown_low": 200, "adaptive_cooldown_high": 500, "severity_scheduler_scale": 2.0, "use_severity_v2": 1, "severity_gate": "none", "severity_gate_min_streak": 1, "entropy_mode": "uncertain", "severity_decay": 0.95, "freeze_baseline_steps": 5, "n_steps": 1200, "horizon": 52847, "acc_final": 0.19840293677976045, "mean_acc": 0.19122766309203734, "acc_min": 0.15387228260869565, "candidate_sample_idxs": [1279, 2559, 3839, 5119, 6399, 7679, 8959, 10239, 11519, 12799, 14335, 15615, 17663, 18943, 20223, 21503, 22783, 24063, 25343, 26623, 27903, 29183, 30463, 31743, 33023, 34303, 35583, 36863, 38143, 39423, 40703, 41983, 43263, 44543, 45823, 47103, 50687, 51967], "confirmed_sample_idxs": [1279, 2559, 3839, 5119, 6399, 7679, 8959, 10239, 11519, 12799, 14335, 15615, 17663, 18943, 20223, 21503, 22783, 24063, 25343, 26623, 27903, 29183, 30463, 31743, 33023, 34303, 35583, 36863, 38143, 39423, 40703, 41983, 43263, 44543, 45823, 47103, 50687, 51967], "acc_series": [[255, 0.18359375], [511, 0.19140625], [767, 0.1875], [1023, 0.1953125], [1279, 0.19140625], [1535, 0.19140625], [1791, 0.19084821428571427], [2047, 0.189453125], [2303, 0.1892361111111111], [2559, 0.18984375], [2815, 0.18927556818181818], [3071, 0.18587239583333334], [3327, 0.18449519230769232], [3583, 0.18694196428571427], [3839, 0.18802083333333333], [4095, 0.18896484375], [4351, 0.18818933823529413], [4607, 0.1898871527777778], [4863, 0.18893914473684212], [5119, 0.18984375], [5375, 0.19084821428571427], [5631, 0.19300426136363635], [5887, 0.19378396739130435], [6143, 0.19287109375], [6399, 0.19234375], [6655, 0.19245793269230768], [6911, 0.19386574074074073], [7167, 0.19545200892857142], [7423, 0.1974676724137931], [7679, 0.196875], [7935, 0.19606854838709678], [8191, 0.195556640625], [8447, 0.1953125], [8703, 0.19634650735294118], [8959, 0.19654017857142858], [9215, 0.19737413194444445], [9471, 0.19774070945945946], [9727, 0.19788240131578946], [9983, 0.19891826923076922], [10239, 0.19970703125], [10495, 0.20064786585365854], [10751, 0.20182291666666666], [11007, 0.20367005813953487], [11263, 0.20436789772727273], [11519, 0.20520833333333333], [11775, 0.20584239130434784], [12031, 0.20678191489361702], [12287, 0.20768229166666666], [12543, 0.20934311224489796], [12799, 0.205859375], [13055, 0.20182291666666666], [13311, 0.19794170673076922], [13567, 0.19420695754716982], [13823, 0.1906105324074074], [14079, 0.18735795454545454], [14335, 0.18645368303571427], [14591, 0.1855126096491228], [14847, 0.18265086206896552], [15103, 0.17962129237288135], [15359, 0.17662760416666667], [15615, 0.17373206967213115], [15871, 0.17092993951612903], [16127, 0.16827876984126985], [16383, 0.1656494140625], [16639, 0.16310096153846154], [16895, 0.16062973484848486], [17151, 0.158232276119403], [17407, 0.15602022058823528], [17663, 0.15387228260869565], [17919, 0.15407366071428572], [18175, 0.15878080985915494], [18431, 0.16248914930555555], [18687, 0.1655607876712329], [18943, 0.16839104729729729], [19199, 0.17078125], [19455, 0.17351973684210525], [19711, 0.17522321428571427], [19967, 0.17588141025641027], [20223, 0.17657238924050633], [20479, 0.1767578125], [20735, 0.1767457561728395], [20991, 0.17725800304878048], [21247, 0.17789909638554216], [21503, 0.17824590773809523], [21759, 0.17899816176470587], [22015, 0.18036882267441862], [22271, 0.18085488505747127], [22527, 0.18257279829545456], [22783, 0.18394487359550563], [23039, 0.18502604166666667], [23295, 0.1853537087912088], [23551, 0.18694802989130435], [23807, 0.18796202956989247], [24063, 0.1891622340425532], [24319, 0.18992598684210527], [24575, 0.1904296875], [24831, 0.19096327319587628], [25087, 0.19168526785714285], [25343, 0.19274779040404041], [25599, 0.1934765625], [25855, 0.19419090346534654], [26111, 0.19496783088235295], [26367, 0.1958813713592233], [26623, 0.19640174278846154], [26879, 0.19735863095238096], [27135, 0.1977078419811321], [27391, 0.1985981308411215], [27647, 0.1993995949074074], [27903, 0.2007239105504587], [28159, 0.19943181818181818], [28415, 0.19781109234234234], [28671, 0.196044921875], [28927, 0.1943791482300885], [29183, 0.19298245614035087], [29439, 0.19154211956521738], [29695, 0.19016029094827586], [29951, 0.18893563034188035], [30207, 0.18799655720338984], [30463, 0.18720456932773108], [30719, 0.18629557291666668], [30975, 0.1856275826446281], [31231, 0.18513063524590165], [31487, 0.18476880081300814], [31743, 0.18526335685483872], [31999, 0.186], [32255, 0.18694196428571427], [32511, 0.1884534940944882], [32767, 0.189910888671875], [33023, 0.19122456395348839], [33279, 0.19116586538461539], [33535, 0.19116770038167938], [33791, 0.19167258522727273], [34047, 0.19167058270676693], [34303, 0.19178521455223882], [34559, 0.19189814814814815], [34815, 0.19183708639705882], [35071, 0.19174840328467152], [35327, 0.1917459239130435], [35583, 0.19177158273381295], [35839, 0.19171316964285715], [36095, 0.19173869680851063], [36351, 0.19198393485915494], [36607, 0.19219842657342656], [36863, 0.1921929253472222], [37119, 0.19229525862068966], [37375, 0.19234267979452055], [37631, 0.1924426020408163], [37887, 0.19285789695945946], [38143, 0.19274328859060402], [38399, 0.19145833333333334], [38655, 0.19019039735099338], [38911, 0.18971011513157895], [39167, 0.18972120098039216], [39423, 0.18960531655844157], [39679, 0.18984375], [39935, 0.18990384615384615], [40191, 0.1901373407643312], [40447, 0.19049149525316456], [40703, 0.19079205974842767], [40959, 0.1912109375], [41215, 0.19152756211180125], [41471, 0.19212962962962962], [41727, 0.19255655674846625], [41983, 0.1929782774390244], [42239, 0.1940814393939394], [42495, 0.1950065888554217], [42751, 0.19580370508982037], [43007, 0.19684709821428573], [43263, 0.19792437130177515], [43519, 0.19892003676470588], [43775, 0.19983552631578946], [44031, 0.20101289970930233], [44287, 0.20177023121387283], [44543, 0.20245150862068967], [44799, 0.20314732142857142], [45055, 0.20414595170454544], [45311, 0.20508915960451976], [45567, 0.20606566011235955], [45823, 0.20705307262569833], [46079, 0.208203125], [46335, 0.2091246546961326], [46591, 0.20982142857142858], [46847, 0.20984887295081966], [47103, 0.20870838994565216], [47359, 0.2075802364864865], [47615, 0.2064642137096774], [47871, 0.2053601270053476], [48127, 0.20426778590425532], [48383, 0.20318700396825398], [48639, 0.20211759868421053], [48895, 0.20105939136125656], [49151, 0.20001220703125], [49407, 0.1989758743523316], [49663, 0.19797036082474226], [49919, 0.19697516025641026], [50175, 0.19614955357142858], [50431, 0.19570907360406092], [50687, 0.19586489898989898], [50943, 0.1964313756281407], [51199, 0.197265625], [51455, 0.19848025497512436], [51711, 0.1998955754950495], [51967, 0.20121998152709358], [52223, 0.20076976102941177], [52479, 0.19979039634146342], [52735, 0.1988205400485437], [52846, 0.19840293677976045]], "candidate_count_total": 38, "confirmed_count_total": 38, "created_at": 1767889457.153876}