{"dataset_name": "sine_nodrift", "dataset_type": "sine", "model_variant": "ts_drift_adapt", "seed": 1, "monitor_preset": "error_divergence_ph_meta@error.threshold=0.10,error.min_instances=5", "monitor_preset_base": "error_divergence_ph_meta", "monitor_ph_params": {"error_rate": {"delta": 0.005, "alpha": 0.15, "threshold": 0.1, "min_instances": 5}, "divergence": {"delta": 0.005, "alpha": 0.1, "threshold": 0.05, "min_instances": 30}}, "monitor_ph_overrides": {"error_rate": {"threshold": 0.1, "min_instances": 5}}, "trigger_mode": "two_stage", "trigger_k": 2, "trigger_threshold": 0.5, "trigger_weights": "__confirm_cooldown=200,__confirm_rule=perm_test,__perm_alpha=0.02,__perm_min_effect=0,__perm_n_perm=200,__perm_post_n=30,__perm_pre_n=500,__perm_rng_seed=0,__perm_stat=fused_score,divergence=0.3,error_rate=0.5,teacher_entropy=0.2", "confirm_window": 3, "confirm_cooldown": 0, "adaptive_cooldown_enabled": 0, "adaptive_window": 10000, "adaptive_lower_per10k": 10.0, "adaptive_upper_per10k": 25.0, "adaptive_cooldown_low": 200, "adaptive_cooldown_high": 500, "severity_scheduler_scale": 1.0, "use_severity_v2": 0, "severity_gate": "none", "severity_gate_min_streak": 1, "entropy_mode": "overconfident", "severity_decay": 0.95, "freeze_baseline_steps": 0, "n_steps": 800, "horizon": 10000, "acc_final": 0.8917, "mean_acc": 0.7903951332494992, "acc_min": 0.4010416666666667, "candidate_sample_idxs": [319, 639, 959, 1279, 1599, 1919, 2303, 2623, 2943, 3263, 3583, 3903, 4223, 4543, 4863, 5183, 5503, 5823, 6271, 6591, 6911, 7231, 7551, 8575, 8895, 9215, 9535, 9919], "confirmed_sample_idxs": [703, 1023, 1343, 1919, 2495, 2943, 4031, 5183, 5695, 6271, 6655, 7423, 8575, 9087, 9919], "acc_series": [[63, 0.40625], [127, 0.4296875], [191, 0.4010416666666667], [255, 0.44140625], [319, 0.459375], [383, 0.46875], [447, 0.49330357142857145], [511, 0.505859375], [575, 0.5399305555555556], [639, 0.5546875], [703, 0.5639204545454546], [767, 0.5768229166666666], [831, 0.6009615384615384], [895, 0.6127232142857143], [959, 0.625], [1023, 0.6318359375], [1087, 0.6332720588235294], [1151, 0.6371527777777778], [1215, 0.6463815789473685], [1279, 0.65625], [1343, 0.6636904761904762], [1407, 0.6711647727272727], [1471, 0.6800271739130435], [1535, 0.689453125], [1599, 0.69375], [1663, 0.7007211538461539], [1727, 0.7060185185185185], [1791, 0.7109375], [1855, 0.7144396551724138], [1919, 0.7203125], [1983, 0.7247983870967742], [2047, 0.73095703125], [2111, 0.7372159090909091], [2175, 0.7417279411764706], [2239, 0.7446428571428572], [2303, 0.7478298611111112], [2367, 0.7508445945945946], [2431, 0.7561677631578947], [2495, 0.7580128205128205], [2559, 0.759375], [2623, 0.7629573170731707], [2687, 0.7659970238095238], [2751, 0.768531976744186], [2815, 0.7713068181818182], [2879, 0.7753472222222222], [2943, 0.7768342391304348], [3007, 0.7785904255319149], [3071, 0.7822265625], [3135, 0.7844387755102041], [3199, 0.785], [3263, 0.7873774509803921], [3327, 0.7887620192307693], [3391, 0.7900943396226415], [3455, 0.7919560185185185], [3519, 0.7943181818181818], [3583, 0.7954799107142857], [3647, 0.7963267543859649], [3711, 0.7971443965517241], [3775, 0.7995233050847458], [3839, 0.8018229166666667], [3903, 0.8045594262295082], [3967, 0.8059475806451613], [4031, 0.8067956349206349], [4095, 0.806884765625], [4159, 0.8079326923076923], [4223, 0.8091856060606061], [4287, 0.8099347014925373], [4351, 0.8106617647058824], [4415, 0.8120471014492754], [4479, 0.8140625], [4543, 0.8147007042253521], [4607, 0.8168402777777778], [4671, 0.8184931506849316], [4735, 0.8201013513513513], [4799, 0.821875], [4863, 0.8236019736842105], [4927, 0.8250811688311688], [4991, 0.8269230769230769], [5055, 0.8291139240506329], [5119, 0.8306640625], [5183, 0.831983024691358], [5247, 0.8334603658536586], [5311, 0.8350903614457831], [5375, 0.8366815476190477], [5439, 0.8380514705882353], [5503, 0.8395712209302325], [5567, 0.8412356321839081], [5631, 0.8426846590909091], [5695, 0.84375], [5759, 0.8447916666666667], [5823, 0.8461538461538461], [5887, 0.8474864130434783], [5951, 0.8484543010752689], [6015, 0.8497340425531915], [6079, 0.8504934210526316], [6143, 0.85107421875], [6207, 0.8516430412371134], [6271, 0.8525191326530612], [6335, 0.8535353535353535], [6399, 0.85421875], [6463, 0.8548886138613861], [6527, 0.8558517156862745], [6591, 0.8561893203883495], [6655, 0.8568209134615384], [6719, 0.8577380952380952], [6783, 0.8589327830188679], [6847, 0.8596670560747663], [6911, 0.8603877314814815], [6975, 0.861381880733945], [7039, 0.8619318181818182], [7103, 0.8627533783783784], [7167, 0.8634207589285714], [7231, 0.8640763274336283], [7295, 0.8651315789473685], [7359, 0.8660326086956521], [7423, 0.8669181034482759], [7487, 0.8680555555555556], [7551, 0.8689088983050848], [7615, 0.8694852941176471], [7679, 0.8704427083333334], [7743, 0.8712551652892562], [7807, 0.8717981557377049], [7871, 0.8724593495934959], [7935, 0.8733618951612904], [7999, 0.874], [8063, 0.8748759920634921], [8127, 0.875738188976378], [8191, 0.8765869140625], [8255, 0.8770591085271318], [8319, 0.877764423076923], [8383, 0.8786975190839694], [8447, 0.8792613636363636], [8511, 0.8799342105263158], [8575, 0.8803638059701493], [8639, 0.8810185185185185], [8703, 0.8816636029411765], [8767, 0.8822992700729927], [8831, 0.8829257246376812], [8895, 0.883318345323741], [8959, 0.8838169642857143], [9023, 0.8843085106382979], [9087, 0.8846830985915493], [9151, 0.8852709790209791], [9215, 0.8857421875], [9279, 0.8858836206896552], [9343, 0.8863441780821918], [9407, 0.8869047619047619], [9471, 0.8873521959459459], [9535, 0.8876887583892618], [9599, 0.8883333333333333], [9663, 0.8888658940397351], [9727, 0.8894942434210527], [9791, 0.8902165032679739], [9855, 0.890625], [9919, 0.8911290322580645], [9983, 0.8915264423076923], [9999, 0.8917]], "candidate_count_total": 23, "confirmed_count_total": 15, "created_at": 1768128823.6559513, "confirm_rule_effective": "perm_test", "last_perm_pvalue": 0.004975124378109453, "last_perm_effect": 0.0895568838725673, "perm_test_count_total": 61, "perm_accept_count_total": 15, "perm_reject_count_total": 46, "perm_alpha": 0.02, "perm_pvalue_p50": 1.0, "perm_pvalue_p90": 1.0, "perm_pvalue_p99": 1.0, "perm_pvalue_le_alpha_ratio": 0.2459016393442623, "perm_effect_p50": -0.012186904613521378, "perm_effect_p90": 0.04762136814042968, "perm_effect_p99": 0.10847931504413637}