{"dataset_name": "sine_nodrift", "dataset_type": "sine", "model_variant": "ts_drift_adapt", "seed": 2, "monitor_preset": "error_divergence_ph_meta@error.threshold=0.10,error.min_instances=5", "monitor_preset_base": "error_divergence_ph_meta", "monitor_ph_params": {"error_rate": {"delta": 0.005, "alpha": 0.15, "threshold": 0.1, "min_instances": 5}, "divergence": {"delta": 0.005, "alpha": 0.1, "threshold": 0.05, "min_instances": 30}}, "monitor_ph_overrides": {"error_rate": {"threshold": 0.1, "min_instances": 5}}, "trigger_mode": "two_stage", "trigger_k": 2, "trigger_threshold": 0.5, "trigger_weights": "__confirm_cooldown=200,__confirm_rule=perm_test,__perm_alpha=0.02,__perm_delta_k=50,__perm_min_effect=0,__perm_n_perm=200,__perm_post_n=10,__perm_pre_n=500,__perm_rng_seed=0,__perm_stat=delta_fused_score,divergence=0.3,error_rate=0.5,teacher_entropy=0.2", "confirm_window": 3, "confirm_cooldown": 0, "adaptive_cooldown_enabled": 0, "adaptive_window": 10000, "adaptive_lower_per10k": 10.0, "adaptive_upper_per10k": 25.0, "adaptive_cooldown_low": 200, "adaptive_cooldown_high": 500, "severity_scheduler_scale": 1.0, "use_severity_v2": 0, "severity_gate": "none", "severity_gate_min_streak": 1, "entropy_mode": "overconfident", "severity_decay": 0.95, "freeze_baseline_steps": 0, "n_steps": 800, "horizon": 10000, "acc_final": 0.9314, "mean_acc": 0.8774364656834105, "acc_min": 0.640625, "candidate_sample_idxs": [319, 639, 959, 1279, 1599, 2175, 2559, 3007, 3327, 3647, 4031, 4479, 4799, 5439, 5759, 6079, 6591, 6911, 7359, 7935, 8255, 8703, 9855], "confirmed_sample_idxs": [1023, 1343, 1599, 2175, 2559, 3007, 3647, 4031, 4479, 4799, 5439, 5823, 6079, 6591, 7359, 7935, 8319, 8703, 9855], "acc_series": [[63, 0.640625], [127, 0.671875], [191, 0.6614583333333334], [255, 0.68359375], [319, 0.696875], [383, 0.7135416666666666], [447, 0.7366071428571429], [511, 0.744140625], [575, 0.7447916666666666], [639, 0.7578125], [703, 0.7585227272727273], [767, 0.765625], [831, 0.7752403846153846], [895, 0.7834821428571429], [959, 0.7864583333333334], [1023, 0.7919921875], [1087, 0.7886029411764706], [1151, 0.7925347222222222], [1215, 0.7952302631578947], [1279, 0.79921875], [1343, 0.8050595238095238], [1407, 0.8053977272727273], [1471, 0.811141304347826], [1535, 0.8157552083333334], [1599, 0.82], [1663, 0.8209134615384616], [1727, 0.8252314814814815], [1791, 0.828125], [1855, 0.8302801724137931], [1919, 0.8333333333333334], [1983, 0.8361895161290323], [2047, 0.8408203125], [2111, 0.8432765151515151], [2175, 0.8460477941176471], [2239, 0.8486607142857143], [2303, 0.8524305555555556], [2367, 0.8547297297297297], [2431, 0.8569078947368421], [2495, 0.8597756410256411], [2559, 0.86171875], [2623, 0.8639481707317073], [2687, 0.8653273809523809], [2751, 0.8666424418604651], [2815, 0.8689630681818182], [2879, 0.8701388888888889], [2943, 0.8702445652173914], [3007, 0.871343085106383], [3071, 0.8720703125], [3135, 0.8730867346938775], [3199, 0.8753125], [3263, 0.8762254901960784], [3327, 0.8768028846153846], [3391, 0.8785377358490566], [3455, 0.8804976851851852], [3519, 0.88125], [3583, 0.8816964285714286], [3647, 0.8821271929824561], [3711, 0.8833512931034483], [3775, 0.8842690677966102], [3839, 0.8846354166666667], [3903, 0.8852459016393442], [3967, 0.8860887096774194], [4031, 0.8871527777777778], [4095, 0.888427734375], [4159, 0.8891826923076923], [4223, 0.8896780303030303], [4287, 0.8908582089552238], [4351, 0.8915441176470589], [4415, 0.8926630434782609], [4479, 0.8933035714285714], [4543, 0.8945862676056338], [4607, 0.8958333333333334], [4671, 0.896832191780822], [4735, 0.8969594594594594], [4799, 0.8977083333333333], [4863, 0.8982319078947368], [4927, 0.8993506493506493], [4991, 0.8998397435897436], [5055, 0.9009098101265823], [5119, 0.901953125], [5183, 0.9021990740740741], [5247, 0.9026295731707317], [5311, 0.9034262048192772], [5375, 0.9045758928571429], [5439, 0.9055147058823529], [5503, 0.9058866279069767], [5567, 0.9066091954022989], [5631, 0.9067826704545454], [5695, 0.9076544943820225], [5759, 0.9085069444444445], [5823, 0.9086538461538461], [5887, 0.9094769021739131], [5951, 0.9097782258064516], [6015, 0.909906914893617], [6079, 0.9098684210526315], [6143, 0.9099934895833334], [6207, 0.9109213917525774], [6271, 0.9115114795918368], [6335, 0.9119318181818182], [6399, 0.9128125], [6463, 0.9135210396039604], [6527, 0.9143688725490197], [6591, 0.9142900485436893], [6655, 0.9146634615384616], [6719, 0.9151785714285714], [6783, 0.9155365566037735], [6847, 0.9155957943925234], [6911, 0.9160879629629629], [6975, 0.9165711009174312], [7039, 0.9169034090909091], [7103, 0.9173704954954955], [7167, 0.9175502232142857], [7231, 0.9178650442477876], [7295, 0.9184484649122807], [7359, 0.9186141304347826], [7423, 0.9191810344827587], [7487, 0.9194711538461539], [7551, 0.920021186440678], [7615, 0.9201680672268907], [7679, 0.9204427083333333], [7743, 0.9208419421487604], [7807, 0.9213627049180327], [7871, 0.921875], [7935, 0.9222530241935484], [7999, 0.922875], [8063, 0.9232390873015873], [8127, 0.9234744094488189], [8191, 0.9239501953125], [8255, 0.9244186046511628], [8319, 0.9245192307692308], [8383, 0.9247375954198473], [8447, 0.9248342803030303], [8511, 0.9252819548872181], [8575, 0.925606343283582], [8639, 0.9260416666666667], [8703, 0.9261259191176471], [8767, 0.9265510948905109], [8831, 0.9265172101449275], [8895, 0.9270458633093526], [8959, 0.9270089285714286], [9023, 0.9271941489361702], [9087, 0.9275968309859155], [9151, 0.9277753496503497], [9215, 0.9280598958333334], [9279, 0.9282327586206897], [9343, 0.9285102739726028], [9407, 0.9288903061224489], [9471, 0.9292652027027027], [9535, 0.9296350671140939], [9599, 0.9298958333333334], [9663, 0.9302566225165563], [9727, 0.9306126644736842], [9791, 0.9308619281045751], [9855, 0.9310064935064936], [9919, 0.9311491935483871], [9983, 0.9312900641025641], [9999, 0.9314]], "candidate_count_total": 23, "confirmed_count_total": 19, "created_at": 1768147315.062265, "confirm_rule_effective": "perm_test", "last_perm_pvalue": 0.004975124378109453, "last_perm_effect": 0.07733754423584469, "perm_test_count_total": 35, "perm_accept_count_total": 19, "perm_reject_count_total": 16, "perm_alpha": 0.02, "perm_pvalue_p50": 0.009950248756218905, "perm_pvalue_p90": 1.0, "perm_pvalue_p99": 1.0, "perm_pvalue_le_alpha_ratio": 0.5428571428571428, "perm_effect_p50": 0.05270809938332095, "perm_effect_p90": 0.0788843865531651, "perm_effect_p99": 0.11804305094119424}