{"dataset_name": "sine_nodrift", "dataset_type": "sine", "model_variant": "ts_drift_adapt", "seed": 4, "monitor_preset": "error_divergence_ph_meta@error.threshold=0.10,error.min_instances=5", "monitor_preset_base": "error_divergence_ph_meta", "monitor_ph_params": {"error_rate": {"delta": 0.005, "alpha": 0.15, "threshold": 0.1, "min_instances": 5}, "divergence": {"delta": 0.005, "alpha": 0.1, "threshold": 0.05, "min_instances": 30}}, "monitor_ph_overrides": {"error_rate": {"threshold": 0.1, "min_instances": 5}}, "trigger_mode": "two_stage", "trigger_k": 2, "trigger_threshold": 0.5, "trigger_weights": "__confirm_cooldown=200,__confirm_rule=perm_test,__perm_alpha=0.03,__perm_min_effect=0,__perm_n_perm=200,__perm_post_n=10,__perm_pre_n=500,__perm_rng_seed=0,__perm_stat=vote_score,divergence=0.3,error_rate=0.5,teacher_entropy=0.2", "confirm_window": 3, "confirm_cooldown": 0, "adaptive_cooldown_enabled": 0, "adaptive_window": 10000, "adaptive_lower_per10k": 10.0, "adaptive_upper_per10k": 25.0, "adaptive_cooldown_low": 200, "adaptive_cooldown_high": 500, "severity_scheduler_scale": 1.0, "use_severity_v2": 0, "severity_gate": "none", "severity_gate_min_streak": 1, "entropy_mode": "overconfident", "severity_decay": 0.95, "freeze_baseline_steps": 0, "n_steps": 800, "horizon": 10000, "acc_final": 0.9098, "mean_acc": 0.8174788126645264, "acc_min": 0.390625, "candidate_sample_idxs": [319, 639, 959, 1279, 1599, 1919, 2239, 2559, 2943, 3263, 3583, 4031, 4351, 4799, 5247, 5567, 6015, 7231, 7551, 7935, 8255, 9407, 9727], "confirmed_sample_idxs": [639, 959, 1279, 1599, 1919, 2239, 2559, 2943, 3263, 3583, 4031, 4351, 4799, 5247, 5567, 6015, 7231, 7551, 7935, 8255, 9407, 9727], "acc_series": [[63, 0.421875], [127, 0.390625], [191, 0.4010416666666667], [255, 0.421875], [319, 0.45625], [383, 0.4869791666666667], [447, 0.5133928571428571], [511, 0.546875], [575, 0.5763888888888888], [639, 0.59375], [703, 0.609375], [767, 0.6106770833333334], [831, 0.6141826923076923], [895, 0.6183035714285714], [959, 0.6302083333333334], [1023, 0.6416015625], [1087, 0.6516544117647058], [1151, 0.6597222222222222], [1215, 0.6677631578947368], [1279, 0.67578125], [1343, 0.6867559523809523], [1407, 0.6917613636363636], [1471, 0.7010869565217391], [1535, 0.70703125], [1599, 0.71375], [1663, 0.71875], [1727, 0.7245370370370371], [1791, 0.73046875], [1855, 0.7370689655172413], [1919, 0.7416666666666667], [1983, 0.7469758064516129], [2047, 0.7529296875], [2111, 0.7566287878787878], [2175, 0.7628676470588235], [2239, 0.7683035714285714], [2303, 0.7725694444444444], [2367, 0.7766047297297297], [2431, 0.78125], [2495, 0.7860576923076923], [2559, 0.787890625], [2623, 0.7926829268292683], [2687, 0.7972470238095238], [2751, 0.8001453488372093], [2815, 0.80078125], [2879, 0.8041666666666667], [2943, 0.8070652173913043], [3007, 0.8098404255319149], [3071, 0.8128255208333334], [3135, 0.8150510204081632], [3199, 0.81875], [3263, 0.8204656862745098], [3327, 0.8221153846153846], [3391, 0.8242924528301887], [3455, 0.8266782407407407], [3519, 0.8284090909090909], [3583, 0.8306361607142857], [3647, 0.8327850877192983], [3711, 0.8353987068965517], [3775, 0.8379237288135594], [3839, 0.8401041666666667], [3903, 0.8422131147540983], [3967, 0.8434979838709677], [4031, 0.8447420634920635], [4095, 0.846923828125], [4159, 0.8483173076923077], [4223, 0.8487215909090909], [4287, 0.8495802238805971], [4351, 0.8508731617647058], [4415, 0.8521286231884058], [4479, 0.8537946428571429], [4543, 0.8547535211267606], [4607, 0.8561197916666666], [4671, 0.8572345890410958], [4735, 0.8589527027027027], [4799, 0.8602083333333334], [4863, 0.8616365131578947], [4927, 0.8626217532467533], [4991, 0.8641826923076923], [5055, 0.8647151898734177], [5119, 0.8658203125], [5183, 0.8670910493827161], [5247, 0.868140243902439], [5311, 0.8693524096385542], [5375, 0.8705357142857143], [5439, 0.871875], [5503, 0.8731831395348837], [5567, 0.8744612068965517], [5631, 0.875], [5695, 0.8764044943820225], [5759, 0.8774305555555556], [5823, 0.8784340659340659], [5887, 0.8790760869565217], [5951, 0.8802083333333334], [6015, 0.8811502659574468], [6079, 0.8824013157894737], [6143, 0.88330078125], [6207, 0.8841817010309279], [6271, 0.8850446428571429], [6335, 0.8858901515151515], [6399, 0.88671875], [6463, 0.8875309405940595], [6527, 0.8880208333333334], [6591, 0.8889563106796117], [6655, 0.8897235576923077], [6719, 0.8900297619047619], [6783, 0.8909198113207547], [6847, 0.8917932242990654], [6911, 0.8923611111111112], [6975, 0.8932052752293578], [7039, 0.8934659090909091], [7103, 0.8937218468468469], [7167, 0.8942522321428571], [7231, 0.8944966814159292], [7295, 0.8950109649122807], [7359, 0.8955163043478261], [7423, 0.8956088362068966], [7487, 0.8958333333333334], [7551, 0.896583686440678], [7615, 0.8970588235294118], [7679, 0.8971354166666666], [7743, 0.8979855371900827], [7807, 0.8983094262295082], [7871, 0.8988821138211383], [7935, 0.8990675403225806], [7999, 0.89925], [8063, 0.8999255952380952], [8127, 0.8999753937007874], [8191, 0.900390625], [8255, 0.9005571705426356], [8319, 0.9010817307692308], [8383, 0.9017175572519084], [8447, 0.9017518939393939], [8511, 0.9022556390977443], [8575, 0.9026352611940298], [8639, 0.9027777777777778], [8703, 0.9032628676470589], [8767, 0.9036268248175182], [8831, 0.9037590579710145], [8895, 0.9041142086330936], [8959, 0.9044642857142857], [9023, 0.9046985815602837], [9087, 0.905149647887324], [9151, 0.9054851398601399], [9215, 0.9060329861111112], [9279, 0.9065732758620689], [9343, 0.9068921232876712], [9407, 0.9072066326530612], [9471, 0.9078336148648649], [9535, 0.9081375838926175], [9599, 0.9085416666666667], [9663, 0.9084230132450332], [9727, 0.9084087171052632], [9791, 0.9085988562091504], [9855, 0.908887987012987], [9919, 0.9092741935483871], [9983, 0.9096554487179487], [9999, 0.9098]], "candidate_count_total": 23, "confirmed_count_total": 22, "created_at": 1768232834.8536668, "confirm_rule_effective": "perm_test", "last_perm_pvalue": 0.004975124378109453, "last_perm_effect": 0.43286613527514933, "perm_test_count_total": 22, "perm_accept_count_total": 22, "perm_reject_count_total": 0, "perm_alpha": 0.03, "perm_pvalue_p50": 0.004975124378109453, "perm_pvalue_p90": 0.004975124378109453, "perm_pvalue_p99": 0.004975124378109453, "perm_pvalue_le_alpha_ratio": 1.0, "perm_effect_p50": 0.4343420230921551, "perm_effect_p90": 0.45415631044452537, "perm_effect_p99": 0.5}