{"dataset_name": "INSECTS_abrupt_balanced", "dataset_type": "insects_real", "model_variant": "ts_drift_adapt", "seed": 2, "monitor_preset": "error_divergence_ph_meta@error.threshold=0.05,error.min_instances=5", "monitor_preset_base": "error_divergence_ph_meta", "monitor_ph_params": {"error_rate": {"delta": 0.005, "alpha": 0.15, "threshold": 0.05, "min_instances": 5}, "divergence": {"delta": 0.005, "alpha": 0.1, "threshold": 0.05, "min_instances": 30}}, "monitor_ph_overrides": {"error_rate": {"threshold": 0.05, "min_instances": 5}}, "trigger_mode": "two_stage", "trigger_k": 2, "trigger_threshold": 0.5, "trigger_weights": "confirm_cooldown=0,divergence=0.3,error_rate=0.5,teacher_entropy=0.2", "confirm_window": 1, "confirm_cooldown": 0, "severity_scheduler_scale": 1.0, "use_severity_v2": 0, "severity_gate": "none", "severity_gate_min_streak": 1, "entropy_mode": "overconfident", "severity_decay": 0.95, "freeze_baseline_steps": 0, "n_steps": 1200, "horizon": 52847, "acc_final": 0.20194145363029123, "mean_acc": 0.19707430543988225, "acc_min": 0.12890625, "candidate_sample_idxs": [1279, 2559, 3839, 5119, 6399, 7679, 8959, 10239, 11519, 12799, 14847, 16127, 17407, 18687, 19967, 21247, 22527, 23807, 25087, 26367, 27647, 28927, 30207, 31487, 32767, 34047, 35327, 36607, 37887, 39167, 40447, 41727, 43007, 44287, 45567, 46847, 49407, 50943, 52223], "confirmed_sample_idxs": [1279, 2559, 3839, 5119, 6399, 7679, 8959, 10239, 11519, 12799, 14847, 16127, 17407, 18687, 19967, 21247, 22527, 23807, 25087, 26367, 27647, 28927, 30207, 31487, 32767, 34047, 35327, 36607, 37887, 39167, 40447, 41727, 43007, 44287, 45567, 46847, 49407, 50943, 52223], "acc_series": [[255, 0.12890625], [511, 0.16796875], [767, 0.171875], [1023, 0.173828125], [1279, 0.17421875], [1535, 0.17513020833333334], [1791, 0.18247767857142858], [2047, 0.18896484375], [2303, 0.1953125], [2559, 0.196875], [2815, 0.20276988636363635], [3071, 0.20540364583333334], [3327, 0.20462740384615385], [3583, 0.20228794642857142], [3839, 0.20625], [4095, 0.2060546875], [4351, 0.20542279411764705], [4607, 0.20399305555555555], [4863, 0.20559210526315788], [5119, 0.20546875], [5375, 0.20479910714285715], [5631, 0.20490056818181818], [5887, 0.20635190217391305], [6143, 0.20654296875], [6399, 0.206875], [6655, 0.20447716346153846], [6911, 0.2048611111111111], [7167, 0.20549665178571427], [7423, 0.20703125], [7679, 0.20703125], [7935, 0.20677923387096775], [8191, 0.2081298828125], [8447, 0.20738636363636365], [8703, 0.20795036764705882], [8959, 0.20948660714285713], [9215, 0.21104600694444445], [9471, 0.2109375], [9727, 0.21155427631578946], [9983, 0.21314102564102563], [10239, 0.215234375], [10495, 0.21598704268292682], [10751, 0.21614583333333334], [11007, 0.21693313953488372], [11263, 0.21706321022727273], [11519, 0.21675347222222222], [11775, 0.21722146739130435], [12031, 0.2181682180851064], [12287, 0.21834309895833334], [12543, 0.2185108418367347], [12799, 0.215234375], [13055, 0.21101409313725492], [13311, 0.20695612980769232], [13567, 0.20305129716981132], [13823, 0.19929108796296297], [14079, 0.19566761363636365], [14335, 0.19217354910714285], [14591, 0.19099506578947367], [14847, 0.18978987068965517], [15103, 0.18875794491525424], [15359, 0.18717447916666666], [15615, 0.18685963114754098], [15871, 0.1857358870967742], [16127, 0.18408978174603174], [16383, 0.18292236328125], [16639, 0.18185096153846153], [16895, 0.18098958333333334], [17151, 0.18015391791044777], [17407, 0.18003216911764705], [17663, 0.1800271739130435], [17919, 0.18018973214285713], [18175, 0.1796324823943662], [18431, 0.1786566840277778], [18687, 0.1778146404109589], [18943, 0.17741765202702703], [19199, 0.17666666666666667], [19455, 0.17691200657894737], [19711, 0.17775974025974026], [19967, 0.1773838141025641], [20223, 0.17766020569620253], [20479, 0.17802734375], [20735, 0.1785300925925926], [20991, 0.17897294207317074], [21247, 0.17907567771084337], [21503, 0.17945498511904762], [21759, 0.17950367647058824], [22015, 0.17991460755813954], [22271, 0.18004669540229884], [22527, 0.18044211647727273], [22783, 0.18131144662921347], [23039, 0.18194444444444444], [23295, 0.18303571428571427], [23551, 0.1846976902173913], [23807, 0.1858618951612903], [24063, 0.18716755319148937], [24319, 0.18828125], [24575, 0.18916829427083334], [24831, 0.19019813144329897], [25087, 0.1911670918367347], [25343, 0.19266887626262627], [25599, 0.1937890625], [25855, 0.19515779702970298], [26111, 0.19626991421568626], [26367, 0.197436286407767], [26623, 0.1985802283653846], [26879, 0.20003720238095238], [27135, 0.20091391509433962], [27391, 0.2024678738317757], [27647, 0.20359519675925927], [27903, 0.20498853211009174], [28159, 0.20376420454545455], [28415, 0.20231559684684686], [28671, 0.201171875], [28927, 0.2000483960176991], [29183, 0.19880756578947367], [29439, 0.19769021739130435], [29695, 0.19662580818965517], [29951, 0.19541266025641027], [30207, 0.1942531779661017], [30463, 0.19337578781512604], [30719, 0.19212239583333332], [30975, 0.1910834194214876], [31231, 0.1902215676229508], [31487, 0.18972306910569106], [31743, 0.1901146673387097], [31999, 0.19125], [32255, 0.19233630952380953], [32511, 0.19411294291338582], [32767, 0.1954345703125], [33023, 0.1970687984496124], [33279, 0.19708533653846153], [33535, 0.19701216603053434], [33791, 0.19753196022727273], [34047, 0.19772086466165414], [34303, 0.19773204291044777], [34559, 0.1978587962962963], [34815, 0.19758157169117646], [35071, 0.1975650091240876], [35327, 0.1976052989130435], [35583, 0.19770121402877697], [35839, 0.19765625], [36095, 0.19766733156028368], [36351, 0.1977332746478873], [36607, 0.19788024475524477], [36863, 0.19810655381944445], [37119, 0.19811422413793103], [37375, 0.19825556506849315], [37631, 0.19815582482993196], [37887, 0.1983741554054054], [38143, 0.19822252516778524], [38399, 0.19690104166666667], [38655, 0.19559706125827814], [38911, 0.19513260690789475], [39167, 0.19518484477124182], [39423, 0.1952617694805195], [39679, 0.19551411290322582], [39935, 0.19591346153846154], [40191, 0.1962330812101911], [40447, 0.19642503955696203], [40703, 0.1963197720125786], [40959, 0.196484375], [41215, 0.19693808229813664], [41471, 0.19760320216049382], [41727, 0.19806844325153375], [41983, 0.19855182926829268], [42239, 0.19924242424242425], [42495, 0.1999011671686747], [42751, 0.20059880239520958], [43007, 0.20145089285714285], [43263, 0.2021773298816568], [43519, 0.20310202205882352], [43775, 0.20383315058479531], [44031, 0.2048737281976744], [44287, 0.2055635838150289], [44543, 0.20613326149425287], [44799, 0.20674107142857143], [45055, 0.20774147727272727], [45311, 0.20837747175141244], [45567, 0.20933549859550563], [45823, 0.21008641759776536], [46079, 0.21095920138888888], [46335, 0.2118439226519337], [46591, 0.2125257554945055], [46847, 0.21258111338797814], [47103, 0.21142578125], [47359, 0.2102829391891892], [47615, 0.20915238575268819], [47871, 0.20803392379679145], [48127, 0.2069273603723404], [48383, 0.20583250661375663], [48639, 0.20474917763157896], [48895, 0.20367719240837695], [49151, 0.20267740885416666], [49407, 0.20166774611398963], [49663, 0.20066849226804123], [49919, 0.1999198717948718], [50175, 0.19933832908163265], [50431, 0.19892131979695432], [50687, 0.19886363636363635], [50943, 0.19951319095477388], [51199, 0.200625], [51455, 0.20192008706467662], [51711, 0.2034537438118812], [51967, 0.20489532019704434], [52223, 0.20435049019607843], [52479, 0.20335365853658535], [52735, 0.20236650485436894], [52846, 0.20194145363029123]], "candidate_count_total": 39, "confirmed_count_total": 39, "created_at": 1767841598.0934901}