{"dataset_name": "INSECTS_abrupt_balanced", "dataset_type": "insects_real", "model_variant": "ts_drift_adapt_severity", "seed": 40, "monitor_preset": "error_divergence_ph_meta@error.threshold=0.05,error.min_instances=5", "monitor_preset_base": "error_divergence_ph_meta", "monitor_ph_params": {"error_rate": {"delta": 0.005, "alpha": 0.15, "threshold": 0.05, "min_instances": 5}, "divergence": {"delta": 0.005, "alpha": 0.1, "threshold": 0.05, "min_instances": 30}}, "monitor_ph_overrides": {"error_rate": {"threshold": 0.05, "min_instances": 5}}, "trigger_mode": "two_stage", "trigger_k": 2, "trigger_threshold": 0.5, "trigger_weights": "confirm_cooldown=200,divergence=0.3,error_rate=0.5,teacher_entropy=0.2", "confirm_window": 1, "confirm_cooldown": 0, "adaptive_cooldown_enabled": 0, "adaptive_window": 10000, "adaptive_lower_per10k": 10.0, "adaptive_upper_per10k": 25.0, "adaptive_cooldown_low": 200, "adaptive_cooldown_high": 500, "severity_scheduler_scale": 2.0, "use_severity_v2": 1, "severity_gate": "confirmed_streak", "severity_gate_min_streak": 1, "entropy_mode": "uncertain", "severity_decay": 0.95, "freeze_baseline_steps": 5, "n_steps": 1200, "horizon": 52847, "acc_final": 0.19478872972921832, "mean_acc": 0.1904513255711795, "acc_min": 0.125, "candidate_sample_idxs": [1535, 2815, 4095, 5375, 6655, 7935, 9215, 10495, 11775, 13055, 14335, 18175, 19455, 20735, 22015, 23295, 24575, 25855, 27135, 28415, 29695, 30975, 32255, 33535, 34815, 36095, 37375, 38655, 39935, 41215, 42495, 43775, 45055, 46335, 47615, 48895, 50175, 51455, 52735], "confirmed_sample_idxs": [1535, 2815, 4095, 5375, 6655, 7935, 9215, 10495, 11775, 13055, 14335, 18175, 19455, 20735, 22015, 23295, 24575, 25855, 27135, 28415, 29695, 30975, 32255, 33535, 34815, 36095, 37375, 38655, 39935, 41215, 42495, 43775, 45055, 46335, 47615, 48895, 50175, 51455, 52735], "acc_series": [[255, 0.125], [511, 0.142578125], [767, 0.14713541666666666], [1023, 0.158203125], [1279, 0.16328125], [1535, 0.171875], [1791, 0.17633928571428573], [2047, 0.17919921875], [2303, 0.18229166666666666], [2559, 0.183203125], [2815, 0.18607954545454544], [3071, 0.1875], [3327, 0.1856971153846154], [3583, 0.1875], [3839, 0.19088541666666667], [4095, 0.18994140625], [4351, 0.19232536764705882], [4607, 0.19227430555555555], [4863, 0.19449013157894737], [5119, 0.196484375], [5375, 0.19996279761904762], [5631, 0.2001065340909091], [5887, 0.19989809782608695], [6143, 0.2001953125], [6399, 0.20125], [6655, 0.20237379807692307], [6911, 0.20283564814814814], [7167, 0.20340401785714285], [7423, 0.2048760775862069], [7679, 0.20442708333333334], [7935, 0.20577116935483872], [8191, 0.2059326171875], [8447, 0.20726799242424243], [8703, 0.20783547794117646], [8959, 0.209375], [9215, 0.21006944444444445], [9471, 0.20861486486486486], [9727, 0.2079564144736842], [9983, 0.20783253205128205], [10239, 0.20947265625], [10495, 0.20874618902439024], [10751, 0.20963541666666666], [11007, 0.21066497093023256], [11263, 0.21058238636363635], [11519, 0.21241319444444445], [11775, 0.21246603260869565], [12031, 0.21409574468085107], [12287, 0.21443684895833334], [12543, 0.21564094387755103], [12799, 0.21265625], [13055, 0.20848651960784315], [13311, 0.20447716346153846], [13567, 0.2006191037735849], [13823, 0.19690393518518517], [14079, 0.19332386363636364], [14335, 0.1923828125], [14591, 0.1904468201754386], [14847, 0.18716325431034483], [15103, 0.18412341101694915], [15359, 0.1810546875], [15615, 0.17808657786885246], [15871, 0.1752142137096774], [16127, 0.17249503968253968], [16383, 0.1697998046875], [16639, 0.1671875], [16895, 0.16465435606060605], [17151, 0.16219682835820895], [17407, 0.15992647058823528], [17663, 0.15760869565217392], [17919, 0.15764508928571427], [18175, 0.16219190140845072], [18431, 0.1648220486111111], [18687, 0.1664169520547945], [18943, 0.16786317567567569], [19199, 0.16890625], [19455, 0.171875], [19711, 0.1737012987012987], [19967, 0.17422876602564102], [20223, 0.17499011075949367], [20479, 0.17548828125], [20735, 0.17578125], [20991, 0.1759717987804878], [21247, 0.1761577560240964], [21503, 0.17671130952380953], [21759, 0.1776654411764706], [22015, 0.17873364825581395], [22271, 0.17923850574712644], [22527, 0.18048650568181818], [22783, 0.18249648876404495], [23039, 0.18328993055555556], [23295, 0.18355082417582416], [23551, 0.18512228260869565], [23807, 0.1860299059139785], [24063, 0.18704288563829788], [24319, 0.18824013157894737], [24575, 0.18876139322916666], [24831, 0.18935244845360824], [25087, 0.19013073979591838], [25343, 0.19144570707070707], [25599, 0.1923828125], [25855, 0.19326268564356436], [26111, 0.1939721200980392], [26367, 0.19500910194174756], [26623, 0.19572566105769232], [26879, 0.196875], [27135, 0.1977446933962264], [27391, 0.19863463785046728], [27647, 0.19950810185185186], [27903, 0.20101060779816513], [28159, 0.19992897727272727], [28415, 0.19826858108108109], [28671, 0.19674246651785715], [28927, 0.1954507743362832], [29183, 0.19404468201754385], [29439, 0.19259510869565216], [29695, 0.19113685344827586], [29951, 0.1898036858974359], [30207, 0.18849311440677965], [30463, 0.18733587184873948], [30719, 0.18600260416666667], [30975, 0.18504648760330578], [31231, 0.18407402663934427], [31487, 0.18299034552845528], [31743, 0.18258568548387097], [31999, 0.1833125], [32255, 0.18529885912698413], [32511, 0.18728469488188976], [32767, 0.18865966796875], [33023, 0.19043725775193798], [33279, 0.190625], [33535, 0.19060114503816794], [33791, 0.19096235795454544], [34047, 0.19117128759398497], [34303, 0.19111473880597016], [34559, 0.19088541666666667], [34815, 0.19063074448529413], [35071, 0.19043681569343066], [35327, 0.1905570652173913], [35583, 0.19092850719424462], [35839, 0.19112723214285715], [36095, 0.19115691489361702], [36351, 0.1912962147887324], [36607, 0.19121503496503497], [36863, 0.19132486979166666], [37119, 0.19132543103448277], [37375, 0.1913259845890411], [37631, 0.1913265306122449], [37887, 0.19164379222972974], [38143, 0.1916684144295302], [38399, 0.190390625], [38655, 0.18912975993377484], [38911, 0.18883634868421054], [39167, 0.18880208333333334], [39423, 0.18866680194805194], [39679, 0.18873487903225805], [39935, 0.1888271233974359], [40191, 0.18866938694267515], [40447, 0.1883900316455696], [40703, 0.18811419025157233], [40959, 0.1882080078125], [41215, 0.1884462344720497], [41471, 0.18904320987654322], [41727, 0.18951303680981596], [41983, 0.18992949695121952], [42239, 0.19076704545454545], [42495, 0.19150037650602408], [42751, 0.19227170658682635], [43007, 0.19308035714285715], [43263, 0.1939950073964497], [43519, 0.1948529411764706], [43775, 0.19570084064327486], [44031, 0.19674327761627908], [44287, 0.19750270953757226], [44543, 0.1980962643678161], [44799, 0.19888392857142856], [45055, 0.19999556107954544], [45311, 0.2007415254237288], [45567, 0.20161077949438203], [45823, 0.202383030726257], [46079, 0.2033203125], [46335, 0.20422565607734808], [46591, 0.2048849587912088], [46847, 0.20489668715846995], [47103, 0.20378311820652173], [47359, 0.20268158783783785], [47615, 0.20159190188172044], [47871, 0.2005138703208556], [48127, 0.19944730718085107], [48383, 0.1984126984126984], [48639, 0.1974095394736842], [48895, 0.19641688481675393], [49151, 0.19541422526041666], [49407, 0.19450291450777202], [49663, 0.19366140463917525], [49919, 0.19306891025641026], [50175, 0.19266183035714285], [50431, 0.19255631345177665], [50687, 0.19280697601010102], [50943, 0.1935458542713568], [51199, 0.19443359375], [51455, 0.19542910447761194], [51711, 0.1965887995049505], [51967, 0.19758312807881773], [52223, 0.1971124387254902], [52479, 0.19615091463414633], [52735, 0.19519872572815533], [52846, 0.19478872972921832]], "candidate_count_total": 39, "confirmed_count_total": 39, "created_at": 1767888346.5921433}