{"dataset_name": "sine_nodrift", "dataset_type": "sine", "model_variant": "ts_drift_adapt", "seed": 2, "monitor_preset": "error_divergence_ph_meta@error.threshold=0.10,error.min_instances=5", "monitor_preset_base": "error_divergence_ph_meta", "monitor_ph_params": {"error_rate": {"delta": 0.005, "alpha": 0.15, "threshold": 0.1, "min_instances": 5}, "divergence": {"delta": 0.005, "alpha": 0.1, "threshold": 0.05, "min_instances": 30}}, "monitor_ph_overrides": {"error_rate": {"threshold": 0.1, "min_instances": 5}}, "trigger_mode": "two_stage", "trigger_k": 2, "trigger_threshold": 0.5, "trigger_weights": "__confirm_cooldown=200,__confirm_rule=perm_test,__perm_alpha=0.05,__perm_delta_k=50,__perm_min_effect=0,__perm_n_perm=200,__perm_post_n=50,__perm_pre_n=200,__perm_rng_seed=0,__perm_stat=delta_fused_score,divergence=0.3,error_rate=0.5,teacher_entropy=0.2", "confirm_window": 3, "confirm_cooldown": 0, "adaptive_cooldown_enabled": 0, "adaptive_window": 10000, "adaptive_lower_per10k": 10.0, "adaptive_upper_per10k": 25.0, "adaptive_cooldown_low": 200, "adaptive_cooldown_high": 500, "severity_scheduler_scale": 1.0, "use_severity_v2": 0, "severity_gate": "none", "severity_gate_min_streak": 1, "entropy_mode": "overconfident", "severity_decay": 0.95, "freeze_baseline_steps": 0, "n_steps": 800, "horizon": 10000, "acc_final": 0.9344, "mean_acc": 0.8794509334018799, "acc_min": 0.453125, "candidate_sample_idxs": [319, 639, 959, 1279, 1599, 2111, 3007, 3711, 4031, 4351, 4671, 4991, 5311, 5631, 5951, 6271, 6591, 7423, 7935, 8255, 8575, 9791], "confirmed_sample_idxs": [831, 1343, 2111, 3007, 3711, 4031, 4415, 4735, 4991, 5311, 5823, 6335, 6591, 7423, 7935, 9791], "acc_series": [[63, 0.453125], [127, 0.5078125], [191, 0.5729166666666666], [255, 0.640625], [319, 0.671875], [383, 0.6979166666666666], [447, 0.7276785714285714], [511, 0.744140625], [575, 0.7552083333333334], [639, 0.7703125], [703, 0.7798295454545454], [767, 0.7903645833333334], [831, 0.796875], [895, 0.8013392857142857], [959, 0.803125], [1023, 0.8056640625], [1087, 0.8060661764705882], [1151, 0.8081597222222222], [1215, 0.8133223684210527], [1279, 0.81640625], [1343, 0.8221726190476191], [1407, 0.8267045454545454], [1471, 0.8301630434782609], [1535, 0.8333333333333334], [1599, 0.83625], [1663, 0.8395432692307693], [1727, 0.8420138888888888], [1791, 0.84375], [1855, 0.8459051724137931], [1919, 0.8479166666666667], [1983, 0.8482862903225806], [2047, 0.8515625], [2111, 0.8522727272727273], [2175, 0.8538602941176471], [2239, 0.8558035714285714], [2303, 0.8585069444444444], [2367, 0.8610641891891891], [2431, 0.8634868421052632], [2495, 0.8657852564102564], [2559, 0.868359375], [2623, 0.8692835365853658], [2687, 0.8705357142857143], [2751, 0.8710029069767442], [2815, 0.8732244318181818], [2879, 0.8746527777777777], [2943, 0.8753396739130435], [3007, 0.8763297872340425], [3071, 0.8779296875], [3135, 0.8791454081632653], [3199, 0.8803125], [3263, 0.8817401960784313], [3327, 0.8834134615384616], [3391, 0.8850235849056604], [3455, 0.8859953703703703], [3519, 0.8866477272727272], [3583, 0.8858816964285714], [3647, 0.8870614035087719], [3711, 0.8882004310344828], [3775, 0.8890360169491526], [3839, 0.890625], [3903, 0.890625], [3967, 0.891633064516129], [4031, 0.892609126984127], [4095, 0.8935546875], [4159, 0.89375], [4223, 0.8946496212121212], [4287, 0.8959888059701493], [4351, 0.8965992647058824], [4415, 0.8974184782608695], [4479, 0.8984375], [4543, 0.8987676056338029], [4607, 0.8997395833333334], [4671, 0.900470890410959], [4735, 0.9003378378378378], [4799, 0.9008333333333334], [4863, 0.9015213815789473], [4927, 0.9021915584415584], [4991, 0.9026442307692307], [5055, 0.9036787974683544], [5119, 0.9046875], [5183, 0.9054783950617284], [5247, 0.90625], [5311, 0.9066265060240963], [5375, 0.9075520833333334], [5439, 0.9082720588235295], [5503, 0.9080668604651163], [5567, 0.9085847701149425], [5631, 0.9094460227272727], [5695, 0.9104634831460674], [5759, 0.9112847222222222], [5823, 0.9114010989010989], [5887, 0.9123641304347826], [5951, 0.9126344086021505], [6015, 0.9128989361702128], [6079, 0.9131578947368421], [6143, 0.9134114583333334], [6207, 0.9139819587628866], [6271, 0.9143813775510204], [6335, 0.9150883838383839], [6399, 0.91578125], [6463, 0.9161509900990099], [6527, 0.9168198529411765], [6591, 0.9167172330097088], [6655, 0.9166165865384616], [6719, 0.9168154761904762], [6783, 0.9173054245283019], [6847, 0.9177862149532711], [6911, 0.9178240740740741], [6975, 0.9182912844036697], [7039, 0.9190340909090909], [7103, 0.9192004504504504], [7167, 0.9196428571428571], [7231, 0.9202157079646017], [7295, 0.920641447368421], [7359, 0.9210597826086957], [7423, 0.9213362068965517], [7487, 0.9217414529914529], [7551, 0.9224046610169492], [7615, 0.9226628151260504], [7679, 0.923046875], [7743, 0.9235537190082644], [7807, 0.9240522540983607], [7871, 0.9245426829268293], [7935, 0.924773185483871], [7999, 0.925125], [8063, 0.9255952380952381], [8127, 0.9259350393700787], [8191, 0.92626953125], [8255, 0.9264777131782945], [8319, 0.9268028846153846], [8383, 0.9270038167938931], [8447, 0.9272017045454546], [8511, 0.9275140977443609], [8575, 0.9278218283582089], [8639, 0.9282407407407407], [8703, 0.9284237132352942], [8767, 0.9288321167883211], [8831, 0.9291213768115942], [8895, 0.9296312949640287], [8959, 0.9300223214285714], [9023, 0.930186170212766], [9087, 0.9305677816901409], [9151, 0.9309440559440559], [9215, 0.9313151041666666], [9279, 0.931573275862069], [9343, 0.9316138698630136], [9407, 0.9320790816326531], [9471, 0.9324324324324325], [9535, 0.9327810402684564], [9599, 0.9329166666666666], [9663, 0.9333609271523179], [9727, 0.9334909539473685], [9791, 0.9336192810457516], [9855, 0.9337459415584416], [9919, 0.9340725806451613], [9983, 0.9342948717948718], [9999, 0.9344]], "candidate_count_total": 20, "confirmed_count_total": 16, "created_at": 1768148174.5465457, "confirm_rule_effective": "perm_test", "last_perm_pvalue": 0.004975124378109453, "last_perm_effect": 0.080615622144028, "perm_test_count_total": 38, "perm_accept_count_total": 16, "perm_reject_count_total": 22, "perm_alpha": 0.05, "perm_pvalue_p50": 0.34079601990049746, "perm_pvalue_p90": 1.0, "perm_pvalue_p99": 1.0, "perm_pvalue_le_alpha_ratio": 0.42105263157894735, "perm_effect_p50": 0.004098935663454989, "perm_effect_p90": 0.07977016892585677, "perm_effect_p99": 0.11178799385962918}