{"dataset_name": "INSECTS_abrupt_balanced", "dataset_type": "insects_real", "model_variant": "ts_drift_adapt_severity", "seed": 2, "monitor_preset": "error_divergence_ph_meta@error.threshold=0.05,error.min_instances=5", "monitor_preset_base": "error_divergence_ph_meta", "monitor_ph_params": {"error_rate": {"delta": 0.005, "alpha": 0.15, "threshold": 0.05, "min_instances": 5}, "divergence": {"delta": 0.005, "alpha": 0.1, "threshold": 0.05, "min_instances": 30}}, "monitor_ph_overrides": {"error_rate": {"threshold": 0.05, "min_instances": 5}}, "trigger_mode": "two_stage", "trigger_k": 2, "trigger_threshold": 0.5, "trigger_weights": "confirm_cooldown=200,divergence=0.3,error_rate=0.5,teacher_entropy=0.2", "confirm_window": 1, "confirm_cooldown": 0, "adaptive_cooldown_enabled": 0, "adaptive_window": 10000, "adaptive_lower_per10k": 10.0, "adaptive_upper_per10k": 25.0, "adaptive_cooldown_low": 200, "adaptive_cooldown_high": 500, "severity_scheduler_scale": 2.0, "use_severity_v2": 1, "severity_gate": "confirmed_streak", "severity_gate_min_streak": 1, "entropy_mode": "uncertain", "severity_decay": 0.95, "freeze_baseline_steps": 5, "n_steps": 1200, "horizon": 52847, "acc_final": 0.19155297367873295, "mean_acc": 0.1908995819832259, "acc_min": 0.1628125, "candidate_sample_idxs": [1279, 2559, 3839, 5119, 6399, 7679, 8959, 10239, 11519, 12799, 16127, 17407, 18687, 19967, 21247, 22527, 23807, 25087, 26367, 27647, 28927, 30207, 31487, 32767, 34047, 35327, 36607, 37887, 39167, 40447, 41727, 43007, 44287, 45567, 46847, 49663, 50943, 52223], "confirmed_sample_idxs": [1279, 2559, 3839, 5119, 6399, 7679, 8959, 10239, 11519, 12799, 16127, 17407, 18687, 19967, 21247, 22527, 23807, 25087, 26367, 27647, 28927, 30207, 31487, 32767, 34047, 35327, 36607, 37887, 39167, 40447, 41727, 43007, 44287, 45567, 46847, 49663, 50943, 52223], "acc_series": [[255, 0.1875], [511, 0.177734375], [767, 0.18619791666666666], [1023, 0.193359375], [1279, 0.196875], [1535, 0.19921875], [1791, 0.19921875], [2047, 0.20068359375], [2303, 0.20008680555555555], [2559, 0.1984375], [2815, 0.20063920454545456], [3071, 0.20149739583333334], [3327, 0.203125], [3583, 0.205078125], [3839, 0.20859375], [4095, 0.206787109375], [4351, 0.20726102941176472], [4607, 0.20638020833333334], [4863, 0.20662006578947367], [5119, 0.2056640625], [5375, 0.20479910714285715], [5631, 0.20348011363636365], [5887, 0.20363451086956522], [6143, 0.20540364583333334], [6399, 0.2065625], [6655, 0.20778245192307693], [6911, 0.2076099537037037], [7167, 0.20870535714285715], [7423, 0.21255387931034483], [7679, 0.21380208333333334], [7935, 0.21383568548387097], [8191, 0.21533203125], [8447, 0.21484375], [8703, 0.21576286764705882], [8959, 0.21707589285714285], [9215, 0.2185329861111111], [9471, 0.21716638513513514], [9727, 0.21761924342105263], [9983, 0.21955128205128205], [10239, 0.22041015625], [10495, 0.22084603658536586], [10751, 0.22163318452380953], [11007, 0.2220203488372093], [11263, 0.22283380681818182], [11519, 0.2234375], [11775, 0.22393002717391305], [12031, 0.22415226063829788], [12287, 0.22477213541666666], [12543, 0.22480867346938777], [12799, 0.22171875], [13055, 0.21737132352941177], [13311, 0.21319110576923078], [13567, 0.2091686320754717], [13823, 0.2052951388888889], [14079, 0.20163352272727272], [14335, 0.19852120535714285], [14591, 0.19613486842105263], [14847, 0.19302262931034483], [15103, 0.1898834745762712], [15359, 0.18671875], [15615, 0.1836577868852459], [15871, 0.18082157258064516], [16127, 0.17801339285714285], [16383, 0.17529296875], [16639, 0.17259615384615384], [16895, 0.17004024621212122], [17151, 0.16767723880597016], [17407, 0.16544117647058823], [17663, 0.1637794384057971], [17919, 0.16378348214285715], [18175, 0.16494278169014084], [18431, 0.1642795138888889], [18687, 0.16342037671232876], [18943, 0.1629539695945946], [19199, 0.1628125], [19455, 0.16395970394736842], [19711, 0.16528003246753248], [19967, 0.1662159455128205], [20223, 0.16668314873417722], [20479, 0.1673828125], [20735, 0.1677758487654321], [20991, 0.16830221036585366], [21247, 0.1686746987951807], [21503, 0.16889880952380953], [21759, 0.1689797794117647], [22015, 0.16924055232558138], [22271, 0.16994432471264367], [22527, 0.16996626420454544], [22783, 0.17025105337078653], [23039, 0.17078993055555555], [23295, 0.17110233516483517], [23551, 0.17204483695652173], [23807, 0.172841061827957], [24063, 0.17407746010638298], [24319, 0.17504111842105263], [24575, 0.17610677083333334], [24831, 0.17743234536082475], [25087, 0.17873086734693877], [25343, 0.18023989898989898], [25599, 0.1815234375], [25855, 0.1833230198019802], [26111, 0.18462775735294118], [26367, 0.18624848300970873], [26623, 0.18761268028846154], [26879, 0.18913690476190476], [27135, 0.19030070754716982], [27391, 0.19173481308411214], [27647, 0.19361255787037038], [27903, 0.19509747706422018], [28159, 0.19410511363636362], [28415, 0.19256756756756757], [28671, 0.19126674107142858], [28927, 0.19005807522123894], [29183, 0.18869928728070176], [29439, 0.18773777173913042], [29695, 0.18675915948275862], [29951, 0.18549679487179488], [30207, 0.18445444915254236], [30463, 0.18362657563025211], [30719, 0.18255208333333334], [30975, 0.1817213326446281], [31231, 0.18093621926229508], [31487, 0.18022738821138212], [31743, 0.1797820060483871], [31999, 0.17953125], [32255, 0.1801215277777778], [32511, 0.1814714566929134], [32767, 0.182861328125], [33023, 0.18441133720930233], [33279, 0.18455528846153846], [33535, 0.1846075858778626], [33791, 0.18513257575757575], [34047, 0.18535596804511278], [34303, 0.185576026119403], [34559, 0.18561921296296297], [34815, 0.18583409926470587], [35071, 0.1859603102189781], [35327, 0.18591485507246377], [35583, 0.18612297661870503], [35839, 0.18627232142857142], [36095, 0.18608710106382978], [36351, 0.18615206866197184], [36607, 0.1864346590909091], [36863, 0.18665907118055555], [37119, 0.18655711206896552], [37375, 0.18680436643835616], [37631, 0.1869951105442177], [37887, 0.18760557432432431], [38143, 0.1878932466442953], [38399, 0.186640625], [38655, 0.18540459437086093], [38911, 0.18518708881578946], [39167, 0.18512561274509803], [39423, 0.18514103084415584], [39679, 0.18543346774193548], [39935, 0.18564703525641027], [40191, 0.18565883757961785], [40447, 0.18571993670886075], [40703, 0.1857311320754717], [40959, 0.185791015625], [41215, 0.18621409161490685], [41471, 0.18646315586419754], [41727, 0.18649348159509202], [41983, 0.18666634908536586], [42239, 0.18695549242424242], [42495, 0.18754706325301204], [42751, 0.18803798652694612], [43007, 0.18866257440476192], [43263, 0.1893491124260355], [43519, 0.19021139705882353], [43775, 0.1908808479532164], [44031, 0.19211028343023256], [44287, 0.19262554190751446], [44543, 0.19344917385057472], [44799, 0.1941294642857143], [45055, 0.19513494318181818], [45311, 0.195996645480226], [45567, 0.19698033707865167], [45823, 0.19788756983240224], [46079, 0.19919704861111112], [46335, 0.20016833563535913], [46591, 0.20106456043956045], [46847, 0.20120389344262296], [47103, 0.20011039402173914], [47359, 0.1990287162162162], [47615, 0.19795866935483872], [47871, 0.19690006684491979], [48127, 0.19585272606382978], [48383, 0.19481646825396826], [48639, 0.19379111842105262], [48895, 0.1927765052356021], [49151, 0.19183349609375], [49407, 0.19102169689119172], [49663, 0.19021826675257733], [49919, 0.18950320512820512], [50175, 0.18919403698979592], [50431, 0.18900697969543148], [50687, 0.18876262626262627], [50943, 0.18895257537688442], [51199, 0.18951171875], [51455, 0.19113417288557213], [51711, 0.1927018873762376], [51967, 0.1942541564039409], [52223, 0.19383808210784315], [52479, 0.1928925304878049], [52735, 0.19195615898058252], [52846, 0.19155297367873295]], "candidate_count_total": 38, "confirmed_count_total": 38, "created_at": 1767890134.4873116}