{"dataset_name": "sine_nodrift", "dataset_type": "sine", "model_variant": "ts_drift_adapt", "seed": 1, "monitor_preset": "error_divergence_ph_meta@error.threshold=0.10,error.min_instances=5", "monitor_preset_base": "error_divergence_ph_meta", "monitor_ph_params": {"error_rate": {"delta": 0.005, "alpha": 0.15, "threshold": 0.1, "min_instances": 5}, "divergence": {"delta": 0.005, "alpha": 0.1, "threshold": 0.05, "min_instances": 30}}, "monitor_ph_overrides": {"error_rate": {"threshold": 0.1, "min_instances": 5}}, "trigger_mode": "two_stage", "trigger_k": 2, "trigger_threshold": 0.5, "trigger_weights": "__confirm_cooldown=200,__confirm_rule=perm_test,__perm_alpha=0.005,__perm_delta_k=25,__perm_min_effect=0,__perm_n_perm=200,__perm_post_n=50,__perm_pre_n=500,__perm_rng_seed=0,__perm_stat=delta_fused_score,divergence=0.3,error_rate=0.5,teacher_entropy=0.2", "confirm_window": 3, "confirm_cooldown": 0, "adaptive_cooldown_enabled": 0, "adaptive_window": 10000, "adaptive_lower_per10k": 10.0, "adaptive_upper_per10k": 25.0, "adaptive_cooldown_low": 200, "adaptive_cooldown_high": 500, "severity_scheduler_scale": 1.0, "use_severity_v2": 0, "severity_gate": "none", "severity_gate_min_streak": 1, "entropy_mode": "overconfident", "severity_decay": 0.95, "freeze_baseline_steps": 0, "n_steps": 800, "horizon": 10000, "acc_final": 0.9222, "mean_acc": 0.8571275345875352, "acc_min": 0.40625, "candidate_sample_idxs": [319, 639, 959, 1279, 1599, 1919, 2239, 2559, 2879, 3199, 3583, 3967, 4287, 4607, 4927, 5247, 5887, 6207, 6527, 6847, 7167, 8639, 9087, 9407, 9791], "confirmed_sample_idxs": [639, 1087, 1599, 1983, 2367, 3199, 3583, 3967, 4287, 4607, 5887, 6271, 6591, 6911, 7167, 8639, 9087, 9791], "acc_series": [[63, 0.40625], [127, 0.53125], [191, 0.5989583333333334], [255, 0.61328125], [319, 0.61875], [383, 0.6276041666666666], [447, 0.640625], [511, 0.658203125], [575, 0.6892361111111112], [639, 0.703125], [703, 0.7159090909090909], [767, 0.7265625], [831, 0.7379807692307693], [895, 0.7433035714285714], [959, 0.75], [1023, 0.7529296875], [1087, 0.7518382352941176], [1151, 0.7586805555555556], [1215, 0.7631578947368421], [1279, 0.76953125], [1343, 0.7775297619047619], [1407, 0.7826704545454546], [1471, 0.7880434782608695], [1535, 0.794921875], [1599, 0.798125], [1663, 0.8004807692307693], [1727, 0.8072916666666666], [1791, 0.8108258928571429], [1855, 0.8141163793103449], [1919, 0.8192708333333333], [1983, 0.8230846774193549], [2047, 0.82568359375], [2111, 0.8285984848484849], [2175, 0.8299632352941176], [2239, 0.8330357142857143], [2303, 0.8337673611111112], [2367, 0.8361486486486487], [2431, 0.8396381578947368], [2495, 0.8413461538461539], [2559, 0.84296875], [2623, 0.8448932926829268], [2687, 0.8478422619047619], [2751, 0.8513808139534884], [2815, 0.8533380681818182], [2879, 0.8552083333333333], [2943, 0.8566576086956522], [3007, 0.8577127659574468], [3071, 0.8597005208333334], [3135, 0.8606505102040817], [3199, 0.8609375], [3263, 0.8627450980392157], [3327, 0.8635817307692307], [3391, 0.8646816037735849], [3455, 0.8651620370370371], [3519, 0.8664772727272727], [3583, 0.8671875], [3647, 0.8681469298245614], [3711, 0.8688038793103449], [3775, 0.8697033898305084], [3839, 0.8716145833333333], [3903, 0.873719262295082], [3967, 0.8744959677419355], [4031, 0.875], [4095, 0.875244140625], [4159, 0.875], [4223, 0.8759469696969697], [4287, 0.8763992537313433], [4351, 0.8766084558823529], [4415, 0.8772644927536232], [4479, 0.8783482142857143], [4543, 0.8789612676056338], [4607, 0.8802083333333334], [4671, 0.8816352739726028], [4735, 0.8828125], [4799, 0.8833333333333333], [4863, 0.8838404605263158], [4927, 0.8847402597402597], [4991, 0.8856169871794872], [5055, 0.8868670886075949], [5119, 0.8880859375], [5183, 0.888695987654321], [5247, 0.8892911585365854], [5311, 0.8902484939759037], [5375, 0.8908110119047619], [5439, 0.8919117647058824], [5503, 0.8918968023255814], [5567, 0.8929597701149425], [5631, 0.8934659090909091], [5695, 0.8936095505617978], [5759, 0.8939236111111111], [5823, 0.8944024725274725], [5887, 0.8952105978260869], [5951, 0.8960013440860215], [6015, 0.8964428191489362], [6079, 0.896875], [6143, 0.8974609375], [6207, 0.8978737113402062], [6271, 0.8984375], [6335, 0.8986742424242424], [6399, 0.8990625], [6463, 0.8995977722772277], [6527, 0.8999693627450981], [6591, 0.9004854368932039], [6655, 0.900390625], [6719, 0.9010416666666666], [6783, 0.9015330188679245], [6847, 0.9021612149532711], [6911, 0.9027777777777778], [6975, 0.9029529816513762], [7039, 0.9038352272727272], [7103, 0.9045608108108109], [7167, 0.9051339285714286], [7231, 0.9056969026548672], [7295, 0.9061129385964912], [7359, 0.9066576086956522], [7423, 0.9070581896551724], [7487, 0.9078525641025641], [7551, 0.9078389830508474], [7615, 0.9080882352941176], [7679, 0.9083333333333333], [7743, 0.9088326446280992], [7807, 0.9093237704918032], [7871, 0.9099339430894309], [7935, 0.9106602822580645], [7999, 0.911125], [8063, 0.9118303571428571], [8127, 0.9125246062992126], [8191, 0.9127197265625], [8255, 0.9131540697674418], [8319, 0.9135817307692308], [8383, 0.9141221374045801], [8447, 0.9141808712121212], [8511, 0.9147086466165414], [8575, 0.9152285447761194], [8639, 0.9157407407407407], [8703, 0.916015625], [8767, 0.9161724452554745], [8831, 0.9166666666666666], [8895, 0.9171537769784173], [8959, 0.9175223214285714], [9023, 0.917220744680851], [9087, 0.9173635563380281], [9151, 0.9176136363636364], [9215, 0.9180772569444444], [9279, 0.9183189655172413], [9343, 0.9184503424657534], [9407, 0.9186862244897959], [9471, 0.9190244932432432], [9535, 0.9194630872483222], [9599, 0.9198958333333334], [9663, 0.9203228476821192], [9727, 0.9207442434210527], [9791, 0.9208537581699346], [9855, 0.9212662337662337], [9919, 0.9216733870967742], [9983, 0.9220753205128205], [9999, 0.9222]], "candidate_count_total": 23, "confirmed_count_total": 18, "created_at": 1768145498.4777508, "confirm_rule_effective": "perm_test", "last_perm_pvalue": 0.004975124378109453, "last_perm_effect": 0.07093404445171804, "perm_test_count_total": 42, "perm_accept_count_total": 18, "perm_reject_count_total": 24, "perm_alpha": 0.005, "perm_pvalue_p50": 0.25870646766169153, "perm_pvalue_p90": 1.0, "perm_pvalue_p99": 1.0, "perm_pvalue_le_alpha_ratio": 0.42857142857142855, "perm_effect_p50": 0.004473595874284813, "perm_effect_p90": 0.0809577444593457, "perm_effect_p99": 0.14414876769646098}