{"dataset_name": "sine_nodrift", "dataset_type": "sine", "model_variant": "ts_drift_adapt", "seed": 5, "monitor_preset": "error_divergence_ph_meta@error.threshold=0.10,error.min_instances=5", "monitor_preset_base": "error_divergence_ph_meta", "monitor_ph_params": {"error_rate": {"delta": 0.005, "alpha": 0.15, "threshold": 0.1, "min_instances": 5}, "divergence": {"delta": 0.005, "alpha": 0.1, "threshold": 0.05, "min_instances": 30}}, "monitor_ph_overrides": {"error_rate": {"threshold": 0.1, "min_instances": 5}}, "trigger_mode": "two_stage", "trigger_k": 2, "trigger_threshold": 0.5, "trigger_weights": "__confirm_cooldown=200,__confirm_rule=perm_test,__perm_alpha=0.01,__perm_delta_k=50,__perm_min_effect=0,__perm_n_perm=200,__perm_post_n=50,__perm_pre_n=200,__perm_rng_seed=0,__perm_stat=delta_fused_score,divergence=0.3,error_rate=0.5,teacher_entropy=0.2", "confirm_window": 3, "confirm_cooldown": 0, "adaptive_cooldown_enabled": 0, "adaptive_window": 10000, "adaptive_lower_per10k": 10.0, "adaptive_upper_per10k": 25.0, "adaptive_cooldown_low": 200, "adaptive_cooldown_high": 500, "severity_scheduler_scale": 1.0, "use_severity_v2": 0, "severity_gate": "none", "severity_gate_min_streak": 1, "entropy_mode": "overconfident", "severity_decay": 0.95, "freeze_baseline_steps": 0, "n_steps": 800, "horizon": 10000, "acc_final": 0.9214, "mean_acc": 0.8507276769038585, "acc_min": 0.4375, "candidate_sample_idxs": [319, 639, 959, 1279, 1599, 1919, 2239, 2559, 2879, 3199, 3519, 3839, 4159, 4479, 4863, 5311, 5887, 6207, 6655, 6975, 7423, 7743, 8127, 8447, 9087, 9407], "confirmed_sample_idxs": [639, 1407, 1919, 2239, 2559, 2879, 3391, 3839, 4543, 4863, 5311, 5887, 6271, 6655, 7423, 7743, 8127, 9087, 9471], "acc_series": [[63, 0.4375], [127, 0.484375], [191, 0.5416666666666666], [255, 0.55078125], [319, 0.5875], [383, 0.609375], [447, 0.6316964285714286], [511, 0.640625], [575, 0.6631944444444444], [639, 0.671875], [703, 0.6903409090909091], [767, 0.69921875], [831, 0.7043269230769231], [895, 0.71875], [959, 0.73125], [1023, 0.7431640625], [1087, 0.7472426470588235], [1151, 0.7517361111111112], [1215, 0.7598684210526315], [1279, 0.76953125], [1343, 0.7730654761904762], [1407, 0.7791193181818182], [1471, 0.7860054347826086], [1535, 0.7916666666666666], [1599, 0.7975], [1663, 0.8016826923076923], [1727, 0.8043981481481481], [1791, 0.8074776785714286], [1855, 0.8108836206896551], [1919, 0.8140625], [1983, 0.8160282258064516], [2047, 0.81884765625], [2111, 0.8196022727272727], [2175, 0.8193933823529411], [2239, 0.8178571428571428], [2303, 0.8185763888888888], [2367, 0.8217905405405406], [2431, 0.8231907894736842], [2495, 0.8233173076923077], [2559, 0.82578125], [2623, 0.8292682926829268], [2687, 0.8314732142857143], [2751, 0.8346656976744186], [2815, 0.8380681818181818], [2879, 0.8399305555555555], [2943, 0.8427309782608695], [3007, 0.8454122340425532], [3071, 0.8470052083333334], [3135, 0.8488520408163265], [3199, 0.85], [3263, 0.852328431372549], [3327, 0.8539663461538461], [3391, 0.855247641509434], [3455, 0.8570601851851852], [3519, 0.8579545454545454], [3583, 0.8599330357142857], [3647, 0.8618421052631579], [3711, 0.8626077586206896], [3775, 0.8636122881355932], [3839, 0.8645833333333334], [3903, 0.8662909836065574], [3967, 0.8669354838709677], [4031, 0.8683035714285714], [4095, 0.86962890625], [4159, 0.8711538461538462], [4223, 0.8719223484848485], [4287, 0.8733675373134329], [4351, 0.8738511029411765], [4415, 0.8745471014492754], [4479, 0.8752232142857143], [4543, 0.876100352112676], [4607, 0.8773871527777778], [4671, 0.8790667808219178], [4735, 0.879856418918919], [4799, 0.8804166666666666], [4863, 0.8803453947368421], [4927, 0.8814935064935064], [4991, 0.8828125], [5055, 0.8837025316455697], [5119, 0.8845703125], [5183, 0.8859953703703703], [5247, 0.8866234756097561], [5311, 0.8870481927710844], [5375, 0.8878348214285714], [5439, 0.8878676470588235], [5503, 0.8886264534883721], [5567, 0.8895474137931034], [5631, 0.8902698863636364], [5695, 0.8913272471910112], [5759, 0.8921875], [5823, 0.8930288461538461], [5887, 0.8938519021739131], [5951, 0.8938172043010753], [6015, 0.8949468085106383], [6079, 0.8955592105263158], [6143, 0.8961588541666666], [6207, 0.8965850515463918], [6271, 0.8970025510204082], [6335, 0.8974116161616161], [6399, 0.89765625], [6463, 0.8978960396039604], [6527, 0.8985906862745098], [6591, 0.8994235436893204], [6655, 0.8993389423076923], [6719, 0.899702380952381], [6783, 0.9005011792452831], [6847, 0.9009929906542056], [6911, 0.9019097222222222], [6975, 0.9025229357798165], [7039, 0.9028409090909091], [7103, 0.9035754504504504], [7167, 0.904296875], [7231, 0.9050055309734514], [7295, 0.9052905701754386], [7359, 0.9061141304347826], [7423, 0.90625], [7487, 0.9069177350427351], [7551, 0.9070444915254238], [7615, 0.9076943277310925], [7679, 0.9078125], [7743, 0.9079287190082644], [7807, 0.9086834016393442], [7871, 0.9090447154471545], [7935, 0.909148185483871], [7999, 0.909625], [8063, 0.9098462301587301], [8127, 0.9098179133858267], [8191, 0.9102783203125], [8255, 0.9108527131782945], [8319, 0.9110576923076923], [8383, 0.9114980916030534], [8447, 0.9119318181818182], [8511, 0.912124060150376], [8575, 0.9126632462686567], [8639, 0.9128472222222223], [8703, 0.9125689338235294], [8767, 0.9129790145985401], [8831, 0.9133831521739131], [8895, 0.9137814748201439], [8959, 0.9142857142857143], [9023, 0.9148936170212766], [9087, 0.9153829225352113], [9151, 0.9159746503496503], [9215, 0.9163411458333334], [9279, 0.9168103448275862], [9343, 0.9173801369863014], [9407, 0.9176232993197279], [9471, 0.9181798986486487], [9535, 0.9186241610738255], [9599, 0.9191666666666667], [9663, 0.9195985099337748], [9727, 0.9201274671052632], [9791, 0.920547385620915], [9855, 0.9207589285714286], [9919, 0.920866935483871], [9983, 0.9213741987179487], [9999, 0.9214]], "candidate_count_total": 24, "confirmed_count_total": 19, "created_at": 1768146217.580189, "confirm_rule_effective": "perm_test", "last_perm_pvalue": 0.004975124378109453, "last_perm_effect": 0.009475294809564787, "perm_test_count_total": 43, "perm_accept_count_total": 19, "perm_reject_count_total": 24, "perm_alpha": 0.01, "perm_pvalue_p50": 0.39303482587064675, "perm_pvalue_p90": 1.0, "perm_pvalue_p99": 1.0, "perm_pvalue_le_alpha_ratio": 0.4418604651162791, "perm_effect_p50": 0.0018102999388903106, "perm_effect_p90": 0.08945461688838106, "perm_effect_p99": 0.20763938474393284}