{"dataset_name": "sine_nodrift", "dataset_type": "sine", "model_variant": "ts_drift_adapt", "seed": 3, "monitor_preset": "error_divergence_ph_meta@error.threshold=0.10,error.min_instances=5", "monitor_preset_base": "error_divergence_ph_meta", "monitor_ph_params": {"error_rate": {"delta": 0.005, "alpha": 0.15, "threshold": 0.1, "min_instances": 5}, "divergence": {"delta": 0.005, "alpha": 0.1, "threshold": 0.05, "min_instances": 30}}, "monitor_ph_overrides": {"error_rate": {"threshold": 0.1, "min_instances": 5}}, "trigger_mode": "two_stage", "trigger_k": 2, "trigger_threshold": 0.5, "trigger_weights": "__confirm_cooldown=200,__confirm_rule=perm_test,__perm_alpha=0.02,__perm_delta_k=50,__perm_min_effect=0,__perm_n_perm=200,__perm_post_n=50,__perm_pre_n=500,__perm_rng_seed=0,__perm_stat=delta_fused_score,divergence=0.3,error_rate=0.5,teacher_entropy=0.2", "confirm_window": 3, "confirm_cooldown": 0, "adaptive_cooldown_enabled": 0, "adaptive_window": 10000, "adaptive_lower_per10k": 10.0, "adaptive_upper_per10k": 25.0, "adaptive_cooldown_low": 200, "adaptive_cooldown_high": 500, "severity_scheduler_scale": 1.0, "use_severity_v2": 0, "severity_gate": "none", "severity_gate_min_streak": 1, "entropy_mode": "overconfident", "severity_decay": 0.95, "freeze_baseline_steps": 0, "n_steps": 800, "horizon": 10000, "acc_final": 0.9012, "mean_acc": 0.7844434782327354, "acc_min": 0.3515625, "candidate_sample_idxs": [319, 639, 959, 1279, 1663, 1983, 2367, 2687, 3135, 3455, 3775, 4095, 4543, 4863, 5183, 5631, 5951, 6271, 6591, 6975, 7551, 7935, 8511, 8831, 9599], "confirmed_sample_idxs": [703, 959, 1343, 1663, 1983, 2367, 2751, 3135, 3647, 4095, 4543, 4927, 5247, 5631, 6143, 6655, 6975, 7551, 7935, 8511, 8895, 9599], "acc_series": [[63, 0.390625], [127, 0.3515625], [191, 0.3802083333333333], [255, 0.42578125], [319, 0.421875], [383, 0.4427083333333333], [447, 0.4799107142857143], [511, 0.49609375], [575, 0.5], [639, 0.509375], [703, 0.515625], [767, 0.515625], [831, 0.5240384615384616], [895, 0.5368303571428571], [959, 0.54375], [1023, 0.5439453125], [1087, 0.5588235294117647], [1151, 0.5798611111111112], [1215, 0.5970394736842105], [1279, 0.6109375], [1343, 0.6212797619047619], [1407, 0.6321022727272727], [1471, 0.6433423913043478], [1535, 0.6516927083333334], [1599, 0.664375], [1663, 0.6706730769230769], [1727, 0.6730324074074074], [1791, 0.6735491071428571], [1855, 0.6767241379310345], [1919, 0.6791666666666667], [1983, 0.6849798387096774], [2047, 0.69189453125], [2111, 0.6988636363636364], [2175, 0.7063419117647058], [2239, 0.7133928571428572], [2303, 0.7204861111111112], [2367, 0.7250844594594594], [2431, 0.7286184210526315], [2495, 0.7307692307692307], [2559, 0.734765625], [2623, 0.7381859756097561], [2687, 0.7421875], [2751, 0.7449127906976745], [2815, 0.7492897727272727], [2879, 0.753125], [2943, 0.7554347826086957], [3007, 0.7603058510638298], [3071, 0.763671875], [3135, 0.767219387755102], [3199, 0.77125], [3263, 0.7751225490196079], [3327, 0.7788461538461539], [3391, 0.7830188679245284], [3455, 0.7861689814814815], [3519, 0.7892045454545454], [3583, 0.7921316964285714], [3647, 0.7949561403508771], [3711, 0.7979525862068966], [3775, 0.8008474576271186], [3839, 0.8041666666666667], [3903, 0.8055840163934426], [3967, 0.8082157258064516], [4031, 0.8102678571428571], [4095, 0.81201171875], [4159, 0.8137019230769231], [4223, 0.8153409090909091], [4287, 0.8176305970149254], [4351, 0.8193933823529411], [4415, 0.8211050724637681], [4479, 0.8232142857142857], [4543, 0.8248239436619719], [4607, 0.8272569444444444], [4671, 0.8279109589041096], [4735, 0.8298141891891891], [4799, 0.8316666666666667], [4863, 0.8326480263157895], [4927, 0.8346185064935064], [4991, 0.8359375], [5055, 0.8378164556962026], [5119, 0.83984375], [5183, 0.8414351851851852], [5247, 0.842797256097561], [5311, 0.8441265060240963], [5375, 0.8457961309523809], [5439, 0.8474264705882353], [5503, 0.848655523255814], [5567, 0.8494971264367817], [5631, 0.8510298295454546], [5695, 0.8525280898876404], [5759, 0.8538194444444445], [5823, 0.8554258241758241], [5887, 0.8564877717391305], [5951, 0.8573588709677419], [6015, 0.858876329787234], [6079, 0.8603618421052631], [6143, 0.8614908854166666], [6207, 0.8622744845360825], [6271, 0.8635204081632653], [6335, 0.8642676767676768], [6399, 0.8646875], [6463, 0.8654084158415841], [6527, 0.8661151960784313], [6591, 0.8674150485436893], [6655, 0.8683894230769231], [6719, 0.8694940476190476], [6783, 0.8707252358490566], [6847, 0.8719334112149533], [6911, 0.8726851851851852], [6975, 0.8732798165137615], [7039, 0.8738636363636364], [7103, 0.8745777027027027], [7167, 0.8755580357142857], [7231, 0.8766592920353983], [7295, 0.8776041666666666], [7359, 0.8778532608695652], [7423, 0.8786368534482759], [7487, 0.8795405982905983], [7551, 0.880031779661017], [7615, 0.8807773109243697], [7679, 0.8817708333333333], [7743, 0.8826188016528925], [7807, 0.8833247950819673], [7871, 0.883765243902439], [7935, 0.8844506048387096], [7999, 0.885125], [8063, 0.8859126984126984], [8127, 0.8868110236220472], [8191, 0.8875732421875], [8255, 0.887718023255814], [8319, 0.8885817307692307], [8383, 0.889074427480916], [8447, 0.8896780303030303], [8511, 0.8900375939849624], [8575, 0.890625], [8639, 0.8913194444444444], [8703, 0.8917738970588235], [8767, 0.8923357664233577], [8831, 0.8931159420289855], [8895, 0.8934352517985612], [8959, 0.89375], [9023, 0.8943927304964538], [9087, 0.8944762323943662], [9151, 0.8947770979020979], [9215, 0.8950737847222222], [9279, 0.8953663793103448], [9343, 0.8959760273972602], [9407, 0.8966836734693877], [9471, 0.8973817567567568], [9535, 0.8976510067114094], [9599, 0.8980208333333334], [9663, 0.8986961920529801], [9727, 0.8990542763157895], [9791, 0.8995098039215687], [9855, 0.9000608766233766], [9919, 0.9005040322580645], [9983, 0.9010416666666666], [9999, 0.9012]], "candidate_count_total": 23, "confirmed_count_total": 22, "created_at": 1768147685.95763, "confirm_rule_effective": "perm_test", "last_perm_pvalue": 0.004975124378109453, "last_perm_effect": 0.07715824065296815, "perm_test_count_total": 35, "perm_accept_count_total": 22, "perm_reject_count_total": 13, "perm_alpha": 0.02, "perm_pvalue_p50": 0.004975124378109453, "perm_pvalue_p90": 1.0, "perm_pvalue_p99": 1.0, "perm_pvalue_le_alpha_ratio": 0.6285714285714286, "perm_effect_p50": 0.027926556835175562, "perm_effect_p90": 0.07333585821097548, "perm_effect_p99": 0.12175331381054125}