{"dataset_name": "sine_nodrift", "dataset_type": "sine", "model_variant": "ts_drift_adapt", "seed": 4, "monitor_preset": "error_divergence_ph_meta@error.threshold=0.10,error.min_instances=5", "monitor_preset_base": "error_divergence_ph_meta", "monitor_ph_params": {"error_rate": {"delta": 0.005, "alpha": 0.15, "threshold": 0.1, "min_instances": 5}, "divergence": {"delta": 0.005, "alpha": 0.1, "threshold": 0.05, "min_instances": 30}}, "monitor_ph_overrides": {"error_rate": {"threshold": 0.1, "min_instances": 5}}, "trigger_mode": "two_stage", "trigger_k": 2, "trigger_threshold": 0.5, "trigger_weights": "__confirm_cooldown=200,__confirm_rule=perm_test,__perm_alpha=0.005,__perm_delta_k=25,__perm_min_effect=0,__perm_n_perm=200,__perm_post_n=50,__perm_pre_n=200,__perm_rng_seed=0,__perm_stat=delta_fused_score,divergence=0.3,error_rate=0.5,teacher_entropy=0.2", "confirm_window": 3, "confirm_cooldown": 0, "adaptive_cooldown_enabled": 0, "adaptive_window": 10000, "adaptive_lower_per10k": 10.0, "adaptive_upper_per10k": 25.0, "adaptive_cooldown_low": 200, "adaptive_cooldown_high": 500, "severity_scheduler_scale": 1.0, "use_severity_v2": 0, "severity_gate": "none", "severity_gate_min_streak": 1, "entropy_mode": "overconfident", "severity_decay": 0.95, "freeze_baseline_steps": 0, "n_steps": 800, "horizon": 10000, "acc_final": 0.9111, "mean_acc": 0.8413042025506066, "acc_min": 0.40625, "candidate_sample_idxs": [319, 639, 959, 1279, 1599, 1919, 2239, 2559, 2879, 3263, 3583, 4031, 4351, 4671, 5247, 5631, 6207, 7167, 7551, 8191, 8511, 9023, 9535], "confirmed_sample_idxs": [767, 1663, 1919, 2303, 2559, 2943, 3263, 4031, 4479, 5247, 5631, 6207, 7167, 7551, 8191, 8511, 9023, 9535], "acc_series": [[63, 0.40625], [127, 0.546875], [191, 0.578125], [255, 0.578125], [319, 0.5875], [383, 0.6145833333333334], [447, 0.6517857142857143], [511, 0.658203125], [575, 0.65625], [639, 0.6671875], [703, 0.6789772727272727], [767, 0.6809895833333334], [831, 0.6899038461538461], [895, 0.7042410714285714], [959, 0.7197916666666667], [1023, 0.7314453125], [1087, 0.7417279411764706], [1151, 0.7482638888888888], [1215, 0.75], [1279, 0.753125], [1343, 0.7559523809523809], [1407, 0.7620738636363636], [1471, 0.7703804347826086], [1535, 0.7747395833333334], [1599, 0.7775], [1663, 0.7782451923076923], [1727, 0.7806712962962963], [1791, 0.7834821428571429], [1855, 0.7844827586206896], [1919, 0.7854166666666667], [1983, 0.7883064516129032], [2047, 0.79150390625], [2111, 0.7959280303030303], [2175, 0.8005514705882353], [2239, 0.8040178571428571], [2303, 0.8064236111111112], [2367, 0.8074324324324325], [2431, 0.8100328947368421], [2495, 0.8141025641025641], [2559, 0.814453125], [2623, 0.8163109756097561], [2687, 0.8199404761904762], [2751, 0.8234011627906976], [2815, 0.82421875], [2879, 0.8270833333333333], [2943, 0.8291440217391305], [3007, 0.8314494680851063], [3071, 0.8343098958333334], [3135, 0.8357780612244898], [3199, 0.83875], [3263, 0.8400735294117647], [3327, 0.8416466346153846], [3391, 0.8425707547169812], [3455, 0.8446180555555556], [3519, 0.8465909090909091], [3583, 0.8479352678571429], [3647, 0.8500548245614035], [3711, 0.8526400862068966], [3775, 0.8551377118644068], [3839, 0.8567708333333334], [3903, 0.8578381147540983], [3967, 0.8588709677419355], [4031, 0.8601190476190477], [4095, 0.861328125], [4159, 0.8625], [4223, 0.8631628787878788], [4287, 0.8635727611940298], [4351, 0.8646599264705882], [4415, 0.8661684782608695], [4479, 0.8669642857142857], [4543, 0.8670774647887324], [4607, 0.8676215277777778], [4671, 0.8681506849315068], [4735, 0.8695101351351351], [4799, 0.8702083333333334], [4863, 0.8708881578947368], [4927, 0.8713474025974026], [4991, 0.8721955128205128], [5055, 0.8730221518987342], [5119, 0.874609375], [5183, 0.8751929012345679], [5247, 0.8761432926829268], [5311, 0.8768825301204819], [5375, 0.8776041666666666], [5439, 0.8775735294117647], [5503, 0.8782703488372093], [5567, 0.8791307471264368], [5631, 0.8799715909090909], [5695, 0.8804424157303371], [5759, 0.8814236111111111], [5823, 0.8827266483516484], [5887, 0.8836616847826086], [5951, 0.8849126344086021], [6015, 0.8858045212765957], [6079, 0.8866776315789474], [6143, 0.8878580729166666], [6207, 0.8882087628865979], [6271, 0.8891900510204082], [6335, 0.8898358585858586], [6399, 0.89078125], [6463, 0.8910891089108911], [6527, 0.8916973039215687], [6591, 0.8922936893203883], [6655, 0.8930288461538461], [6719, 0.8933035714285714], [6783, 0.8937205188679245], [6847, 0.8944217289719626], [6911, 0.8948206018518519], [6975, 0.8956422018348624], [7039, 0.8951704545454545], [7103, 0.8958333333333334], [7167, 0.8960658482142857], [7231, 0.896570796460177], [7295, 0.8969298245614035], [7359, 0.8974184782608695], [7423, 0.8978987068965517], [7487, 0.8981036324786325], [7551, 0.8984375], [7615, 0.8988970588235294], [7679, 0.8985677083333333], [7743, 0.8992768595041323], [7807, 0.8999743852459017], [7871, 0.9005335365853658], [7935, 0.9010836693548387], [7999, 0.9015], [8063, 0.9017857142857143], [8127, 0.9016978346456693], [8191, 0.9019775390625], [8255, 0.9024951550387597], [8319, 0.9028846153846154], [8383, 0.9033874045801527], [8447, 0.9035274621212122], [8511, 0.9037828947368421], [8575, 0.9041511194029851], [8639, 0.9045138888888888], [8703, 0.9049862132352942], [8767, 0.9051094890510949], [8831, 0.9051177536231884], [8895, 0.9054631294964028], [8959, 0.9059151785714286], [9023, 0.9060283687943262], [9087, 0.9063600352112676], [9151, 0.9063592657342657], [9215, 0.9069010416666666], [9279, 0.9071120689655172], [9343, 0.9075342465753424], [9407, 0.907844387755102], [9471, 0.9083614864864865], [9535, 0.90876677852349], [9599, 0.9092708333333334], [9663, 0.9092508278145696], [9727, 0.9095394736842105], [9791, 0.9100285947712419], [9855, 0.9102069805194806], [9919, 0.910483870967742], [9983, 0.910957532051282], [9999, 0.9111]], "candidate_count_total": 21, "confirmed_count_total": 18, "created_at": 1768145020.829408, "confirm_rule_effective": "perm_test", "last_perm_pvalue": 0.004975124378109453, "last_perm_effect": 0.07156558690720555, "perm_test_count_total": 33, "perm_accept_count_total": 18, "perm_reject_count_total": 15, "perm_alpha": 0.005, "perm_pvalue_p50": 0.004975124378109453, "perm_pvalue_p90": 1.0, "perm_pvalue_p99": 1.0, "perm_pvalue_le_alpha_ratio": 0.5454545454545454, "perm_effect_p50": 0.01609532432597579, "perm_effect_p90": 0.0796300271599977, "perm_effect_p99": 0.17537009810571402}