{"dataset_name": "sine_nodrift", "dataset_type": "sine", "model_variant": "ts_drift_adapt", "seed": 5, "monitor_preset": "error_divergence_ph_meta@error.threshold=0.10,error.min_instances=5", "monitor_preset_base": "error_divergence_ph_meta", "monitor_ph_params": {"error_rate": {"delta": 0.005, "alpha": 0.15, "threshold": 0.1, "min_instances": 5}, "divergence": {"delta": 0.005, "alpha": 0.1, "threshold": 0.05, "min_instances": 30}}, "monitor_ph_overrides": {"error_rate": {"threshold": 0.1, "min_instances": 5}}, "trigger_mode": "two_stage", "trigger_k": 2, "trigger_threshold": 0.5, "trigger_weights": "__confirm_cooldown=200,__confirm_rule=perm_test,__perm_alpha=0.01,__perm_delta_k=25,__perm_min_effect=0,__perm_n_perm=200,__perm_post_n=20,__perm_pre_n=200,__perm_rng_seed=0,__perm_stat=delta_fused_score,divergence=0.3,error_rate=0.5,teacher_entropy=0.2", "confirm_window": 3, "confirm_cooldown": 0, "adaptive_cooldown_enabled": 0, "adaptive_window": 10000, "adaptive_lower_per10k": 10.0, "adaptive_upper_per10k": 25.0, "adaptive_cooldown_low": 200, "adaptive_cooldown_high": 500, "severity_scheduler_scale": 1.0, "use_severity_v2": 0, "severity_gate": "none", "severity_gate_min_streak": 1, "entropy_mode": "overconfident", "severity_decay": 0.95, "freeze_baseline_steps": 0, "n_steps": 800, "horizon": 10000, "acc_final": 0.9285, "mean_acc": 0.8757694693921854, "acc_min": 0.671875, "candidate_sample_idxs": [319, 639, 959, 1279, 1599, 1919, 2239, 2559, 2943, 3263, 3583, 3903, 4223, 4543, 4863, 5183, 5503, 5887, 6207, 6655, 6975, 7359, 7679, 8383, 9215, 9535], "confirmed_sample_idxs": [639, 1023, 1279, 1727, 2239, 2559, 3007, 3391, 3903, 4223, 4735, 5247, 5887, 6655, 6975, 7359, 8383, 9215, 9535], "acc_series": [[63, 0.671875], [127, 0.6875], [191, 0.6875], [255, 0.6796875], [319, 0.703125], [383, 0.7135416666666666], [447, 0.7165178571428571], [511, 0.724609375], [575, 0.7378472222222222], [639, 0.7421875], [703, 0.7528409090909091], [767, 0.7630208333333334], [831, 0.7764423076923077], [895, 0.7845982142857143], [959, 0.7875], [1023, 0.7919921875], [1087, 0.7849264705882353], [1151, 0.7873263888888888], [1215, 0.7837171052631579], [1279, 0.78984375], [1343, 0.7953869047619048], [1407, 0.8018465909090909], [1471, 0.8084239130434783], [1535, 0.8151041666666666], [1599, 0.82125], [1663, 0.8263221153846154], [1727, 0.828125], [1791, 0.8309151785714286], [1855, 0.8329741379310345], [1919, 0.8359375], [1983, 0.8397177419354839], [2047, 0.84228515625], [2111, 0.8446969696969697], [2175, 0.8451286764705882], [2239, 0.846875], [2303, 0.8480902777777778], [2367, 0.8509290540540541], [2431, 0.8532072368421053], [2495, 0.8553685897435898], [2559, 0.857421875], [2623, 0.8605182926829268], [2687, 0.8627232142857143], [2751, 0.8644622093023255], [2815, 0.8668323863636364], [2879, 0.8680555555555556], [2943, 0.8699048913043478], [3007, 0.871343085106383], [3071, 0.8720703125], [3135, 0.8740433673469388], [3199, 0.8740625], [3263, 0.8753063725490197], [3327, 0.8765024038461539], [3391, 0.8770636792452831], [3455, 0.8778935185185185], [3519, 0.8786931818181818], [3583, 0.8805803571428571], [3647, 0.8818530701754386], [3711, 0.8825431034482759], [3775, 0.8834745762711864], [3839, 0.884375], [3903, 0.8855020491803278], [3967, 0.8853326612903226], [4031, 0.8864087301587301], [4095, 0.887451171875], [4159, 0.8882211538461539], [4223, 0.8887310606060606], [4287, 0.8899253731343284], [4351, 0.8901654411764706], [4415, 0.8910778985507246], [4479, 0.8917410714285714], [4543, 0.8928257042253521], [4607, 0.8943142361111112], [4671, 0.8957619863013698], [4735, 0.8965371621621622], [4799, 0.8972916666666667], [4863, 0.8976151315789473], [4927, 0.898538961038961], [4991, 0.8994391025641025], [5055, 0.9003164556962026], [5119, 0.90078125], [5183, 0.9014274691358025], [5247, 0.9016768292682927], [5311, 0.9021084337349398], [5375, 0.9025297619047619], [5439, 0.9025735294117647], [5503, 0.9035247093023255], [5567, 0.9044540229885057], [5631, 0.9050071022727273], [5695, 0.9057233146067416], [5759, 0.90625], [5823, 0.9059065934065934], [5887, 0.9065896739130435], [5951, 0.9069220430107527], [6015, 0.9077460106382979], [6079, 0.9085526315789474], [6143, 0.90869140625], [6207, 0.9094716494845361], [6271, 0.9102359693877551], [6335, 0.9103535353535354], [6399, 0.91078125], [6463, 0.911200495049505], [6527, 0.9117647058823529], [6591, 0.9123179611650486], [6655, 0.9125600961538461], [6719, 0.9125], [6783, 0.9131780660377359], [6847, 0.9129672897196262], [6911, 0.9133391203703703], [6975, 0.9139908256880734], [7039, 0.9146306818181819], [7103, 0.9151182432432432], [7167, 0.9154575892857143], [7231, 0.9160674778761062], [7295, 0.9165296052631579], [7359, 0.9168478260869565], [7423, 0.9175646551724138], [7487, 0.9181356837606838], [7551, 0.918167372881356], [7615, 0.9185924369747899], [7679, 0.9186197916666666], [7743, 0.918646694214876], [7807, 0.9191854508196722], [7871, 0.9195884146341463], [7935, 0.9198588709677419], [7999, 0.9205], [8063, 0.9207589285714286], [8127, 0.921013779527559], [8191, 0.92138671875], [8255, 0.9219961240310077], [8319, 0.9222355769230769], [8383, 0.9222328244274809], [8447, 0.9224668560606061], [8511, 0.9225798872180451], [8575, 0.9230410447761194], [8639, 0.9232638888888889], [8703, 0.9230238970588235], [8767, 0.9231295620437956], [8831, 0.9233469202898551], [8895, 0.9237859712230215], [8959, 0.92421875], [9023, 0.924645390070922], [9087, 0.9250660211267606], [9151, 0.9254807692307693], [9215, 0.9253472222222222], [9279, 0.9256465517241379], [9343, 0.926048801369863], [9407, 0.9264455782312925], [9471, 0.9266258445945946], [9535, 0.9264890939597316], [9599, 0.9266666666666666], [9663, 0.9269453642384106], [9727, 0.9272203947368421], [9791, 0.9274918300653595], [9855, 0.9275568181818182], [9919, 0.928024193548387], [9983, 0.9283854166666666], [9999, 0.9285]], "candidate_count_total": 23, "confirmed_count_total": 19, "created_at": 1768145760.7893322, "confirm_rule_effective": "perm_test", "last_perm_pvalue": 0.004975124378109453, "last_perm_effect": 0.06528584122242456, "perm_test_count_total": 41, "perm_accept_count_total": 19, "perm_reject_count_total": 22, "perm_alpha": 0.01, "perm_pvalue_p50": 0.0945273631840796, "perm_pvalue_p90": 1.0, "perm_pvalue_p99": 1.0, "perm_pvalue_le_alpha_ratio": 0.4634146341463415, "perm_effect_p50": 0.011781546795015366, "perm_effect_p90": 0.07205213516339443, "perm_effect_p99": 0.15498441838592314}