{"dataset_name": "INSECTS_abrupt_balanced", "dataset_type": "insects_real", "model_variant": "ts_drift_adapt_severity", "seed": 6, "monitor_preset": "error_divergence_ph_meta@error.threshold=0.05,error.min_instances=5", "monitor_preset_base": "error_divergence_ph_meta", "monitor_ph_params": {"error_rate": {"delta": 0.005, "alpha": 0.15, "threshold": 0.05, "min_instances": 5}, "divergence": {"delta": 0.005, "alpha": 0.1, "threshold": 0.05, "min_instances": 30}}, "monitor_ph_overrides": {"error_rate": {"threshold": 0.05, "min_instances": 5}}, "trigger_mode": "two_stage", "trigger_k": 2, "trigger_threshold": 0.5, "trigger_weights": "confirm_cooldown=200,divergence=0.3,error_rate=0.5,teacher_entropy=0.2", "confirm_window": 1, "confirm_cooldown": 0, "severity_scheduler_scale": 1.0, "use_severity_v2": 1, "severity_gate": "confirmed_streak", "severity_gate_min_streak": 3, "entropy_mode": "overconfident", "severity_decay": 0.95, "freeze_baseline_steps": 0, "n_steps": 1200, "horizon": 52847, "acc_final": 0.18334058697750108, "mean_acc": 0.18400382513613212, "acc_min": 0.1500792572463768, "candidate_sample_idxs": [1279, 2559, 3839, 5119, 6399, 7679, 8959, 10239, 11519, 13055, 14335, 16127, 17919, 19199, 20479, 21759, 23039, 24319, 25599, 26879, 28159, 29695, 31231, 32511, 33791, 35071, 36351, 37631, 38911, 40191, 41471, 42751, 44031, 45311, 46591, 47871, 49663, 50943, 52223], "confirmed_sample_idxs": [1279, 2559, 3839, 5119, 6399, 7679, 8959, 10239, 11519, 13055, 14335, 16127, 17919, 19199, 20479, 21759, 23039, 24319, 25599, 26879, 28159, 29695, 31231, 32511, 33791, 35071, 36351, 37631, 38911, 40191, 41471, 42751, 44031, 45311, 46591, 47871, 49663, 50943, 52223], "acc_series": [[255, 0.1875], [511, 0.16796875], [767, 0.16276041666666666], [1023, 0.1728515625], [1279, 0.17109375], [1535, 0.17447916666666666], [1791, 0.17912946428571427], [2047, 0.1767578125], [2303, 0.18272569444444445], [2559, 0.184765625], [2815, 0.18678977272727273], [3071, 0.189453125], [3327, 0.19050480769230768], [3583, 0.193359375], [3839, 0.19296875], [4095, 0.192626953125], [4351, 0.19232536764705882], [4607, 0.1909722222222222], [4863, 0.19202302631578946], [5119, 0.1919921875], [5375, 0.19345238095238096], [5631, 0.1942471590909091], [5887, 0.1944633152173913], [6143, 0.19417317708333334], [6399, 0.19375], [6655, 0.19230769230769232], [6911, 0.19372106481481483], [7167, 0.19391741071428573], [7423, 0.1958512931034483], [7679, 0.1953125], [7935, 0.19732862903225806], [8191, 0.198974609375], [8447, 0.19874526515151514], [8703, 0.19944852941176472], [8959, 0.20133928571428572], [9215, 0.2019314236111111], [9471, 0.20111908783783783], [9727, 0.20271381578947367], [9983, 0.20342548076923078], [10239, 0.20458984375], [10495, 0.20493521341463414], [10751, 0.2047061011904762], [11007, 0.2044876453488372], [11263, 0.2059659090909091], [11519, 0.2052951388888889], [11775, 0.20499320652173914], [12031, 0.20470412234042554], [12287, 0.204833984375], [12543, 0.20519770408163265], [12799, 0.2021875], [13055, 0.19822303921568626], [13311, 0.19441105769230768], [13567, 0.19074292452830188], [13823, 0.18721064814814814], [14079, 0.1838778409090909], [14335, 0.18184988839285715], [14591, 0.18044133771929824], [14847, 0.177734375], [15103, 0.17492055084745764], [15359, 0.17200520833333333], [15615, 0.16918545081967212], [15871, 0.16645665322580644], [16127, 0.16387648809523808], [16383, 0.161376953125], [16639, 0.15889423076923076], [16895, 0.15654592803030304], [17151, 0.154267723880597], [17407, 0.15211397058823528], [17663, 0.1500792572463768], [17919, 0.15055803571428572], [18175, 0.15481954225352113], [18431, 0.15771484375], [18687, 0.1599422089041096], [18943, 0.16247888513513514], [19199, 0.16494791666666667], [19455, 0.16832853618421054], [19711, 0.17035308441558442], [19967, 0.17087339743589744], [20223, 0.17128164556962025], [20479, 0.171875], [20735, 0.1720679012345679], [20991, 0.17263719512195122], [21247, 0.17300451807228914], [21503, 0.17350260416666666], [21759, 0.1743106617647059], [22015, 0.17541787790697674], [22271, 0.17587104885057472], [22527, 0.17737926136363635], [22783, 0.17894136235955055], [23039, 0.17981770833333333], [23295, 0.18033138736263737], [23551, 0.18193783967391305], [23807, 0.18296370967741934], [24063, 0.1840093085106383], [24319, 0.18490953947368421], [24575, 0.18558756510416666], [24831, 0.18617106958762886], [25087, 0.18718112244897958], [25343, 0.18848642676767677], [25599, 0.1898828125], [25855, 0.19140625], [26111, 0.19259344362745098], [26367, 0.1936058859223301], [26623, 0.1949744591346154], [26879, 0.1965029761904762], [27135, 0.19759728773584906], [27391, 0.1984886098130841], [27647, 0.1996166087962963], [27903, 0.20086725917431192], [28159, 0.19953835227272726], [28415, 0.19774070945945946], [28671, 0.19601004464285715], [28927, 0.1943100110619469], [29183, 0.19270833333333334], [29439, 0.1910665760869565], [29695, 0.18955414870689655], [29951, 0.18796741452991453], [30207, 0.1864406779661017], [30463, 0.18493960084033614], [30719, 0.1833984375], [30975, 0.18191503099173553], [31231, 0.18055199795081966], [31487, 0.17921112804878048], [31743, 0.1778288810483871], [31999, 0.17665625], [32255, 0.17575024801587302], [32511, 0.1763041338582677], [32767, 0.177215576171875], [33023, 0.17838541666666666], [33279, 0.178515625], [33535, 0.1785543893129771], [33791, 0.17906605113636365], [34047, 0.17904135338345864], [34303, 0.1789004197761194], [34559, 0.1790798611111111], [34815, 0.17891199448529413], [35071, 0.1788606295620438], [35327, 0.1791213768115942], [35583, 0.17957508992805754], [35839, 0.17993861607142858], [36095, 0.17985372340425532], [36351, 0.18012764084507044], [36607, 0.1800972465034965], [36863, 0.1799858940972222], [37119, 0.18003771551724138], [37375, 0.1799282962328767], [37631, 0.1800595238095238], [37887, 0.18034733952702703], [38143, 0.18050020973154363], [38399, 0.179296875], [38655, 0.17810947847682118], [38911, 0.1777857730263158], [39167, 0.17774714052287582], [39423, 0.17755681818181818], [39679, 0.1776461693548387], [39935, 0.17748397435897437], [40191, 0.17714968152866242], [40447, 0.17691851265822786], [40703, 0.17669025157232704], [40959, 0.1765869140625], [41215, 0.1766304347826087], [41471, 0.17705922067901234], [41727, 0.17726706288343558], [41983, 0.17771055640243902], [42239, 0.1782907196969697], [42495, 0.17914627259036145], [42751, 0.18006175149700598], [43007, 0.18122209821428573], [43263, 0.1820220044378698], [43519, 0.18295036764705883], [43775, 0.18386787280701755], [44031, 0.1849563953488372], [44287, 0.1856936416184971], [44543, 0.18642241379310345], [44799, 0.1874330357142857], [45055, 0.18834339488636365], [45311, 0.1890227754237288], [45567, 0.18989202949438203], [45823, 0.19059881284916202], [46079, 0.1919487847222222], [46335, 0.19300328038674033], [46591, 0.19376717032967034], [46847, 0.19394637978142076], [47103, 0.19289232336956522], [47359, 0.19184966216216215], [47615, 0.1908182123655914], [47871, 0.18979779411764705], [48127, 0.18878823138297873], [48383, 0.18778935185185186], [48639, 0.18680098684210528], [48895, 0.18588432591623036], [49151, 0.185302734375], [49407, 0.18456525259067358], [49663, 0.1840769974226804], [49919, 0.1837940705128205], [50175, 0.18389269770408162], [50431, 0.18402998096446702], [50687, 0.1841658775252525], [50943, 0.1844574434673367], [51199, 0.18484375], [51455, 0.18516791044776118], [51711, 0.1856822400990099], [51967, 0.18613377463054187], [52223, 0.18552772671568626], [52479, 0.18462271341463415], [52735, 0.18372648665048544], [52846, 0.18334058697750108]], "candidate_count_total": 39, "confirmed_count_total": 39, "created_at": 1767841452.6528177}