{"dataset_name": "INSECTS_abrupt_balanced", "dataset_type": "insects_real", "model_variant": "ts_drift_adapt_severity", "seed": 1, "monitor_preset": "error_divergence_ph_meta@error.threshold=0.05,error.min_instances=5", "monitor_preset_base": "error_divergence_ph_meta", "monitor_ph_params": {"error_rate": {"delta": 0.005, "alpha": 0.15, "threshold": 0.05, "min_instances": 5}, "divergence": {"delta": 0.005, "alpha": 0.1, "threshold": 0.05, "min_instances": 30}}, "monitor_ph_overrides": {"error_rate": {"threshold": 0.05, "min_instances": 5}}, "trigger_mode": "two_stage", "trigger_k": 2, "trigger_threshold": 0.5, "trigger_weights": "confirm_cooldown=200,divergence=0.3,error_rate=0.5,teacher_entropy=0.2", "confirm_window": 1, "confirm_cooldown": 0, "adaptive_cooldown_enabled": 0, "adaptive_window": 10000, "adaptive_lower_per10k": 10.0, "adaptive_upper_per10k": 25.0, "adaptive_cooldown_low": 200, "adaptive_cooldown_high": 500, "severity_scheduler_scale": 2.0, "use_severity_v2": 1, "severity_gate": "confirmed_streak", "severity_gate_min_streak": 1, "entropy_mode": "uncertain", "severity_decay": 0.95, "freeze_baseline_steps": 5, "n_steps": 1200, "horizon": 52847, "acc_final": 0.21509262588226388, "mean_acc": 0.20836665895082246, "acc_min": 0.16910099637681159, "candidate_sample_idxs": [1279, 2559, 3839, 5119, 6399, 7679, 8959, 10239, 11519, 12799, 14591, 17919, 19199, 20479, 21759, 23039, 24319, 25599, 26879, 28159, 29951, 31231, 32511, 33791, 35071, 36351, 37631, 38911, 40191, 41471, 42751, 44031, 45311, 46591, 47871, 49151, 50431, 51711, 52846], "confirmed_sample_idxs": [1279, 2559, 3839, 5119, 6399, 7679, 8959, 10239, 11519, 12799, 14591, 17919, 19199, 20479, 21759, 23039, 24319, 25599, 26879, 28159, 29951, 31231, 32511, 33791, 35071, 36351, 37631, 38911, 40191, 41471, 42751, 44031, 45311, 46591, 47871, 49151, 50431, 51711, 52846], "acc_series": [[255, 0.21875], [511, 0.20703125], [767, 0.20442708333333334], [1023, 0.2099609375], [1279, 0.20078125], [1535, 0.203125], [1791, 0.20535714285714285], [2047, 0.205078125], [2303, 0.2048611111111111], [2559, 0.2046875], [2815, 0.20454545454545456], [3071, 0.20963541666666666], [3327, 0.20853365384615385], [3583, 0.21065848214285715], [3839, 0.21328125], [4095, 0.215087890625], [4351, 0.21415441176470587], [4607, 0.2124565972222222], [4863, 0.21340460526315788], [5119, 0.215234375], [5375, 0.21577380952380953], [5631, 0.216796875], [5887, 0.21875], [6143, 0.21875], [6399, 0.220625], [6655, 0.22100360576923078], [6911, 0.22251157407407407], [7167, 0.22279575892857142], [7423, 0.22332974137931033], [7679, 0.222265625], [7935, 0.22227822580645162], [8191, 0.2220458984375], [8447, 0.2245501893939394], [8703, 0.22541360294117646], [8959, 0.2265625], [9215, 0.22764756944444445], [9471, 0.22909628378378377], [9727, 0.22902960526315788], [9983, 0.2283653846153846], [10239, 0.22958984375], [10495, 0.2300876524390244], [10751, 0.23167782738095238], [11007, 0.23201308139534885], [11263, 0.23197798295454544], [11519, 0.23237847222222222], [11775, 0.23140285326086957], [12031, 0.23146609042553193], [12287, 0.231201171875], [12543, 0.23158482142857142], [12799, 0.228046875], [13055, 0.22357536764705882], [13311, 0.21927584134615385], [13567, 0.2151385613207547], [13823, 0.2111545138888889], [14079, 0.2073153409090909], [14335, 0.20479910714285715], [14591, 0.20374177631578946], [14847, 0.20049838362068967], [15103, 0.1972325211864407], [15359, 0.19401041666666666], [15615, 0.19082991803278687], [15871, 0.18775201612903225], [16127, 0.18483382936507936], [16383, 0.18194580078125], [16639, 0.1791466346153846], [16895, 0.17643229166666666], [17151, 0.173798973880597], [17407, 0.1713579963235294], [17663, 0.16910099637681159], [17919, 0.16947544642857143], [18175, 0.17330545774647887], [18431, 0.17518446180555555], [18687, 0.17701198630136986], [18943, 0.17842060810810811], [19199, 0.17994791666666668], [19455, 0.1816920230263158], [19711, 0.18318790584415584], [19967, 0.18334334935897437], [20223, 0.18329707278481014], [20479, 0.184033203125], [20735, 0.1843653549382716], [20991, 0.18487995426829268], [21247, 0.1860410391566265], [21503, 0.18698846726190477], [21759, 0.18814338235294117], [22015, 0.18986191860465115], [22271, 0.19113685344827586], [22527, 0.19358132102272727], [22783, 0.19592696629213482], [23039, 0.19730902777777778], [23295, 0.19883241758241757], [23551, 0.20015285326086957], [23807, 0.2014868951612903], [24063, 0.20316655585106383], [24319, 0.20435855263157895], [24575, 0.20536295572916666], [24831, 0.20634664948453607], [25087, 0.20762914540816327], [25343, 0.2098721590909091], [25599, 0.21109375], [25855, 0.2125618811881188], [26111, 0.21384803921568626], [26367, 0.2154126213592233], [26623, 0.21642127403846154], [26879, 0.21793154761904762], [27135, 0.21871314858490565], [27391, 0.2194436331775701], [27647, 0.22059461805555555], [27903, 0.22183199541284404], [28159, 0.22038352272727274], [28415, 0.21853885135135134], [28671, 0.21693638392857142], [28927, 0.21522400442477876], [29183, 0.21343887061403508], [29439, 0.21171875], [29695, 0.21023033405172414], [29951, 0.2087005876068376], [30207, 0.2071636652542373], [30463, 0.20561974789915966], [30719, 0.20423177083333333], [30975, 0.20276988636363635], [31231, 0.2013639856557377], [31487, 0.19994918699186992], [31743, 0.19937626008064516], [31999, 0.2000625], [32255, 0.20172991071428573], [32511, 0.20380167322834647], [32767, 0.205718994140625], [33023, 0.20769743217054262], [33279, 0.20802283653846154], [33535, 0.20795562977099236], [33791, 0.2080374053030303], [34047, 0.20802984022556392], [34303, 0.20770172574626866], [34559, 0.2072048611111111], [34815, 0.20680147058823528], [35071, 0.20666058394160583], [35327, 0.20660665760869565], [35583, 0.2067783273381295], [35839, 0.20689174107142858], [36095, 0.20683732269503546], [36351, 0.2070587588028169], [36607, 0.20716783216783216], [36863, 0.207275390625], [37119, 0.20708512931034484], [37375, 0.2070580051369863], [37631, 0.2069515306122449], [37887, 0.20721600506756757], [38143, 0.20705746644295303], [38399, 0.20575520833333333], [38655, 0.20454780629139072], [38911, 0.20423005756578946], [39167, 0.20435049019607843], [39423, 0.20462155032467533], [39679, 0.2048891129032258], [39935, 0.20510316506410256], [40191, 0.20558817675159236], [40447, 0.2061412183544304], [40703, 0.20644162735849056], [40959, 0.2069580078125], [41215, 0.20722534937888198], [41471, 0.20792341820987653], [41727, 0.20844516871165644], [41983, 0.20872237042682926], [42239, 0.20901988636363636], [42495, 0.2095726656626506], [42751, 0.20990830838323354], [43007, 0.2105654761904762], [43263, 0.2113073224852071], [43519, 0.21164981617647058], [43775, 0.21185124269005848], [44031, 0.2125499636627907], [44287, 0.21285675578034682], [44543, 0.21336206896551724], [44799, 0.21412946428571428], [45055, 0.21491033380681818], [45311, 0.21570444915254236], [45567, 0.21646769662921347], [45823, 0.217200593575419], [46079, 0.21805555555555556], [46335, 0.21896581491712708], [46591, 0.21984460851648352], [46847, 0.21985997267759563], [47103, 0.21872877038043478], [47359, 0.21767314189189188], [47615, 0.2167128696236559], [47871, 0.21574197860962566], [48127, 0.21480219414893617], [48383, 0.21412037037037038], [48639, 0.21350740131578946], [48895, 0.21292130235602094], [49151, 0.21240234375], [49407, 0.21209115932642486], [49663, 0.21166237113402062], [49919, 0.21137820512820513], [50175, 0.21137595663265307], [50431, 0.21182979060913706], [50687, 0.21239741161616163], [50943, 0.21329302763819097], [51199, 0.21421875], [51455, 0.21536847014925373], [51711, 0.21668084777227722], [51967, 0.21811499384236452], [52223, 0.21765854779411764], [52479, 0.2165967987804878], [52735, 0.21554535800970873], [52846, 0.21509262588226388]], "candidate_count_total": 39, "confirmed_count_total": 39, "created_at": 1767889575.2320075}