{"dataset_name": "sine_nodrift", "dataset_type": "sine", "model_variant": "ts_drift_adapt", "seed": 1, "monitor_preset": "error_divergence_ph_meta@error.threshold=0.10,error.min_instances=5", "monitor_preset_base": "error_divergence_ph_meta", "monitor_ph_params": {"error_rate": {"delta": 0.005, "alpha": 0.15, "threshold": 0.1, "min_instances": 5}, "divergence": {"delta": 0.005, "alpha": 0.1, "threshold": 0.05, "min_instances": 30}}, "monitor_ph_overrides": {"error_rate": {"threshold": 0.1, "min_instances": 5}}, "trigger_mode": "two_stage", "trigger_k": 2, "trigger_threshold": 0.5, "trigger_weights": "__confirm_cooldown=200,__confirm_rule=perm_test,__perm_alpha=0.01,__perm_delta_k=25,__perm_min_effect=0,__perm_n_perm=200,__perm_post_n=50,__perm_pre_n=200,__perm_rng_seed=0,__perm_stat=delta_fused_score,divergence=0.3,error_rate=0.5,teacher_entropy=0.2", "confirm_window": 3, "confirm_cooldown": 0, "adaptive_cooldown_enabled": 0, "adaptive_window": 10000, "adaptive_lower_per10k": 10.0, "adaptive_upper_per10k": 25.0, "adaptive_cooldown_low": 200, "adaptive_cooldown_high": 500, "severity_scheduler_scale": 1.0, "use_severity_v2": 0, "severity_gate": "none", "severity_gate_min_streak": 1, "entropy_mode": "overconfident", "severity_decay": 0.95, "freeze_baseline_steps": 0, "n_steps": 800, "horizon": 10000, "acc_final": 0.9231, "mean_acc": 0.8468982690025442, "acc_min": 0.484375, "candidate_sample_idxs": [319, 639, 1087, 1407, 1791, 2239, 2559, 2879, 3199, 4031, 4351, 4671, 4991, 5503, 5823, 6463, 7423, 7743, 8063, 8511, 8831, 9151, 9471, 9791], "confirmed_sample_idxs": [639, 1087, 1471, 1791, 2239, 2623, 3071, 4031, 4351, 4863, 5503, 6463, 7423, 7871, 8511, 8831, 9279, 9791], "acc_series": [[63, 0.5], [127, 0.484375], [191, 0.5364583333333334], [255, 0.5390625], [319, 0.546875], [383, 0.5390625], [447, 0.5513392857142857], [511, 0.556640625], [575, 0.5815972222222222], [639, 0.5984375], [703, 0.6164772727272727], [767, 0.6341145833333334], [831, 0.6538461538461539], [895, 0.671875], [959, 0.6875], [1023, 0.703125], [1087, 0.7141544117647058], [1151, 0.7213541666666666], [1215, 0.7302631578947368], [1279, 0.7390625], [1343, 0.7477678571428571], [1407, 0.7578125], [1471, 0.764266304347826], [1535, 0.7708333333333334], [1599, 0.77625], [1663, 0.7824519230769231], [1727, 0.7887731481481481], [1791, 0.79296875], [1855, 0.7963362068965517], [1919, 0.8010416666666667], [1983, 0.8064516129032258], [2047, 0.8115234375], [2111, 0.8153409090909091], [2175, 0.8189338235294118], [2239, 0.8223214285714285], [2303, 0.8237847222222222], [2367, 0.825168918918919], [2431, 0.829358552631579], [2495, 0.8309294871794872], [2559, 0.83203125], [2623, 0.8342225609756098], [2687, 0.8363095238095238], [2751, 0.8390261627906976], [2815, 0.8416193181818182], [2879, 0.84375], [2943, 0.8454483695652174], [3007, 0.8480718085106383], [3071, 0.8502604166666666], [3135, 0.8514030612244898], [3199, 0.851875], [3263, 0.8547794117647058], [3327, 0.8563701923076923], [3391, 0.8581957547169812], [3455, 0.859375], [3519, 0.8605113636363636], [3583, 0.8616071428571429], [3647, 0.8629385964912281], [3711, 0.8639547413793104], [3775, 0.8657309322033898], [3839, 0.8674479166666667], [3903, 0.8693647540983607], [3967, 0.8707157258064516], [4031, 0.8712797619047619], [4095, 0.871337890625], [4159, 0.8713942307692307], [4223, 0.8714488636363636], [4287, 0.8729011194029851], [4351, 0.8733915441176471], [4415, 0.8747735507246377], [4479, 0.8761160714285714], [4543, 0.8772007042253521], [4607, 0.8782552083333334], [4671, 0.8794948630136986], [4735, 0.8807010135135135], [4799, 0.881875], [4863, 0.8821957236842105], [4927, 0.8833198051948052], [4991, 0.8844150641025641], [5055, 0.8856803797468354], [5119, 0.8869140625], [5183, 0.8877314814814815], [5247, 0.8889100609756098], [5311, 0.8900602409638554], [5375, 0.890625], [5439, 0.8919117647058824], [5503, 0.8926235465116279], [5567, 0.8936781609195402], [5631, 0.8943536931818182], [5695, 0.8946629213483146], [5759, 0.8951388888888889], [5823, 0.8962912087912088], [5887, 0.8974184782608695], [5951, 0.8980174731182796], [6015, 0.8987699468085106], [6079, 0.8995065789473684], [6143, 0.900390625], [6207, 0.9006121134020618], [6271, 0.9016262755102041], [6335, 0.9019886363636364], [6399, 0.9025], [6463, 0.9030012376237624], [6527, 0.9039522058823529], [6591, 0.9047330097087378], [6655, 0.9047475961538461], [6719, 0.9055059523809523], [6783, 0.9061025943396226], [6847, 0.90625], [6911, 0.9068287037037037], [6975, 0.9075401376146789], [7039, 0.9082386363636363], [7103, 0.9089245495495496], [7167, 0.9097377232142857], [7231, 0.9103982300884956], [7295, 0.9109100877192983], [7359, 0.9114130434782609], [7423, 0.9116379310344828], [7487, 0.9121260683760684], [7551, 0.9123411016949152], [7615, 0.912421218487395], [7679, 0.9127604166666666], [7743, 0.9129648760330579], [7807, 0.913422131147541], [7871, 0.9139989837398373], [7935, 0.9145665322580645], [7999, 0.914625], [8063, 0.9150545634920635], [8127, 0.9157234251968503], [8191, 0.9161376953125], [8255, 0.9155765503875969], [8319, 0.9158653846153846], [8383, 0.9162690839694656], [8447, 0.9161931818181818], [8511, 0.9165883458646616], [8575, 0.9169776119402985], [8639, 0.9173611111111111], [8703, 0.9176240808823529], [8767, 0.9181113138686131], [8831, 0.9185914855072463], [8895, 0.9189523381294964], [8959, 0.9191964285714286], [9023, 0.919104609929078], [9087, 0.9190140845070423], [9151, 0.9194711538461539], [9215, 0.9197048611111112], [9279, 0.9198275862068965], [9343, 0.9200556506849316], [9407, 0.920280612244898], [9471, 0.9202913851351351], [9535, 0.9208263422818792], [9599, 0.9213541666666667], [9663, 0.9215645695364238], [9727, 0.9220805921052632], [9791, 0.9223856209150327], [9855, 0.9223823051948052], [9919, 0.9226814516129033], [9983, 0.9230769230769231], [9999, 0.9231]], "candidate_count_total": 20, "confirmed_count_total": 18, "created_at": 1768146003.4388993, "confirm_rule_effective": "perm_test", "last_perm_pvalue": 0.004975124378109453, "last_perm_effect": 0.05510115882386378, "perm_test_count_total": 34, "perm_accept_count_total": 18, "perm_reject_count_total": 16, "perm_alpha": 0.01, "perm_pvalue_p50": 0.004975124378109453, "perm_pvalue_p90": 1.0, "perm_pvalue_p99": 1.0, "perm_pvalue_le_alpha_ratio": 0.5294117647058824, "perm_effect_p50": 0.03601424969431728, "perm_effect_p90": 0.08390913755610428, "perm_effect_p99": 0.1092391637247631}