dataset_name,model_variant,seed,mean_acc,final_acc,mean_drop_min_acc,max_drop_min_acc,mean_drift_severity,n_valid_drifts,n_true_drifts
sea_abrupt4,ts_drift_adapt,1,0.8289201330519477,0.8715209505828101,-0.0001616593792124199,0.0005263833345880986,0.1277777777777777,4,4
sea_abrupt4,ts_drift_adapt,2,0.8232472165953781,0.8733227328275335,-0.0007471974440594331,-0.0003565637651288256,0.15555555555555553,4,4
