{"dataset_name": "sine_nodrift", "dataset_type": "sine", "model_variant": "ts_drift_adapt", "seed": 3, "monitor_preset": "error_divergence_ph_meta@error.threshold=0.10,error.min_instances=5", "monitor_preset_base": "error_divergence_ph_meta", "monitor_ph_params": {"error_rate": {"delta": 0.005, "alpha": 0.15, "threshold": 0.1, "min_instances": 5}, "divergence": {"delta": 0.005, "alpha": 0.1, "threshold": 0.05, "min_instances": 30}}, "monitor_ph_overrides": {"error_rate": {"threshold": 0.1, "min_instances": 5}}, "trigger_mode": "two_stage", "trigger_k": 2, "trigger_threshold": 0.5, "trigger_weights": "__confirm_cooldown=200,__confirm_rule=perm_test,__perm_alpha=0.05,__perm_min_effect=0,__perm_n_perm=200,__perm_post_n=10,__perm_pre_n=500,__perm_rng_seed=0,__perm_stat=vote_score,divergence=0.3,error_rate=0.5,teacher_entropy=0.2", "confirm_window": 3, "confirm_cooldown": 0, "adaptive_cooldown_enabled": 0, "adaptive_window": 10000, "adaptive_lower_per10k": 10.0, "adaptive_upper_per10k": 25.0, "adaptive_cooldown_low": 200, "adaptive_cooldown_high": 500, "severity_scheduler_scale": 1.0, "use_severity_v2": 0, "severity_gate": "none", "severity_gate_min_streak": 1, "entropy_mode": "overconfident", "severity_decay": 0.95, "freeze_baseline_steps": 0, "n_steps": 800, "horizon": 10000, "acc_final": 0.917, "mean_acc": 0.834412834097374, "acc_min": 0.609375, "candidate_sample_idxs": [319, 639, 959, 1279, 1983, 2367, 2687, 3199, 3519, 3839, 4159, 4479, 4799, 5247, 5695, 6079, 6399, 6719, 7039, 7487, 7935, 8511, 8895, 9279, 9599, 9919], "confirmed_sample_idxs": [639, 959, 1279, 1983, 2367, 2687, 3199, 3519, 3839, 4159, 4479, 4799, 5247, 5695, 6079, 6399, 6719, 7039, 7487, 7935, 8511, 8895, 9279, 9599, 9919], "acc_series": [[63, 0.609375], [127, 0.6328125], [191, 0.65625], [255, 0.66796875], [319, 0.69375], [383, 0.7057291666666666], [447, 0.703125], [511, 0.701171875], [575, 0.6857638888888888], [639, 0.6734375], [703, 0.6633522727272727], [767, 0.6497395833333334], [831, 0.6466346153846154], [895, 0.6495535714285714], [959, 0.646875], [1023, 0.640625], [1087, 0.6488970588235294], [1151, 0.6605902777777778], [1215, 0.6702302631578947], [1279, 0.68359375], [1343, 0.6934523809523809], [1407, 0.7017045454545454], [1471, 0.7092391304347826], [1535, 0.71484375], [1599, 0.7225], [1663, 0.7301682692307693], [1727, 0.7355324074074074], [1791, 0.7399553571428571], [1855, 0.7435344827586207], [1919, 0.7484375], [1983, 0.7550403225806451], [2047, 0.76025390625], [2111, 0.7651515151515151], [2175, 0.7715992647058824], [2239, 0.7763392857142857], [2303, 0.7808159722222222], [2367, 0.7837837837837838], [2431, 0.787828947368421], [2495, 0.7892628205128205], [2559, 0.792578125], [2623, 0.7964939024390244], [2687, 0.8002232142857143], [2751, 0.8030523255813954], [2815, 0.8061079545454546], [2879, 0.8097222222222222], [2943, 0.811141304347826], [3007, 0.8144946808510638], [3071, 0.8167317708333334], [3135, 0.8195153061224489], [3199, 0.8215625], [3263, 0.8238357843137255], [3327, 0.8263221153846154], [3391, 0.8293042452830188], [3455, 0.8318865740740741], [3519, 0.8335227272727272], [3583, 0.8351004464285714], [3647, 0.8368969298245614], [3711, 0.8389008620689655], [3775, 0.8413665254237288], [3839, 0.84375], [3903, 0.845030737704918], [3967, 0.8467741935483871], [4031, 0.8479662698412699], [4095, 0.84912109375], [4159, 0.8502403846153846], [4223, 0.8515625], [4287, 0.8535447761194029], [4351, 0.8540900735294118], [4415, 0.8555253623188406], [4479, 0.8564732142857143], [4543, 0.8580545774647887], [4607, 0.8595920138888888], [4671, 0.8608732876712328], [4735, 0.8616976351351351], [4799, 0.8629166666666667], [4863, 0.8636924342105263], [4927, 0.864650974025974], [4991, 0.8653846153846154], [5055, 0.8666930379746836], [5119, 0.8673828125], [5183, 0.8682484567901234], [5247, 0.8687118902439024], [5311, 0.8697289156626506], [5375, 0.87109375], [5439, 0.8724264705882353], [5503, 0.8731831395348837], [5567, 0.873742816091954], [5631, 0.8746448863636364], [5695, 0.875877808988764], [5759, 0.8770833333333333], [5823, 0.8782623626373627], [5887, 0.8794157608695652], [5951, 0.8800403225806451], [6015, 0.8811502659574468], [6079, 0.8819078947368421], [6143, 0.8828125], [6207, 0.884020618556701], [6271, 0.8848852040816326], [6335, 0.8857323232323232], [6399, 0.88671875], [6463, 0.8876856435643564], [6527, 0.8884803921568627], [6591, 0.8895631067961165], [6655, 0.8903245192307693], [6719, 0.8913690476190477], [6783, 0.8922464622641509], [6847, 0.8928154205607477], [6911, 0.8933738425925926], [6975, 0.8940653669724771], [7039, 0.8946022727272728], [7103, 0.8951295045045045], [7167, 0.8960658482142857], [7231, 0.8968473451327433], [7295, 0.8973410087719298], [7359, 0.8980978260869565], [7423, 0.8988415948275862], [7487, 0.8993055555555556], [7551, 0.9000264830508474], [7615, 0.9006039915966386], [7679, 0.9014322916666667], [7743, 0.9019886363636364], [7807, 0.9025358606557377], [7871, 0.9029471544715447], [7935, 0.9034778225806451], [7999, 0.90425], [8063, 0.9048859126984127], [8127, 0.905511811023622], [8191, 0.9061279296875], [8255, 0.9063711240310077], [8319, 0.9068509615384616], [8383, 0.9073234732824428], [8447, 0.907907196969697], [8511, 0.9082471804511278], [8575, 0.9086986940298507], [8639, 0.9092592592592592], [8703, 0.9095818014705882], [8767, 0.9101277372262774], [8831, 0.9107789855072463], [8895, 0.9109712230215827], [8959, 0.9110491071428571], [9023, 0.9116799645390071], [9087, 0.9116417253521126], [9151, 0.9122596153846154], [9215, 0.9125434027777778], [9279, 0.9129310344827586], [9343, 0.9134203767123288], [9407, 0.9137967687074829], [9471, 0.9142736486486487], [9535, 0.9146392617449665], [9599, 0.9144791666666666], [9663, 0.9147350993377483], [9727, 0.9151932565789473], [9791, 0.9154411764705882], [9855, 0.9159902597402597], [9919, 0.9164314516129032], [9983, 0.9168669871794872], [9999, 0.917]], "candidate_count_total": 26, "confirmed_count_total": 25, "created_at": 1768152618.3945372, "confirm_rule_effective": "perm_test", "last_perm_pvalue": 0.004975124378109453, "last_perm_effect": 0.42414585650694864, "perm_test_count_total": 25, "perm_accept_count_total": 25, "perm_reject_count_total": 0, "perm_alpha": 0.05, "perm_pvalue_p50": 0.004975124378109453, "perm_pvalue_p90": 0.004975124378109453, "perm_pvalue_p99": 0.004975124378109453, "perm_pvalue_le_alpha_ratio": 1.0, "perm_effect_p50": 0.4348002928479779, "perm_effect_p90": 0.45144005279001737, "perm_effect_p99": 0.5024030346377126}