{"dataset_name": "sine_nodrift", "dataset_type": "sine", "model_variant": "ts_drift_adapt", "seed": 3, "monitor_preset": "error_divergence_ph_meta@error.threshold=0.10,error.min_instances=5", "monitor_preset_base": "error_divergence_ph_meta", "monitor_ph_params": {"error_rate": {"delta": 0.005, "alpha": 0.15, "threshold": 0.1, "min_instances": 5}, "divergence": {"delta": 0.005, "alpha": 0.1, "threshold": 0.05, "min_instances": 30}}, "monitor_ph_overrides": {"error_rate": {"threshold": 0.1, "min_instances": 5}}, "trigger_mode": "two_stage", "trigger_k": 2, "trigger_threshold": 0.5, "trigger_weights": "__confirm_cooldown=200,__confirm_rule=perm_test,__perm_alpha=0.05,__perm_delta_k=50,__perm_min_effect=0,__perm_n_perm=200,__perm_post_n=50,__perm_pre_n=500,__perm_rng_seed=0,__perm_stat=delta_fused_score,divergence=0.3,error_rate=0.5,teacher_entropy=0.2", "confirm_window": 3, "confirm_cooldown": 0, "adaptive_cooldown_enabled": 0, "adaptive_window": 10000, "adaptive_lower_per10k": 10.0, "adaptive_upper_per10k": 25.0, "adaptive_cooldown_low": 200, "adaptive_cooldown_high": 500, "severity_scheduler_scale": 1.0, "use_severity_v2": 0, "severity_gate": "none", "severity_gate_min_streak": 1, "entropy_mode": "overconfident", "severity_decay": 0.95, "freeze_baseline_steps": 0, "n_steps": 800, "horizon": 10000, "acc_final": 0.9068, "mean_acc": 0.8146007437750118, "acc_min": 0.578125, "candidate_sample_idxs": [319, 639, 959, 1279, 1599, 1919, 2239, 2559, 2943, 3263, 3647, 4095, 4415, 4735, 5055, 5503, 6143, 6463, 6847, 7743, 8063, 8511, 9407], "confirmed_sample_idxs": [703, 959, 1279, 1599, 2111, 2559, 2943, 3647, 4095, 4415, 4799, 5119, 5503, 6143, 6847, 7743, 8511, 9407], "acc_series": [[63, 0.578125], [127, 0.609375], [191, 0.6041666666666666], [255, 0.6015625], [319, 0.63125], [383, 0.65625], [447, 0.6584821428571429], [511, 0.650390625], [575, 0.6319444444444444], [639, 0.6265625], [703, 0.6207386363636364], [767, 0.6106770833333334], [831, 0.6105769230769231], [895, 0.6183035714285714], [959, 0.6229166666666667], [1023, 0.62109375], [1087, 0.6341911764705882], [1151, 0.6467013888888888], [1215, 0.6578947368421053], [1279, 0.66171875], [1343, 0.6681547619047619], [1407, 0.6747159090909091], [1471, 0.6854619565217391], [1535, 0.69140625], [1599, 0.699375], [1663, 0.7067307692307693], [1727, 0.7129629629629629], [1791, 0.71875], [1855, 0.7219827586206896], [1919, 0.7270833333333333], [1983, 0.7313508064516129], [2047, 0.73779296875], [2111, 0.7443181818181818], [2175, 0.7504595588235294], [2239, 0.7535714285714286], [2303, 0.7591145833333334], [2367, 0.762668918918919], [2431, 0.765625], [2495, 0.7668269230769231], [2559, 0.770703125], [2623, 0.7717225609756098], [2687, 0.7719494047619048], [2751, 0.7739825581395349], [2815, 0.7752130681818182], [2879, 0.7788194444444444], [2943, 0.7792119565217391], [3007, 0.7822473404255319], [3071, 0.7848307291666666], [3135, 0.7882653061224489], [3199, 0.7921875], [3263, 0.7962622549019608], [3327, 0.7995793269230769], [3391, 0.8024764150943396], [3455, 0.8061342592592593], [3519, 0.8085227272727272], [3583, 0.8111049107142857], [3647, 0.8130482456140351], [3711, 0.8149245689655172], [3775, 0.8177966101694916], [3839, 0.8203125], [3903, 0.8224897540983607], [3967, 0.8245967741935484], [4031, 0.8256448412698413], [4095, 0.827392578125], [4159, 0.8286057692307692], [4223, 0.8307291666666666], [4287, 0.8325559701492538], [4351, 0.8343290441176471], [4415, 0.8353713768115942], [4479, 0.8375], [4543, 0.8386883802816901], [4607, 0.8407118055555556], [4671, 0.841181506849315], [4735, 0.8431165540540541], [4799, 0.8445833333333334], [4863, 0.8456003289473685], [4927, 0.8471996753246753], [4991, 0.8483573717948718], [5055, 0.8500791139240507], [5119, 0.8515625], [5183, 0.8530092592592593], [5247, 0.8540396341463414], [5311, 0.8554216867469879], [5375, 0.8569568452380952], [5439, 0.8582720588235294], [5503, 0.859375], [5567, 0.860632183908046], [5631, 0.8616832386363636], [5695, 0.863061797752809], [5759, 0.8644097222222222], [5823, 0.8658997252747253], [5887, 0.8665081521739131], [5951, 0.8677755376344086], [6015, 0.8688497340425532], [6079, 0.8700657894736842], [6143, 0.87109375], [6207, 0.8717783505154639], [6271, 0.8729272959183674], [6335, 0.8734217171717171], [6399, 0.87390625], [6463, 0.8745358910891089], [6527, 0.875], [6591, 0.8760618932038835], [6655, 0.8765024038461539], [6719, 0.8767857142857143], [6783, 0.8773584905660378], [6847, 0.8782126168224299], [6911, 0.8786168981481481], [6975, 0.8794438073394495], [7039, 0.8802556818181818], [7103, 0.8807713963963963], [7167, 0.8816964285714286], [7231, 0.8826050884955752], [7295, 0.8834978070175439], [7359, 0.884375], [7423, 0.8849676724137931], [7487, 0.8858173076923077], [7551, 0.886520127118644], [7615, 0.8870798319327731], [7679, 0.887890625], [7743, 0.8885588842975206], [7807, 0.8889600409836066], [7871, 0.8894817073170732], [7935, 0.8899949596774194], [7999, 0.890625], [8063, 0.8914930555555556], [8127, 0.8923474409448819], [8191, 0.8929443359375], [8255, 0.893531976744186], [8319, 0.8941105769230769], [8383, 0.8946803435114504], [8447, 0.8954782196969697], [8511, 0.8957941729323309], [8575, 0.8962220149253731], [8639, 0.8969907407407407], [8703, 0.8972886029411765], [8767, 0.8978102189781022], [8831, 0.8985507246376812], [8895, 0.898943345323741], [8959, 0.8994419642857143], [9023, 0.9001551418439716], [9087, 0.9005281690140845], [9151, 0.9011145104895105], [9215, 0.9014756944444444], [9279, 0.9019396551724138], [9343, 0.9025042808219178], [9407, 0.9029549319727891], [9471, 0.9033994932432432], [9535, 0.903628355704698], [9599, 0.9039583333333333], [9663, 0.9043874172185431], [9727, 0.9047080592105263], [9791, 0.905126633986928], [9855, 0.9056412337662337], [9919, 0.9061491935483871], [9983, 0.9066506410256411], [9999, 0.9068]], "candidate_count_total": 22, "confirmed_count_total": 18, "created_at": 1768131190.9196856, "confirm_rule_effective": "perm_test", "last_perm_pvalue": 0.004975124378109453, "last_perm_effect": 0.07592558968093234, "perm_test_count_total": 36, "perm_accept_count_total": 18, "perm_reject_count_total": 18, "perm_alpha": 0.05, "perm_pvalue_p50": 0.04477611940298507, "perm_pvalue_p90": 1.0, "perm_pvalue_p99": 1.0, "perm_pvalue_le_alpha_ratio": 0.5, "perm_effect_p50": 0.009102657181683297, "perm_effect_p90": 0.07756607000918028, "perm_effect_p99": 0.13846365042114608}