{"dataset_name": "sine_nodrift", "dataset_type": "sine", "model_variant": "ts_drift_adapt", "seed": 7, "monitor_preset": "error_divergence_ph_meta@error.threshold=0.10,error.min_instances=5", "monitor_preset_base": "error_divergence_ph_meta", "monitor_ph_params": {"error_rate": {"delta": 0.005, "alpha": 0.15, "threshold": 0.1, "min_instances": 5}, "divergence": {"delta": 0.005, "alpha": 0.1, "threshold": 0.05, "min_instances": 30}}, "monitor_ph_overrides": {"error_rate": {"threshold": 0.1, "min_instances": 5}}, "trigger_mode": "two_stage", "trigger_k": 2, "trigger_threshold": 0.5, "trigger_weights": "__confirm_cooldown=200,__confirm_rule=perm_test,__perm_alpha=0.02,__perm_min_effect=0,__perm_n_perm=200,__perm_post_n=10,__perm_pre_n=500,__perm_rng_seed=0,__perm_side=two_sided,__perm_stat=vote_score,divergence=0.3,error_rate=0.5,teacher_entropy=0.2", "confirm_window": 3, "confirm_cooldown": 0, "adaptive_cooldown_enabled": 0, "adaptive_window": 10000, "adaptive_lower_per10k": 10.0, "adaptive_upper_per10k": 25.0, "adaptive_cooldown_low": 200, "adaptive_cooldown_high": 500, "severity_scheduler_scale": 1.0, "use_severity_v2": 0, "severity_gate": "none", "severity_gate_min_streak": 1, "entropy_mode": "overconfident", "severity_decay": 0.95, "freeze_baseline_steps": 0, "n_steps": 800, "horizon": 10000, "acc_final": 0.916, "mean_acc": 0.8444178803398896, "acc_min": 0.53125, "candidate_sample_idxs": [319, 639, 959, 1279, 1599, 1919, 2239, 2559, 2879, 3199, 3519, 3967, 4287, 4607, 4991, 5311, 5631, 5951, 6399, 6911, 7295, 7743, 8511, 8831, 9151, 9599, 9919], "confirmed_sample_idxs": [639, 959, 1279, 1599, 1919, 2239, 2559, 2879, 3199, 3519, 3967, 4287, 4607, 4991, 5311, 5631, 5951, 6399, 6911, 7295, 7743, 8511, 8831, 9151, 9599, 9919], "acc_series": [[63, 0.53125], [127, 0.53125], [191, 0.5572916666666666], [255, 0.546875], [319, 0.534375], [383, 0.5442708333333334], [447, 0.5647321428571429], [511, 0.595703125], [575, 0.6267361111111112], [639, 0.6421875], [703, 0.6590909090909091], [767, 0.67578125], [831, 0.6947115384615384], [895, 0.6997767857142857], [959, 0.7125], [1023, 0.7177734375], [1087, 0.7261029411764706], [1151, 0.7387152777777778], [1215, 0.7467105263157895], [1279, 0.753125], [1343, 0.7596726190476191], [1407, 0.7670454545454546], [1471, 0.7717391304347826], [1535, 0.7799479166666666], [1599, 0.785], [1663, 0.7908653846153846], [1727, 0.7951388888888888], [1791, 0.8002232142857143], [1855, 0.8033405172413793], [1919, 0.8041666666666667], [1983, 0.8074596774193549], [2047, 0.80859375], [2111, 0.8101325757575758], [2175, 0.8120404411764706], [2239, 0.8138392857142858], [2303, 0.8168402777777778], [2367, 0.8179898648648649], [2431, 0.821546052631579], [2495, 0.8241185897435898], [2559, 0.82734375], [2623, 0.8296493902439024], [2687, 0.8318452380952381], [2751, 0.8339389534883721], [2815, 0.8366477272727273], [2879, 0.8392361111111111], [2943, 0.8406929347826086], [3007, 0.8420877659574468], [3071, 0.84375], [3135, 0.8443877551020408], [3199, 0.8465625], [3263, 0.8483455882352942], [3327, 0.8488581730769231], [3391, 0.8502358490566038], [3455, 0.8521412037037037], [3519, 0.8539772727272728], [3583, 0.8563058035714286], [3647, 0.8580043859649122], [3711, 0.8591056034482759], [3775, 0.861228813559322], [3839, 0.86328125], [3903, 0.8644979508196722], [3967, 0.8659274193548387], [4031, 0.8665674603174603], [4095, 0.86767578125], [4159, 0.8677884615384616], [4223, 0.8690814393939394], [4287, 0.8703358208955224], [4351, 0.8708639705882353], [4415, 0.8704710144927537], [4479, 0.8716517857142857], [4543, 0.871919014084507], [4607, 0.8721788194444444], [4671, 0.8722174657534246], [4735, 0.8730996621621622], [4799, 0.8741666666666666], [4863, 0.8745888157894737], [4927, 0.8758116883116883], [4991, 0.8768028846153846], [5055, 0.8779667721518988], [5119, 0.87890625], [5183, 0.8800154320987654], [5247, 0.8805259146341463], [5311, 0.8812123493975904], [5375, 0.8811383928571429], [5439, 0.8821691176470589], [5503, 0.8833575581395349], [5567, 0.8836206896551724], [5631, 0.8840553977272727], [5695, 0.8848314606741573], [5759, 0.8854166666666666], [5823, 0.8863324175824175], [5887, 0.8868885869565217], [5951, 0.8879368279569892], [6015, 0.8887965425531915], [6079, 0.8893092105263158], [6143, 0.8894856770833334], [6207, 0.8904639175257731], [6271, 0.8914221938775511], [6335, 0.8922032828282829], [6399, 0.89265625], [6463, 0.8937190594059405], [6527, 0.8944546568627451], [6591, 0.8951759708737864], [6655, 0.8957331730769231], [6719, 0.8965773809523809], [6783, 0.8971108490566038], [6847, 0.8977803738317757], [6911, 0.8984375], [6975, 0.8992259174311926], [7039, 0.9], [7103, 0.9007601351351351], [7167, 0.9010881696428571], [7231, 0.9015486725663717], [7295, 0.9021381578947368], [7359, 0.9020380434782609], [7423, 0.9026131465517241], [7487, 0.9029113247863247], [7551, 0.903469279661017], [7615, 0.9037552521008403], [7679, 0.9041666666666667], [7743, 0.9039256198347108], [7807, 0.9040727459016393], [7871, 0.9043445121951219], [7935, 0.9046118951612904], [7999, 0.90475], [8063, 0.9051339285714286], [8127, 0.905757874015748], [8191, 0.906005859375], [8255, 0.90625], [8319, 0.9067307692307692], [8383, 0.9073234732824428], [8447, 0.9073153409090909], [8511, 0.9076597744360902], [8575, 0.9082322761194029], [8639, 0.9086805555555556], [8703, 0.9087775735294118], [8767, 0.9094434306569343], [8831, 0.9096467391304348], [8895, 0.9098471223021583], [8959, 0.9102678571428572], [9023, 0.910904255319149], [9087, 0.9112015845070423], [9151, 0.9113854895104895], [9215, 0.9117838541666666], [9279, 0.912176724137931], [9343, 0.9127782534246576], [9407, 0.9129464285714286], [9471, 0.9134290540540541], [9535, 0.9138003355704698], [9599, 0.9141666666666667], [9663, 0.9144246688741722], [9727, 0.9149876644736842], [9791, 0.9149305555555556], [9855, 0.9151785714285714], [9919, 0.9155241935483871], [9983, 0.9158653846153846], [9999, 0.916]], "candidate_count_total": 27, "confirmed_count_total": 26, "created_at": 1768237347.9591825, "confirm_rule_effective": "perm_test", "last_perm_pvalue": 0.004975124378109453, "last_perm_effect": 0.427698446917144, "perm_test_count_total": 26, "perm_accept_count_total": 26, "perm_reject_count_total": 0, "perm_alpha": 0.02, "perm_pvalue_p50": 0.004975124378109453, "perm_pvalue_p90": 0.004975124378109453, "perm_pvalue_p99": 0.004975124378109453, "perm_pvalue_le_alpha_ratio": 1.0, "perm_effect_p50": 0.43555611287545093, "perm_effect_p90": 0.44496370767025417, "perm_effect_p99": 0.48840599532863993}