{"dataset_name": "sine_nodrift", "dataset_type": "sine", "model_variant": "ts_drift_adapt", "seed": 4, "monitor_preset": "error_divergence_ph_meta@error.threshold=0.10,error.min_instances=5", "monitor_preset_base": "error_divergence_ph_meta", "monitor_ph_params": {"error_rate": {"delta": 0.005, "alpha": 0.15, "threshold": 0.1, "min_instances": 5}, "divergence": {"delta": 0.005, "alpha": 0.1, "threshold": 0.05, "min_instances": 30}}, "monitor_ph_overrides": {"error_rate": {"threshold": 0.1, "min_instances": 5}}, "trigger_mode": "two_stage", "trigger_k": 2, "trigger_threshold": 0.5, "trigger_weights": "__confirm_cooldown=200,__confirm_rule=perm_test,__perm_alpha=0.01,__perm_delta_k=50,__perm_min_effect=0,__perm_n_perm=200,__perm_post_n=20,__perm_pre_n=500,__perm_rng_seed=0,__perm_stat=delta_fused_score,divergence=0.3,error_rate=0.5,teacher_entropy=0.2", "confirm_window": 3, "confirm_cooldown": 0, "adaptive_cooldown_enabled": 0, "adaptive_window": 10000, "adaptive_lower_per10k": 10.0, "adaptive_upper_per10k": 25.0, "adaptive_cooldown_low": 200, "adaptive_cooldown_high": 500, "severity_scheduler_scale": 1.0, "use_severity_v2": 0, "severity_gate": "none", "severity_gate_min_streak": 1, "entropy_mode": "overconfident", "severity_decay": 0.95, "freeze_baseline_steps": 0, "n_steps": 800, "horizon": 10000, "acc_final": 0.9182, "mean_acc": 0.8331162933243431, "acc_min": 0.390625, "candidate_sample_idxs": [319, 639, 959, 1279, 1599, 1919, 2239, 2815, 3135, 3455, 3775, 4223, 4543, 5247, 5567, 5887, 6463, 6911, 7231, 7615, 7999, 8319, 9215, 9599, 9919], "confirmed_sample_idxs": [639, 1023, 1663, 1919, 2815, 3199, 3519, 4223, 5247, 5887, 6463, 6911, 7615, 7999, 8383, 9215, 9599], "acc_series": [[63, 0.40625], [127, 0.390625], [191, 0.421875], [255, 0.44140625], [319, 0.471875], [383, 0.4895833333333333], [447, 0.5245535714285714], [511, 0.552734375], [575, 0.5746527777777778], [639, 0.603125], [703, 0.6221590909090909], [767, 0.625], [831, 0.6286057692307693], [895, 0.6395089285714286], [959, 0.6572916666666667], [1023, 0.66796875], [1087, 0.6810661764705882], [1151, 0.6927083333333334], [1215, 0.703125], [1279, 0.71171875], [1343, 0.7202380952380952], [1407, 0.7279829545454546], [1471, 0.7370923913043478], [1535, 0.7428385416666666], [1599, 0.75], [1663, 0.7542067307692307], [1727, 0.7604166666666666], [1791, 0.765625], [1855, 0.7677801724137931], [1919, 0.7713541666666667], [1983, 0.7752016129032258], [2047, 0.7802734375], [2111, 0.7855113636363636], [2175, 0.7909007352941176], [2239, 0.7955357142857142], [2303, 0.7999131944444444], [2367, 0.8040540540540541], [2431, 0.8079769736842105], [2495, 0.8125], [2559, 0.81484375], [2623, 0.8166920731707317], [2687, 0.8199404761904762], [2751, 0.8234011627906976], [2815, 0.8252840909090909], [2879, 0.828125], [2943, 0.8301630434782609], [3007, 0.832779255319149], [3071, 0.8349609375], [3135, 0.8373724489795918], [3199, 0.8390625], [3263, 0.8416053921568627], [3327, 0.8434495192307693], [3391, 0.8461084905660378], [3455, 0.8486689814814815], [3519, 0.8508522727272727], [3583, 0.8518415178571429], [3647, 0.852796052631579], [3711, 0.8547952586206896], [3775, 0.8564618644067796], [3839, 0.8575520833333333], [3903, 0.8588627049180327], [3967, 0.860383064516129], [4031, 0.8623511904761905], [4095, 0.864501953125], [4159, 0.8665865384615384], [4223, 0.8669507575757576], [4287, 0.8675373134328358], [4351, 0.8683363970588235], [4415, 0.8695652173913043], [4479, 0.8712053571428572], [4543, 0.871919014084507], [4607, 0.873046875], [4671, 0.8737157534246576], [4735, 0.875], [4799, 0.875625], [4863, 0.8764391447368421], [4927, 0.877435064935065], [4991, 0.8784054487179487], [5055, 0.8791534810126582], [5119, 0.88046875], [5183, 0.8809799382716049], [5247, 0.8820503048780488], [5311, 0.8832831325301205], [5375, 0.8837425595238095], [5439, 0.8841911764705882], [5503, 0.8848110465116279], [5567, 0.8859554597701149], [5631, 0.8861860795454546], [5695, 0.8872893258426966], [5759, 0.8883680555555555], [5823, 0.8895947802197802], [5887, 0.8904551630434783], [5951, 0.8914650537634409], [6015, 0.8924534574468085], [6079, 0.8932565789473684], [6143, 0.8943684895833334], [6207, 0.8949742268041238], [6271, 0.8952487244897959], [6335, 0.8958333333333334], [6399, 0.896875], [6463, 0.8971225247524752], [6527, 0.8978247549019608], [6591, 0.8986650485436893], [6655, 0.8991887019230769], [6719, 0.899702380952381], [6783, 0.9005011792452831], [6847, 0.9012850467289719], [6911, 0.9016203703703703], [6975, 0.9025229357798165], [7039, 0.9024147727272728], [7103, 0.9028716216216216], [7167, 0.9031808035714286], [7231, 0.9032079646017699], [7295, 0.9035087719298246], [7359, 0.9039402173913044], [7423, 0.9046336206896551], [7487, 0.9049145299145299], [7551, 0.9054555084745762], [7615, 0.9058560924369747], [7679, 0.9061197916666667], [7743, 0.9066373966942148], [7807, 0.9072745901639344], [7871, 0.9080284552845529], [7935, 0.9086441532258065], [7999, 0.909], [8063, 0.9094742063492064], [8127, 0.9092027559055118], [8191, 0.9093017578125], [8255, 0.9097625968992248], [8319, 0.9103365384615385], [8383, 0.9109017175572519], [8447, 0.9109848484848485], [8511, 0.9114191729323309], [8575, 0.9117304104477612], [8639, 0.9120370370370371], [8703, 0.9122242647058824], [8767, 0.9125228102189781], [8831, 0.9128170289855072], [8895, 0.9133318345323741], [8959, 0.9138392857142857], [9023, 0.9142287234042553], [9087, 0.914612676056338], [9151, 0.9149912587412588], [9215, 0.9152560763888888], [9279, 0.9157327586206897], [9343, 0.916095890410959], [9407, 0.9165603741496599], [9471, 0.9171241554054054], [9535, 0.9176803691275168], [9599, 0.9176041666666667], [9663, 0.9177359271523179], [9727, 0.9175575657894737], [9791, 0.9174836601307189], [9855, 0.9176136363636364], [9919, 0.9178427419354839], [9983, 0.9180689102564102], [9999, 0.9182]], "candidate_count_total": 25, "confirmed_count_total": 17, "created_at": 1768146474.9097705, "confirm_rule_effective": "perm_test", "last_perm_pvalue": 1.0, "last_perm_effect": -0.018650156487775262, "perm_test_count_total": 49, "perm_accept_count_total": 17, "perm_reject_count_total": 32, "perm_alpha": 0.01, "perm_pvalue_p50": 1.0, "perm_pvalue_p90": 1.0, "perm_pvalue_p99": 1.0, "perm_pvalue_le_alpha_ratio": 0.3469387755102041, "perm_effect_p50": -0.004027255962296499, "perm_effect_p90": 0.07811017593587244, "perm_effect_p99": 0.12099854765263049}