{"dataset_name": "INSECTS_abrupt_balanced", "dataset_type": "insects_real", "model_variant": "ts_drift_adapt_severity", "seed": 8, "monitor_preset": "error_divergence_ph_meta@error.threshold=0.05,error.min_instances=5", "monitor_preset_base": "error_divergence_ph_meta", "monitor_ph_params": {"error_rate": {"delta": 0.005, "alpha": 0.15, "threshold": 0.05, "min_instances": 5}, "divergence": {"delta": 0.005, "alpha": 0.1, "threshold": 0.05, "min_instances": 30}}, "monitor_ph_overrides": {"error_rate": {"threshold": 0.05, "min_instances": 5}}, "trigger_mode": "two_stage", "trigger_k": 2, "trigger_threshold": 0.5, "trigger_weights": "confirm_cooldown=0,divergence=0.3,error_rate=0.5,teacher_entropy=0.2", "confirm_window": 1, "confirm_cooldown": 0, "severity_scheduler_scale": 1.0, "use_severity_v2": 1, "severity_gate": "confirmed_streak", "severity_gate_min_streak": 3, "entropy_mode": "overconfident", "severity_decay": 0.95, "freeze_baseline_steps": 0, "n_steps": 1200, "horizon": 52847, "acc_final": 0.20981323443147198, "mean_acc": 0.20127069941980041, "acc_min": 0.14453125, "candidate_sample_idxs": [1279, 2559, 3839, 5119, 6399, 7679, 8959, 10239, 11519, 12799, 14335, 17663, 18943, 20223, 21503, 22783, 24063, 25343, 26623, 27903, 29183, 31231, 32511, 33791, 35071, 36351, 37631, 38911, 40191, 41471, 42751, 44031, 45311, 46591, 47871, 49407, 50687, 51967], "confirmed_sample_idxs": [1279, 2559, 3839, 5119, 6399, 7679, 8959, 10239, 11519, 12799, 14335, 17663, 18943, 20223, 21503, 22783, 24063, 25343, 26623, 27903, 29183, 31231, 32511, 33791, 35071, 36351, 37631, 38911, 40191, 41471, 42751, 44031, 45311, 46591, 47871, 49407, 50687, 51967], "acc_series": [[255, 0.14453125], [511, 0.173828125], [767, 0.18489583333333334], [1023, 0.1904296875], [1279, 0.1921875], [1535, 0.19270833333333334], [1791, 0.1953125], [2047, 0.1953125], [2303, 0.19835069444444445], [2559, 0.2015625], [2815, 0.20383522727272727], [3071, 0.20247395833333334], [3327, 0.20192307692307693], [3583, 0.20424107142857142], [3839, 0.20442708333333334], [4095, 0.2041015625], [4351, 0.20151654411764705], [4607, 0.19813368055555555], [4863, 0.19901315789473684], [5119, 0.1953125], [5375, 0.19512648809523808], [5631, 0.1942471590909091], [5887, 0.19480298913043478], [6143, 0.19677734375], [6399, 0.1975], [6655, 0.19771634615384615], [6911, 0.19791666666666666], [7167, 0.19782366071428573], [7423, 0.19800646551724138], [7679, 0.19869791666666667], [7935, 0.19984879032258066], [8191, 0.2001953125], [8447, 0.2002840909090909], [8703, 0.2007123161764706], [8959, 0.20223214285714286], [9215, 0.2045355902777778], [9471, 0.20639780405405406], [9727, 0.20713404605263158], [9983, 0.20853365384615385], [10239, 0.20908203125], [10495, 0.20941310975609756], [10751, 0.21168154761904762], [11007, 0.2116642441860465], [11263, 0.21173650568181818], [11519, 0.2126736111111111], [11775, 0.2125509510869565], [12031, 0.21351396276595744], [12287, 0.215576171875], [12543, 0.21635841836734693], [12799, 0.213046875], [13055, 0.20886948529411764], [13311, 0.20485276442307693], [13567, 0.2009876179245283], [13823, 0.19741030092592593], [14079, 0.19524147727272728], [14335, 0.19796316964285715], [14591, 0.19606633771929824], [14847, 0.1927532327586207], [15103, 0.18955243644067796], [15359, 0.18645833333333334], [15615, 0.1834016393442623], [15871, 0.18044354838709678], [16127, 0.17764136904761904], [16383, 0.17486572265625], [16639, 0.17217548076923078], [16895, 0.16962594696969696], [17151, 0.16709421641791045], [17407, 0.16469439338235295], [17663, 0.16247735507246377], [17919, 0.16266741071428573], [18175, 0.16719850352112675], [18431, 0.1706271701388889], [18687, 0.1738548801369863], [18943, 0.17667863175675674], [19199, 0.17901041666666667], [19455, 0.18133223684210525], [19711, 0.18344155844155843], [19967, 0.1839443108974359], [20223, 0.18418710443037975], [20479, 0.185009765625], [20735, 0.18552276234567902], [20991, 0.18635670731707318], [21247, 0.1873117469879518], [21503, 0.18791852678571427], [21759, 0.18846507352941178], [22015, 0.18995276162790697], [22271, 0.19118175287356323], [22527, 0.1927823153409091], [22783, 0.19417134831460675], [23039, 0.1951388888888889], [23295, 0.19608516483516483], [23551, 0.19786005434782608], [23807, 0.19926075268817203], [24063, 0.2007563164893617], [24319, 0.20180921052631579], [24575, 0.20263671875], [24831, 0.2034471649484536], [25087, 0.20420121173469388], [25343, 0.2056502525252525], [25599, 0.2065234375], [25855, 0.20765006188118812], [26111, 0.20856311274509803], [26367, 0.2098756067961165], [26623, 0.21037409855769232], [26879, 0.21160714285714285], [27135, 0.21263266509433962], [27391, 0.21363901869158877], [27647, 0.21480758101851852], [27903, 0.21588302752293578], [28159, 0.21452414772727274], [28415, 0.21283783783783783], [28671, 0.21125139508928573], [28927, 0.2099004424778761], [29183, 0.20840186403508773], [29439, 0.20689538043478262], [29695, 0.20538119612068967], [29951, 0.20412660256410256], [30207, 0.2028270656779661], [30463, 0.20168067226890757], [30719, 0.20055338541666667], [30975, 0.1995415805785124], [31231, 0.1984503073770492], [31487, 0.19772611788617886], [31743, 0.19704511088709678], [31999, 0.1968125], [32255, 0.19686259920634921], [32511, 0.1977423720472441], [32767, 0.199005126953125], [33023, 0.20076308139534885], [33279, 0.20108173076923078], [33535, 0.20106750954198474], [33791, 0.20182291666666666], [34047, 0.20183270676691728], [34303, 0.2021338619402985], [34559, 0.20228587962962963], [34815, 0.2021771599264706], [35071, 0.2022125912408759], [35327, 0.2022758152173913], [35583, 0.20264725719424462], [35839, 0.20295758928571428], [36095, 0.2029864804964539], [36351, 0.20334507042253522], [36607, 0.20342548076923078], [36863, 0.20353190104166666], [37119, 0.20352909482758622], [37375, 0.20376712328767124], [37631, 0.20408163265306123], [37887, 0.20452385979729729], [38143, 0.20472420302013422], [38399, 0.203359375], [38655, 0.20201262417218543], [38911, 0.20184004934210525], [39167, 0.20189950980392157], [39423, 0.20190746753246752], [39679, 0.2019657258064516], [39935, 0.20204827724358973], [40191, 0.2020800159235669], [40447, 0.20230913765822786], [40703, 0.20224056603773585], [40959, 0.2025390625], [41215, 0.20283385093167702], [41471, 0.2032937885802469], [41727, 0.20420341257668712], [41983, 0.2051733993902439], [42239, 0.20646306818181817], [42495, 0.2075254141566265], [42751, 0.20864520958083832], [43007, 0.20928664434523808], [43263, 0.21029031065088757], [43519, 0.2112591911764706], [43775, 0.21212536549707603], [44031, 0.21341297238372092], [44287, 0.2140308887283237], [44543, 0.21446210488505746], [44799, 0.21537946428571428], [45055, 0.21648615056818182], [45311, 0.2172713629943503], [45567, 0.21815747893258428], [45823, 0.21920827513966482], [46079, 0.22029079861111112], [46335, 0.22127503453038674], [46591, 0.2221411401098901], [46847, 0.22227202868852458], [47103, 0.2210640285326087], [47359, 0.2198902027027027], [47615, 0.21872899865591397], [47871, 0.21760110294117646], [48127, 0.21644365026595744], [48383, 0.21538111772486773], [48639, 0.2143503289473684], [48895, 0.21335078534031413], [49151, 0.21248372395833334], [49407, 0.21178756476683938], [49663, 0.21111871778350516], [49919, 0.21063701923076922], [50175, 0.2103595344387755], [50431, 0.2101046954314721], [50687, 0.2099313446969697], [50943, 0.2099952889447236], [51199, 0.21001953125], [51455, 0.21066542288557213], [51711, 0.2118077042079208], [51967, 0.21284251847290642], [52223, 0.2122778799019608], [52479, 0.2112423780487805], [52735, 0.21023589199029127], [52846, 0.20981323443147198]], "candidate_count_total": 38, "confirmed_count_total": 38, "created_at": 1767841215.7382953}