{"dataset_name": "sine_nodrift", "dataset_type": "sine", "model_variant": "ts_drift_adapt", "seed": 2, "monitor_preset": "error_divergence_ph_meta@error.threshold=0.10,error.min_instances=5", "monitor_preset_base": "error_divergence_ph_meta", "monitor_ph_params": {"error_rate": {"delta": 0.005, "alpha": 0.15, "threshold": 0.1, "min_instances": 5}, "divergence": {"delta": 0.005, "alpha": 0.1, "threshold": 0.05, "min_instances": 30}}, "monitor_ph_overrides": {"error_rate": {"threshold": 0.1, "min_instances": 5}}, "trigger_mode": "two_stage", "trigger_k": 2, "trigger_threshold": 0.5, "trigger_weights": "__confirm_cooldown=200,__confirm_rule=perm_test,__perm_alpha=0.02,__perm_min_effect=0,__perm_n_perm=200,__perm_post_n=30,__perm_pre_n=200,__perm_rng_seed=0,__perm_stat=fused_score,divergence=0.3,error_rate=0.5,teacher_entropy=0.2", "confirm_window": 3, "confirm_cooldown": 0, "adaptive_cooldown_enabled": 0, "adaptive_window": 10000, "adaptive_lower_per10k": 10.0, "adaptive_upper_per10k": 25.0, "adaptive_cooldown_low": 200, "adaptive_cooldown_high": 500, "severity_scheduler_scale": 1.0, "use_severity_v2": 0, "severity_gate": "none", "severity_gate_min_streak": 1, "entropy_mode": "overconfident", "severity_decay": 0.95, "freeze_baseline_steps": 0, "n_steps": 800, "horizon": 10000, "acc_final": 0.9143, "mean_acc": 0.8196807448727634, "acc_min": 0.40625, "candidate_sample_idxs": [319, 639, 959, 1279, 1599, 1983, 2623, 2943, 3647, 4159, 4479, 4799, 5119, 5439, 5759, 6079, 6591, 8447, 8767, 9791], "confirmed_sample_idxs": [831, 1407, 1983, 2623, 3007, 3647, 4159, 4479, 4799, 5183, 5631, 6079, 6591, 8447, 8767, 9791], "acc_series": [[63, 0.40625], [127, 0.4375], [191, 0.4322916666666667], [255, 0.4453125], [319, 0.475], [383, 0.4947916666666667], [447, 0.5267857142857143], [511, 0.544921875], [575, 0.5607638888888888], [639, 0.5765625], [703, 0.5909090909090909], [767, 0.6080729166666666], [831, 0.6189903846153846], [895, 0.6339285714285714], [959, 0.6489583333333333], [1023, 0.6513671875], [1087, 0.6516544117647058], [1151, 0.6605902777777778], [1215, 0.665296052631579], [1279, 0.6734375], [1343, 0.6822916666666666], [1407, 0.6882102272727273], [1471, 0.6970108695652174], [1535, 0.7037760416666666], [1599, 0.71125], [1663, 0.7199519230769231], [1727, 0.7268518518518519], [1791, 0.7338169642857143], [1855, 0.7397629310344828], [1919, 0.746875], [1983, 0.7525201612903226], [2047, 0.75927734375], [2111, 0.7646780303030303], [2175, 0.7679227941176471], [2239, 0.7732142857142857], [2303, 0.7786458333333334], [2367, 0.7829391891891891], [2431, 0.7870065789473685], [2495, 0.7916666666666666], [2559, 0.79375], [2623, 0.7972560975609756], [2687, 0.7991071428571429], [2751, 0.8001453488372093], [2815, 0.8032670454545454], [2879, 0.8045138888888889], [2943, 0.8067255434782609], [3007, 0.8085106382978723], [3071, 0.8118489583333334], [3135, 0.8144132653061225], [3199, 0.8178125], [3263, 0.8213848039215687], [3327, 0.8236177884615384], [3391, 0.8260613207547169], [3455, 0.8284143518518519], [3519, 0.8309659090909091], [3583, 0.8317522321428571], [3647, 0.8333333333333334], [3711, 0.8353987068965517], [3775, 0.8373940677966102], [3839, 0.8390625], [3903, 0.8406762295081968], [3967, 0.8424899193548387], [4031, 0.8444940476190477], [4095, 0.8466796875], [4159, 0.8480769230769231], [4223, 0.8494318181818182], [4287, 0.8512126865671642], [4351, 0.8524816176470589], [4415, 0.8546195652173914], [4479, 0.8560267857142857], [4543, 0.8576144366197183], [4607, 0.8589409722222222], [4671, 0.860445205479452], [4735, 0.8604307432432432], [4799, 0.8614583333333333], [4863, 0.862047697368421], [4927, 0.8632305194805194], [4991, 0.8639823717948718], [5055, 0.8657041139240507], [5119, 0.8671875], [5183, 0.8682484567901234], [5247, 0.8692835365853658], [5311, 0.8704819277108434], [5375, 0.8718377976190477], [5439, 0.8727941176470588], [5503, 0.8733648255813954], [5567, 0.8744612068965517], [5631, 0.8753551136363636], [5695, 0.8767556179775281], [5759, 0.8777777777777778], [5823, 0.8786057692307693], [5887, 0.8799252717391305], [5951, 0.880880376344086], [6015, 0.8818151595744681], [6079, 0.8824013157894737], [6143, 0.8829752604166666], [6207, 0.8838595360824743], [6271, 0.8840880102040817], [6335, 0.88510101010101], [6399, 0.88609375], [6463, 0.8872215346534653], [6527, 0.8880208333333334], [6591, 0.8886529126213593], [6655, 0.8889723557692307], [6719, 0.8897321428571429], [6783, 0.8904775943396226], [6847, 0.891501168224299], [6911, 0.8917824074074074], [6975, 0.8924885321100917], [7039, 0.8933238636363636], [7103, 0.8938626126126126], [7167, 0.8942522321428571], [7231, 0.8949115044247787], [7295, 0.8958333333333334], [7359, 0.8966032608695652], [7423, 0.8972252155172413], [7487, 0.8977029914529915], [7551, 0.8981726694915254], [7615, 0.8990283613445378], [7679, 0.8993489583333333], [7743, 0.900051652892562], [7807, 0.9007428278688525], [7871, 0.9014227642276422], [7935, 0.9018397177419355], [7999, 0.902375], [8063, 0.9030257936507936], [8127, 0.9036663385826772], [8191, 0.904296875], [8255, 0.9046753875968992], [8319, 0.9048076923076923], [8383, 0.9052958015267175], [8447, 0.9054214015151515], [8511, 0.9058975563909775], [8575, 0.9060167910447762], [8639, 0.9063657407407407], [8703, 0.90625], [8767, 0.9063640510948905], [8831, 0.90625], [8895, 0.9068120503597122], [8959, 0.9072544642857143], [9023, 0.9078014184397163], [9087, 0.9084507042253521], [9151, 0.9089816433566433], [9215, 0.9093967013888888], [9279, 0.9100215517241379], [9343, 0.9102097602739726], [9407, 0.9107142857142857], [9471, 0.9107896959459459], [9535, 0.9111786912751678], [9599, 0.9116666666666666], [9663, 0.9122516556291391], [9727, 0.9127261513157895], [9791, 0.9130923202614379], [9855, 0.9132508116883117], [9919, 0.9138104838709677], [9983, 0.9141626602564102], [9999, 0.9143]], "candidate_count_total": 17, "confirmed_count_total": 16, "created_at": 1768128539.822303, "confirm_rule_effective": "perm_test", "last_perm_pvalue": 0.004975124378109453, "last_perm_effect": 0.08004027176244732, "perm_test_count_total": 26, "perm_accept_count_total": 16, "perm_reject_count_total": 10, "perm_alpha": 0.02, "perm_pvalue_p50": 0.004975124378109453, "perm_pvalue_p90": 1.0, "perm_pvalue_p99": 1.0, "perm_pvalue_le_alpha_ratio": 0.6153846153846154, "perm_effect_p50": 0.03681725093834791, "perm_effect_p90": 0.10226238524151979, "perm_effect_p99": 0.15764578038058663}