{"dataset_name": "sine_nodrift", "dataset_type": "sine", "model_variant": "ts_drift_adapt", "seed": 1, "monitor_preset": "error_divergence_ph_meta@error.threshold=0.10,error.min_instances=5", "monitor_preset_base": "error_divergence_ph_meta", "monitor_ph_params": {"error_rate": {"delta": 0.005, "alpha": 0.15, "threshold": 0.1, "min_instances": 5}, "divergence": {"delta": 0.005, "alpha": 0.1, "threshold": 0.05, "min_instances": 30}}, "monitor_ph_overrides": {"error_rate": {"threshold": 0.1, "min_instances": 5}}, "trigger_mode": "two_stage", "trigger_k": 2, "trigger_threshold": 0.5, "trigger_weights": "__confirm_cooldown=200,__confirm_rule=perm_test,__perm_alpha=0.05,__perm_min_effect=0,__perm_n_perm=200,__perm_post_n=10,__perm_pre_n=500,__perm_rng_seed=0,__perm_stat=fused_score,divergence=0.3,error_rate=0.5,teacher_entropy=0.2", "confirm_window": 3, "confirm_cooldown": 0, "adaptive_cooldown_enabled": 0, "adaptive_window": 10000, "adaptive_lower_per10k": 10.0, "adaptive_upper_per10k": 25.0, "adaptive_cooldown_low": 200, "adaptive_cooldown_high": 500, "severity_scheduler_scale": 1.0, "use_severity_v2": 0, "severity_gate": "none", "severity_gate_min_streak": 1, "entropy_mode": "overconfident", "severity_decay": 0.95, "freeze_baseline_steps": 0, "n_steps": 800, "horizon": 10000, "acc_final": 0.9174, "mean_acc": 0.8361614028928465, "acc_min": 0.4765625, "candidate_sample_idxs": [319, 639, 959, 1279, 1599, 1919, 2239, 2559, 2879, 3199, 3519, 3839, 4159, 4543, 4863, 5183, 5503, 6015, 6335, 6655, 6975, 7295, 7615, 7935, 9279, 9599, 9919], "confirmed_sample_idxs": [703, 959, 1471, 2239, 2751, 3199, 3519, 4031, 4863, 5183, 6015, 6655, 7423, 9279, 9919], "acc_series": [[63, 0.484375], [127, 0.4765625], [191, 0.5260416666666666], [255, 0.5234375], [319, 0.534375], [383, 0.5286458333333334], [447, 0.5446428571428571], [511, 0.556640625], [575, 0.5798611111111112], [639, 0.6], [703, 0.6136363636363636], [767, 0.6276041666666666], [831, 0.6382211538461539], [895, 0.6484375], [959, 0.6614583333333334], [1023, 0.6796875], [1087, 0.6920955882352942], [1151, 0.7039930555555556], [1215, 0.7154605263157895], [1279, 0.72578125], [1343, 0.7358630952380952], [1407, 0.7457386363636364], [1471, 0.7506793478260869], [1535, 0.7565104166666666], [1599, 0.760625], [1663, 0.7680288461538461], [1727, 0.7748842592592593], [1791, 0.7795758928571429], [1855, 0.7839439655172413], [1919, 0.7890625], [1983, 0.7943548387096774], [2047, 0.79931640625], [2111, 0.8039772727272727], [2175, 0.8074448529411765], [2239, 0.8102678571428571], [2303, 0.8098958333333334], [2367, 0.8112331081081081], [2431, 0.8145559210526315], [2495, 0.8157051282051282], [2559, 0.81953125], [2623, 0.8224085365853658], [2687, 0.8255208333333334], [2751, 0.826671511627907], [2815, 0.8299005681818182], [2879, 0.8333333333333334], [2943, 0.8349184782608695], [3007, 0.836436170212766], [3071, 0.8385416666666666], [3135, 0.8405612244897959], [3199, 0.8425], [3263, 0.8452818627450981], [3327, 0.84765625], [3391, 0.8487617924528302], [3455, 0.8498263888888888], [3519, 0.85], [3583, 0.8501674107142857], [3647, 0.8508771929824561], [3711, 0.8515625], [3775, 0.8535487288135594], [3839, 0.8557291666666667], [3903, 0.8578381147540983], [3967, 0.8588709677419355], [4031, 0.8591269841269841], [4095, 0.859130859375], [4159, 0.8598557692307692], [4223, 0.8615056818181818], [4287, 0.8626399253731343], [4351, 0.86328125], [4415, 0.863677536231884], [4479, 0.8647321428571428], [4543, 0.8655369718309859], [4607, 0.8669704861111112], [4671, 0.8681506849315068], [4735, 0.8690878378378378], [4799, 0.87], [4863, 0.8708881578947368], [4927, 0.872564935064935], [4991, 0.8735977564102564], [5055, 0.8748022151898734], [5119, 0.87578125], [5183, 0.8763503086419753], [5247, 0.8772865853658537], [5311, 0.8785768072289156], [5375, 0.8790922619047619], [5439, 0.8801470588235294], [5503, 0.8811773255813954], [5567, 0.8825431034482759], [5631, 0.8831676136363636], [5695, 0.8830758426966292], [5759, 0.8838541666666667], [5823, 0.8847870879120879], [5887, 0.8860394021739131], [5951, 0.8872647849462365], [6015, 0.8876329787234043], [6079, 0.8883223684210526], [6143, 0.88916015625], [6207, 0.8899806701030928], [6271, 0.890625], [6335, 0.8910984848484849], [6399, 0.8921875], [6463, 0.8927908415841584], [6527, 0.8932291666666666], [6591, 0.8932038834951457], [6655, 0.8930288461538461], [6719, 0.8936011904761905], [6783, 0.894310141509434], [6847, 0.8948598130841121], [6911, 0.8953993055555556], [6975, 0.8957855504587156], [7039, 0.8960227272727272], [7103, 0.8968186936936937], [7167, 0.8974609375], [7231, 0.8982300884955752], [7295, 0.8991228070175439], [7359, 0.8998641304347826], [7423, 0.8999191810344828], [7487, 0.9007745726495726], [7551, 0.9010858050847458], [7615, 0.9017857142857143], [7679, 0.90234375], [7743, 0.9027634297520661], [7807, 0.9030481557377049], [7871, 0.9034552845528455], [7935, 0.9042338709677419], [7999, 0.9045], [8063, 0.9051339285714286], [8127, 0.9056348425196851], [8191, 0.9061279296875], [8255, 0.9061288759689923], [8319, 0.9064903846153847], [8383, 0.9072041984732825], [8447, 0.9077888257575758], [8511, 0.9084821428571429], [8575, 0.9089319029850746], [8639, 0.909375], [8703, 0.9098115808823529], [8767, 0.9103558394160584], [8831, 0.9110054347826086], [8895, 0.9114208633093526], [8959, 0.9120535714285715], [9023, 0.9122340425531915], [9087, 0.9126320422535211], [9151, 0.9131337412587412], [9215, 0.9135199652777778], [9279, 0.9137931034482759], [9343, 0.9141695205479452], [9407, 0.9146471088435374], [9471, 0.9151182432432432], [9535, 0.9151635906040269], [9599, 0.9155208333333333], [9663, 0.9158733443708609], [9727, 0.9162212171052632], [9791, 0.9164624183006536], [9855, 0.916599025974026], [9919, 0.9170362903225806], [9983, 0.9174679487179487], [9999, 0.9174]], "candidate_count_total": 23, "confirmed_count_total": 15, "created_at": 1768150596.7177107, "confirm_rule_effective": "perm_test", "last_perm_pvalue": 0.004975124378109453, "last_perm_effect": 0.08357381105836174, "perm_test_count_total": 55, "perm_accept_count_total": 15, "perm_reject_count_total": 40, "perm_alpha": 0.05, "perm_pvalue_p50": 1.0, "perm_pvalue_p90": 1.0, "perm_pvalue_p99": 1.0, "perm_pvalue_le_alpha_ratio": 0.2727272727272727, "perm_effect_p50": -0.0019220213731755437, "perm_effect_p90": 0.0783972295691686, "perm_effect_p99": 0.15355236298059793}