{"dataset_name": "INSECTS_abrupt_balanced", "dataset_type": "insects_real", "model_variant": "ts_drift_adapt", "seed": 31, "monitor_preset": "error_divergence_ph_meta@error.threshold=0.05,error.min_instances=5", "monitor_preset_base": "error_divergence_ph_meta", "monitor_ph_params": {"error_rate": {"delta": 0.005, "alpha": 0.15, "threshold": 0.05, "min_instances": 5}, "divergence": {"delta": 0.005, "alpha": 0.1, "threshold": 0.05, "min_instances": 30}}, "monitor_ph_overrides": {"error_rate": {"threshold": 0.05, "min_instances": 5}}, "trigger_mode": "two_stage", "trigger_k": 2, "trigger_threshold": 0.5, "trigger_weights": "confirm_cooldown=200,divergence=0.3,error_rate=0.5,teacher_entropy=0.2", "confirm_window": 1, "confirm_cooldown": 0, "adaptive_cooldown_enabled": 0, "adaptive_window": 10000, "adaptive_lower_per10k": 10.0, "adaptive_upper_per10k": 25.0, "adaptive_cooldown_low": 200, "adaptive_cooldown_high": 500, "severity_scheduler_scale": 2.0, "use_severity_v2": 0, "severity_gate": "none", "severity_gate_min_streak": 1, "entropy_mode": "uncertain", "severity_decay": 0.95, "freeze_baseline_steps": 5, "n_steps": 1200, "horizon": 52847, "acc_final": 0.2151872386322781, "mean_acc": 0.20567229092021946, "acc_min": 0.14453125, "candidate_sample_idxs": [1279, 2559, 3839, 5119, 6399, 7679, 8959, 10239, 11519, 12799, 14335, 17919, 19199, 20479, 21759, 23039, 24319, 25599, 26879, 28159, 29439, 30719, 31999, 33279, 34559, 35839, 37119, 38399, 39679, 40959, 42239, 43519, 44799, 46079, 47359, 48639, 49919, 51199, 52479], "confirmed_sample_idxs": [1279, 2559, 3839, 5119, 6399, 7679, 8959, 10239, 11519, 12799, 14335, 17919, 19199, 20479, 21759, 23039, 24319, 25599, 26879, 28159, 29439, 30719, 31999, 33279, 34559, 35839, 37119, 38399, 39679, 40959, 42239, 43519, 44799, 46079, 47359, 48639, 49919, 51199, 52479], "acc_series": [[255, 0.14453125], [511, 0.158203125], [767, 0.16536458333333334], [1023, 0.1708984375], [1279, 0.1734375], [1535, 0.17643229166666666], [1791, 0.18024553571428573], [2047, 0.185546875], [2303, 0.1870659722222222], [2559, 0.192578125], [2815, 0.19566761363636365], [3071, 0.19856770833333334], [3327, 0.19981971153846154], [3583, 0.19754464285714285], [3839, 0.19947916666666668], [4095, 0.198974609375], [4351, 0.19852941176470587], [4607, 0.19986979166666666], [4863, 0.19675164473684212], [5119, 0.197265625], [5375, 0.20033482142857142], [5631, 0.19921875], [5887, 0.20193614130434784], [6143, 0.20198567708333334], [6399, 0.20296875], [6655, 0.20477764423076922], [6911, 0.20572916666666666], [7167, 0.20731026785714285], [7423, 0.20999461206896552], [7679, 0.21002604166666666], [7935, 0.21018145161290322], [8191, 0.2109375], [8447, 0.2118844696969697], [8703, 0.2113970588235294], [8959, 0.21216517857142858], [9215, 0.2143012152777778], [9471, 0.21484375], [9727, 0.21556332236842105], [9983, 0.2155448717948718], [10239, 0.216796875], [10495, 0.21627286585365854], [10751, 0.21809895833333334], [11007, 0.21838662790697674], [11263, 0.21999289772727273], [11519, 0.21970486111111112], [11775, 0.22087296195652173], [12031, 0.22182513297872342], [12287, 0.22265625], [12543, 0.22425063775510204], [12799, 0.22109375], [13055, 0.21675857843137256], [13311, 0.21259014423076922], [13567, 0.20857900943396226], [13823, 0.20471643518518517], [14079, 0.20099431818181818], [14335, 0.19873046875], [14591, 0.1981907894736842], [14847, 0.19517780172413793], [15103, 0.19206832627118645], [15359, 0.1890625], [15615, 0.18596311475409835], [15871, 0.18296370967741934], [16127, 0.1801215277777778], [16383, 0.17730712890625], [16639, 0.17463942307692307], [16895, 0.17205255681818182], [17151, 0.16960121268656717], [17407, 0.16727941176470587], [17663, 0.16502490942028986], [17919, 0.16551339285714287], [18175, 0.16967429577464788], [18431, 0.1714409722222222], [18687, 0.1735338184931507], [18943, 0.17520059121621623], [19199, 0.17625], [19455, 0.17793996710526316], [19711, 0.1796367694805195], [19967, 0.18013822115384615], [20223, 0.18018196202531644], [20479, 0.181298828125], [20735, 0.1824363425925926], [20991, 0.18454649390243902], [21247, 0.18674698795180722], [21503, 0.18843005952380953], [21759, 0.18979779411764705], [22015, 0.19176962209302326], [22271, 0.19333692528735633], [22527, 0.1954012784090909], [22783, 0.19698033707865167], [23039, 0.19809027777777777], [23295, 0.19947630494505494], [23551, 0.20163892663043478], [23807, 0.2037970430107527], [24063, 0.20545212765957446], [24319, 0.20686677631578948], [24575, 0.20796712239583334], [24831, 0.20960856958762886], [25087, 0.21113679846938777], [25343, 0.2126736111111111], [25599, 0.2138671875], [25855, 0.21519183168316833], [26111, 0.21622242647058823], [26367, 0.216967536407767], [26623, 0.21814903846153846], [26879, 0.2197544642857143], [27135, 0.2208873820754717], [27391, 0.22225467289719625], [27647, 0.2236328125], [27903, 0.22441227064220184], [28159, 0.22283380681818182], [28415, 0.22089667792792791], [28671, 0.21906389508928573], [28927, 0.21743639380530974], [29183, 0.21594024122807018], [29439, 0.21440217391304348], [29695, 0.2130926724137931], [29951, 0.2117053952991453], [30207, 0.21054025423728814], [30463, 0.20932904411764705], [30719, 0.20797526041666667], [30975, 0.20706353305785125], [31231, 0.20623078893442623], [31487, 0.20604674796747968], [31743, 0.2064642137096774], [31999, 0.20765625], [32255, 0.20907738095238096], [32511, 0.21072219488188976], [32767, 0.212249755859375], [33023, 0.21408672480620156], [33279, 0.21451322115384616], [33535, 0.21400882633587787], [33791, 0.21407433712121213], [34047, 0.21402138157894737], [34303, 0.21379430970149255], [34559, 0.21331018518518519], [34815, 0.21280445772058823], [35071, 0.21224908759124086], [35327, 0.21223958333333334], [35583, 0.21251124100719423], [35839, 0.2125], [36095, 0.212322695035461], [36351, 0.21245048415492956], [36607, 0.2123306381118881], [36863, 0.21226671006944445], [37119, 0.2122844827586207], [37375, 0.21227525684931506], [37631, 0.21237244897959184], [37887, 0.21291701858108109], [38143, 0.21311346476510068], [38399, 0.21169270833333334], [38655, 0.21029076986754966], [38911, 0.21003803453947367], [39167, 0.21017156862745098], [39423, 0.21020190746753248], [39679, 0.2104586693548387], [39935, 0.21051181891025642], [40191, 0.2099173964968153], [40447, 0.20960245253164558], [40703, 0.20941430817610063], [40959, 0.209326171875], [41215, 0.20916634316770186], [41471, 0.20924961419753085], [41727, 0.2096913343558282], [41983, 0.21029439786585366], [42239, 0.2112689393939394], [42495, 0.21206701807228914], [42751, 0.2129257110778443], [43007, 0.21356491815476192], [43263, 0.21445081360946747], [43519, 0.21518841911764705], [43775, 0.2158031798245614], [44031, 0.21666061046511628], [44287, 0.21725975433526012], [44543, 0.21769486350574713], [44799, 0.21845982142857143], [45055, 0.21923828125], [45311, 0.2200300141242938], [45567, 0.22098841292134833], [45823, 0.2218269902234637], [46079, 0.22296006944444444], [46335, 0.2238863950276243], [46591, 0.22482400412087913], [46847, 0.22500426912568305], [47103, 0.2237814198369565], [47359, 0.2225929054054054], [47615, 0.22141717069892472], [47871, 0.22023312165775402], [48127, 0.21910322473404256], [48383, 0.21800595238095238], [48639, 0.21708470394736842], [48895, 0.21611174738219896], [49151, 0.21531168619791666], [49407, 0.2146818329015544], [49663, 0.21403833762886598], [49919, 0.21364182692307693], [50175, 0.21336894132653061], [50431, 0.21325745558375633], [50687, 0.21338383838383837], [50943, 0.21384265075376885], [51199, 0.2146484375], [51455, 0.21573771766169153], [51711, 0.21708694306930693], [51967, 0.21836514778325122], [52223, 0.21773514093137256], [52479, 0.21667301829268293], [52735, 0.21562120752427186], [52846, 0.2151872386322781]], "candidate_count_total": 39, "confirmed_count_total": 39, "created_at": 1767886754.2329922}