{"dataset_name": "sine_nodrift", "dataset_type": "sine", "model_variant": "ts_drift_adapt", "seed": 5, "monitor_preset": "error_divergence_ph_meta@error.threshold=0.10,error.min_instances=5", "monitor_preset_base": "error_divergence_ph_meta", "monitor_ph_params": {"error_rate": {"delta": 0.005, "alpha": 0.15, "threshold": 0.1, "min_instances": 5}, "divergence": {"delta": 0.005, "alpha": 0.1, "threshold": 0.05, "min_instances": 30}}, "monitor_ph_overrides": {"error_rate": {"threshold": 0.1, "min_instances": 5}}, "trigger_mode": "two_stage", "trigger_k": 2, "trigger_threshold": 0.5, "trigger_weights": "__confirm_cooldown=200,__confirm_rule=perm_test,__perm_alpha=0.02,__perm_min_effect=0,__perm_n_perm=200,__perm_post_n=20,__perm_pre_n=500,__perm_rng_seed=0,__perm_stat=vote_score,divergence=0.3,error_rate=0.5,teacher_entropy=0.2", "confirm_window": 3, "confirm_cooldown": 0, "adaptive_cooldown_enabled": 0, "adaptive_window": 10000, "adaptive_lower_per10k": 10.0, "adaptive_upper_per10k": 25.0, "adaptive_cooldown_low": 200, "adaptive_cooldown_high": 500, "severity_scheduler_scale": 1.0, "use_severity_v2": 0, "severity_gate": "none", "severity_gate_min_streak": 1, "entropy_mode": "overconfident", "severity_decay": 0.95, "freeze_baseline_steps": 0, "n_steps": 800, "horizon": 10000, "acc_final": 0.9003, "mean_acc": 0.8108239437982676, "acc_min": 0.453125, "candidate_sample_idxs": [319, 639, 959, 1279, 1599, 1919, 2239, 2687, 3007, 3711, 4031, 4351, 4671, 4991, 5311, 5887, 6207, 6655, 6975, 7295, 7615, 7935, 8319, 8639, 8959, 9535, 9983], "confirmed_sample_idxs": [639, 959, 1279, 1599, 1919, 2239, 2687, 3007, 3711, 4031, 4351, 4671, 4991, 5311, 5887, 6207, 6655, 6975, 7295, 7615, 7935, 8319, 8639, 8959, 9535, 9983], "acc_series": [[63, 0.453125], [127, 0.4921875], [191, 0.4791666666666667], [255, 0.46875], [319, 0.48125], [383, 0.5052083333333334], [447, 0.5379464285714286], [511, 0.564453125], [575, 0.5850694444444444], [639, 0.5984375], [703, 0.6178977272727273], [767, 0.6302083333333334], [831, 0.6286057692307693], [895, 0.6473214285714286], [959, 0.65625], [1023, 0.66796875], [1087, 0.6672794117647058], [1151, 0.6753472222222222], [1215, 0.6776315789473685], [1279, 0.68359375], [1343, 0.6889880952380952], [1407, 0.6960227272727273], [1471, 0.7058423913043478], [1535, 0.7141927083333334], [1599, 0.72125], [1663, 0.7277644230769231], [1727, 0.7332175925925926], [1791, 0.7371651785714286], [1855, 0.7413793103448276], [1919, 0.7427083333333333], [1983, 0.7454637096774194], [2047, 0.74853515625], [2111, 0.7504734848484849], [2175, 0.7522977941176471], [2239, 0.7544642857142857], [2303, 0.7586805555555556], [2367, 0.7630912162162162], [2431, 0.7660361842105263], [2495, 0.7692307692307693], [2559, 0.7734375], [2623, 0.7778201219512195], [2687, 0.7793898809523809], [2751, 0.7816133720930233], [2815, 0.78515625], [2879, 0.7864583333333334], [2943, 0.7887228260869565], [3007, 0.7918882978723404], [3071, 0.7942708333333334], [3135, 0.7971938775510204], [3199, 0.7996875], [3263, 0.8033088235294118], [3327, 0.8049879807692307], [3391, 0.808372641509434], [3455, 0.8113425925925926], [3519, 0.8125], [3583, 0.8158482142857143], [3647, 0.8182565789473685], [3711, 0.8203125], [3775, 0.8222987288135594], [3839, 0.8247395833333333], [3903, 0.8271004098360656], [3967, 0.8286290322580645], [4031, 0.8306051587301587], [4095, 0.8330078125], [4159, 0.834375], [4223, 0.8359375], [4287, 0.8376865671641791], [4351, 0.8386948529411765], [4415, 0.8401268115942029], [4479, 0.8419642857142857], [4543, 0.84375], [4607, 0.845703125], [4671, 0.847388698630137], [4735, 0.847972972972973], [4799, 0.8495833333333334], [4863, 0.8511513157894737], [4927, 0.8524756493506493], [4991, 0.8541666666666666], [5055, 0.8550237341772152], [5119, 0.8556640625], [5183, 0.8568672839506173], [5247, 0.8582317073170732], [5311, 0.8589984939759037], [5375, 0.8595610119047619], [5439, 0.8608455882352941], [5503, 0.862281976744186], [5567, 0.8636853448275862], [5631, 0.8645241477272727], [5695, 0.8655196629213483], [5759, 0.8666666666666667], [5823, 0.867445054945055], [5887, 0.8682065217391305], [5951, 0.8689516129032258], [6015, 0.8700132978723404], [6079, 0.8708881578947368], [6143, 0.8709309895833334], [6207, 0.8708118556701031], [6271, 0.8713329081632653], [6335, 0.8718434343434344], [6399, 0.8725], [6463, 0.8729888613861386], [6527, 0.8736213235294118], [6591, 0.8746966019417476], [6655, 0.8751502403846154], [6719, 0.8751488095238096], [6783, 0.8760318396226415], [6847, 0.8761682242990654], [6911, 0.8770254629629629], [6975, 0.8780103211009175], [7039, 0.8788352272727272], [7103, 0.879786036036036], [7167, 0.8800223214285714], [7231, 0.8803926991150443], [7295, 0.8807565789473685], [7359, 0.8816576086956521], [7423, 0.8822737068965517], [7487, 0.8827457264957265], [7551, 0.8834745762711864], [7615, 0.883797268907563], [7679, 0.8841145833333334], [7743, 0.8839101239669421], [7807, 0.8847336065573771], [7871, 0.885035569105691], [7935, 0.8853326612903226], [7999, 0.885875], [8063, 0.8864087301587301], [8127, 0.8866879921259843], [8191, 0.8873291015625], [8255, 0.8879602713178295], [8319, 0.8882211538461539], [8383, 0.8882395038167938], [8447, 0.8890861742424242], [8511, 0.8896851503759399], [8575, 0.8902751865671642], [8639, 0.8903935185185186], [8703, 0.8902803308823529], [8767, 0.890853102189781], [8831, 0.8914175724637681], [8895, 0.8921987410071942], [8959, 0.8927455357142857], [9023, 0.8932845744680851], [9087, 0.8940360915492958], [9151, 0.8947770979020979], [9215, 0.8949652777777778], [9279, 0.8952586206896552], [9343, 0.8956549657534246], [9407, 0.8962585034013606], [9471, 0.8968538851351351], [9535, 0.8973364093959731], [9599, 0.8979166666666667], [9663, 0.8982822847682119], [9727, 0.8988486842105263], [9791, 0.899203431372549], [9855, 0.8996550324675324], [9919, 0.8998991935483871], [9983, 0.9002403846153846], [9999, 0.9003]], "candidate_count_total": 27, "confirmed_count_total": 26, "created_at": 1768220331.3820894, "confirm_rule_effective": "perm_test", "last_perm_pvalue": 0.004975124378109453, "last_perm_effect": 0.43514253477219306, "perm_test_count_total": 26, "perm_accept_count_total": 26, "perm_reject_count_total": 0, "perm_alpha": 0.02, "perm_pvalue_p50": 0.004975124378109453, "perm_pvalue_p90": 0.004975124378109453, "perm_pvalue_p99": 0.004975124378109453, "perm_pvalue_le_alpha_ratio": 1.0, "perm_effect_p50": 0.43503534601595906, "perm_effect_p90": 0.4718800589568906, "perm_effect_p99": 0.5032684531422558}