{"dataset_name": "INSECTS_abrupt_balanced", "dataset_type": "insects_real", "model_variant": "ts_drift_adapt", "seed": 8, "monitor_preset": "error_divergence_ph_meta@error.threshold=0.05,error.min_instances=5", "monitor_preset_base": "error_divergence_ph_meta", "monitor_ph_params": {"error_rate": {"delta": 0.005, "alpha": 0.15, "threshold": 0.05, "min_instances": 5}, "divergence": {"delta": 0.005, "alpha": 0.1, "threshold": 0.05, "min_instances": 30}}, "monitor_ph_overrides": {"error_rate": {"threshold": 0.05, "min_instances": 5}}, "trigger_mode": "two_stage", "trigger_k": 2, "trigger_threshold": 0.5, "trigger_weights": "confirm_cooldown=200,divergence=0.3,error_rate=0.5,teacher_entropy=0.2", "confirm_window": 1, "confirm_cooldown": 0, "adaptive_cooldown_enabled": 0, "adaptive_window": 10000, "adaptive_lower_per10k": 10.0, "adaptive_upper_per10k": 25.0, "adaptive_cooldown_low": 200, "adaptive_cooldown_high": 500, "severity_scheduler_scale": 2.0, "use_severity_v2": 0, "severity_gate": "none", "severity_gate_min_streak": 1, "entropy_mode": "uncertain", "severity_decay": 0.95, "freeze_baseline_steps": 5, "n_steps": 1200, "horizon": 52847, "acc_final": 0.20741007058111152, "mean_acc": 0.18737577355935603, "acc_min": 0.125, "candidate_sample_idxs": [1279, 2559, 3839, 5119, 6399, 7679, 8959, 10239, 11519, 12799, 14335, 17663, 18943, 20223, 21503, 22783, 24063, 25343, 26623, 27903, 29183, 30463, 31743, 33023, 34303, 35839, 37119, 38399, 39679, 40959, 42239, 43519, 44799, 46079, 47359, 48639, 49919, 51199, 52479], "confirmed_sample_idxs": [1279, 2559, 3839, 5119, 6399, 7679, 8959, 10239, 11519, 12799, 14335, 17663, 18943, 20223, 21503, 22783, 24063, 25343, 26623, 27903, 29183, 30463, 31743, 33023, 34303, 35839, 37119, 38399, 39679, 40959, 42239, 43519, 44799, 46079, 47359, 48639, 49919, 51199, 52479], "acc_series": [[255, 0.125], [511, 0.12890625], [767, 0.13671875], [1023, 0.1396484375], [1279, 0.14296875], [1535, 0.15169270833333334], [1791, 0.15178571428571427], [2047, 0.15380859375], [2303, 0.15625], [2559, 0.162109375], [2815, 0.16583806818181818], [3071, 0.16959635416666666], [3327, 0.1700721153846154], [3583, 0.17466517857142858], [3839, 0.17604166666666668], [4095, 0.178466796875], [4351, 0.17807904411764705], [4607, 0.1775173611111111], [4863, 0.17824835526315788], [5119, 0.176953125], [5375, 0.17745535714285715], [5631, 0.17808948863636365], [5887, 0.17866847826086957], [6143, 0.18033854166666666], [6399, 0.18078125], [6655, 0.18209134615384615], [6911, 0.18127893518518517], [7167, 0.1806640625], [7423, 0.1810344827586207], [7679, 0.18059895833333334], [7935, 0.18170362903225806], [8191, 0.18359375], [8447, 0.18418560606060605], [8703, 0.18520220588235295], [8959, 0.18738839285714284], [9215, 0.1899956597222222], [9471, 0.19140625], [9727, 0.19212582236842105], [9983, 0.19411057692307693], [10239, 0.19443359375], [10495, 0.19455030487804878], [10751, 0.19624255952380953], [11007, 0.19640261627906977], [11263, 0.19753196022727273], [11519, 0.19817708333333334], [11775, 0.1988790760869565], [12031, 0.19971742021276595], [12287, 0.201416015625], [12543, 0.2027264030612245], [12799, 0.19984375], [13055, 0.1959252450980392], [13311, 0.19215745192307693], [13567, 0.1885318396226415], [13823, 0.1851128472222222], [14079, 0.18188920454545454], [14335, 0.18247767857142858], [14591, 0.18085252192982457], [14847, 0.1779364224137931], [15103, 0.1750529661016949], [15359, 0.17220052083333334], [15615, 0.16937756147540983], [15871, 0.16664566532258066], [16127, 0.1640625], [16383, 0.1614990234375], [16639, 0.15901442307692307], [16895, 0.15660511363636365], [17151, 0.154267723880597], [17407, 0.15211397058823528], [17663, 0.15002264492753623], [17919, 0.15033482142857144], [18175, 0.15465448943661972], [18431, 0.15755208333333334], [18687, 0.15956763698630136], [18943, 0.16163429054054054], [19199, 0.16296875], [19455, 0.1650904605263158], [19711, 0.16680194805194806], [19967, 0.16756810897435898], [20223, 0.16831487341772153], [20479, 0.16904296875], [20735, 0.16989776234567902], [20991, 0.17101753048780488], [21247, 0.171875], [21503, 0.17243303571428573], [21759, 0.1737591911764706], [22015, 0.17528161337209303], [22271, 0.1763200431034483], [22527, 0.17817826704545456], [22783, 0.1798630617977528], [23039, 0.18098958333333334], [23295, 0.1817908653846154], [23551, 0.18338145380434784], [23807, 0.18481182795698925], [24063, 0.1864195478723404], [24319, 0.18741776315789474], [24575, 0.18806966145833334], [24831, 0.18923163659793815], [25087, 0.19001116071428573], [25343, 0.1911300505050505], [25599, 0.19203125], [25855, 0.1930306311881188], [26111, 0.19404871323529413], [26367, 0.1952366504854369], [26623, 0.1961388221153846], [26879, 0.19732142857142856], [27135, 0.19822376179245282], [27391, 0.19907272196261683], [27647, 0.20023148148148148], [27903, 0.2018706995412844], [28159, 0.20095880681818182], [28415, 0.1993947072072072], [28671, 0.19820731026785715], [28927, 0.19700636061946902], [29183, 0.19572368421052633], [29439, 0.19463315217391305], [29695, 0.19349407327586207], [29951, 0.19244123931623933], [30207, 0.1914393538135593], [30463, 0.19048713235294118], [30719, 0.18942057291666667], [30975, 0.1884684917355372], [31231, 0.18766009221311475], [31487, 0.18696011178861788], [31743, 0.18636592741935484], [31999, 0.18603125], [32255, 0.18545386904761904], [32511, 0.18574680118110237], [32767, 0.186767578125], [33023, 0.18834786821705427], [33279, 0.18828125], [33535, 0.18833492366412213], [33791, 0.18897964015151514], [34047, 0.18917410714285715], [34303, 0.18936567164179105], [34559, 0.18969907407407408], [34815, 0.18959673713235295], [35071, 0.18949589416058393], [35327, 0.18959465579710144], [35583, 0.19022594424460432], [35839, 0.19056919642857142], [36095, 0.1908244680851064], [36351, 0.1913787411971831], [36607, 0.1914881993006993], [36863, 0.1913791232638889], [37119, 0.19159482758620688], [37375, 0.1917540667808219], [37631, 0.19188456632653061], [37887, 0.19230363175675674], [38143, 0.19271707214765102], [38399, 0.19143229166666667], [38655, 0.19016452814569537], [38911, 0.19014699835526316], [39167, 0.19033394607843138], [39423, 0.19041700487012986], [39679, 0.19070060483870968], [39935, 0.1912560096153846], [40191, 0.19148089171974522], [40447, 0.19234572784810128], [40703, 0.19337165880503146], [40959, 0.194189453125], [41215, 0.1949728260869565], [41471, 0.19572241512345678], [41727, 0.1967743481595092], [41983, 0.19783727134146342], [42239, 0.19912405303030303], [42495, 0.20016001506024098], [42751, 0.20109000748502995], [43007, 0.20207868303571427], [43263, 0.20319434171597633], [43519, 0.20404411764705882], [43775, 0.20481542397660818], [44031, 0.2058048691860465], [44287, 0.2065570809248555], [44543, 0.20687410201149425], [44799, 0.2078125], [45055, 0.20905095880681818], [45311, 0.20994438559322035], [45567, 0.2108716643258427], [45823, 0.21189769553072627], [46079, 0.2132595486111111], [46335, 0.2143042127071823], [46591, 0.21523008241758243], [46847, 0.2153773907103825], [47103, 0.2142068614130435], [47359, 0.21307010135135135], [47615, 0.21198756720430106], [47871, 0.2108957219251337], [48127, 0.20981549202127658], [48383, 0.20891203703703703], [48639, 0.20814144736842105], [48895, 0.20748118455497383], [49151, 0.20680745442708334], [49407, 0.206424060880829], [49663, 0.20592380798969073], [49919, 0.20560897435897435], [50175, 0.20573580994897958], [50431, 0.20627776015228427], [50687, 0.20691287878787878], [50943, 0.20760050251256282], [51199, 0.20822265625], [51455, 0.20885805348258707], [51711, 0.20973855198019803], [51967, 0.21051416256157635], [52223, 0.20988434436274508], [52479, 0.20886051829268293], [52735, 0.2078466322815534], [52846, 0.20741007058111152]], "candidate_count_total": 39, "confirmed_count_total": 39, "created_at": 1767886194.6829464}