{"dataset_name": "sine_nodrift", "dataset_type": "sine", "model_variant": "ts_drift_adapt", "seed": 1, "monitor_preset": "error_divergence_ph_meta@error.threshold=0.10,error.min_instances=5", "monitor_preset_base": "error_divergence_ph_meta", "monitor_ph_params": {"error_rate": {"delta": 0.005, "alpha": 0.15, "threshold": 0.1, "min_instances": 5}, "divergence": {"delta": 0.005, "alpha": 0.1, "threshold": 0.05, "min_instances": 30}}, "monitor_ph_overrides": {"error_rate": {"threshold": 0.1, "min_instances": 5}}, "trigger_mode": "two_stage", "trigger_k": 2, "trigger_threshold": 0.5, "trigger_weights": "__confirm_cooldown=200,__confirm_rule=perm_test,__perm_alpha=0.05,__perm_delta_k=50,__perm_min_effect=0,__perm_n_perm=200,__perm_post_n=10,__perm_pre_n=200,__perm_rng_seed=0,__perm_stat=delta_fused_score,divergence=0.3,error_rate=0.5,teacher_entropy=0.2", "confirm_window": 3, "confirm_cooldown": 0, "adaptive_cooldown_enabled": 0, "adaptive_window": 10000, "adaptive_lower_per10k": 10.0, "adaptive_upper_per10k": 25.0, "adaptive_cooldown_low": 200, "adaptive_cooldown_high": 500, "severity_scheduler_scale": 1.0, "use_severity_v2": 0, "severity_gate": "none", "severity_gate_min_streak": 1, "entropy_mode": "overconfident", "severity_decay": 0.95, "freeze_baseline_steps": 0, "n_steps": 800, "horizon": 10000, "acc_final": 0.9264, "mean_acc": 0.8660341513300079, "acc_min": 0.59375, "candidate_sample_idxs": [319, 639, 959, 1279, 1599, 1919, 2239, 2559, 2879, 3199, 3519, 4031, 4351, 4671, 4991, 5311, 5695, 6079, 6719, 7039, 7359, 7871, 8703, 9279, 9599, 9919], "confirmed_sample_idxs": [639, 1023, 1279, 1599, 1919, 2239, 2751, 3199, 4031, 4351, 4735, 5311, 5695, 6143, 6719, 7167, 7871, 8703, 9279, 9663], "acc_series": [[63, 0.609375], [127, 0.59375], [191, 0.6302083333333334], [255, 0.63671875], [319, 0.6375], [383, 0.6276041666666666], [447, 0.65625], [511, 0.66796875], [575, 0.6961805555555556], [639, 0.7078125], [703, 0.71875], [767, 0.7278645833333334], [831, 0.7403846153846154], [895, 0.7466517857142857], [959, 0.753125], [1023, 0.765625], [1087, 0.7693014705882353], [1151, 0.7751736111111112], [1215, 0.7837171052631579], [1279, 0.78984375], [1343, 0.7909226190476191], [1407, 0.7975852272727273], [1471, 0.8016304347826086], [1535, 0.80859375], [1599, 0.8125], [1663, 0.8161057692307693], [1727, 0.8200231481481481], [1791, 0.8214285714285714], [1855, 0.8254310344827587], [1919, 0.8291666666666667], [1983, 0.8326612903225806], [2047, 0.8349609375], [2111, 0.837594696969697], [2175, 0.8396139705882353], [2239, 0.8415178571428571], [2303, 0.8424479166666666], [2367, 0.8433277027027027], [2431, 0.8466282894736842], [2495, 0.8477564102564102], [2559, 0.85078125], [2623, 0.8536585365853658], [2687, 0.8571428571428571], [2751, 0.8586482558139535], [2815, 0.8607954545454546], [2879, 0.8631944444444445], [2943, 0.8641304347826086], [3007, 0.8650265957446809], [3071, 0.8671875], [3135, 0.8676658163265306], [3199, 0.868125], [3263, 0.8700980392156863], [3327, 0.8713942307692307], [3391, 0.8723466981132075], [3455, 0.8732638888888888], [3519, 0.8741477272727273], [3583, 0.8741629464285714], [3647, 0.8752741228070176], [3711, 0.875], [3775, 0.8757944915254238], [3839, 0.87734375], [3903, 0.8790983606557377], [3967, 0.8795362903225806], [4031, 0.8802083333333334], [4095, 0.88037109375], [4159, 0.8795673076923077], [4223, 0.8806818181818182], [4287, 0.8815298507462687], [4351, 0.8821231617647058], [4415, 0.8824728260869565], [4479, 0.8834821428571429], [4543, 0.8842429577464789], [4607, 0.8849826388888888], [4671, 0.8861301369863014], [4735, 0.8868243243243243], [4799, 0.8879166666666667], [4863, 0.8889802631578947], [4927, 0.8892045454545454], [4991, 0.8902243589743589], [5055, 0.8912183544303798], [5119, 0.8921875], [5183, 0.8929398148148148], [5247, 0.8940548780487805], [5311, 0.8943900602409639], [5375, 0.8947172619047619], [5439, 0.8957720588235294], [5503, 0.8966206395348837], [5567, 0.8976293103448276], [5631, 0.8977272727272727], [5695, 0.897998595505618], [5759, 0.8989583333333333], [5823, 0.9000686813186813], [5887, 0.900985054347826], [5951, 0.901377688172043], [6015, 0.9019281914893617], [6079, 0.9026315789473685], [6143, 0.9033203125], [6207, 0.9039948453608248], [6271, 0.904655612244898], [6335, 0.9053030303030303], [6399, 0.9059375], [6463, 0.9064047029702971], [6527, 0.907015931372549], [6591, 0.9073118932038835], [6655, 0.9079026442307693], [6719, 0.9083333333333333], [6783, 0.9091981132075472], [6847, 0.9093165887850467], [6911, 0.9098668981481481], [6975, 0.9106938073394495], [7039, 0.9112215909090909], [7103, 0.9118806306306306], [7167, 0.9122488839285714], [7231, 0.9127488938053098], [7295, 0.9135142543859649], [7359, 0.9141304347826087], [7423, 0.9141971982758621], [7487, 0.9149305555555556], [7551, 0.9152542372881356], [7615, 0.9151785714285714], [7679, 0.9157552083333333], [7743, 0.9159349173553719], [7807, 0.9162397540983607], [7871, 0.9166666666666666], [7935, 0.9172127016129032], [7999, 0.9175], [8063, 0.9181547619047619], [8127, 0.9186761811023622], [8191, 0.9190673828125], [8255, 0.9190891472868217], [8319, 0.9193509615384615], [8383, 0.9198473282442748], [8447, 0.9199810606060606], [8511, 0.9204652255639098], [8575, 0.9209421641791045], [8639, 0.9212962962962963], [8703, 0.9215303308823529], [8767, 0.921875], [8831, 0.9224411231884058], [8895, 0.922886690647482], [8959, 0.9233258928571428], [9023, 0.9233156028368794], [9087, 0.9236355633802817], [9151, 0.9238417832167832], [9215, 0.9242621527777778], [9279, 0.9243534482758621], [9343, 0.9246575342465754], [9407, 0.9249574829931972], [9471, 0.9253589527027027], [9535, 0.9253355704697986], [9599, 0.925625], [9663, 0.9254966887417219], [9727, 0.9255756578947368], [9791, 0.9258578431372549], [9855, 0.9259334415584416], [9919, 0.926008064516129], [9983, 0.9262820512820513], [9999, 0.9264]], "candidate_count_total": 24, "confirmed_count_total": 20, "created_at": 1768147790.1679318, "confirm_rule_effective": "perm_test", "last_perm_pvalue": 0.23880597014925373, "last_perm_effect": 0.007731720838608708, "perm_test_count_total": 40, "perm_accept_count_total": 20, "perm_reject_count_total": 20, "perm_alpha": 0.05, "perm_pvalue_p50": 0.05223880597014925, "perm_pvalue_p90": 1.0, "perm_pvalue_p99": 1.0, "perm_pvalue_le_alpha_ratio": 0.5, "perm_effect_p50": 0.018792778242395912, "perm_effect_p90": 0.08173375896391351, "perm_effect_p99": 0.14441838700457488}