{"dataset_name": "INSECTS_abrupt_balanced", "dataset_type": "insects_real", "model_variant": "ts_drift_adapt_severity", "seed": 15, "monitor_preset": "error_divergence_ph_meta@error.threshold=0.05,error.min_instances=5", "monitor_preset_base": "error_divergence_ph_meta", "monitor_ph_params": {"error_rate": {"delta": 0.005, "alpha": 0.15, "threshold": 0.05, "min_instances": 5}, "divergence": {"delta": 0.005, "alpha": 0.1, "threshold": 0.05, "min_instances": 30}}, "monitor_ph_overrides": {"error_rate": {"threshold": 0.05, "min_instances": 5}}, "trigger_mode": "two_stage", "trigger_k": 2, "trigger_threshold": 0.5, "trigger_weights": "confirm_cooldown=200,divergence=0.3,error_rate=0.5,teacher_entropy=0.2", "confirm_window": 1, "confirm_cooldown": 0, "adaptive_cooldown_enabled": 0, "adaptive_window": 10000, "adaptive_lower_per10k": 10.0, "adaptive_upper_per10k": 25.0, "adaptive_cooldown_low": 200, "adaptive_cooldown_high": 500, "severity_scheduler_scale": 2.0, "use_severity_v2": 1, "severity_gate": "confirmed_streak", "severity_gate_min_streak": 5, "entropy_mode": "uncertain", "severity_decay": 0.95, "freeze_baseline_steps": 5, "n_steps": 1200, "horizon": 52847, "acc_final": 0.21185686983177854, "mean_acc": 0.20838698255856677, "acc_min": 0.17416294642857144, "candidate_sample_idxs": [1279, 2559, 3839, 5119, 6399, 7679, 8959, 10239, 11775, 13055, 14335, 15615, 17663, 17919, 19199, 20479, 21759, 23039, 24319, 25599, 26879, 28159, 29695, 30975, 32255, 33535, 34815, 36095, 37375, 38655, 39935, 41215, 42495, 43775, 45055, 46335, 47615, 49919, 51199, 52479], "confirmed_sample_idxs": [1279, 2559, 3839, 5119, 6399, 7679, 8959, 10239, 11775, 13055, 14335, 15615, 17919, 19199, 20479, 21759, 23039, 24319, 25599, 26879, 28159, 29695, 30975, 32255, 33535, 34815, 36095, 37375, 38655, 39935, 41215, 42495, 43775, 45055, 46335, 47615, 49919, 51199, 52479], "acc_series": [[255, 0.1796875], [511, 0.185546875], [767, 0.18098958333333334], [1023, 0.1865234375], [1279, 0.1859375], [1535, 0.181640625], [1791, 0.18694196428571427], [2047, 0.1865234375], [2303, 0.18272569444444445], [2559, 0.183203125], [2815, 0.18607954545454544], [3071, 0.19010416666666666], [3327, 0.19501201923076922], [3583, 0.19503348214285715], [3839, 0.19505208333333332], [4095, 0.1982421875], [4351, 0.20105698529411764], [4607, 0.20225694444444445], [4863, 0.20394736842105263], [5119, 0.2044921875], [5375, 0.20758928571428573], [5631, 0.20969460227272727], [5887, 0.20974864130434784], [6143, 0.2099609375], [6399, 0.21], [6655, 0.2109375], [6911, 0.21006944444444445], [7167, 0.2109375], [7423, 0.21241918103448276], [7679, 0.21315104166666668], [7935, 0.21383568548387097], [8191, 0.215087890625], [8447, 0.21614583333333334], [8703, 0.21691176470588236], [8959, 0.21796875], [9215, 0.2192925347222222], [9471, 0.22033361486486486], [9727, 0.22029194078947367], [9983, 0.22205528846153846], [10239, 0.22431640625], [10495, 0.22503810975609756], [10751, 0.22553943452380953], [11007, 0.2259265988372093], [11263, 0.22620738636363635], [11519, 0.22552083333333334], [11775, 0.2269021739130435], [12031, 0.22739361702127658], [12287, 0.22713216145833334], [12543, 0.2275988520408163], [12799, 0.223984375], [13055, 0.21959252450980393], [13311, 0.21536959134615385], [13567, 0.21130601415094338], [13823, 0.2078269675925926], [14079, 0.20788352272727273], [14335, 0.21296037946428573], [14591, 0.21052631578947367], [14847, 0.20703125], [15103, 0.2035884533898305], [15359, 0.2001953125], [15615, 0.19691342213114754], [15871, 0.19373739919354838], [16127, 0.19072420634920634], [16383, 0.187744140625], [16639, 0.18485576923076924], [16895, 0.18205492424242425], [17151, 0.17933768656716417], [17407, 0.1767578125], [17663, 0.17430932971014493], [17919, 0.17416294642857144], [18175, 0.17869718309859156], [18431, 0.18153211805555555], [18687, 0.18428938356164384], [18943, 0.18718327702702703], [19199, 0.19], [19455, 0.19299958881578946], [19711, 0.1942471590909091], [19967, 0.19421073717948717], [20223, 0.19417523734177214], [20479, 0.194287109375], [20735, 0.19463734567901234], [20991, 0.1954077743902439], [21247, 0.1963949548192771], [21503, 0.19735863095238096], [21759, 0.19829963235294118], [22015, 0.19990007267441862], [22271, 0.2005657327586207], [22527, 0.20170454545454544], [22783, 0.2032127808988764], [23039, 0.20390625], [23295, 0.20449862637362637], [23551, 0.20613960597826086], [23807, 0.207997311827957], [24063, 0.20935837765957446], [24319, 0.21069078947368422], [24575, 0.21146647135416666], [24831, 0.21258859536082475], [25087, 0.21400669642857142], [25343, 0.2155145202020202], [25599, 0.21671875], [25855, 0.21805383663366337], [26111, 0.21897977941176472], [26367, 0.21939472087378642], [26623, 0.22032752403846154], [26879, 0.22124255952380953], [27135, 0.2221034787735849], [27391, 0.22305782710280375], [27647, 0.2247902199074074], [27903, 0.22577408256880735], [28159, 0.22404119318181817], [28415, 0.22202280405405406], [28671, 0.22004045758928573], [28927, 0.21809319690265486], [29183, 0.21624862938596492], [29439, 0.21440217391304348], [29695, 0.2127222521551724], [29951, 0.21103766025641027], [30207, 0.20954713983050846], [30463, 0.20821297268907563], [30719, 0.20690104166666667], [30975, 0.20615960743801653], [31231, 0.20520619877049182], [31487, 0.20420477642276422], [31743, 0.20375504032258066], [31999, 0.20409375], [32255, 0.20495411706349206], [32511, 0.20592396653543307], [32767, 0.20751953125], [33023, 0.2090903585271318], [33279, 0.21003605769230768], [33535, 0.20995348282442747], [33791, 0.21043442234848486], [34047, 0.21040883458646617], [34303, 0.21032532649253732], [34559, 0.2100115740740741], [34815, 0.20975988051470587], [35071, 0.2093122718978102], [35327, 0.20943727355072464], [35583, 0.20972909172661872], [35839, 0.2099609375], [36095, 0.21002327127659576], [36351, 0.21027728873239437], [36607, 0.2101999562937063], [36863, 0.210205078125], [37119, 0.21023706896551725], [37375, 0.2104826626712329], [37631, 0.21048575680272108], [37887, 0.21069995777027026], [38143, 0.21064911912751677], [38399, 0.20953125], [38655, 0.20845405629139072], [38911, 0.20818770559210525], [39167, 0.2082312091503268], [39423, 0.20794439935064934], [39679, 0.20814012096774193], [39935, 0.2084835737179487], [40191, 0.20894705414012738], [40447, 0.20905854430379747], [40703, 0.20926690251572327], [40959, 0.2094482421875], [41215, 0.20974864130434784], [41471, 0.21062403549382716], [41727, 0.21098542944785276], [41983, 0.2111280487804878], [42239, 0.21197916666666666], [42495, 0.21246705572289157], [42751, 0.21287892964071856], [43007, 0.21361142113095238], [43263, 0.21456638313609466], [43519, 0.2153952205882353], [43775, 0.21596308479532164], [44031, 0.21697856104651161], [44287, 0.2174403901734104], [44543, 0.21800915948275862], [44799, 0.21875], [45055, 0.2195712002840909], [45311, 0.22020656779661016], [45567, 0.2208128511235955], [45823, 0.2218269902234637], [46079, 0.22293836805555556], [46335, 0.2238648135359116], [46591, 0.22469522664835165], [46847, 0.22472677595628415], [47103, 0.2235054347826087], [47359, 0.2222972972972973], [47615, 0.2211021505376344], [47871, 0.21991978609625668], [48127, 0.21875], [48383, 0.2175925925925926], [48639, 0.21644736842105264], [48895, 0.21531413612565445], [49151, 0.21419270833333334], [49407, 0.21310314119170984], [49663, 0.21202480670103094], [49919, 0.2110977564102564], [50175, 0.2102000956632653], [50431, 0.2099857233502538], [50687, 0.21002998737373738], [50943, 0.21030935929648242], [51199, 0.210859375], [51455, 0.21208411069651742], [51711, 0.2134320853960396], [51967, 0.21472829433497537], [52223, 0.2143841911764706], [52479, 0.21333841463414635], [52735, 0.21230279126213591], [52846, 0.21185686983177854]], "candidate_count_total": 39, "confirmed_count_total": 39, "created_at": 1767889115.3952954}