{"dataset_name": "sine_nodrift", "dataset_type": "sine", "model_variant": "ts_drift_adapt", "seed": 4, "monitor_preset": "error_divergence_ph_meta@error.threshold=0.10,error.min_instances=5", "monitor_preset_base": "error_divergence_ph_meta", "monitor_ph_params": {"error_rate": {"delta": 0.005, "alpha": 0.15, "threshold": 0.1, "min_instances": 5}, "divergence": {"delta": 0.005, "alpha": 0.1, "threshold": 0.05, "min_instances": 30}}, "monitor_ph_overrides": {"error_rate": {"threshold": 0.1, "min_instances": 5}}, "trigger_mode": "two_stage", "trigger_k": 2, "trigger_threshold": 0.5, "trigger_weights": "__confirm_cooldown=200,__confirm_rule=perm_test,__perm_alpha=0.02,__perm_delta_k=50,__perm_min_effect=0,__perm_n_perm=200,__perm_post_n=50,__perm_pre_n=500,__perm_rng_seed=0,__perm_stat=delta_fused_score,divergence=0.3,error_rate=0.5,teacher_entropy=0.2", "confirm_window": 3, "confirm_cooldown": 0, "adaptive_cooldown_enabled": 0, "adaptive_window": 10000, "adaptive_lower_per10k": 10.0, "adaptive_upper_per10k": 25.0, "adaptive_cooldown_low": 200, "adaptive_cooldown_high": 500, "severity_scheduler_scale": 1.0, "use_severity_v2": 0, "severity_gate": "none", "severity_gate_min_streak": 1, "entropy_mode": "overconfident", "severity_decay": 0.95, "freeze_baseline_steps": 0, "n_steps": 800, "horizon": 10000, "acc_final": 0.8971, "mean_acc": 0.7905710404078017, "acc_min": 0.3671875, "candidate_sample_idxs": [319, 639, 959, 1279, 1599, 1919, 2239, 2559, 2879, 3199, 3519, 3839, 4223, 4543, 4863, 5183, 5503, 5823, 6143, 6975, 7295, 7679, 7999, 8319, 8639, 9407, 9727], "confirmed_sample_idxs": [703, 1023, 1343, 1919, 2239, 2559, 2943, 3263, 3583, 3903, 4223, 4543, 4991, 5567, 5887, 6975, 7679, 8127, 9407], "acc_series": [[63, 0.421875], [127, 0.3671875], [191, 0.375], [255, 0.40625], [319, 0.43125], [383, 0.4713541666666667], [447, 0.49776785714285715], [511, 0.525390625], [575, 0.5416666666666666], [639, 0.565625], [703, 0.578125], [767, 0.5768229166666666], [831, 0.5745192307692307], [895, 0.5758928571428571], [959, 0.5822916666666667], [1023, 0.5908203125], [1087, 0.6011029411764706], [1151, 0.609375], [1215, 0.6192434210526315], [1279, 0.628125], [1343, 0.6369047619047619], [1407, 0.6463068181818182], [1471, 0.6589673913043478], [1535, 0.6666666666666666], [1599, 0.675], [1663, 0.6802884615384616], [1727, 0.6863425925925926], [1791, 0.6925223214285714], [1855, 0.6961206896551724], [1919, 0.6994791666666667], [1983, 0.7026209677419355], [2047, 0.708984375], [2111, 0.7130681818181818], [2175, 0.71875], [2239, 0.7245535714285715], [2303, 0.7278645833333334], [2367, 0.731418918918919], [2431, 0.7368421052631579], [2495, 0.7423878205128205], [2559, 0.744140625], [2623, 0.7477134146341463], [2687, 0.7522321428571429], [2751, 0.7572674418604651], [2815, 0.7613636363636364], [2879, 0.7659722222222223], [2943, 0.7693614130434783], [3007, 0.7722739361702128], [3071, 0.7760416666666666], [3135, 0.7780612244897959], [3199, 0.781875], [3263, 0.7843137254901961], [3327, 0.7878605769230769], [3391, 0.7906839622641509], [3455, 0.7934027777777778], [3519, 0.7960227272727273], [3583, 0.7993861607142857], [3647, 0.8018092105263158], [3711, 0.8041487068965517], [3775, 0.8069385593220338], [3839, 0.809375], [3903, 0.8107069672131147], [3967, 0.8122479838709677], [4031, 0.8147321428571429], [4095, 0.81689453125], [4159, 0.8189903846153846], [4223, 0.8205492424242424], [4287, 0.8218283582089553], [4351, 0.8228400735294118], [4415, 0.8245018115942029], [4479, 0.8263392857142857], [4543, 0.828125], [4607, 0.830078125], [4671, 0.831763698630137], [4735, 0.8336148648648649], [4799, 0.835], [4863, 0.8367598684210527], [4927, 0.8380681818181818], [4991, 0.8395432692307693], [5055, 0.8405854430379747], [5119, 0.8421875], [5183, 0.8427854938271605], [5247, 0.8435594512195121], [5311, 0.8445030120481928], [5375, 0.8456101190476191], [5439, 0.846139705882353], [5503, 0.8475654069767442], [5567, 0.8489583333333334], [5631, 0.8499644886363636], [5695, 0.851123595505618], [5759, 0.8526041666666667], [5823, 0.8538804945054945], [5887, 0.8551290760869565], [5951, 0.8565188172043011], [6015, 0.8573803191489362], [6079, 0.8587171052631579], [6143, 0.85986328125], [6207, 0.8608247422680413], [6271, 0.8619260204081632], [6335, 0.8628472222222222], [6399, 0.86421875], [6463, 0.864944306930693], [6527, 0.8659620098039216], [6591, 0.8671116504854369], [6655, 0.8682391826923077], [6719, 0.86875], [6783, 0.8693985849056604], [6847, 0.8704731308411215], [6911, 0.8708043981481481], [6975, 0.8718463302752294], [7039, 0.8723011363636364], [7103, 0.8733108108108109], [7167, 0.8736049107142857], [7231, 0.8741703539823009], [7295, 0.8747258771929824], [7359, 0.8752717391304348], [7423, 0.8759428879310345], [7487, 0.8766025641025641], [7551, 0.8776483050847458], [7615, 0.8785451680672269], [7679, 0.8790364583333333], [7743, 0.8799070247933884], [7807, 0.8806352459016393], [7871, 0.8814786585365854], [7935, 0.8820564516129032], [7999, 0.88275], [8063, 0.8831845238095238], [8127, 0.8833661417322834], [8191, 0.884033203125], [8255, 0.8844476744186046], [8319, 0.8850961538461538], [8383, 0.8857347328244275], [8447, 0.8857717803030303], [8511, 0.8861607142857143], [8575, 0.886543843283582], [8639, 0.8870370370370371], [8703, 0.8875229779411765], [8767, 0.8882299270072993], [8831, 0.8885869565217391], [8895, 0.8892760791366906], [8959, 0.8896205357142857], [9023, 0.8900709219858156], [9087, 0.8905149647887324], [9151, 0.8910620629370629], [9215, 0.8917100694444444], [9279, 0.8921336206896552], [9343, 0.8927654109589042], [9407, 0.8931760204081632], [9471, 0.8936866554054054], [9535, 0.8941904362416108], [9599, 0.8946875], [9663, 0.8947640728476821], [9727, 0.8948396381578947], [9791, 0.8953227124183006], [9855, 0.895799512987013], [9919, 0.8962701612903226], [9983, 0.8969350961538461], [9999, 0.8971]], "candidate_count_total": 25, "confirmed_count_total": 19, "created_at": 1768147687.5873463, "confirm_rule_effective": "perm_test", "last_perm_pvalue": 1.0, "last_perm_effect": -0.014982308551923897, "perm_test_count_total": 52, "perm_accept_count_total": 19, "perm_reject_count_total": 33, "perm_alpha": 0.02, "perm_pvalue_p50": 0.6791044776119403, "perm_pvalue_p90": 1.0, "perm_pvalue_p99": 1.0, "perm_pvalue_le_alpha_ratio": 0.36538461538461536, "perm_effect_p50": -4.293354310016097e-05, "perm_effect_p90": 0.07778178604794062, "perm_effect_p99": 0.14371332333778025}