{"dataset_name": "INSECTS_abrupt_balanced", "dataset_type": "insects_real", "model_variant": "ts_drift_adapt_severity", "seed": 24, "monitor_preset": "error_divergence_ph_meta@error.threshold=0.05,error.min_instances=5", "monitor_preset_base": "error_divergence_ph_meta", "monitor_ph_params": {"error_rate": {"delta": 0.005, "alpha": 0.15, "threshold": 0.05, "min_instances": 5}, "divergence": {"delta": 0.005, "alpha": 0.1, "threshold": 0.05, "min_instances": 30}}, "monitor_ph_overrides": {"error_rate": {"threshold": 0.05, "min_instances": 5}}, "trigger_mode": "two_stage", "trigger_k": 2, "trigger_threshold": 0.5, "trigger_weights": "confirm_cooldown=200,divergence=0.3,error_rate=0.5,teacher_entropy=0.2", "confirm_window": 1, "confirm_cooldown": 0, "adaptive_cooldown_enabled": 0, "adaptive_window": 10000, "adaptive_lower_per10k": 10.0, "adaptive_upper_per10k": 25.0, "adaptive_cooldown_low": 200, "adaptive_cooldown_high": 500, "severity_scheduler_scale": 2.0, "use_severity_v2": 1, "severity_gate": "confirmed_streak", "severity_gate_min_streak": 5, "entropy_mode": "uncertain", "severity_decay": 0.95, "freeze_baseline_steps": 5, "n_steps": 1200, "horizon": 52847, "acc_final": 0.20519613223077943, "mean_acc": 0.20723443376543485, "acc_min": 0.1484375, "candidate_sample_idxs": [1535, 2815, 4095, 5375, 6655, 7935, 9215, 10495, 11775, 13055, 14335, 14847, 15615, 17919, 19199, 20479, 21759, 23039, 24319, 25599, 26879, 28159, 29439, 30719, 31999, 33279, 34559, 35839, 37119, 38399, 39679, 40959, 42239, 43519, 44799, 46079, 47359, 48639, 49919, 51199, 52479], "confirmed_sample_idxs": [1535, 2815, 4095, 5375, 6655, 7935, 9215, 10495, 11775, 13055, 14335, 15615, 17919, 19199, 20479, 21759, 23039, 24319, 25599, 26879, 28159, 29439, 30719, 31999, 33279, 34559, 35839, 37119, 38399, 39679, 40959, 42239, 43519, 44799, 46079, 47359, 48639, 49919, 51199, 52479], "acc_series": [[255, 0.1484375], [511, 0.15234375], [767, 0.17447916666666666], [1023, 0.1796875], [1279, 0.18046875], [1535, 0.17447916666666666], [1791, 0.18415178571428573], [2047, 0.1884765625], [2303, 0.18619791666666666], [2559, 0.1875], [2815, 0.19105113636363635], [3071, 0.19270833333333334], [3327, 0.19651442307692307], [3583, 0.19810267857142858], [3839, 0.20234375], [4095, 0.204833984375], [4351, 0.20611213235294118], [4607, 0.2072482638888889], [4863, 0.2109375], [5119, 0.2130859375], [5375, 0.21707589285714285], [5631, 0.21750710227272727], [5887, 0.2184103260869565], [6143, 0.21761067708333334], [6399, 0.21734375], [6655, 0.21739783653846154], [6911, 0.2181712962962963], [7167, 0.21875], [7423, 0.22023168103448276], [7679, 0.22018229166666667], [7935, 0.21988407258064516], [8191, 0.2220458984375], [8447, 0.2215909090909091], [8703, 0.22254136029411764], [8959, 0.22433035714285715], [9215, 0.2255859375], [9471, 0.22508445945945946], [9727, 0.22532894736842105], [9983, 0.22516025641025642], [10239, 0.22607421875], [10495, 0.2268483231707317], [10751, 0.22777157738095238], [11007, 0.2284702034883721], [11263, 0.22966974431818182], [11519, 0.22907986111111112], [11775, 0.22919497282608695], [12031, 0.22963763297872342], [12287, 0.230224609375], [12543, 0.23094706632653061], [12799, 0.2271875], [13055, 0.22273284313725492], [13311, 0.21844951923076922], [13567, 0.21432783018867924], [13823, 0.2103587962962963], [14079, 0.20759943181818183], [14335, 0.21170479910714285], [14591, 0.20908717105263158], [14847, 0.20548221982758622], [15103, 0.2020656779661017], [15359, 0.19869791666666667], [15615, 0.19544057377049182], [15871, 0.1922883064516129], [16127, 0.1892981150793651], [16383, 0.18634033203125], [16639, 0.1834735576923077], [16895, 0.1806936553030303], [17151, 0.17799673507462688], [17407, 0.17549402573529413], [17663, 0.17306385869565216], [17919, 0.17299107142857142], [18175, 0.1777618838028169], [18431, 0.1813693576388889], [18687, 0.18439640410958905], [18943, 0.18744721283783783], [19199, 0.19010416666666666], [19455, 0.19377055921052633], [19711, 0.19490665584415584], [19967, 0.1948116987179487], [20223, 0.19481803797468356], [20479, 0.195166015625], [20735, 0.1951195987654321], [20991, 0.19516958841463414], [21247, 0.19564194277108435], [21503, 0.19624255952380953], [21759, 0.1971966911764706], [22015, 0.19826489825581395], [22271, 0.19903915229885058], [22527, 0.20041725852272727], [22783, 0.20237886235955055], [23039, 0.2037326388888889], [23295, 0.20484203296703296], [23551, 0.2061820652173913], [23807, 0.20787130376344087], [24063, 0.20923371010638298], [24319, 0.21073190789473684], [24575, 0.21146647135416666], [24831, 0.21307184278350516], [25087, 0.21464445153061223], [25343, 0.21642203282828282], [25599, 0.2174609375], [25855, 0.21871132425742573], [26111, 0.2200903799019608], [26367, 0.22129095873786409], [26623, 0.22261868990384615], [26879, 0.22395833333333334], [27135, 0.22512529481132076], [27391, 0.22605140186915887], [27647, 0.2273582175925926], [27903, 0.22846186926605505], [28159, 0.22698863636363636], [28415, 0.22511965090090091], [28671, 0.22324916294642858], [28927, 0.22144634955752213], [29183, 0.21981222587719298], [29439, 0.21807065217391305], [29695, 0.21646012931034483], [29951, 0.21514423076923078], [30207, 0.21375132415254236], [30463, 0.21234900210084034], [30719, 0.21103515625], [30975, 0.21000129132231404], [31231, 0.20888831967213115], [31487, 0.20753938008130082], [31743, 0.20687373991935484], [31999, 0.20584375], [32255, 0.20613219246031747], [32511, 0.20678518700787402], [32767, 0.20831298828125], [33023, 0.2102107558139535], [33279, 0.2107872596153846], [33535, 0.2102814885496183], [33791, 0.21043442234848486], [34047, 0.2104969454887218], [34303, 0.21029617537313433], [34559, 0.2097511574074074], [34815, 0.20915670955882354], [35071, 0.20874201642335766], [35327, 0.20878623188405798], [35583, 0.20911083633093525], [35839, 0.20904017857142856], [36095, 0.2088597074468085], [36351, 0.208984375], [36607, 0.20886145104895104], [36863, 0.20860460069444445], [37119, 0.20848599137931034], [37375, 0.20826198630136986], [37631, 0.20820046768707484], [37887, 0.20853568412162163], [38143, 0.20839450503355705], [38399, 0.20700520833333333], [38655, 0.20573778973509935], [38911, 0.20528371710526316], [39167, 0.2051419526143791], [39423, 0.20487520292207792], [39679, 0.20471270161290323], [39935, 0.2045773237179487], [40191, 0.20446855095541402], [40447, 0.20426226265822786], [40703, 0.2041568396226415], [40959, 0.20419921875], [41215, 0.2039256599378882], [41471, 0.2042824074074074], [41727, 0.2042273773006135], [41983, 0.20433974847560976], [42239, 0.2041193181818182], [42495, 0.20432511295180722], [42751, 0.20452844311377247], [43007, 0.20521763392857142], [43263, 0.20587555473372782], [43519, 0.206640625], [43775, 0.20723684210526316], [44031, 0.20814407703488372], [44287, 0.20856665462427745], [44543, 0.20914152298850575], [44799, 0.20982142857142858], [45055, 0.21071555397727273], [45311, 0.2114009533898305], [45567, 0.21205670646067415], [45823, 0.21279242318435754], [46079, 0.21373697916666667], [46335, 0.21447686464088397], [46591, 0.21525154532967034], [46847, 0.2153560450819672], [47103, 0.2142280910326087], [47359, 0.21307010135135135], [47615, 0.211924563172043], [47871, 0.21085394385026737], [48127, 0.20975315824468085], [48383, 0.20866402116402116], [48639, 0.20764802631578946], [48895, 0.20662221858638743], [49151, 0.20583089192708334], [49407, 0.20516920336787564], [49663, 0.2045143363402062], [49919, 0.20402644230769232], [50175, 0.2038624043367347], [50431, 0.20383883248730963], [50687, 0.20399305555555555], [50943, 0.20436165201005024], [51199, 0.2050390625], [51455, 0.20574860074626866], [51711, 0.20706992574257427], [51967, 0.2080895935960591], [52223, 0.2076439950980392], [52479, 0.2066310975609756], [52735, 0.20562803398058252], [52846, 0.20519613223077943]], "candidate_count_total": 41, "confirmed_count_total": 40, "created_at": 1767889232.736899}