{"dataset_name": "INSECTS_abrupt_balanced", "dataset_type": "insects_real", "model_variant": "ts_drift_adapt_severity", "seed": 13, "monitor_preset": "error_divergence_ph_meta@error.threshold=0.05,error.min_instances=5", "monitor_preset_base": "error_divergence_ph_meta", "monitor_ph_params": {"error_rate": {"delta": 0.005, "alpha": 0.15, "threshold": 0.05, "min_instances": 5}, "divergence": {"delta": 0.005, "alpha": 0.1, "threshold": 0.05, "min_instances": 30}}, "monitor_ph_overrides": {"error_rate": {"threshold": 0.05, "min_instances": 5}}, "trigger_mode": "two_stage", "trigger_k": 2, "trigger_threshold": 0.5, "trigger_weights": "confirm_cooldown=200,divergence=0.3,error_rate=0.5,teacher_entropy=0.2", "confirm_window": 1, "confirm_cooldown": 0, "adaptive_cooldown_enabled": 0, "adaptive_window": 10000, "adaptive_lower_per10k": 10.0, "adaptive_upper_per10k": 25.0, "adaptive_cooldown_low": 200, "adaptive_cooldown_high": 500, "severity_scheduler_scale": 2.0, "use_severity_v2": 1, "severity_gate": "none", "severity_gate_min_streak": 1, "entropy_mode": "uncertain", "severity_decay": 0.95, "freeze_baseline_steps": 5, "n_steps": 1200, "horizon": 52847, "acc_final": 0.20249020758037353, "mean_acc": 0.1936041557110098, "acc_min": 0.1546875, "candidate_sample_idxs": [1279, 2559, 3839, 5119, 6399, 7679, 8959, 10239, 11519, 12799, 14591, 15871, 17151, 18431, 19711, 20991, 22271, 23551, 24831, 26111, 27391, 28671, 29951, 31231, 32511, 33791, 35071, 36351, 37631, 38911, 40191, 41471, 42751, 44031, 45311, 46591, 47871, 49151, 50431, 51711, 52846], "confirmed_sample_idxs": [1279, 2559, 3839, 5119, 6399, 7679, 8959, 10239, 11519, 12799, 14591, 15871, 17151, 18431, 19711, 20991, 22271, 23551, 24831, 26111, 27391, 28671, 29951, 31231, 32511, 33791, 35071, 36351, 37631, 38911, 40191, 41471, 42751, 44031, 45311, 46591, 47871, 49151, 50431, 51711, 52846], "acc_series": [[255, 0.1640625], [511, 0.16796875], [767, 0.16796875], [1023, 0.1630859375], [1279, 0.1609375], [1535, 0.16341145833333334], [1791, 0.16517857142857142], [2047, 0.1748046875], [2303, 0.18055555555555555], [2559, 0.18046875], [2815, 0.18217329545454544], [3071, 0.18294270833333334], [3327, 0.18389423076923078], [3583, 0.18387276785714285], [3839, 0.18489583333333334], [4095, 0.18994140625], [4351, 0.18910845588235295], [4607, 0.1896701388888889], [4863, 0.18996710526315788], [5119, 0.1896484375], [5375, 0.18805803571428573], [5631, 0.18821022727272727], [5887, 0.1866508152173913], [6143, 0.18668619791666666], [6399, 0.18875], [6655, 0.18810096153846154], [6911, 0.19010416666666666], [7167, 0.19029017857142858], [7423, 0.19127155172413793], [7679, 0.190234375], [7935, 0.1922883064516129], [8191, 0.19189453125], [8447, 0.19140625], [8703, 0.19244025735294118], [8959, 0.1924107142857143], [9215, 0.1937934027777778], [9471, 0.1944679054054054], [9727, 0.19500411184210525], [9983, 0.19541266025641027], [10239, 0.19775390625], [10495, 0.19826600609756098], [10751, 0.19996279761904762], [11007, 0.20021802325581395], [11263, 0.20152698863636365], [11519, 0.20190972222222223], [11775, 0.20142663043478262], [12031, 0.20221077127659576], [12287, 0.20353190104166666], [12543, 0.2035235969387755], [12799, 0.200078125], [13055, 0.19615502450980393], [13311, 0.1923828125], [13567, 0.18875294811320756], [13823, 0.18525752314814814], [14079, 0.18188920454545454], [14335, 0.1787109375], [14591, 0.17934484649122806], [14847, 0.1798895474137931], [15103, 0.17869438559322035], [15359, 0.17623697916666667], [15615, 0.17360399590163936], [15871, 0.17111895161290322], [16127, 0.16846478174603174], [16383, 0.16583251953125], [16639, 0.16346153846153846], [16895, 0.1610440340909091], [17151, 0.15869869402985073], [17407, 0.15642233455882354], [17663, 0.15472146739130435], [17919, 0.1546875], [18175, 0.15883582746478872], [18431, 0.16162109375], [18687, 0.163794948630137], [18943, 0.166015625], [19199, 0.168125], [19455, 0.1708470394736842], [19711, 0.17258522727272727], [19967, 0.17352764423076922], [20223, 0.17390229430379747], [20479, 0.1744140625], [20735, 0.17476851851851852], [20991, 0.17535251524390244], [21247, 0.1764871987951807], [21503, 0.17694382440476192], [21759, 0.17798713235294117], [22015, 0.17932412790697674], [22271, 0.1807201867816092], [22527, 0.1831942471590909], [22783, 0.18473490168539325], [23039, 0.1853732638888889], [23295, 0.18664148351648352], [23551, 0.18851902173913043], [23807, 0.19069220430107528], [24063, 0.19215425531914893], [24319, 0.1935032894736842], [24575, 0.19482421875], [24831, 0.19635953608247422], [25087, 0.19782366071428573], [25343, 0.19929766414141414], [25599, 0.2007421875], [25855, 0.20219678217821782], [26111, 0.2035845588235294], [26367, 0.20456614077669902], [26623, 0.20575420673076922], [26879, 0.2070684523809524], [27135, 0.2085053066037736], [27391, 0.21013434579439252], [27647, 0.2114800347222222], [27903, 0.21265768348623854], [28159, 0.21136363636363636], [28415, 0.20977618243243243], [28671, 0.20835658482142858], [28927, 0.2071695243362832], [29183, 0.20596902412280702], [29439, 0.20509510869565217], [29695, 0.20406788793103448], [29951, 0.202991452991453], [30207, 0.20196636652542374], [30463, 0.20125393907563024], [30719, 0.20026041666666666], [30975, 0.19941244834710745], [31231, 0.19861039959016394], [31487, 0.19807545731707318], [31743, 0.19732862903225806], [31999, 0.196625], [32255, 0.1966765873015873], [32511, 0.19700418307086615], [32767, 0.198333740234375], [33023, 0.2000968992248062], [33279, 0.20057091346153846], [33535, 0.20044131679389313], [33791, 0.20072798295454544], [34047, 0.20092222744360902], [34303, 0.20073460820895522], [34559, 0.20052083333333334], [34815, 0.2001665900735294], [35071, 0.20001710766423358], [35327, 0.200096240942029], [35583, 0.20051146582733814], [35839, 0.2005859375], [36095, 0.20024379432624115], [36351, 0.20026408450704225], [36607, 0.20014750874125875], [36863, 0.19986979166666666], [37119, 0.19983836206896552], [37375, 0.19975385273972604], [37631, 0.19990965136054423], [37887, 0.2000633445945946], [38143, 0.20021497483221476], [38399, 0.19888020833333334], [38655, 0.19756312086092714], [38911, 0.19711143092105263], [39167, 0.19712520424836602], [39423, 0.19685978084415584], [39679, 0.1970766129032258], [39935, 0.1975410657051282], [40191, 0.1982235270700637], [40447, 0.19862539556962025], [40703, 0.19939072327044025], [40959, 0.2], [41215, 0.20035908385093168], [41471, 0.20119598765432098], [41727, 0.2017829754601227], [41983, 0.20219607469512196], [42239, 0.20281723484848485], [42495, 0.2034309111445783], [42751, 0.2039436751497006], [43007, 0.20472935267857142], [43263, 0.20573687130177515], [43519, 0.2064797794117647], [43775, 0.2071454678362573], [44031, 0.20809865552325582], [44287, 0.20847633670520233], [44543, 0.20896192528735633], [44799, 0.20966517857142858], [45055, 0.21038263494318182], [45311, 0.21091543079096045], [45567, 0.21142029494382023], [45823, 0.21200680865921787], [46079, 0.21291232638888888], [46335, 0.21341937154696133], [46591, 0.21400669642857142], [46847, 0.21396857923497267], [47103, 0.21280570652173914], [47359, 0.2116554054054054], [47615, 0.21051747311827956], [47871, 0.20939171122994651], [48127, 0.2082779255319149], [48383, 0.20717592592592593], [48639, 0.2061060855263158], [48895, 0.2052928664921466], [49151, 0.20465087890625], [49407, 0.20421794041450778], [49663, 0.20372905927835053], [49919, 0.20338541666666668], [50175, 0.2034638073979592], [50431, 0.20358105964467005], [50687, 0.2036379419191919], [50943, 0.20381202889447236], [51199, 0.2040625], [51455, 0.2043104788557214], [51711, 0.20484607054455445], [51967, 0.20556881157635468], [52223, 0.20490579044117646], [52479, 0.20390625], [52735, 0.20291641383495146], [52846, 0.20249020758037353]], "candidate_count_total": 41, "confirmed_count_total": 41, "created_at": 1767880874.7742157}