{"dataset_name": "INSECTS_abrupt_balanced", "dataset_type": "insects_real", "model_variant": "ts_drift_adapt_severity", "seed": 27, "monitor_preset": "error_divergence_ph_meta@error.threshold=0.05,error.min_instances=5", "monitor_preset_base": "error_divergence_ph_meta", "monitor_ph_params": {"error_rate": {"delta": 0.005, "alpha": 0.15, "threshold": 0.05, "min_instances": 5}, "divergence": {"delta": 0.005, "alpha": 0.1, "threshold": 0.05, "min_instances": 30}}, "monitor_ph_overrides": {"error_rate": {"threshold": 0.05, "min_instances": 5}}, "trigger_mode": "two_stage", "trigger_k": 2, "trigger_threshold": 0.5, "trigger_weights": "confirm_cooldown=200,divergence=0.3,error_rate=0.5,teacher_entropy=0.2", "confirm_window": 1, "confirm_cooldown": 0, "adaptive_cooldown_enabled": 0, "adaptive_window": 10000, "adaptive_lower_per10k": 10.0, "adaptive_upper_per10k": 25.0, "adaptive_cooldown_low": 200, "adaptive_cooldown_high": 500, "severity_scheduler_scale": 2.0, "use_severity_v2": 1, "severity_gate": "none", "severity_gate_min_streak": 1, "entropy_mode": "uncertain", "severity_decay": 0.95, "freeze_baseline_steps": 5, "n_steps": 1200, "horizon": 52847, "acc_final": 0.20143054478021458, "mean_acc": 0.19586352646594024, "acc_min": 0.15625, "candidate_sample_idxs": [1279, 2559, 3839, 5119, 6399, 8191, 9471, 10751, 12031, 13311, 14591, 17919, 19199, 20479, 21759, 23039, 24319, 25599, 27135, 28415, 29951, 31231, 32511, 33791, 35071, 36351, 37631, 38911, 40191, 41471, 42751, 44031, 45311, 46591, 47871, 49151, 50431, 51711, 52846], "confirmed_sample_idxs": [1279, 2559, 3839, 5119, 6399, 8191, 9471, 10751, 12031, 13311, 14591, 17919, 19199, 20479, 21759, 23039, 24319, 25599, 27135, 28415, 29951, 31231, 32511, 33791, 35071, 36351, 37631, 38911, 40191, 41471, 42751, 44031, 45311, 46591, 47871, 49151, 50431, 51711, 52846], "acc_series": [[255, 0.15625], [511, 0.1875], [767, 0.19140625], [1023, 0.1923828125], [1279, 0.19609375], [1535, 0.18684895833333334], [1791, 0.18917410714285715], [2047, 0.189453125], [2303, 0.19010416666666666], [2559, 0.191015625], [2815, 0.19318181818181818], [3071, 0.19205729166666666], [3327, 0.19471153846153846], [3583, 0.1953125], [3839, 0.19505208333333332], [4095, 0.1962890625], [4351, 0.19738051470588236], [4607, 0.1994357638888889], [4863, 0.20045230263157895], [5119, 0.2029296875], [5375, 0.20461309523809523], [5631, 0.20490056818181818], [5887, 0.2061820652173913], [6143, 0.205078125], [6399, 0.20515625], [6655, 0.20582932692307693], [6911, 0.20775462962962962], [7167, 0.20870535714285715], [7423, 0.20985991379310345], [7679, 0.21067708333333332], [7935, 0.21194556451612903], [8191, 0.214111328125], [8447, 0.2137784090909091], [8703, 0.21449908088235295], [8959, 0.21551339285714285], [9215, 0.21647135416666666], [9471, 0.21748310810810811], [9727, 0.21731085526315788], [9983, 0.2180488782051282], [10239, 0.2181640625], [10495, 0.21770198170731708], [10751, 0.21847098214285715], [11007, 0.21911337209302326], [11263, 0.21990411931818182], [11519, 0.21996527777777777], [11775, 0.22027853260869565], [12031, 0.22024601063829788], [12287, 0.22127278645833334], [12543, 0.22146045918367346], [12799, 0.21734375], [13055, 0.21308210784313725], [13311, 0.208984375], [13567, 0.20504127358490565], [13823, 0.20124421296296297], [14079, 0.19765625], [14335, 0.19621930803571427], [14591, 0.19483278508771928], [14847, 0.19187769396551724], [15103, 0.18889036016949154], [15359, 0.1857421875], [15615, 0.18276127049180327], [15871, 0.17981350806451613], [16127, 0.17702132936507936], [16383, 0.17425537109375], [16639, 0.17163461538461539], [16895, 0.1690340909090909], [17151, 0.16656949626865672], [17407, 0.16417738970588236], [17663, 0.16185461956521738], [17919, 0.16171875], [18175, 0.16576804577464788], [18431, 0.16856553819444445], [18687, 0.17117936643835616], [18943, 0.1727195945945946], [19199, 0.17411458333333332], [19455, 0.17665501644736842], [19711, 0.178419237012987], [19967, 0.17848557692307693], [20223, 0.17884691455696203], [20479, 0.1791015625], [20735, 0.1793016975308642], [20991, 0.17954458841463414], [21247, 0.1796875], [21503, 0.1796875], [21759, 0.17964154411764705], [22015, 0.18009629360465115], [22271, 0.18094468390804597], [22527, 0.18217329545454544], [22783, 0.18407654494382023], [23039, 0.18519965277777778], [23295, 0.18638392857142858], [23551, 0.1881368885869565], [23807, 0.18947412634408603], [24063, 0.1909906914893617], [24319, 0.19198190789473685], [24575, 0.19307454427083334], [24831, 0.19402384020618557], [25087, 0.19503348214285715], [25343, 0.19657512626262627], [25599, 0.1978125], [25855, 0.19921875], [26111, 0.20032935049019607], [26367, 0.20164593446601942], [26623, 0.20233623798076922], [26879, 0.2031622023809524], [27135, 0.20411998820754718], [27391, 0.205607476635514], [27647, 0.20710358796296297], [27903, 0.2083930619266055], [28159, 0.20692471590909092], [28415, 0.20509572072072071], [28671, 0.20333426339285715], [28927, 0.20160398230088494], [29183, 0.19993832236842105], [29439, 0.1983695652173913], [29695, 0.19692887931034483], [29951, 0.19567975427350429], [30207, 0.194385593220339], [30463, 0.19337578781512604], [30719, 0.19228515625], [30975, 0.1914708161157025], [31231, 0.19057377049180327], [31487, 0.19007240853658536], [31743, 0.18951612903225806], [31999, 0.18903125], [32255, 0.18889508928571427], [32511, 0.18965305118110237], [32767, 0.1910400390625], [33023, 0.1929203003875969], [33279, 0.19305889423076922], [33535, 0.19274809160305342], [33791, 0.19318181818181818], [34047, 0.19340343045112782], [34303, 0.19341767723880596], [34559, 0.1931423611111111], [34815, 0.19275620404411764], [35071, 0.19251824817518248], [35327, 0.1928215579710145], [35583, 0.19314860611510792], [35839, 0.193359375], [36095, 0.1933455230496454], [36351, 0.1934143926056338], [36607, 0.19334571678321677], [36863, 0.1931694878472222], [37119, 0.19323814655172414], [37375, 0.1930383133561644], [37631, 0.19313350340136054], [37887, 0.19333298141891891], [38143, 0.19345113255033558], [38399, 0.19216145833333334], [38655, 0.19088886589403972], [38911, 0.19055818256578946], [39167, 0.19064031862745098], [39423, 0.1906452922077922], [39679, 0.1907258064516129], [39935, 0.19075520833333334], [40191, 0.19090863853503184], [40447, 0.19093651107594936], [40703, 0.19118514150943397], [40959, 0.1915283203125], [41215, 0.1920128105590062], [41471, 0.19266010802469136], [41727, 0.19353911042944785], [41983, 0.1941453887195122], [42239, 0.19505208333333332], [42495, 0.19585372740963855], [42751, 0.1965054266467066], [43007, 0.19721912202380953], [43263, 0.19813239644970415], [43519, 0.19898897058823528], [43775, 0.19969846491228072], [44031, 0.20071765988372092], [44287, 0.20104768786127167], [44543, 0.20153107040229884], [44799, 0.20223214285714286], [45055, 0.20281427556818182], [45311, 0.203125], [45567, 0.20376141151685392], [45823, 0.20434706703910616], [46079, 0.20512152777777778], [46335, 0.20560687154696133], [46591, 0.20638736263736263], [46847, 0.2062841530054645], [47103, 0.20516304347826086], [47359, 0.20407516891891891], [47615, 0.2030409946236559], [47871, 0.20197610294117646], [48127, 0.20098487367021275], [48383, 0.2001694775132275], [48639, 0.19956825657894736], [48895, 0.19911649214659685], [49151, 0.19873046875], [49407, 0.19851036269430053], [49663, 0.19821198453608246], [49919, 0.19811698717948717], [50175, 0.19828204719387754], [50431, 0.1984454314720812], [50687, 0.19862689393939395], [50943, 0.1992776381909548], [51199, 0.200234375], [51455, 0.20143423507462688], [51711, 0.2028542698019802], [51967, 0.20424107142857142], [52223, 0.20383348651960784], [52479, 0.2028391768292683], [52735, 0.20185452063106796], [52846, 0.20143054478021458]], "candidate_count_total": 39, "confirmed_count_total": 39, "created_at": 1767887520.802208}