{"dataset_name": "sine_nodrift", "dataset_type": "sine", "model_variant": "ts_drift_adapt", "seed": 4, "monitor_preset": "error_divergence_ph_meta@error.threshold=0.10,error.min_instances=5", "monitor_preset_base": "error_divergence_ph_meta", "monitor_ph_params": {"error_rate": {"delta": 0.005, "alpha": 0.15, "threshold": 0.1, "min_instances": 5}, "divergence": {"delta": 0.005, "alpha": 0.1, "threshold": 0.05, "min_instances": 30}}, "monitor_ph_overrides": {"error_rate": {"threshold": 0.1, "min_instances": 5}}, "trigger_mode": "two_stage", "trigger_k": 2, "trigger_threshold": 0.5, "trigger_weights": "__confirm_cooldown=200,__confirm_rule=perm_test,__perm_alpha=0.05,__perm_min_effect=0,__perm_n_perm=200,__perm_post_n=50,__perm_pre_n=500,__perm_rng_seed=0,__perm_stat=fused_score,divergence=0.3,error_rate=0.5,teacher_entropy=0.2", "confirm_window": 3, "confirm_cooldown": 0, "adaptive_cooldown_enabled": 0, "adaptive_window": 10000, "adaptive_lower_per10k": 10.0, "adaptive_upper_per10k": 25.0, "adaptive_cooldown_low": 200, "adaptive_cooldown_high": 500, "severity_scheduler_scale": 1.0, "use_severity_v2": 0, "severity_gate": "none", "severity_gate_min_streak": 1, "entropy_mode": "overconfident", "severity_decay": 0.95, "freeze_baseline_steps": 0, "n_steps": 800, "horizon": 10000, "acc_final": 0.8974, "mean_acc": 0.7974052715380567, "acc_min": 0.40625, "candidate_sample_idxs": [319, 639, 959, 1279, 1599, 1919, 2239, 2559, 2879, 3199, 3519, 3839, 4223, 4543, 4863, 5183, 5503, 5823, 6207, 6527, 6847, 7231, 7999, 8319, 9023, 9535, 9855], "confirmed_sample_idxs": [639, 1471, 1919, 2559, 3071, 3839, 4223, 4927, 5503, 6207, 7231, 7999, 9023, 9535], "acc_series": [[63, 0.421875], [127, 0.40625], [191, 0.4375], [255, 0.50390625], [319, 0.55625], [383, 0.578125], [447, 0.578125], [511, 0.5703125], [575, 0.5711805555555556], [639, 0.58125], [703, 0.5909090909090909], [767, 0.5872395833333334], [831, 0.5865384615384616], [895, 0.5870535714285714], [959, 0.6], [1023, 0.6083984375], [1087, 0.6213235294117647], [1151, 0.6310763888888888], [1215, 0.6389802631578947], [1279, 0.64921875], [1343, 0.6592261904761905], [1407, 0.6612215909090909], [1471, 0.6725543478260869], [1535, 0.6764322916666666], [1599, 0.68125], [1663, 0.6862980769230769], [1727, 0.6921296296296297], [1791, 0.6969866071428571], [1855, 0.6988146551724138], [1919, 0.7010416666666667], [1983, 0.704133064516129], [2047, 0.71142578125], [2111, 0.7168560606060606], [2175, 0.7228860294117647], [2239, 0.7294642857142857], [2303, 0.7330729166666666], [2367, 0.7390202702702703], [2431, 0.7446546052631579], [2495, 0.7504006410256411], [2559, 0.753125], [2623, 0.7560975609756098], [2687, 0.7596726190476191], [2751, 0.7638081395348837], [2815, 0.7659801136363636], [2879, 0.7697916666666667], [2943, 0.7730978260869565], [3007, 0.7769281914893617], [3071, 0.7799479166666666], [3135, 0.7822066326530612], [3199, 0.785], [3263, 0.7873774509803921], [3327, 0.7902644230769231], [3391, 0.792747641509434], [3455, 0.7962962962962963], [3519, 0.7991477272727273], [3583, 0.8013392857142857], [3647, 0.8040021929824561], [3711, 0.8068426724137931], [3775, 0.809322033898305], [3839, 0.8114583333333333], [3903, 0.8130122950819673], [3967, 0.8145161290322581], [4031, 0.816468253968254], [4095, 0.81884765625], [4159, 0.8206730769230769], [4223, 0.8217329545454546], [4287, 0.8227611940298507], [4351, 0.8244485294117647], [4415, 0.8263134057971014], [4479, 0.8283482142857143], [4543, 0.8301056338028169], [4607, 0.8322482638888888], [4671, 0.8334760273972602], [4735, 0.8350929054054054], [4799, 0.83625], [4863, 0.8377878289473685], [4927, 0.8390827922077922], [4991, 0.8405448717948718], [5055, 0.841376582278481], [5119, 0.8427734375], [5183, 0.8439429012345679], [5247, 0.8448932926829268], [5311, 0.8461972891566265], [5375, 0.8470982142857143], [5439, 0.8476102941176471], [5503, 0.848655523255814], [5567, 0.8500359195402298], [5631, 0.8510298295454546], [5695, 0.8518258426966292], [5759, 0.8532986111111112], [5823, 0.854739010989011], [5887, 0.8558084239130435], [5951, 0.8571908602150538], [6015, 0.8583776595744681], [6079, 0.8595394736842106], [6143, 0.86083984375], [6207, 0.8616301546391752], [6271, 0.8627232142857143], [6335, 0.8639520202020202], [6399, 0.8646875], [6463, 0.8652537128712872], [6527, 0.8665747549019608], [6591, 0.8677184466019418], [6655, 0.8685396634615384], [6719, 0.8691964285714285], [6783, 0.8698408018867925], [6847, 0.8707651869158879], [6911, 0.8715277777777778], [6975, 0.8724197247706422], [7039, 0.8728693181818182], [7103, 0.8734515765765766], [7167, 0.8738839285714286], [7231, 0.8745851769911505], [7295, 0.8751370614035088], [7359, 0.8758152173913043], [7423, 0.876885775862069], [7487, 0.8775373931623932], [7551, 0.8783103813559322], [7615, 0.8792016806722689], [7679, 0.8795572916666666], [7743, 0.8805526859504132], [7807, 0.8811475409836066], [7871, 0.8819867886178862], [7935, 0.8828125], [7999, 0.88325], [8063, 0.8835565476190477], [8127, 0.8837352362204725], [8191, 0.8843994140625], [8255, 0.8846899224806202], [8319, 0.8854567307692308], [8383, 0.8862118320610687], [8447, 0.88671875], [8511, 0.8872180451127819], [8575, 0.8878264925373134], [8639, 0.888425925925926], [8703, 0.8890165441176471], [8767, 0.8894844890510949], [8831, 0.8898324275362319], [8895, 0.8902877697841727], [8959, 0.8907366071428572], [9023, 0.8909574468085106], [9087, 0.8913952464788732], [9151, 0.8919361888111889], [9215, 0.892578125], [9279, 0.8931034482758621], [9343, 0.893728595890411], [9407, 0.8940263605442177], [9471, 0.8947423986486487], [9535, 0.8951342281879194], [9599, 0.8955208333333333], [9663, 0.8956953642384106], [9727, 0.895764802631579], [9791, 0.8961397058823529], [9855, 0.8963068181818182], [9919, 0.896774193548387], [9983, 0.8972355769230769], [9999, 0.8974]], "candidate_count_total": 25, "confirmed_count_total": 14, "created_at": 1768150783.0377636, "confirm_rule_effective": "perm_test", "last_perm_pvalue": 1.0, "last_perm_effect": -0.0025683409476664042, "perm_test_count_total": 61, "perm_accept_count_total": 14, "perm_reject_count_total": 47, "perm_alpha": 0.05, "perm_pvalue_p50": 1.0, "perm_pvalue_p90": 1.0, "perm_pvalue_p99": 1.0, "perm_pvalue_le_alpha_ratio": 0.22950819672131148, "perm_effect_p50": -0.0025683409476664042, "perm_effect_p90": 0.06201818251432721, "perm_effect_p99": 0.0948547330782261}