{"dataset_name": "sine_nodrift", "dataset_type": "sine", "model_variant": "ts_drift_adapt", "seed": 2, "monitor_preset": "error_divergence_ph_meta@error.threshold=0.10,error.min_instances=5", "monitor_preset_base": "error_divergence_ph_meta", "monitor_ph_params": {"error_rate": {"delta": 0.005, "alpha": 0.15, "threshold": 0.1, "min_instances": 5}, "divergence": {"delta": 0.005, "alpha": 0.1, "threshold": 0.05, "min_instances": 30}}, "monitor_ph_overrides": {"error_rate": {"threshold": 0.1, "min_instances": 5}}, "trigger_mode": "two_stage", "trigger_k": 2, "trigger_threshold": 0.5, "trigger_weights": "__confirm_cooldown=200,__confirm_rule=perm_test,__perm_alpha=0.01,__perm_delta_k=50,__perm_min_effect=0,__perm_n_perm=200,__perm_post_n=50,__perm_pre_n=200,__perm_rng_seed=0,__perm_stat=delta_fused_score,divergence=0.3,error_rate=0.5,teacher_entropy=0.2", "confirm_window": 3, "confirm_cooldown": 0, "adaptive_cooldown_enabled": 0, "adaptive_window": 10000, "adaptive_lower_per10k": 10.0, "adaptive_upper_per10k": 25.0, "adaptive_cooldown_low": 200, "adaptive_cooldown_high": 500, "severity_scheduler_scale": 1.0, "use_severity_v2": 0, "severity_gate": "none", "severity_gate_min_streak": 1, "entropy_mode": "overconfident", "severity_decay": 0.95, "freeze_baseline_steps": 0, "n_steps": 800, "horizon": 10000, "acc_final": 0.935, "mean_acc": 0.8831225451407544, "acc_min": 0.5, "candidate_sample_idxs": [319, 639, 959, 1279, 1599, 1919, 2239, 2559, 2879, 3199, 3647, 3967, 4287, 4607, 4927, 5247, 5567, 8127, 8447, 8767], "confirmed_sample_idxs": [1087, 1791, 2367, 2943, 3199, 3647, 4031, 4479, 5247, 5631, 8127, 8447], "acc_series": [[63, 0.5], [127, 0.5546875], [191, 0.6354166666666666], [255, 0.6640625], [319, 0.69375], [383, 0.7057291666666666], [447, 0.7232142857142857], [511, 0.73828125], [575, 0.7517361111111112], [639, 0.7625], [703, 0.7713068181818182], [767, 0.77734375], [831, 0.7836538461538461], [895, 0.7868303571428571], [959, 0.7927083333333333], [1023, 0.794921875], [1087, 0.7941176470588235], [1151, 0.7994791666666666], [1215, 0.8050986842105263], [1279, 0.81171875], [1343, 0.8191964285714286], [1407, 0.8238636363636364], [1471, 0.826766304347826], [1535, 0.8326822916666666], [1599, 0.83875], [1663, 0.84375], [1727, 0.8478009259259259], [1791, 0.8510044642857143], [1855, 0.8529094827586207], [1919, 0.8557291666666667], [1983, 0.858366935483871], [2047, 0.86181640625], [2111, 0.8641098484848485], [2175, 0.8671875], [2239, 0.8700892857142857], [2303, 0.8728298611111112], [2367, 0.8745777027027027], [2431, 0.8770559210526315], [2495, 0.8794070512820513], [2559, 0.8796875], [2623, 0.8810975609756098], [2687, 0.8816964285714286], [2751, 0.8808139534883721], [2815, 0.8828125], [2879, 0.8829861111111111], [2943, 0.8834918478260869], [3007, 0.8839760638297872], [3071, 0.884765625], [3135, 0.8858418367346939], [3199, 0.8865625], [3263, 0.8872549019607843], [3327, 0.8888221153846154], [3391, 0.8894457547169812], [3455, 0.8909143518518519], [3519, 0.8923295454545455], [3583, 0.8928571428571429], [3647, 0.8941885964912281], [3711, 0.8952047413793104], [3775, 0.8953919491525424], [3839, 0.8955729166666667], [3903, 0.8957479508196722], [3967, 0.8966733870967742], [4031, 0.8975694444444444], [4095, 0.89892578125], [4159, 0.8992788461538461], [4223, 0.900094696969697], [4287, 0.9006529850746269], [4351, 0.9011948529411765], [4415, 0.9017210144927537], [4479, 0.9020089285714286], [4543, 0.9029489436619719], [4607, 0.9036458333333334], [4671, 0.9043236301369864], [4735, 0.9037162162162162], [4799, 0.9039583333333333], [4863, 0.9046052631578947], [4927, 0.9048295454545454], [4991, 0.9042467948717948], [5055, 0.9046677215189873], [5119, 0.905859375], [5183, 0.9068287037037037], [5247, 0.9073932926829268], [5311, 0.9083207831325302], [5375, 0.9092261904761905], [5439, 0.9097426470588236], [5503, 0.9098837209302325], [5567, 0.9103807471264368], [5631, 0.9113991477272727], [5695, 0.9120435393258427], [5759, 0.9126736111111111], [5823, 0.9127747252747253], [5887, 0.9137228260869565], [5951, 0.9143145161290323], [6015, 0.914561170212766], [6079, 0.9148026315789474], [6143, 0.91552734375], [6207, 0.9159149484536082], [6271, 0.9166135204081632], [6335, 0.9172979797979798], [6399, 0.91796875], [6463, 0.9183168316831684], [6527, 0.9189644607843137], [6591, 0.9194478155339806], [6655, 0.9197716346153846], [6719, 0.9202380952380952], [6783, 0.9208431603773585], [6847, 0.9211448598130841], [6911, 0.9210069444444444], [6975, 0.9217316513761468], [7039, 0.9223011363636363], [7103, 0.9227195945945946], [7167, 0.9228515625], [7231, 0.9228429203539823], [7295, 0.923108552631579], [7359, 0.9235054347826087], [7423, 0.9240301724137931], [7487, 0.9241452991452992], [7551, 0.9247881355932204], [7615, 0.9245010504201681], [7679, 0.925], [7743, 0.9256198347107438], [7807, 0.9261014344262295], [7871, 0.9263211382113821], [7935, 0.926789314516129], [7999, 0.927125], [8063, 0.9274553571428571], [8127, 0.9279035433070866], [8191, 0.9283447265625], [8255, 0.9286579457364341], [8319, 0.9286057692307692], [8383, 0.9287929389312977], [8447, 0.9288589015151515], [8511, 0.9289238721804511], [8575, 0.9287546641791045], [8639, 0.9289351851851851], [8703, 0.9288832720588235], [8767, 0.9292883211678832], [8831, 0.9292346014492754], [8895, 0.9296312949640287], [8959, 0.9299107142857143], [9023, 0.930186170212766], [9087, 0.9305677816901409], [9151, 0.9309440559440559], [9215, 0.9310980902777778], [9279, 0.931573275862069], [9343, 0.931720890410959], [9407, 0.9319727891156463], [9471, 0.9323268581081081], [9535, 0.9327810402684564], [9599, 0.933125], [9663, 0.933567880794702], [9727, 0.9336965460526315], [9791, 0.9341299019607843], [9855, 0.9343547077922078], [9919, 0.9346774193548387], [9983, 0.9348958333333334], [9999, 0.935]], "candidate_count_total": 16, "confirmed_count_total": 12, "created_at": 1768146212.578609, "confirm_rule_effective": "perm_test", "last_perm_pvalue": 0.373134328358209, "last_perm_effect": 0.0003470759160816529, "perm_test_count_total": 37, "perm_accept_count_total": 12, "perm_reject_count_total": 25, "perm_alpha": 0.01, "perm_pvalue_p50": 1.0, "perm_pvalue_p90": 1.0, "perm_pvalue_p99": 1.0, "perm_pvalue_le_alpha_ratio": 0.32432432432432434, "perm_effect_p50": -0.0011315329708401272, "perm_effect_p90": 0.06366158544239357, "perm_effect_p99": 0.11421869076338803}