{"dataset_name": "sine_nodrift", "dataset_type": "sine", "model_variant": "ts_drift_adapt", "seed": 4, "monitor_preset": "error_divergence_ph_meta@error.threshold=0.10,error.min_instances=5", "monitor_preset_base": "error_divergence_ph_meta", "monitor_ph_params": {"error_rate": {"delta": 0.005, "alpha": 0.15, "threshold": 0.1, "min_instances": 5}, "divergence": {"delta": 0.005, "alpha": 0.1, "threshold": 0.05, "min_instances": 30}}, "monitor_ph_overrides": {"error_rate": {"threshold": 0.1, "min_instances": 5}}, "trigger_mode": "two_stage", "trigger_k": 2, "trigger_threshold": 0.5, "trigger_weights": "__confirm_cooldown=200,__confirm_rule=perm_test,__perm_alpha=0.02,__perm_delta_k=50,__perm_min_effect=0,__perm_n_perm=200,__perm_post_n=30,__perm_pre_n=500,__perm_rng_seed=0,__perm_stat=delta_fused_score,divergence=0.3,error_rate=0.5,teacher_entropy=0.2", "confirm_window": 3, "confirm_cooldown": 0, "adaptive_cooldown_enabled": 0, "adaptive_window": 10000, "adaptive_lower_per10k": 10.0, "adaptive_upper_per10k": 25.0, "adaptive_cooldown_low": 200, "adaptive_cooldown_high": 500, "severity_scheduler_scale": 1.0, "use_severity_v2": 0, "severity_gate": "none", "severity_gate_min_streak": 1, "entropy_mode": "overconfident", "severity_decay": 0.95, "freeze_baseline_steps": 0, "n_steps": 800, "horizon": 10000, "acc_final": 0.9322, "mean_acc": 0.8682043320200628, "acc_min": 0.3984375, "candidate_sample_idxs": [319, 639, 959, 1279, 1599, 2047, 2367, 2687, 3455, 3775, 4095, 4415, 4927, 5631, 6207, 7039, 7359, 7679, 7999, 8319, 8703, 9535, 9855], "confirmed_sample_idxs": [639, 1023, 1471, 2047, 2687, 3455, 3775, 4223, 4927, 5631, 6207, 7039, 7423, 8191, 8703, 9535], "acc_series": [[63, 0.421875], [127, 0.3984375], [191, 0.4375], [255, 0.51953125], [319, 0.571875], [383, 0.6171875], [447, 0.6607142857142857], [511, 0.685546875], [575, 0.7065972222222222], [639, 0.7203125], [703, 0.7258522727272727], [767, 0.7265625], [831, 0.7295673076923077], [895, 0.7410714285714286], [959, 0.7572916666666667], [1023, 0.763671875], [1087, 0.7720588235294118], [1151, 0.7795138888888888], [1215, 0.7870065789473685], [1279, 0.7890625], [1343, 0.7938988095238095], [1407, 0.7997159090909091], [1471, 0.8043478260869565], [1535, 0.8118489583333334], [1599, 0.81375], [1663, 0.8173076923076923], [1727, 0.8217592592592593], [1791, 0.8258928571428571], [1855, 0.8292025862068966], [1919, 0.8307291666666666], [1983, 0.8311491935483871], [2047, 0.83544921875], [2111, 0.8371212121212122], [2175, 0.8400735294117647], [2239, 0.8428571428571429], [2303, 0.8441840277777778], [2367, 0.8462837837837838], [2431, 0.8499177631578947], [2495, 0.8533653846153846], [2559, 0.85546875], [2623, 0.8578506097560976], [2687, 0.8601190476190477], [2751, 0.8626453488372093], [2815, 0.8643465909090909], [2879, 0.8670138888888889], [2943, 0.8682065217391305], [3007, 0.8706781914893617], [3071, 0.8727213541666666], [3135, 0.8737244897959183], [3199, 0.8753125], [3263, 0.8765318627450981], [3327, 0.8786057692307693], [3391, 0.8800117924528302], [3455, 0.8816550925925926], [3519, 0.8829545454545454], [3583, 0.8844866071428571], [3647, 0.8856907894736842], [3711, 0.8873922413793104], [3775, 0.8882415254237288], [3839, 0.88984375], [3903, 0.890625], [3967, 0.8921370967741935], [4031, 0.8928571428571429], [4095, 0.894287109375], [4159, 0.8954326923076923], [4223, 0.8958333333333334], [4287, 0.8959888059701493], [4351, 0.8972886029411765], [4415, 0.8980978260869565], [4479, 0.8993303571428571], [4543, 0.9000880281690141], [4607, 0.9008246527777778], [4671, 0.9011130136986302], [4735, 0.9016047297297297], [4799, 0.9025], [4863, 0.9029605263157895], [4927, 0.9030032467532467], [4991, 0.9038461538461539], [5055, 0.9042721518987342], [5119, 0.9048828125], [5183, 0.9050925925925926], [5247, 0.9058689024390244], [5311, 0.9060617469879518], [5375, 0.9064360119047619], [5439, 0.9066176470588235], [5503, 0.9071584302325582], [5567, 0.9080459770114943], [5631, 0.9087357954545454], [5695, 0.9094101123595506], [5759, 0.9100694444444445], [5823, 0.9110576923076923], [5887, 0.911514945652174], [5951, 0.9122983870967742], [6015, 0.9132313829787234], [6079, 0.9139802631578947], [6143, 0.91455078125], [6207, 0.9146262886597938], [6271, 0.9150191326530612], [6335, 0.9155618686868687], [6399, 0.91625], [6463, 0.916305693069307], [6527, 0.9166666666666666], [6591, 0.9170206310679612], [6655, 0.9178185096153846], [6719, 0.9181547619047619], [6783, 0.9184846698113207], [6847, 0.9191004672897196], [6911, 0.9195601851851852], [6975, 0.9201548165137615], [7039, 0.9200284090909091], [7103, 0.9204673423423423], [7167, 0.9206194196428571], [7231, 0.9210453539823009], [7295, 0.9211896929824561], [7359, 0.9214673913043478], [7423, 0.921875], [7487, 0.9217414529914529], [7551, 0.9221398305084746], [7615, 0.9225315126050421], [7679, 0.9225260416666666], [7743, 0.9230371900826446], [7807, 0.9235399590163934], [7871, 0.9239075203252033], [7935, 0.9240171370967742], [7999, 0.924], [8063, 0.9243551587301587], [8127, 0.9243356299212598], [8191, 0.9248046875], [8255, 0.9250242248062015], [8319, 0.9254807692307693], [8383, 0.9256917938931297], [8447, 0.9255445075757576], [8511, 0.9257518796992481], [8575, 0.925956156716418], [8639, 0.9260416666666667], [8703, 0.9261259191176471], [8767, 0.9263229927007299], [8831, 0.9265172101449275], [8895, 0.9270458633093526], [8959, 0.9274553571428571], [9023, 0.9275265957446809], [9087, 0.9279269366197183], [9151, 0.9281031468531469], [9215, 0.9286024305555556], [9279, 0.9288793103448276], [9343, 0.9293664383561644], [9407, 0.9297406462585034], [9471, 0.9301097972972973], [9535, 0.9302642617449665], [9599, 0.9305208333333334], [9663, 0.9308774834437086], [9727, 0.9310238486842105], [9791, 0.9312704248366013], [9855, 0.9316152597402597], [9919, 0.9319556451612904], [9983, 0.9320913461538461], [9999, 0.9322]], "candidate_count_total": 20, "confirmed_count_total": 16, "created_at": 1768147574.9150877, "confirm_rule_effective": "perm_test", "last_perm_pvalue": 1.0, "last_perm_effect": -0.0162362362232355, "perm_test_count_total": 38, "perm_accept_count_total": 16, "perm_reject_count_total": 22, "perm_alpha": 0.02, "perm_pvalue_p50": 1.0, "perm_pvalue_p90": 1.0, "perm_pvalue_p99": 1.0, "perm_pvalue_le_alpha_ratio": 0.42105263157894735, "perm_effect_p50": -0.004494473999970008, "perm_effect_p90": 0.07600321246302072, "perm_effect_p99": 0.10208049227182378}