{"dataset_name": "sine_nodrift", "dataset_type": "sine", "model_variant": "ts_drift_adapt", "seed": 1, "monitor_preset": "error_divergence_ph_meta@error.threshold=0.10,error.min_instances=5", "monitor_preset_base": "error_divergence_ph_meta", "monitor_ph_params": {"error_rate": {"delta": 0.005, "alpha": 0.15, "threshold": 0.1, "min_instances": 5}, "divergence": {"delta": 0.005, "alpha": 0.1, "threshold": 0.05, "min_instances": 30}}, "monitor_ph_overrides": {"error_rate": {"threshold": 0.1, "min_instances": 5}}, "trigger_mode": "two_stage", "trigger_k": 2, "trigger_threshold": 0.5, "trigger_weights": "__confirm_cooldown=200,__confirm_rule=perm_test,__perm_alpha=0.01,__perm_min_effect=0,__perm_n_perm=200,__perm_post_n=30,__perm_pre_n=200,__perm_rng_seed=0,__perm_stat=fused_score,divergence=0.3,error_rate=0.5,teacher_entropy=0.2", "confirm_window": 3, "confirm_cooldown": 0, "adaptive_cooldown_enabled": 0, "adaptive_window": 10000, "adaptive_lower_per10k": 10.0, "adaptive_upper_per10k": 25.0, "adaptive_cooldown_low": 200, "adaptive_cooldown_high": 500, "severity_scheduler_scale": 1.0, "use_severity_v2": 0, "severity_gate": "none", "severity_gate_min_streak": 1, "entropy_mode": "overconfident", "severity_decay": 0.95, "freeze_baseline_steps": 0, "n_steps": 800, "horizon": 10000, "acc_final": 0.9177, "mean_acc": 0.835106422128725, "acc_min": 0.328125, "candidate_sample_idxs": [319, 639, 959, 1407, 1727, 2047, 2367, 2687, 3199, 3583, 4031, 4351, 4671, 4991, 5311, 5887, 6207, 6527, 6847, 7167, 7487, 7871, 8191, 9279, 9599, 9983], "confirmed_sample_idxs": [639, 1023, 1407, 2111, 2367, 3199, 3583, 4031, 4863, 5311, 5887, 6207, 6655, 7871, 9279, 9663], "acc_series": [[63, 0.328125], [127, 0.3671875], [191, 0.46875], [255, 0.47265625], [319, 0.496875], [383, 0.4947916666666667], [447, 0.515625], [511, 0.5546875], [575, 0.5868055555555556], [639, 0.6078125], [703, 0.6349431818181818], [767, 0.6549479166666666], [831, 0.6742788461538461], [895, 0.6841517857142857], [959, 0.7020833333333333], [1023, 0.712890625], [1087, 0.7159926470588235], [1151, 0.7256944444444444], [1215, 0.734375], [1279, 0.74375], [1343, 0.75], [1407, 0.7571022727272727], [1471, 0.7629076086956522], [1535, 0.7701822916666666], [1599, 0.771875], [1663, 0.7764423076923077], [1727, 0.7818287037037037], [1791, 0.7857142857142857], [1855, 0.7893318965517241], [1919, 0.7916666666666666], [1983, 0.796875], [2047, 0.80126953125], [2111, 0.8053977272727273], [2175, 0.8079044117647058], [2239, 0.809375], [2303, 0.8107638888888888], [2367, 0.8125], [2431, 0.8162006578947368], [2495, 0.8173076923076923], [2559, 0.81953125], [2623, 0.8220274390243902], [2687, 0.8247767857142857], [2751, 0.8270348837209303], [2815, 0.8288352272727273], [2879, 0.8315972222222222], [2943, 0.8335597826086957], [3007, 0.8351063829787234], [3071, 0.8369140625], [3135, 0.8383290816326531], [3199, 0.838125], [3263, 0.8400735294117647], [3327, 0.8422475961538461], [3391, 0.84375], [3455, 0.8449074074074074], [3519, 0.8451704545454546], [3583, 0.8465401785714286], [3647, 0.8481359649122807], [3711, 0.8488685344827587], [3775, 0.8511652542372882], [3839, 0.853125], [3903, 0.8550204918032787], [3967, 0.8558467741935484], [4031, 0.8561507936507936], [4095, 0.8564453125], [4159, 0.8564903846153846], [4223, 0.8581912878787878], [4287, 0.859375], [4351, 0.8605238970588235], [4415, 0.8616394927536232], [4479, 0.8629464285714286], [4543, 0.8644366197183099], [4607, 0.8656684027777778], [4671, 0.8672945205479452], [4735, 0.8684543918918919], [4799, 0.8691666666666666], [4863, 0.8700657894736842], [4927, 0.8715503246753247], [4991, 0.8725961538461539], [5055, 0.8742088607594937], [5119, 0.875390625], [5183, 0.8757716049382716], [5247, 0.8767149390243902], [5311, 0.8778237951807228], [5375, 0.8787202380952381], [5439, 0.8797794117647059], [5503, 0.8809956395348837], [5567, 0.882183908045977], [5631, 0.8826349431818182], [5695, 0.883251404494382], [5759, 0.8840277777777777], [5823, 0.8846153846153846], [5887, 0.8855298913043478], [5951, 0.8862567204301075], [6015, 0.8871343085106383], [6079, 0.8878289473684211], [6143, 0.888671875], [6207, 0.889014175257732], [6271, 0.8896683673469388], [6335, 0.8903093434343434], [6399, 0.89109375], [6463, 0.8917079207920792], [6527, 0.8923100490196079], [6591, 0.8924453883495146], [6655, 0.892578125], [6719, 0.893154761904762], [6783, 0.8940153301886793], [6847, 0.8945677570093458], [6911, 0.8952546296296297], [6975, 0.8957855504587156], [7039, 0.8963068181818182], [7103, 0.8968186936936937], [7167, 0.8974609375], [7231, 0.8980918141592921], [7295, 0.8989857456140351], [7359, 0.8998641304347826], [7423, 0.9001885775862069], [7487, 0.9009081196581197], [7551, 0.901615466101695], [7615, 0.9023109243697479], [7679, 0.902734375], [7743, 0.903279958677686], [7807, 0.9040727459016393], [7871, 0.9043445121951219], [7935, 0.9048639112903226], [7999, 0.905125], [8063, 0.9058779761904762], [8127, 0.90625], [8191, 0.906982421875], [8255, 0.9070978682170543], [8319, 0.9075721153846154], [8383, 0.9080391221374046], [8447, 0.9087357954545454], [8511, 0.909187030075188], [8575, 0.9096315298507462], [8639, 0.9101851851851852], [8703, 0.9103860294117647], [8767, 0.9108120437956204], [8831, 0.9114583333333334], [8895, 0.9119829136690647], [8959, 0.9123883928571429], [9023, 0.9127881205673759], [9087, 0.9130721830985915], [9151, 0.9134615384615384], [9215, 0.9139539930555556], [9279, 0.9141163793103448], [9343, 0.9142765410958904], [9407, 0.9146471088435374], [9471, 0.9152238175675675], [9535, 0.9155830536912751], [9599, 0.9160416666666666], [9663, 0.9161837748344371], [9727, 0.9164268092105263], [9791, 0.9167687908496732], [9855, 0.916801948051948], [9919, 0.9172379032258065], [9983, 0.9176682692307693], [9999, 0.9177]], "candidate_count_total": 24, "confirmed_count_total": 16, "created_at": 1768149259.7185218, "confirm_rule_effective": "perm_test", "last_perm_pvalue": 1.0, "last_perm_effect": -0.057265662093209595, "perm_test_count_total": 50, "perm_accept_count_total": 16, "perm_reject_count_total": 34, "perm_alpha": 0.01, "perm_pvalue_p50": 1.0, "perm_pvalue_p90": 1.0, "perm_pvalue_p99": 1.0, "perm_pvalue_le_alpha_ratio": 0.32, "perm_effect_p50": -0.0053919686125089225, "perm_effect_p90": 0.07250430934644861, "perm_effect_p99": 0.15789196527841184}