{"dataset_name": "INSECTS_abrupt_balanced", "dataset_type": "insects_real", "model_variant": "ts_drift_adapt_severity", "seed": 23, "monitor_preset": "error_divergence_ph_meta@error.threshold=0.05,error.min_instances=5", "monitor_preset_base": "error_divergence_ph_meta", "monitor_ph_params": {"error_rate": {"delta": 0.005, "alpha": 0.15, "threshold": 0.05, "min_instances": 5}, "divergence": {"delta": 0.005, "alpha": 0.1, "threshold": 0.05, "min_instances": 30}}, "monitor_ph_overrides": {"error_rate": {"threshold": 0.05, "min_instances": 5}}, "trigger_mode": "two_stage", "trigger_k": 2, "trigger_threshold": 0.5, "trigger_weights": "confirm_cooldown=200,divergence=0.3,error_rate=0.5,teacher_entropy=0.2", "confirm_window": 1, "confirm_cooldown": 0, "adaptive_cooldown_enabled": 0, "adaptive_window": 10000, "adaptive_lower_per10k": 10.0, "adaptive_upper_per10k": 25.0, "adaptive_cooldown_low": 200, "adaptive_cooldown_high": 500, "severity_scheduler_scale": 2.0, "use_severity_v2": 1, "severity_gate": "none", "severity_gate_min_streak": 1, "entropy_mode": "uncertain", "severity_decay": 0.95, "freeze_baseline_steps": 5, "n_steps": 1200, "horizon": 52847, "acc_final": 0.1996707476299506, "mean_acc": 0.18846580997837015, "acc_min": 0.046875, "candidate_sample_idxs": [1279, 2559, 3839, 5119, 6399, 7679, 8959, 10239, 11519, 12799, 14079, 15359, 17919, 19199, 20479, 21759, 23039, 24319, 25599, 26879, 28159, 29439, 30719, 31999, 33279, 34559, 35839, 37119, 38399, 39679, 40959, 42239, 43519, 44799, 46079, 47359, 49663, 50943, 52223], "confirmed_sample_idxs": [1279, 2559, 3839, 5119, 6399, 7679, 8959, 10239, 11519, 12799, 14079, 15359, 17919, 19199, 20479, 21759, 23039, 24319, 25599, 26879, 28159, 29439, 30719, 31999, 33279, 34559, 35839, 37119, 38399, 39679, 40959, 42239, 43519, 44799, 46079, 47359, 49663, 50943, 52223], "acc_series": [[255, 0.046875], [511, 0.0546875], [767, 0.0703125], [1023, 0.0869140625], [1279, 0.1109375], [1535, 0.12890625], [1791, 0.14341517857142858], [2047, 0.1572265625], [2303, 0.1623263888888889], [2559, 0.165234375], [2815, 0.16583806818181818], [3071, 0.17154947916666666], [3327, 0.1739783653846154], [3583, 0.17885044642857142], [3839, 0.1828125], [4095, 0.18408203125], [4351, 0.18681066176470587], [4607, 0.1870659722222222], [4863, 0.18914473684210525], [5119, 0.192578125], [5375, 0.1953125], [5631, 0.19495738636363635], [5887, 0.19548233695652173], [6143, 0.19498697916666666], [6399, 0.1946875], [6655, 0.19441105769230768], [6911, 0.19401041666666666], [7167, 0.19182477678571427], [7423, 0.19140625], [7679, 0.191015625], [7935, 0.1927923387096774], [8191, 0.19384765625], [8447, 0.1923532196969697], [8703, 0.1928998161764706], [8959, 0.19252232142857142], [9215, 0.1929253472222222], [9471, 0.19246199324324326], [9727, 0.19407894736842105], [9983, 0.19491185897435898], [10239, 0.19638671875], [10495, 0.19798018292682926], [10751, 0.19940476190476192], [11007, 0.2003997093023256], [11263, 0.20143821022727273], [11519, 0.20173611111111112], [11775, 0.20253057065217392], [12031, 0.2042054521276596], [12287, 0.20524088541666666], [12543, 0.2059948979591837], [12799, 0.2028125], [13055, 0.19883578431372548], [13311, 0.19501201923076922], [13567, 0.19147995283018868], [13823, 0.18858506944444445], [14079, 0.18934659090909092], [14335, 0.19949776785714285], [14591, 0.1972313596491228], [14847, 0.19383081896551724], [15103, 0.19061175847457626], [15359, 0.18743489583333334], [15615, 0.1843621926229508], [15871, 0.18138860887096775], [16127, 0.17857142857142858], [16383, 0.17578125], [16639, 0.17307692307692307], [16895, 0.17045454545454544], [17151, 0.16791044776119404], [17407, 0.1654986213235294], [17663, 0.16310009057971014], [17919, 0.16322544642857142], [18175, 0.16835387323943662], [18431, 0.171875], [18687, 0.175513698630137], [18943, 0.17931798986486486], [19199, 0.18307291666666667], [19455, 0.18724300986842105], [19711, 0.1890726461038961], [19967, 0.18940304487179488], [20223, 0.18937895569620253], [20479, 0.18974609375], [20735, 0.18971836419753085], [20991, 0.18969131097560976], [21247, 0.18952371987951808], [21503, 0.18936011904761904], [21759, 0.18943014705882352], [22015, 0.18931686046511628], [22271, 0.18943067528735633], [22527, 0.18900923295454544], [22783, 0.18881671348314608], [23039, 0.18910590277777778], [23295, 0.18956043956043955], [23551, 0.18941066576086957], [23807, 0.18939012096774194], [24063, 0.19007646276595744], [24319, 0.19078947368421054], [24575, 0.19132486979166666], [24831, 0.19249355670103094], [25087, 0.19371811224489796], [25343, 0.19468118686868688], [25599, 0.195859375], [25855, 0.19751701732673269], [26111, 0.19887408088235295], [26367, 0.19967384708737865], [26623, 0.20090895432692307], [26879, 0.20230654761904762], [27135, 0.20345666273584906], [27391, 0.20480432242990654], [27647, 0.20609085648148148], [27903, 0.20710292431192662], [28159, 0.20553977272727272], [28415, 0.20368806306306306], [28671, 0.20186941964285715], [28927, 0.2001521017699115], [29183, 0.19843064692982457], [29439, 0.19684103260869565], [29695, 0.19534617456896552], [29951, 0.1938434829059829], [30207, 0.19249867584745764], [30463, 0.1912749474789916], [30719, 0.19020182291666668], [30975, 0.1893724173553719], [31231, 0.1884285348360656], [31487, 0.1872459349593496], [31743, 0.18674395161290322], [31999, 0.18634375], [32255, 0.18687996031746032], [32511, 0.18771530511811024], [32767, 0.189453125], [33023, 0.19125484496124032], [33279, 0.19197716346153845], [33535, 0.19161498091603055], [33791, 0.19185014204545456], [34047, 0.19208176691729323], [34303, 0.19201842350746268], [34559, 0.1917824074074074], [34815, 0.19140625], [35071, 0.19112112226277372], [35327, 0.19120810688405798], [35583, 0.19157486510791366], [35839, 0.19188058035714287], [36095, 0.19187721631205673], [36351, 0.19203895246478872], [36607, 0.19211647727272727], [36863, 0.19200303819444445], [37119, 0.19189116379310345], [37375, 0.1918343321917808], [37631, 0.19188456632653061], [37887, 0.19219805743243243], [38143, 0.19235004194630873], [38399, 0.19109375], [38655, 0.1898540976821192], [38911, 0.18986430921052633], [39167, 0.19000204248366012], [39423, 0.1902140827922078], [39679, 0.19014616935483872], [39935, 0.1899539262820513], [40191, 0.18951532643312102], [40447, 0.18930478639240506], [40703, 0.1889249213836478], [40959, 0.188818359375], [41215, 0.1889557453416149], [41471, 0.18916377314814814], [41727, 0.18965682515337423], [41983, 0.19002477134146342], [42239, 0.19081439393939395], [42495, 0.19142978162650603], [42751, 0.1924120508982036], [43007, 0.19340587797619047], [43263, 0.19422614644970415], [43519, 0.19512867647058824], [43775, 0.19592927631578946], [44031, 0.19676598837209303], [44287, 0.19748013005780346], [44543, 0.1980738146551724], [44799, 0.19868303571428572], [45055, 0.19966264204545456], [45311, 0.2002780720338983], [45567, 0.2011060393258427], [45823, 0.20188111033519554], [46079, 0.20286458333333332], [46335, 0.2037077002762431], [46591, 0.20464886675824176], [46847, 0.20476861338797814], [47103, 0.20365574048913043], [47359, 0.20255489864864865], [47615, 0.2014658938172043], [47871, 0.200430314171123], [48127, 0.19936419547872342], [48383, 0.19835069444444445], [48639, 0.19732730263157894], [48895, 0.19633507853403143], [49151, 0.1954345703125], [49407, 0.19462435233160622], [49663, 0.19390302835051546], [49919, 0.19332932692307692], [50175, 0.193359375], [50431, 0.19400380710659898], [50687, 0.19505602904040403], [50943, 0.19637248743718594], [51199, 0.19802734375], [51455, 0.1995879975124378], [51711, 0.2010945235148515], [51967, 0.20245150862068967], [52223, 0.20205269607843138], [52479, 0.20106707317073172], [52735, 0.20009101941747573], [52846, 0.1996707476299506]], "candidate_count_total": 39, "confirmed_count_total": 39, "created_at": 1767887402.1998827}