{"dataset_name": "INSECTS_abrupt_balanced", "dataset_type": "insects_real", "model_variant": "ts_drift_adapt_severity", "seed": 20, "monitor_preset": "error_divergence_ph_meta@error.threshold=0.03,error.min_instances=5", "monitor_preset_base": "error_divergence_ph_meta", "monitor_ph_params": {"error_rate": {"delta": 0.005, "alpha": 0.15, "threshold": 0.03, "min_instances": 5}, "divergence": {"delta": 0.005, "alpha": 0.1, "threshold": 0.05, "min_instances": 30}}, "monitor_ph_overrides": {"error_rate": {"threshold": 0.03, "min_instances": 5}}, "trigger_mode": "two_stage", "trigger_k": 2, "trigger_threshold": 0.5, "trigger_weights": "confirm_cooldown=200,divergence=0.3,error_rate=0.5,teacher_entropy=0.2", "confirm_window": 1, "confirm_cooldown": 0, "adaptive_cooldown_enabled": 0, "adaptive_window": 10000, "adaptive_lower_per10k": 10.0, "adaptive_upper_per10k": 25.0, "adaptive_cooldown_low": 200, "adaptive_cooldown_high": 500, "severity_scheduler_scale": 2.0, "use_severity_v2": 1, "severity_gate": "none", "severity_gate_min_streak": 1, "entropy_mode": "uncertain", "severity_decay": 0.95, "freeze_baseline_steps": 5, "n_steps": 1200, "horizon": 52847, "acc_final": 0.19026624027853994, "mean_acc": 0.19163811268813477, "acc_min": 0.161231884057971, "candidate_sample_idxs": [1535, 2815, 4095, 5375, 6655, 7935, 9215, 10495, 11775, 13055, 14335, 17919, 19199, 20479, 21759, 23039, 24319, 25599, 26879, 28159, 29439, 30719, 31999, 33279, 34559, 35839, 37119, 38399, 39679, 40959, 42239, 43519, 44799, 46079, 47359, 48895, 50175, 51455, 52735], "confirmed_sample_idxs": [1535, 2815, 4095, 5375, 6655, 7935, 9215, 10495, 11775, 13055, 14335, 17919, 19199, 20479, 21759, 23039, 24319, 25599, 26879, 28159, 29439, 30719, 31999, 33279, 34559, 35839, 37119, 38399, 39679, 40959, 42239, 43519, 44799, 46079, 47359, 48895, 50175, 51455, 52735], "acc_series": [[255, 0.1796875], [511, 0.1796875], [767, 0.18098958333333334], [1023, 0.1748046875], [1279, 0.18203125], [1535, 0.177734375], [1791, 0.17522321428571427], [2047, 0.1826171875], [2303, 0.18836805555555555], [2559, 0.193359375], [2815, 0.19318181818181818], [3071, 0.1943359375], [3327, 0.2013221153846154], [3583, 0.20396205357142858], [3839, 0.20260416666666667], [4095, 0.201416015625], [4351, 0.20013786764705882], [4607, 0.19813368055555555], [4863, 0.19860197368421054], [5119, 0.1990234375], [5375, 0.19977678571428573], [5631, 0.2022372159090909], [5887, 0.2034646739130435], [6143, 0.20328776041666666], [6399, 0.20375], [6655, 0.20447716346153846], [6911, 0.20616319444444445], [7167, 0.20535714285714285], [7423, 0.20689655172413793], [7679, 0.20690104166666667], [7935, 0.20803931451612903], [8191, 0.208984375], [8447, 0.20939867424242425], [8703, 0.21036305147058823], [8959, 0.21049107142857143], [9215, 0.2116970486111111], [9471, 0.21230996621621623], [9727, 0.21247944078947367], [9983, 0.21103766025641027], [10239, 0.2119140625], [10495, 0.21160442073170732], [10751, 0.21121651785714285], [11007, 0.2116642441860465], [11263, 0.21155894886363635], [11519, 0.21197916666666666], [11775, 0.21221127717391305], [12031, 0.21309840425531915], [12287, 0.21402994791666666], [12543, 0.2147640306122449], [12799, 0.2115625], [13055, 0.20741421568627452], [13311, 0.20342548076923078], [13567, 0.19958726415094338], [13823, 0.1958912037037037], [14079, 0.19332386363636364], [14335, 0.19705636160714285], [14591, 0.19496984649122806], [14847, 0.1916082974137931], [15103, 0.188426906779661], [15359, 0.18528645833333332], [15615, 0.18224897540983606], [15871, 0.17930947580645162], [16127, 0.17652529761904762], [16383, 0.17376708984375], [16639, 0.17109375], [16895, 0.16850142045454544], [17151, 0.165986473880597], [17407, 0.1636029411764706], [17663, 0.161231884057971], [17919, 0.161328125], [18175, 0.16653829225352113], [18431, 0.1706271701388889], [18687, 0.17444349315068494], [18943, 0.17826224662162163], [19199, 0.1821875], [19455, 0.18631784539473684], [19711, 0.18785511363636365], [19967, 0.18810096153846154], [20223, 0.1880439082278481], [20479, 0.18837890625], [20735, 0.18841628086419754], [20991, 0.18845274390243902], [21247, 0.18825301204819278], [21503, 0.18819754464285715], [21759, 0.1879595588235294], [22015, 0.18777252906976744], [22271, 0.18790409482758622], [22527, 0.18745561079545456], [22783, 0.1875438904494382], [23039, 0.187890625], [23295, 0.18797218406593408], [23551, 0.18864639945652173], [23807, 0.18922211021505375], [24063, 0.19028424202127658], [24319, 0.19099506578947367], [24575, 0.19205729166666666], [24831, 0.19358086340206185], [25087, 0.19451530612244897], [25343, 0.1957465277777778], [25599, 0.19703125], [25855, 0.19829053217821782], [26111, 0.19883578431372548], [26367, 0.1992945995145631], [26623, 0.20015775240384615], [26879, 0.20085565476190476], [27135, 0.20187205188679244], [27391, 0.20286945093457945], [27647, 0.20377604166666666], [27903, 0.20455848623853212], [28159, 0.20287642045454546], [28415, 0.20111908783783783], [28671, 0.19942801339285715], [28927, 0.19783600663716813], [29183, 0.1962376644736842], [29439, 0.19487092391304348], [29695, 0.19362877155172414], [29951, 0.19240785256410256], [30207, 0.1912407309322034], [30463, 0.19019170168067226], [30719, 0.18912760416666666], [30975, 0.1885653409090909], [31231, 0.18762807377049182], [31487, 0.1872776930894309], [31743, 0.18658644153225806], [31999, 0.18609375], [32255, 0.18563988095238096], [32511, 0.1853777066929134], [32767, 0.185302734375], [33023, 0.18553173449612403], [33279, 0.1859375], [33535, 0.18588979007633588], [33791, 0.18599076704545456], [34047, 0.18594337406015038], [34303, 0.18607159514925373], [34559, 0.1863136574074074], [34815, 0.18626493566176472], [35071, 0.18633097627737227], [35327, 0.18602807971014493], [35583, 0.18612297661870503], [35839, 0.18599330357142857], [36095, 0.186114804964539], [36351, 0.18612455985915494], [36607, 0.1863527097902098], [36863, 0.18663194444444445], [37119, 0.18658405172413794], [37375, 0.18664383561643835], [37631, 0.18678252551020408], [37887, 0.18707770270270271], [38143, 0.18742135067114093], [38399, 0.186171875], [38655, 0.18493894867549668], [38911, 0.18472450657894737], [39167, 0.18453839869281047], [39423, 0.18458299512987014], [39679, 0.18460181451612903], [39935, 0.1844200721153846], [40191, 0.1839669585987261], [40447, 0.18356902689873417], [40703, 0.1831515330188679], [40959, 0.1831787109375], [41215, 0.18301145186335405], [41471, 0.18349729938271606], [41727, 0.18373753834355827], [41983, 0.1842844893292683], [42239, 0.18477746212121213], [42495, 0.18549981174698796], [42751, 0.18611994760479042], [43007, 0.1868954613095238], [43263, 0.18782359467455623], [43519, 0.18864889705882354], [43775, 0.18935032894736842], [44031, 0.1903842659883721], [44287, 0.190774024566474], [44543, 0.19136135057471265], [44799, 0.19209821428571427], [45055, 0.1927157315340909], [45311, 0.19312764830508475], [45567, 0.19377633426966293], [45823, 0.19437412709497207], [46079, 0.19529079861111112], [46335, 0.19580887430939226], [46591, 0.19647149725274726], [46847, 0.19642247267759563], [47103, 0.19535495923913043], [47359, 0.1942989864864865], [47615, 0.1932543682795699], [47871, 0.19222092245989306], [48127, 0.1912815824468085], [48383, 0.19031084656084657], [48639, 0.18939144736842106], [48895, 0.18854303010471204], [49151, 0.18768310546875], [49407, 0.1870142487046632], [49663, 0.18635228737113402], [49919, 0.1860176282051282], [50175, 0.18614477040816327], [50431, 0.186627538071066], [50687, 0.18740135732323232], [50943, 0.18834406407035176], [51199, 0.18927734375], [51455, 0.19045398009950248], [51711, 0.1916769801980198], [51967, 0.1930033866995074], [52223, 0.1925359987745098], [52479, 0.1915967987804878], [52735, 0.1906667172330097], [52846, 0.19026624027853994]], "candidate_count_total": 39, "confirmed_count_total": 39, "created_at": 1767889825.3689299}