{"dataset_name": "sine_nodrift", "dataset_type": "sine", "model_variant": "ts_drift_adapt", "seed": 5, "monitor_preset": "error_divergence_ph_meta@error.threshold=0.10,error.min_instances=5", "monitor_preset_base": "error_divergence_ph_meta", "monitor_ph_params": {"error_rate": {"delta": 0.005, "alpha": 0.15, "threshold": 0.1, "min_instances": 5}, "divergence": {"delta": 0.005, "alpha": 0.1, "threshold": 0.05, "min_instances": 30}}, "monitor_ph_overrides": {"error_rate": {"threshold": 0.1, "min_instances": 5}}, "trigger_mode": "two_stage", "trigger_k": 2, "trigger_threshold": 0.5, "trigger_weights": "__confirm_cooldown=200,__confirm_rule=perm_test,__perm_alpha=0.005,__perm_delta_k=50,__perm_min_effect=0,__perm_n_perm=200,__perm_post_n=20,__perm_pre_n=200,__perm_rng_seed=0,__perm_stat=delta_fused_score,divergence=0.3,error_rate=0.5,teacher_entropy=0.2", "confirm_window": 3, "confirm_cooldown": 0, "adaptive_cooldown_enabled": 0, "adaptive_window": 10000, "adaptive_lower_per10k": 10.0, "adaptive_upper_per10k": 25.0, "adaptive_cooldown_low": 200, "adaptive_cooldown_high": 500, "severity_scheduler_scale": 1.0, "use_severity_v2": 0, "severity_gate": "none", "severity_gate_min_streak": 1, "entropy_mode": "overconfident", "severity_decay": 0.95, "freeze_baseline_steps": 0, "n_steps": 800, "horizon": 10000, "acc_final": 0.923, "mean_acc": 0.8524455053223189, "acc_min": 0.5885416666666666, "candidate_sample_idxs": [319, 639, 959, 1279, 1599, 1919, 2239, 2559, 2879, 3199, 3519, 3839, 4223, 4543, 4863, 5183, 5887, 6207, 6527, 7039, 7359, 7743, 8063, 8383, 9663], "confirmed_sample_idxs": [639, 959, 1343, 1663, 1983, 2559, 2879, 3391, 3839, 4223, 4863, 5887, 6591, 7039, 7743, 9663], "acc_series": [[63, 0.6875], [127, 0.6015625], [191, 0.5885416666666666], [255, 0.58984375], [319, 0.6], [383, 0.6328125], [447, 0.6607142857142857], [511, 0.673828125], [575, 0.6875], [639, 0.696875], [703, 0.7073863636363636], [767, 0.7252604166666666], [831, 0.7331730769230769], [895, 0.7477678571428571], [959, 0.7520833333333333], [1023, 0.7578125], [1087, 0.7573529411764706], [1151, 0.7569444444444444], [1215, 0.7557565789473685], [1279, 0.7609375], [1343, 0.7626488095238095], [1407, 0.7691761363636364], [1471, 0.7751358695652174], [1535, 0.7805989583333334], [1599, 0.7875], [1663, 0.7902644230769231], [1727, 0.7934027777777778], [1791, 0.7974330357142857], [1855, 0.7979525862068966], [1919, 0.8005208333333333], [1983, 0.8034274193548387], [2047, 0.80712890625], [2111, 0.8096590909090909], [2175, 0.8088235294117647], [2239, 0.8098214285714286], [2303, 0.8129340277777778], [2367, 0.8150337837837838], [2431, 0.8178453947368421], [2495, 0.8197115384615384], [2559, 0.821484375], [2623, 0.8243140243902439], [2687, 0.8262648809523809], [2751, 0.828125], [2815, 0.8313210227272727], [2879, 0.8333333333333334], [2943, 0.8362771739130435], [3007, 0.8384308510638298], [3071, 0.8388671875], [3135, 0.8405612244897959], [3199, 0.840625], [3263, 0.8428308823529411], [3327, 0.84375], [3391, 0.8449292452830188], [3455, 0.8466435185185185], [3519, 0.8474431818181818], [3583, 0.849609375], [3647, 0.8519736842105263], [3711, 0.8531788793103449], [3775, 0.8551377118644068], [3839, 0.8559895833333333], [3903, 0.8575819672131147], [3967, 0.858366935483871], [4031, 0.8598710317460317], [4095, 0.861328125], [4159, 0.8627403846153846], [4223, 0.8633996212121212], [4287, 0.8647388059701493], [4351, 0.8658088235294118], [4415, 0.8668478260869565], [4479, 0.8678571428571429], [4543, 0.8692781690140845], [4607, 0.8702256944444444], [4671, 0.8717893835616438], [4735, 0.8730996621621622], [4799, 0.8747916666666666], [4863, 0.8752055921052632], [4927, 0.8764204545454546], [4991, 0.8780048076923077], [5055, 0.8793512658227848], [5119, 0.880078125], [5183, 0.8811728395061729], [5247, 0.8824314024390244], [5311, 0.8832831325301205], [5375, 0.8841145833333334], [5439, 0.8852941176470588], [5503, 0.8866279069767442], [5567, 0.8879310344827587], [5631, 0.8888494318181818], [5695, 0.8895716292134831], [5759, 0.890625], [5823, 0.8909684065934066], [5887, 0.8918138586956522], [5951, 0.8926411290322581], [6015, 0.8932845744680851], [6079, 0.8940789473684211], [6143, 0.89453125], [6207, 0.8949742268041238], [6271, 0.8958864795918368], [6335, 0.8959911616161617], [6399, 0.896875], [6463, 0.8975866336633663], [6527, 0.8982843137254902], [6591, 0.899120145631068], [6655, 0.8996394230769231], [6719, 0.9], [6783, 0.9009433962264151], [6847, 0.9017231308411215], [6911, 0.9020543981481481], [6975, 0.9029529816513762], [7039, 0.9032670454545455], [7103, 0.9038569819819819], [7167, 0.9040178571428571], [7231, 0.9048672566371682], [7295, 0.9054276315789473], [7359, 0.90625], [7423, 0.9067887931034483], [7487, 0.9073183760683761], [7551, 0.9079713983050848], [7615, 0.9082195378151261], [7679, 0.9087239583333333], [7743, 0.9088326446280992], [7807, 0.9095799180327869], [7871, 0.9099339430894309], [7935, 0.91015625], [7999, 0.9105], [8063, 0.9109623015873016], [8127, 0.9111712598425197], [8191, 0.9114990234375], [8255, 0.9120639534883721], [8319, 0.9123798076923076], [8383, 0.9130486641221374], [8447, 0.9135890151515151], [8511, 0.9141212406015038], [8575, 0.9147621268656716], [8639, 0.9150462962962963], [8703, 0.9149816176470589], [8767, 0.9153740875912408], [8831, 0.9157608695652174], [8895, 0.9162544964028777], [8959, 0.9166294642857142], [9023, 0.9171099290780141], [9087, 0.9175836267605634], [9151, 0.918159965034965], [9215, 0.9185112847222222], [9279, 0.9189655172413793], [9343, 0.9195205479452054], [9407, 0.9199617346938775], [9471, 0.9202913851351351], [9535, 0.9207214765100671], [9599, 0.9210416666666666], [9663, 0.9211506622516556], [9727, 0.9214638157894737], [9791, 0.921875], [9855, 0.922077922077922], [9919, 0.9224798387096774], [9983, 0.9228766025641025], [9999, 0.923]], "candidate_count_total": 24, "confirmed_count_total": 16, "created_at": 1768144944.1621072, "confirm_rule_effective": "perm_test", "last_perm_pvalue": 0.004975124378109453, "last_perm_effect": 0.07980258991403491, "perm_test_count_total": 51, "perm_accept_count_total": 16, "perm_reject_count_total": 35, "perm_alpha": 0.005, "perm_pvalue_p50": 1.0, "perm_pvalue_p90": 1.0, "perm_pvalue_p99": 1.0, "perm_pvalue_le_alpha_ratio": 0.3137254901960784, "perm_effect_p50": -0.006493483496755095, "perm_effect_p90": 0.07792942475916735, "perm_effect_p99": 0.12605399780212212}