{"dataset_name": "sine_nodrift", "dataset_type": "sine", "model_variant": "ts_drift_adapt", "seed": 3, "monitor_preset": "error_divergence_ph_meta@error.threshold=0.10,error.min_instances=5", "monitor_preset_base": "error_divergence_ph_meta", "monitor_ph_params": {"error_rate": {"delta": 0.005, "alpha": 0.15, "threshold": 0.1, "min_instances": 5}, "divergence": {"delta": 0.005, "alpha": 0.1, "threshold": 0.05, "min_instances": 30}}, "monitor_ph_overrides": {"error_rate": {"threshold": 0.1, "min_instances": 5}}, "trigger_mode": "two_stage", "trigger_k": 2, "trigger_threshold": 0.5, "trigger_weights": "__confirm_cooldown=200,__confirm_rule=perm_test,__perm_alpha=0.01,__perm_delta_k=25,__perm_min_effect=0,__perm_n_perm=200,__perm_post_n=30,__perm_pre_n=500,__perm_rng_seed=0,__perm_stat=delta_fused_score,divergence=0.3,error_rate=0.5,teacher_entropy=0.2", "confirm_window": 3, "confirm_cooldown": 0, "adaptive_cooldown_enabled": 0, "adaptive_window": 10000, "adaptive_lower_per10k": 10.0, "adaptive_upper_per10k": 25.0, "adaptive_cooldown_low": 200, "adaptive_cooldown_high": 500, "severity_scheduler_scale": 1.0, "use_severity_v2": 0, "severity_gate": "none", "severity_gate_min_streak": 1, "entropy_mode": "overconfident", "severity_decay": 0.95, "freeze_baseline_steps": 0, "n_steps": 800, "horizon": 10000, "acc_final": 0.8917, "mean_acc": 0.7864579102757018, "acc_min": 0.5729166666666666, "candidate_sample_idxs": [319, 639, 959, 1279, 1599, 1919, 2239, 2623, 3007, 3327, 3647, 3967, 4287, 4607, 4927, 5247, 5759, 6143, 6463, 7423, 7743, 8063, 8447, 8959, 9599, 9919], "confirmed_sample_idxs": [703, 959, 1343, 1599, 2047, 2687, 3007, 3327, 3839, 4351, 4991, 5311, 5759, 6143, 6527, 7423, 7743, 8447, 8959, 9599, 9983], "acc_series": [[63, 0.59375], [127, 0.5859375], [191, 0.5729166666666666], [255, 0.57421875], [319, 0.6], [383, 0.6223958333333334], [447, 0.6160714285714286], [511, 0.609375], [575, 0.5954861111111112], [639, 0.5921875], [703, 0.5894886363636364], [767, 0.5807291666666666], [831, 0.5829326923076923], [895, 0.5892857142857143], [959, 0.5885416666666666], [1023, 0.576171875], [1087, 0.5753676470588235], [1151, 0.5807291666666666], [1215, 0.5855263157894737], [1279, 0.59453125], [1343, 0.6026785714285714], [1407, 0.6100852272727273], [1471, 0.6209239130434783], [1535, 0.6263020833333334], [1599, 0.63375], [1663, 0.6454326923076923], [1727, 0.6510416666666666], [1791, 0.6607142857142857], [1855, 0.6681034482758621], [1919, 0.6760416666666667], [1983, 0.6834677419354839], [2047, 0.689453125], [2111, 0.6974431818181818], [2175, 0.7045036764705882], [2239, 0.7098214285714286], [2303, 0.7152777777777778], [2367, 0.7204391891891891], [2431, 0.7224506578947368], [2495, 0.7267628205128205], [2559, 0.730859375], [2623, 0.734375], [2687, 0.7366071428571429], [2751, 0.7398255813953488], [2815, 0.7428977272727273], [2879, 0.746875], [2943, 0.7483016304347826], [3007, 0.7523271276595744], [3071, 0.7545572916666666], [3135, 0.7579719387755102], [3199, 0.760625], [3263, 0.7637867647058824], [3327, 0.7677283653846154], [3391, 0.7703419811320755], [3455, 0.7725694444444444], [3519, 0.774715909090909], [3583, 0.77734375], [3647, 0.7807017543859649], [3711, 0.7828663793103449], [3775, 0.7854872881355932], [3839, 0.78828125], [3903, 0.7904713114754098], [3967, 0.7930947580645161], [4031, 0.794890873015873], [4095, 0.796875], [4159, 0.7985576923076924], [4223, 0.8011363636363636], [4287, 0.8036380597014925], [4351, 0.8056066176470589], [4415, 0.806838768115942], [4479, 0.8089285714285714], [4543, 0.8100792253521126], [4607, 0.8122829861111112], [4671, 0.8137842465753424], [4735, 0.8156672297297297], [4799, 0.8179166666666666], [4863, 0.8194901315789473], [4927, 0.8214285714285714], [4991, 0.8231169871794872], [5055, 0.8249604430379747], [5119, 0.8267578125], [5183, 0.8287037037037037], [5247, 0.8298399390243902], [5311, 0.8315135542168675], [5375, 0.8335193452380952], [5439, 0.8352941176470589], [5503, 0.8366642441860465], [5567, 0.8381824712643678], [5631, 0.8394886363636364], [5695, 0.8411165730337079], [5759, 0.8425347222222223], [5823, 0.8442651098901099], [5887, 0.8445991847826086], [5951, 0.8457661290322581], [6015, 0.847406914893617], [6079, 0.8483552631578948], [6143, 0.849609375], [6207, 0.8505154639175257], [6271, 0.8515625], [6335, 0.8519570707070707], [6399, 0.8521875], [6463, 0.8530321782178217], [6527, 0.8540134803921569], [6591, 0.8552791262135923], [6655, 0.8560697115384616], [6719, 0.8572916666666667], [6783, 0.8580483490566038], [6847, 0.8590829439252337], [6911, 0.8600983796296297], [6975, 0.861381880733945], [7039, 0.8623579545454545], [7103, 0.8634572072072072], [7167, 0.8646763392857143], [7231, 0.8657356194690266], [7295, 0.8667763157894737], [7359, 0.8672554347826087], [7423, 0.8678609913793104], [7487, 0.8688568376068376], [7551, 0.8698358050847458], [7615, 0.8705357142857143], [7679, 0.8712239583333333], [7743, 0.872029958677686], [7807, 0.8728227459016393], [7871, 0.8736026422764228], [7935, 0.8741179435483871], [7999, 0.874625], [8063, 0.8752480158730159], [8127, 0.8759842519685039], [8191, 0.876708984375], [8255, 0.8771802325581395], [8319, 0.877764423076923], [8383, 0.8784589694656488], [8447, 0.87890625], [8511, 0.8795817669172933], [8575, 0.8802472014925373], [8639, 0.8809027777777778], [8703, 0.8812040441176471], [8767, 0.8815009124087592], [8831, 0.8823596014492754], [8895, 0.8825314748201439], [8959, 0.8830357142857143], [9023, 0.8837544326241135], [9087, 0.8841329225352113], [9151, 0.884833916083916], [9215, 0.8850911458333334], [9279, 0.8858836206896552], [9343, 0.886451198630137], [9407, 0.8870110544217688], [9471, 0.887668918918919], [9535, 0.8882130872483222], [9599, 0.8884375], [9663, 0.8888658940397351], [9727, 0.8894942434210527], [9791, 0.8899101307189542], [9855, 0.890422077922078], [9919, 0.8908266129032258], [9983, 0.8915264423076923], [9999, 0.8917]], "candidate_count_total": 24, "confirmed_count_total": 21, "created_at": 1768146366.6472569, "confirm_rule_effective": "perm_test", "last_perm_pvalue": 0.004975124378109453, "last_perm_effect": 0.035316343881223226, "perm_test_count_total": 42, "perm_accept_count_total": 21, "perm_reject_count_total": 21, "perm_alpha": 0.01, "perm_pvalue_p50": 0.01243781094527363, "perm_pvalue_p90": 1.0, "perm_pvalue_p99": 1.0, "perm_pvalue_le_alpha_ratio": 0.5, "perm_effect_p50": 0.022019895756940643, "perm_effect_p90": 0.07242094845146659, "perm_effect_p99": 0.15120126083230934}