{"dataset_name": "sine_nodrift", "dataset_type": "sine", "model_variant": "ts_drift_adapt", "seed": 3, "monitor_preset": "error_divergence_ph_meta@error.threshold=0.10,error.min_instances=5", "monitor_preset_base": "error_divergence_ph_meta", "monitor_ph_params": {"error_rate": {"delta": 0.005, "alpha": 0.15, "threshold": 0.1, "min_instances": 5}, "divergence": {"delta": 0.005, "alpha": 0.1, "threshold": 0.05, "min_instances": 30}}, "monitor_ph_overrides": {"error_rate": {"threshold": 0.1, "min_instances": 5}}, "trigger_mode": "two_stage", "trigger_k": 2, "trigger_threshold": 0.5, "trigger_weights": "__confirm_cooldown=200,__confirm_rule=perm_test,__perm_alpha=0.02,__perm_delta_k=50,__perm_min_effect=0,__perm_n_perm=200,__perm_post_n=50,__perm_pre_n=200,__perm_rng_seed=0,__perm_stat=delta_fused_score,divergence=0.3,error_rate=0.5,teacher_entropy=0.2", "confirm_window": 3, "confirm_cooldown": 0, "adaptive_cooldown_enabled": 0, "adaptive_window": 10000, "adaptive_lower_per10k": 10.0, "adaptive_upper_per10k": 25.0, "adaptive_cooldown_low": 200, "adaptive_cooldown_high": 500, "severity_scheduler_scale": 1.0, "use_severity_v2": 0, "severity_gate": "none", "severity_gate_min_streak": 1, "entropy_mode": "overconfident", "severity_decay": 0.95, "freeze_baseline_steps": 0, "n_steps": 800, "horizon": 10000, "acc_final": 0.9244, "mean_acc": 0.8528924214739643, "acc_min": 0.421875, "candidate_sample_idxs": [319, 639, 959, 1279, 1599, 1919, 2303, 2623, 2943, 3263, 3583, 3903, 4223, 4543, 4863, 5183, 5503, 5823, 6143, 6463, 6975, 7551, 7935, 8255, 9791], "confirmed_sample_idxs": [703, 959, 1279, 1599, 1983, 2303, 2687, 3455, 3967, 4287, 4543, 4991, 5503, 6143, 6975, 7551, 7935, 9791], "acc_series": [[63, 0.421875], [127, 0.4765625], [191, 0.5416666666666666], [255, 0.59375], [319, 0.63125], [383, 0.6614583333333334], [447, 0.6741071428571429], [511, 0.68359375], [575, 0.6875], [639, 0.6953125], [703, 0.6974431818181818], [767, 0.6979166666666666], [831, 0.7115384615384616], [895, 0.7243303571428571], [959, 0.7270833333333333], [1023, 0.73828125], [1087, 0.7472426470588235], [1151, 0.7569444444444444], [1215, 0.7606907894736842], [1279, 0.759375], [1343, 0.7633928571428571], [1407, 0.7670454545454546], [1471, 0.7730978260869565], [1535, 0.775390625], [1599, 0.78125], [1663, 0.7854567307692307], [1727, 0.7876157407407407], [1791, 0.7896205357142857], [1855, 0.7925646551724138], [1919, 0.7958333333333333], [1983, 0.7998991935483871], [2047, 0.80322265625], [2111, 0.8072916666666666], [2175, 0.8115808823529411], [2239, 0.8147321428571429], [2303, 0.8185763888888888], [2367, 0.8217905405405406], [2431, 0.8236019736842105], [2495, 0.8257211538461539], [2559, 0.827734375], [2623, 0.8300304878048781], [2687, 0.8325892857142857], [2751, 0.8350290697674418], [2815, 0.8366477272727273], [2879, 0.8399305555555555], [2943, 0.8413722826086957], [3007, 0.8440824468085106], [3071, 0.8453776041666666], [3135, 0.8478954081632653], [3199, 0.85], [3263, 0.8514093137254902], [3327, 0.8533653846153846], [3391, 0.8558372641509434], [3455, 0.8567708333333334], [3519, 0.8573863636363637], [3583, 0.8585379464285714], [3647, 0.8596491228070176], [3711, 0.861260775862069], [3775, 0.863082627118644], [3839, 0.8645833333333334], [3903, 0.8652663934426229], [3967, 0.8666834677419355], [4031, 0.8675595238095238], [4095, 0.869140625], [4159, 0.8704326923076923], [4223, 0.8719223484848485], [4287, 0.8738339552238806], [4351, 0.875], [4415, 0.8765851449275363], [4479, 0.878125], [4543, 0.879181338028169], [4607, 0.8804253472222222], [4671, 0.8803510273972602], [4735, 0.8809121621621622], [4799, 0.881875], [4863, 0.8828125], [4927, 0.8837256493506493], [4991, 0.8848157051282052], [5055, 0.8852848101265823], [5119, 0.8861328125], [5183, 0.8869598765432098], [5247, 0.887766768292683], [5311, 0.8885542168674698], [5375, 0.8893229166666666], [5439, 0.890625], [5503, 0.8911700581395349], [5567, 0.8917025862068966], [5631, 0.8927556818181818], [5695, 0.8932584269662921], [5759, 0.8939236111111111], [5823, 0.8950892857142857], [5887, 0.8957201086956522], [5951, 0.896505376344086], [6015, 0.8972739361702128], [6079, 0.8980263157894737], [6143, 0.8984375], [6207, 0.8991623711340206], [6271, 0.900031887755102], [6335, 0.9004103535353535], [6399, 0.9009375], [6463, 0.901299504950495], [6527, 0.9018075980392157], [6591, 0.9027609223300971], [6655, 0.9029447115384616], [6719, 0.9032738095238095], [6783, 0.9038915094339622], [6847, 0.9043516355140186], [6911, 0.9050925925925926], [6975, 0.9056766055045872], [7039, 0.9061079545454546], [7103, 0.9068130630630631], [7167, 0.9075055803571429], [7231, 0.9080475663716814], [7295, 0.9085800438596491], [7359, 0.908695652173913], [7423, 0.9092133620689655], [7487, 0.9098557692307693], [7551, 0.9104872881355932], [7615, 0.911108193277311], [7679, 0.91171875], [7743, 0.9123192148760331], [7807, 0.9129098360655737], [7871, 0.9134908536585366], [7935, 0.9138104838709677], [7999, 0.914375], [8063, 0.9149305555555556], [8127, 0.9152312992125984], [8191, 0.91552734375], [8255, 0.9155765503875969], [8319, 0.9162259615384616], [8383, 0.9162690839694656], [8447, 0.9167850378787878], [8511, 0.9172932330827067], [8575, 0.9176772388059702], [8639, 0.9182870370370371], [8703, 0.9184283088235294], [8767, 0.9183394160583942], [8831, 0.9189311594202898], [8895, 0.9190647482014388], [8959, 0.9194196428571428], [9023, 0.9199911347517731], [9087, 0.9203345070422535], [9151, 0.9208916083916084], [9215, 0.9213324652777778], [9279, 0.9217672413793103], [9343, 0.9221960616438356], [9407, 0.9226190476190477], [9471, 0.922825168918919], [9535, 0.9228187919463087], [9599, 0.923125], [9663, 0.9231167218543046], [9727, 0.9232113486842105], [9791, 0.9233047385620915], [9855, 0.9238027597402597], [9919, 0.9240927419354839], [9983, 0.9242788461538461], [9999, 0.9244]], "candidate_count_total": 23, "confirmed_count_total": 18, "created_at": 1768131730.3743882, "confirm_rule_effective": "perm_test", "last_perm_pvalue": 0.004975124378109453, "last_perm_effect": 0.07915399166356164, "perm_test_count_total": 44, "perm_accept_count_total": 18, "perm_reject_count_total": 26, "perm_alpha": 0.02, "perm_pvalue_p50": 1.0, "perm_pvalue_p90": 1.0, "perm_pvalue_p99": 1.0, "perm_pvalue_le_alpha_ratio": 0.4090909090909091, "perm_effect_p50": -0.0035520062745024164, "perm_effect_p90": 0.0719885840977882, "perm_effect_p99": 0.10547296901239596}