{"dataset_name": "INSECTS_abrupt_balanced", "dataset_type": "insects_real", "model_variant": "ts_drift_adapt_severity", "seed": 3, "monitor_preset": "error_divergence_ph_meta@error.threshold=0.05,error.min_instances=5", "monitor_preset_base": "error_divergence_ph_meta", "monitor_ph_params": {"error_rate": {"delta": 0.005, "alpha": 0.15, "threshold": 0.05, "min_instances": 5}, "divergence": {"delta": 0.005, "alpha": 0.1, "threshold": 0.05, "min_instances": 30}}, "monitor_ph_overrides": {"error_rate": {"threshold": 0.05, "min_instances": 5}}, "trigger_mode": "two_stage", "trigger_k": 2, "trigger_threshold": 0.5, "trigger_weights": "confirm_cooldown=200,divergence=0.3,error_rate=0.5,teacher_entropy=0.2", "confirm_window": 1, "confirm_cooldown": 0, "severity_scheduler_scale": 1.0, "use_severity_v2": 1, "severity_gate": "confirmed_streak", "severity_gate_min_streak": 1, "entropy_mode": "overconfident", "severity_decay": 0.95, "freeze_baseline_steps": 0, "n_steps": 1200, "horizon": 52847, "acc_final": 0.20419323708062898, "mean_acc": 0.19996698205879063, "acc_min": 0.14453125, "candidate_sample_idxs": [1279, 2559, 3839, 5119, 6399, 7679, 8959, 10239, 11519, 12799, 14591, 15871, 17919, 19199, 20479, 21759, 23039, 24319, 25599, 26879, 28159, 29439, 31487, 32767, 34047, 35327, 36607, 37887, 39167, 40447, 41727, 43007, 44287, 45567, 46847, 50431, 51711, 52846], "confirmed_sample_idxs": [1279, 2559, 3839, 5119, 6399, 7679, 8959, 10239, 11519, 12799, 14591, 15871, 17919, 19199, 20479, 21759, 23039, 24319, 25599, 26879, 28159, 29439, 31487, 32767, 34047, 35327, 36607, 37887, 39167, 40447, 41727, 43007, 44287, 45567, 46847, 50431, 51711, 52846], "acc_series": [[255, 0.14453125], [511, 0.1484375], [767, 0.16015625], [1023, 0.17578125], [1279, 0.18671875], [1535, 0.19075520833333334], [1791, 0.18805803571428573], [2047, 0.1875], [2303, 0.1875], [2559, 0.18828125], [2815, 0.18572443181818182], [3071, 0.18522135416666666], [3327, 0.18689903846153846], [3583, 0.18861607142857142], [3839, 0.18932291666666667], [4095, 0.190185546875], [4351, 0.19232536764705882], [4607, 0.19205729166666666], [4863, 0.19263980263157895], [5119, 0.193359375], [5375, 0.19419642857142858], [5631, 0.19513494318181818], [5887, 0.19735054347826086], [6143, 0.19807942708333334], [6399, 0.2003125], [6655, 0.20042067307692307], [6911, 0.2025462962962963], [7167, 0.20479910714285715], [7423, 0.20703125], [7679, 0.20768229166666666], [7935, 0.20778729838709678], [8191, 0.2088623046875], [8447, 0.20928030303030304], [8703, 0.20967371323529413], [8959, 0.21015625], [9215, 0.2119140625], [9471, 0.21252111486486486], [9727, 0.21309621710526316], [9983, 0.21394230769230768], [10239, 0.21484375], [10495, 0.21560594512195122], [10751, 0.21781994047619047], [11007, 0.21856831395348839], [11263, 0.2197265625], [11519, 0.22039930555555556], [11775, 0.22078804347826086], [12031, 0.22124335106382978], [12287, 0.22257486979166666], [12543, 0.22393176020408162], [12799, 0.220234375], [13055, 0.21591605392156862], [13311, 0.2117638221153846], [13567, 0.2077682783018868], [13823, 0.2039207175925926], [14079, 0.2002130681818182], [14335, 0.19670758928571427], [14591, 0.19764254385964913], [14847, 0.19605334051724138], [15103, 0.19326006355932204], [15359, 0.19029947916666667], [15615, 0.1871798155737705], [15871, 0.18422379032258066], [16127, 0.1814236111111111], [16383, 0.1785888671875], [16639, 0.17584134615384617], [16895, 0.17329545454545456], [17151, 0.17076725746268656], [17407, 0.16831341911764705], [17663, 0.1659873188405797], [17919, 0.16584821428571428], [18175, 0.1703895246478873], [18431, 0.1740451388888889], [18687, 0.17706549657534246], [18943, 0.18037373310810811], [19199, 0.18359375], [19455, 0.18708881578947367], [19711, 0.18861607142857142], [19967, 0.18890224358974358], [20223, 0.18908227848101267], [20479, 0.189599609375], [20735, 0.18976658950617284], [20991, 0.1898342225609756], [21247, 0.18952371987951808], [21503, 0.189453125], [21759, 0.18924632352941176], [22015, 0.18931686046511628], [22271, 0.1896551724137931], [22527, 0.19011896306818182], [22783, 0.1912306882022472], [23039, 0.19240451388888888], [23295, 0.19295157967032966], [23551, 0.19442085597826086], [23807, 0.19548051075268819], [24063, 0.19705784574468085], [24319, 0.19835526315789473], [24575, 0.19938151041666666], [24831, 0.20034632731958762], [25087, 0.20121173469387754], [25343, 0.20280934343434343], [25599, 0.204140625], [25855, 0.20532951732673269], [26111, 0.20668658088235295], [26367, 0.20782766990291263], [26623, 0.20872145432692307], [26879, 0.21011904761904762], [27135, 0.21104805424528303], [27391, 0.2122882593457944], [27647, 0.21383101851851852], [27903, 0.21520212155963303], [28159, 0.21370738636363637], [28415, 0.21185247747747749], [28671, 0.2099609375], [28927, 0.2081720132743363], [29183, 0.20638020833333334], [29439, 0.20465353260869565], [29695, 0.2029566271551724], [29951, 0.20135550213675213], [30207, 0.19988082627118645], [30463, 0.19843093487394958], [30719, 0.19723307291666667], [30975, 0.19608729338842976], [31231, 0.19515240778688525], [31487, 0.19401041666666666], [31743, 0.1942414314516129], [31999, 0.1944375], [32255, 0.1956845238095238], [32511, 0.1972194881889764], [32767, 0.198974609375], [33023, 0.20094476744186046], [33279, 0.20120192307692308], [33535, 0.2011271469465649], [33791, 0.20143821022727273], [34047, 0.2018033364661654], [34303, 0.20166744402985073], [34559, 0.20170717592592594], [34815, 0.20157398897058823], [35071, 0.2015853102189781], [35327, 0.20165307971014493], [35583, 0.20183228417266186], [35839, 0.20200892857142858], [36095, 0.20176750886524822], [36351, 0.20188710387323944], [36607, 0.20192307692307693], [36863, 0.2020941840277778], [37119, 0.20218211206896552], [37375, 0.20229559075342465], [37631, 0.20240752551020408], [37887, 0.20264991554054054], [38143, 0.20283661912751677], [38399, 0.201484375], [38655, 0.20015004139072848], [38911, 0.1997584292763158], [39167, 0.19988255718954248], [39423, 0.19982751623376624], [39679, 0.2002016129032258], [39935, 0.2003956330128205], [40191, 0.20041301751592358], [40447, 0.2004054588607595], [40703, 0.20054540094339623], [40959, 0.2009033203125], [41215, 0.20113548136645962], [41471, 0.2013888888888889], [41727, 0.2015433282208589], [41983, 0.2021484375], [42239, 0.20338541666666668], [42495, 0.20432511295180722], [42751, 0.20537050898203593], [43007, 0.20621744791666666], [43263, 0.20705436390532544], [43519, 0.2078125], [43775, 0.20853892543859648], [44031, 0.20930232558139536], [44287, 0.2099440028901734], [44543, 0.21055585488505746], [44799, 0.2111830357142857], [45055, 0.21213600852272727], [45311, 0.21279131355932204], [45567, 0.21374648876404495], [45823, 0.21456005586592178], [46079, 0.2156467013888889], [46335, 0.21657026933701656], [46591, 0.21737637362637363], [46847, 0.21738387978142076], [47103, 0.21620244565217392], [47359, 0.2150337837837838], [47615, 0.213877688172043], [47871, 0.21273395721925134], [48127, 0.21160239361702127], [48383, 0.21048280423280424], [48639, 0.209375], [48895, 0.2082787958115183], [49151, 0.20723470052083334], [49407, 0.20622166450777202], [49663, 0.20517880154639176], [49919, 0.20420673076923077], [50175, 0.2032844387755102], [50431, 0.2029465418781726], [50687, 0.2026909722222222], [50943, 0.20302685301507536], [51199, 0.2034375], [51455, 0.20434934701492538], [51711, 0.2057356126237624], [51967, 0.20701200738916256], [52223, 0.20662913602941177], [52479, 0.20562118902439025], [52735, 0.20462302791262135], [52846, 0.20419323708062898]], "candidate_count_total": 38, "confirmed_count_total": 38, "created_at": 1767841980.328538}