{"dataset_name": "sine_nodrift", "dataset_type": "sine", "model_variant": "ts_drift_adapt", "seed": 2, "monitor_preset": "error_divergence_ph_meta@error.threshold=0.10,error.min_instances=5", "monitor_preset_base": "error_divergence_ph_meta", "monitor_ph_params": {"error_rate": {"delta": 0.005, "alpha": 0.15, "threshold": 0.1, "min_instances": 5}, "divergence": {"delta": 0.005, "alpha": 0.1, "threshold": 0.05, "min_instances": 30}}, "monitor_ph_overrides": {"error_rate": {"threshold": 0.1, "min_instances": 5}}, "trigger_mode": "two_stage", "trigger_k": 2, "trigger_threshold": 0.5, "trigger_weights": "__confirm_cooldown=200,__confirm_rule=perm_test,__perm_alpha=0.03,__perm_min_effect=0,__perm_n_perm=200,__perm_post_n=20,__perm_pre_n=500,__perm_rng_seed=0,__perm_stat=vote_score,divergence=0.3,error_rate=0.5,teacher_entropy=0.2", "confirm_window": 3, "confirm_cooldown": 0, "adaptive_cooldown_enabled": 0, "adaptive_window": 10000, "adaptive_lower_per10k": 10.0, "adaptive_upper_per10k": 25.0, "adaptive_cooldown_low": 200, "adaptive_cooldown_high": 500, "severity_scheduler_scale": 1.0, "use_severity_v2": 0, "severity_gate": "none", "severity_gate_min_streak": 1, "entropy_mode": "overconfident", "severity_decay": 0.95, "freeze_baseline_steps": 0, "n_steps": 800, "horizon": 10000, "acc_final": 0.9272, "mean_acc": 0.8514486290306669, "acc_min": 0.421875, "candidate_sample_idxs": [319, 639, 959, 1279, 1599, 1983, 2879, 3647, 3967, 4287, 4607, 4991, 5311, 5631, 5951, 6271, 6591, 6911, 7423, 7935, 8255, 8575, 8895, 9215, 9535, 9855], "confirmed_sample_idxs": [639, 959, 1279, 1599, 1983, 2879, 3647, 3967, 4287, 4607, 4991, 5311, 5631, 5951, 6271, 6591, 6911, 7423, 7935, 8255, 8575, 8895, 9215, 9535, 9855], "acc_series": [[63, 0.421875], [127, 0.4296875], [191, 0.5052083333333334], [255, 0.55859375], [319, 0.584375], [383, 0.59375], [447, 0.6227678571428571], [511, 0.634765625], [575, 0.6440972222222222], [639, 0.65], [703, 0.6519886363636364], [767, 0.6627604166666666], [831, 0.671875], [895, 0.6841517857142857], [959, 0.7], [1023, 0.7119140625], [1087, 0.7159926470588235], [1151, 0.7256944444444444], [1215, 0.734375], [1279, 0.740625], [1343, 0.7492559523809523], [1407, 0.7556818181818182], [1471, 0.7622282608695652], [1535, 0.7701822916666666], [1599, 0.776875], [1663, 0.7782451923076923], [1727, 0.7835648148148148], [1791, 0.7857142857142857], [1855, 0.7882543103448276], [1919, 0.7927083333333333], [1983, 0.796875], [2047, 0.8017578125], [2111, 0.8072916666666666], [2175, 0.8115808823529411], [2239, 0.8169642857142857], [2303, 0.8207465277777778], [2367, 0.8243243243243243], [2431, 0.8264802631578947], [2495, 0.8293269230769231], [2559, 0.832421875], [2623, 0.834984756097561], [2687, 0.8370535714285714], [2751, 0.8404796511627907], [2815, 0.8433948863636364], [2879, 0.8458333333333333], [2943, 0.8481657608695652], [3007, 0.8503989361702128], [3071, 0.8528645833333334], [3135, 0.8555484693877551], [3199, 0.856875], [3263, 0.8581495098039216], [3327, 0.8602764423076923], [3391, 0.8617334905660378], [3455, 0.8637152777777778], [3519, 0.865909090909091], [3583, 0.8666294642857143], [3647, 0.8681469298245614], [3711, 0.8698814655172413], [3775, 0.8715572033898306], [3839, 0.8729166666666667], [3903, 0.8742315573770492], [3967, 0.8755040322580645], [4031, 0.8767361111111112], [4095, 0.878662109375], [4159, 0.8793269230769231], [4223, 0.8802083333333334], [4287, 0.8815298507462687], [4351, 0.8823529411764706], [4415, 0.8838315217391305], [4479, 0.8848214285714285], [4543, 0.8862235915492958], [4607, 0.8871527777777778], [4671, 0.8882705479452054], [4735, 0.8885135135135135], [4799, 0.8895833333333333], [4863, 0.8908305921052632], [4927, 0.8910308441558441], [4991, 0.8912259615384616], [5055, 0.8926028481012658], [5119, 0.89375], [5183, 0.8940972222222222], [5247, 0.8946265243902439], [5311, 0.8951430722891566], [5375, 0.8960193452380952], [5439, 0.8965073529411764], [5503, 0.8975290697674418], [5567, 0.8981681034482759], [5631, 0.8987926136363636], [5695, 0.8999297752808989], [5759, 0.9], [5823, 0.9002403846153846], [5887, 0.9013247282608695], [5951, 0.9015456989247311], [6015, 0.902094414893617], [6079, 0.9026315789473685], [6143, 0.9031575520833334], [6207, 0.9035115979381443], [6271, 0.9041772959183674], [6335, 0.9046717171717171], [6399, 0.90546875], [6463, 0.90625], [6527, 0.9067095588235294], [6591, 0.9071601941747572], [6655, 0.9071514423076923], [6719, 0.9075892857142858], [6783, 0.9083136792452831], [6847, 0.9090245327102804], [6911, 0.9087094907407407], [6975, 0.9094036697247706], [7039, 0.9100852272727272], [7103, 0.910472972972973], [7167, 0.9104352678571429], [7231, 0.9109513274336283], [7295, 0.9113212719298246], [7359, 0.9118206521739131], [7423, 0.9124461206896551], [7487, 0.9129273504273504], [7551, 0.9135328389830508], [7615, 0.9138655462184874], [7679, 0.9141927083333333], [7743, 0.9147727272727273], [7807, 0.915343237704918], [7871, 0.915650406504065], [7935, 0.9159526209677419], [7999, 0.91625], [8063, 0.9169146825396826], [8127, 0.9170767716535433], [8191, 0.917724609375], [8255, 0.9181201550387597], [8319, 0.9185096153846154], [8383, 0.9190124045801527], [8447, 0.9192708333333334], [8511, 0.9196428571428571], [8575, 0.9198927238805971], [8639, 0.9204861111111111], [8703, 0.9206112132352942], [8767, 0.9210766423357665], [8831, 0.9211956521739131], [8895, 0.9217625899280576], [8959, 0.9222098214285714], [9023, 0.9225398936170213], [9087, 0.922975352112676], [9151, 0.9234047202797203], [9215, 0.9237196180555556], [9279, 0.9240301724137931], [9343, 0.924443493150685], [9407, 0.9248511904761905], [9471, 0.9250422297297297], [9535, 0.9252307046979866], [9599, 0.925625], [9663, 0.9260140728476821], [9727, 0.9262952302631579], [9791, 0.9263684640522876], [9855, 0.9264407467532467], [9919, 0.9268145161290322], [9983, 0.9270833333333334], [9999, 0.9272]], "candidate_count_total": 26, "confirmed_count_total": 25, "created_at": 1768220640.9073055, "confirm_rule_effective": "perm_test", "last_perm_pvalue": 0.004975124378109453, "last_perm_effect": 0.4343530576655634, "perm_test_count_total": 25, "perm_accept_count_total": 25, "perm_reject_count_total": 0, "perm_alpha": 0.03, "perm_pvalue_p50": 0.004975124378109453, "perm_pvalue_p90": 0.004975124378109453, "perm_pvalue_p99": 0.004975124378109453, "perm_pvalue_le_alpha_ratio": 1.0, "perm_effect_p50": 0.4337541005027921, "perm_effect_p90": 0.4430519075759003, "perm_effect_p99": 0.4999781203962758}