{"dataset_name": "INSECTS_abrupt_balanced", "dataset_type": "insects_real", "model_variant": "ts_drift_adapt", "seed": 12, "monitor_preset": "error_divergence_ph_meta@error.threshold=0.05,error.min_instances=5", "monitor_preset_base": "error_divergence_ph_meta", "monitor_ph_params": {"error_rate": {"delta": 0.005, "alpha": 0.15, "threshold": 0.05, "min_instances": 5}, "divergence": {"delta": 0.005, "alpha": 0.1, "threshold": 0.05, "min_instances": 30}}, "monitor_ph_overrides": {"error_rate": {"threshold": 0.05, "min_instances": 5}}, "trigger_mode": "two_stage", "trigger_k": 2, "trigger_threshold": 0.5, "trigger_weights": "confirm_cooldown=200,divergence=0.3,error_rate=0.5,teacher_entropy=0.2", "confirm_window": 1, "confirm_cooldown": 0, "adaptive_cooldown_enabled": 0, "adaptive_window": 10000, "adaptive_lower_per10k": 10.0, "adaptive_upper_per10k": 25.0, "adaptive_cooldown_low": 200, "adaptive_cooldown_high": 500, "severity_scheduler_scale": 2.0, "use_severity_v2": 0, "severity_gate": "none", "severity_gate_min_streak": 1, "entropy_mode": "uncertain", "severity_decay": 0.95, "freeze_baseline_steps": 5, "n_steps": 1200, "horizon": 52847, "acc_final": 0.19859216227978882, "mean_acc": 0.1910506180851974, "acc_min": 0.0859375, "candidate_sample_idxs": [1279, 2559, 3839, 5119, 6399, 7679, 8959, 10239, 11519, 12799, 17407, 18687, 19967, 21247, 22527, 23807, 25087, 26367, 27647, 28927, 30207, 31487, 32767, 34047, 35327, 36607, 37887, 39167, 40447, 41727, 43007, 44287, 45567, 46847, 49151, 50431, 51711, 52846], "confirmed_sample_idxs": [1279, 2559, 3839, 5119, 6399, 7679, 8959, 10239, 11519, 12799, 17407, 18687, 19967, 21247, 22527, 23807, 25087, 26367, 27647, 28927, 30207, 31487, 32767, 34047, 35327, 36607, 37887, 39167, 40447, 41727, 43007, 44287, 45567, 46847, 49151, 50431, 51711, 52846], "acc_series": [[255, 0.0859375], [511, 0.115234375], [767, 0.13411458333333334], [1023, 0.146484375], [1279, 0.15546875], [1535, 0.15885416666666666], [1791, 0.16852678571428573], [2047, 0.17626953125], [2303, 0.1818576388888889], [2559, 0.187109375], [2815, 0.18892045454545456], [3071, 0.18880208333333334], [3327, 0.1893028846153846], [3583, 0.19001116071428573], [3839, 0.18984375], [4095, 0.19091796875], [4351, 0.19255514705882354], [4607, 0.1948784722222222], [4863, 0.19490131578947367], [5119, 0.1958984375], [5375, 0.19847470238095238], [5631, 0.20046164772727273], [5887, 0.1983695652173913], [6143, 0.19921875], [6399, 0.200625], [6655, 0.20087139423076922], [6911, 0.2003761574074074], [7167, 0.2021484375], [7423, 0.20325969827586207], [7679, 0.202734375], [7935, 0.20350302419354838], [8191, 0.205078125], [8447, 0.20478219696969696], [8703, 0.20703125], [8959, 0.20970982142857142], [9215, 0.2099609375], [9471, 0.20998733108108109], [9727, 0.21011513157894737], [9983, 0.21203926282051283], [10239, 0.21337890625], [10495, 0.2145579268292683], [10751, 0.21633184523809523], [11007, 0.2167514534883721], [11263, 0.21715198863636365], [11519, 0.21684027777777778], [11775, 0.21722146739130435], [12031, 0.2170877659574468], [12287, 0.218017578125], [12543, 0.2185905612244898], [12799, 0.215078125], [13055, 0.21086090686274508], [13311, 0.20680588942307693], [13567, 0.20290389150943397], [13823, 0.19914641203703703], [14079, 0.19566761363636365], [14335, 0.19301060267857142], [14591, 0.19222861842105263], [14847, 0.18972252155172414], [15103, 0.1867717161016949], [15359, 0.18372395833333333], [15615, 0.18077612704918034], [15871, 0.17786038306451613], [16127, 0.17509920634920634], [16383, 0.17236328125], [16639, 0.16971153846153847], [16895, 0.16714015151515152], [17151, 0.16470382462686567], [17407, 0.16268382352941177], [17663, 0.16111865942028986], [17919, 0.1611607142857143], [18175, 0.16329225352112675], [18431, 0.16417100694444445], [18687, 0.1642230308219178], [18943, 0.16448479729729729], [19199, 0.16557291666666665], [19455, 0.16709498355263158], [19711, 0.16807021103896103], [19967, 0.1684695512820513], [20223, 0.16880933544303797], [20479, 0.1693359375], [20735, 0.16960841049382716], [20991, 0.16977896341463414], [21247, 0.16994540662650603], [21503, 0.17001488095238096], [21759, 0.1700827205882353], [22015, 0.17078488372093023], [22271, 0.17147090517241378], [22527, 0.17205255681818182], [22783, 0.17319171348314608], [23039, 0.17434895833333333], [23295, 0.17530906593406592], [23551, 0.17658797554347827], [23807, 0.17796538978494625], [24063, 0.1796875], [24319, 0.18157894736842106], [24575, 0.18277994791666666], [24831, 0.18371456185567012], [25087, 0.18526785714285715], [25343, 0.18678977272727273], [25599, 0.1877734375], [25855, 0.18951113861386137], [26111, 0.19106158088235295], [26367, 0.19227851941747573], [26623, 0.193359375], [26879, 0.19486607142857143], [27135, 0.19590212264150944], [27391, 0.1971378504672897], [27647, 0.1984230324074074], [27903, 0.1993262614678899], [28159, 0.19790482954545455], [28415, 0.19626266891891891], [28671, 0.19492885044642858], [28927, 0.1935149336283186], [29183, 0.19212582236842105], [29439, 0.19079483695652175], [29695, 0.18941945043103448], [29951, 0.1880675747863248], [30207, 0.18693723516949154], [30463, 0.18579306722689076], [30719, 0.18463541666666666], [30975, 0.18394886363636365], [31231, 0.18362576844262296], [31487, 0.18416539634146342], [31743, 0.18507434475806453], [31999, 0.18634375], [32255, 0.1872829861111111], [32511, 0.18879183070866143], [32767, 0.18994140625], [33023, 0.19125484496124032], [33279, 0.1912860576923077], [33535, 0.19125715648854963], [33791, 0.1914950284090909], [34047, 0.19152373120300753], [34303, 0.19155200559701493], [34559, 0.19172453703703704], [34815, 0.19169347426470587], [35071, 0.19166286496350365], [35327, 0.19157608695652173], [35583, 0.19177158273381295], [35839, 0.19210379464285715], [36095, 0.19234818262411346], [36351, 0.19267165492957747], [36607, 0.19288133741258742], [36863, 0.19287109375], [37119, 0.19296875], [37375, 0.1929312928082192], [37631, 0.19308035714285715], [37887, 0.19333298141891891], [38143, 0.19358221476510068], [38399, 0.19229166666666667], [38655, 0.1910182119205298], [38911, 0.19076377467105263], [39167, 0.19071691176470587], [39423, 0.19069602272727273], [39679, 0.19077620967741934], [39935, 0.1907802483974359], [40191, 0.19063495222929935], [40447, 0.19078817246835442], [40703, 0.1910623034591195], [40959, 0.1918701171875], [41215, 0.19259510869565216], [41471, 0.19340760030864199], [41727, 0.19454562883435583], [41983, 0.19533631859756098], [42239, 0.1965909090909091], [42495, 0.19771272590361447], [42751, 0.19865737275449102], [43007, 0.19947451636904762], [43263, 0.20060558431952663], [43519, 0.20170036764705881], [43775, 0.2024625365497076], [44031, 0.20391987645348839], [44287, 0.2044571893063584], [44543, 0.20501077586206898], [44799, 0.20575892857142858], [45055, 0.2068758877840909], [45311, 0.207715395480226], [45567, 0.20858936095505617], [45823, 0.20949720670391062], [46079, 0.21061197916666666], [46335, 0.2115417817679558], [46591, 0.21243990384615385], [46847, 0.21258111338797814], [47103, 0.21142578125], [47359, 0.2102829391891892], [47615, 0.20915238575268819], [47871, 0.20803392379679145], [48127, 0.20694813829787234], [48383, 0.20593584656084657], [48639, 0.20497532894736842], [48895, 0.20404532068062828], [49151, 0.20310465494791666], [49407, 0.20231541450777202], [49663, 0.20145376932989692], [49919, 0.20084134615384616], [50175, 0.20021524234693877], [50431, 0.1997739530456853], [50687, 0.1992779356060606], [50943, 0.19910097361809045], [51199, 0.1990234375], [51455, 0.19943252487562188], [51711, 0.20032100866336633], [51967, 0.2014316502463054], [52223, 0.20096124387254902], [52479, 0.19998094512195122], [52735, 0.19901016383495146], [52846, 0.19859216227978882]], "candidate_count_total": 38, "confirmed_count_total": 38, "created_at": 1767886282.1895278}