{"dataset_name": "sine_nodrift", "dataset_type": "sine", "model_variant": "ts_drift_adapt", "seed": 2, "monitor_preset": "error_divergence_ph_meta@error.threshold=0.10,error.min_instances=5", "monitor_preset_base": "error_divergence_ph_meta", "monitor_ph_params": {"error_rate": {"delta": 0.005, "alpha": 0.15, "threshold": 0.1, "min_instances": 5}, "divergence": {"delta": 0.005, "alpha": 0.1, "threshold": 0.05, "min_instances": 30}}, "monitor_ph_overrides": {"error_rate": {"threshold": 0.1, "min_instances": 5}}, "trigger_mode": "two_stage", "trigger_k": 2, "trigger_threshold": 0.5, "trigger_weights": "__confirm_cooldown=200,__confirm_rule=perm_test,__perm_alpha=0.05,__perm_min_effect=0,__perm_n_perm=200,__perm_post_n=10,__perm_pre_n=500,__perm_rng_seed=0,__perm_stat=fused_score,divergence=0.3,error_rate=0.5,teacher_entropy=0.2", "confirm_window": 3, "confirm_cooldown": 0, "adaptive_cooldown_enabled": 0, "adaptive_window": 10000, "adaptive_lower_per10k": 10.0, "adaptive_upper_per10k": 25.0, "adaptive_cooldown_low": 200, "adaptive_cooldown_high": 500, "severity_scheduler_scale": 1.0, "use_severity_v2": 0, "severity_gate": "none", "severity_gate_min_streak": 1, "entropy_mode": "overconfident", "severity_decay": 0.95, "freeze_baseline_steps": 0, "n_steps": 800, "horizon": 10000, "acc_final": 0.9204, "mean_acc": 0.8395698023053945, "acc_min": 0.4375, "candidate_sample_idxs": [319, 639, 959, 1279, 1599, 2111, 2559, 3007, 3327, 3647, 3967, 4287, 4607, 4927, 5823, 6591, 7743, 8127, 8447, 8767, 9087, 9407], "confirmed_sample_idxs": [1087, 2111, 2559, 3007, 3647, 4159, 4607, 5823, 6591, 7743, 8127, 8447, 9087], "acc_series": [[63, 0.4375], [127, 0.46875], [191, 0.4427083333333333], [255, 0.46875], [319, 0.509375], [383, 0.5442708333333334], [447, 0.578125], [511, 0.6015625], [575, 0.6128472222222222], [639, 0.6296875], [703, 0.6448863636363636], [767, 0.6614583333333334], [831, 0.6742788461538461], [895, 0.6875], [959, 0.7052083333333333], [1023, 0.7158203125], [1087, 0.71875], [1151, 0.7239583333333334], [1215, 0.7310855263157895], [1279, 0.7296875], [1343, 0.7351190476190477], [1407, 0.734375], [1471, 0.7404891304347826], [1535, 0.7447916666666666], [1599, 0.75125], [1663, 0.7572115384615384], [1727, 0.7627314814814815], [1791, 0.7689732142857143], [1855, 0.7726293103448276], [1919, 0.7791666666666667], [1983, 0.7857862903225806], [2047, 0.78955078125], [2111, 0.7945075757575758], [2175, 0.7987132352941176], [2239, 0.8026785714285715], [2303, 0.8077256944444444], [2367, 0.8112331081081081], [2431, 0.8149671052631579], [2495, 0.8189102564102564], [2559, 0.821875], [2623, 0.8250762195121951], [2687, 0.8262648809523809], [2751, 0.8273982558139535], [2815, 0.8306107954545454], [2879, 0.8326388888888889], [2943, 0.8338994565217391], [3007, 0.836436170212766], [3071, 0.8385416666666666], [3135, 0.8402423469387755], [3199, 0.8421875], [3263, 0.8434436274509803], [3327, 0.8455528846153846], [3391, 0.8475825471698113], [3455, 0.8498263888888888], [3519, 0.8517045454545454], [3583, 0.8532366071428571], [3647, 0.8549890350877193], [3711, 0.8569504310344828], [3775, 0.8585805084745762], [3839, 0.8598958333333333], [3903, 0.8603995901639344], [3967, 0.8611391129032258], [4031, 0.8625992063492064], [4095, 0.864501953125], [4159, 0.8651442307692307], [4223, 0.8662405303030303], [4287, 0.8680037313432836], [4351, 0.8694852941176471], [4415, 0.8709239130434783], [4479, 0.8725446428571428], [4543, 0.8741197183098591], [4607, 0.8752170138888888], [4671, 0.8758561643835616], [4735, 0.8756334459459459], [4799, 0.8758333333333334], [4863, 0.8768503289473685], [4927, 0.8772321428571429], [4991, 0.8772035256410257], [5055, 0.8783623417721519], [5119, 0.8794921875], [5183, 0.8805941358024691], [5247, 0.8814786585365854], [5311, 0.8821536144578314], [5375, 0.8829985119047619], [5439, 0.883639705882353], [5503, 0.8846293604651163], [5567, 0.8854166666666666], [5631, 0.8863636363636364], [5695, 0.8874648876404494], [5759, 0.8883680555555555], [5823, 0.8892513736263736], [5887, 0.8902853260869565], [5951, 0.8912970430107527], [6015, 0.8921210106382979], [6079, 0.8927631578947368], [6143, 0.8933919270833334], [6207, 0.8943298969072165], [6271, 0.8950892857142857], [6335, 0.8958333333333334], [6399, 0.8965625], [6463, 0.8975866336633663], [6527, 0.8984375], [6591, 0.8986650485436893], [6655, 0.8990384615384616], [6719, 0.899702380952381], [6783, 0.9005011792452831], [6847, 0.9009929906542056], [6911, 0.9010416666666666], [6975, 0.901519495412844], [7039, 0.9019886363636364], [7103, 0.9027308558558559], [7167, 0.9033203125], [7231, 0.9040376106194691], [7295, 0.9046052631578947], [7359, 0.9051630434782608], [7423, 0.9057112068965517], [7487, 0.9063835470085471], [7551, 0.9069120762711864], [7615, 0.9070378151260504], [7679, 0.9075520833333334], [7743, 0.9079287190082644], [7807, 0.9085553278688525], [7871, 0.9090447154471545], [7935, 0.9095262096774194], [7999, 0.90975], [8063, 0.910218253968254], [8127, 0.9105561023622047], [8191, 0.910888671875], [8255, 0.9113372093023255], [8319, 0.9114182692307692], [8383, 0.9116173664122137], [8447, 0.9116950757575758], [8511, 0.912124060150376], [8575, 0.9121968283582089], [8639, 0.9125], [8703, 0.9124540441176471], [8767, 0.9126368613138686], [8831, 0.912703804347826], [8895, 0.9132194244604317], [8959, 0.9137276785714286], [9023, 0.9142287234042553], [9087, 0.9147227112676056], [9151, 0.9152097902097902], [9215, 0.9157986111111112], [9279, 0.9163793103448276], [9343, 0.9165239726027398], [9407, 0.9169855442176871], [9471, 0.9173353040540541], [9535, 0.917890100671141], [9599, 0.9182291666666667], [9663, 0.9186672185430463], [9727, 0.9189967105263158], [9791, 0.9193218954248366], [9855, 0.9196428571428571], [9919, 0.9200604838709677], [9983, 0.9202724358974359], [9999, 0.9204]], "candidate_count_total": 20, "confirmed_count_total": 13, "created_at": 1768150598.385974, "confirm_rule_effective": "perm_test", "last_perm_pvalue": 0.35323383084577115, "last_perm_effect": 0.0026881147630892855, "perm_test_count_total": 42, "perm_accept_count_total": 13, "perm_reject_count_total": 29, "perm_alpha": 0.05, "perm_pvalue_p50": 0.7587064676616915, "perm_pvalue_p90": 1.0, "perm_pvalue_p99": 1.0, "perm_pvalue_le_alpha_ratio": 0.30952380952380953, "perm_effect_p50": 0.0008143018971499404, "perm_effect_p90": 0.07741638154666358, "perm_effect_p99": 0.10924792334813276}