{"dataset_name": "sine_nodrift", "dataset_type": "sine", "model_variant": "ts_drift_adapt", "seed": 1, "monitor_preset": "error_divergence_ph_meta@error.threshold=0.10,error.min_instances=5", "monitor_preset_base": "error_divergence_ph_meta", "monitor_ph_params": {"error_rate": {"delta": 0.005, "alpha": 0.15, "threshold": 0.1, "min_instances": 5}, "divergence": {"delta": 0.005, "alpha": 0.1, "threshold": 0.05, "min_instances": 30}}, "monitor_ph_overrides": {"error_rate": {"threshold": 0.1, "min_instances": 5}}, "trigger_mode": "two_stage", "trigger_k": 2, "trigger_threshold": 0.5, "trigger_weights": "__confirm_cooldown=200,__confirm_rule=perm_test,__perm_alpha=0.005,__perm_delta_k=25,__perm_min_effect=0,__perm_n_perm=200,__perm_post_n=30,__perm_pre_n=500,__perm_rng_seed=0,__perm_stat=delta_fused_score,divergence=0.3,error_rate=0.5,teacher_entropy=0.2", "confirm_window": 3, "confirm_cooldown": 0, "adaptive_cooldown_enabled": 0, "adaptive_window": 10000, "adaptive_lower_per10k": 10.0, "adaptive_upper_per10k": 25.0, "adaptive_cooldown_low": 200, "adaptive_cooldown_high": 500, "severity_scheduler_scale": 1.0, "use_severity_v2": 0, "severity_gate": "none", "severity_gate_min_streak": 1, "entropy_mode": "overconfident", "severity_decay": 0.95, "freeze_baseline_steps": 0, "n_steps": 800, "horizon": 10000, "acc_final": 0.9247, "mean_acc": 0.8606363381948386, "acc_min": 0.375, "candidate_sample_idxs": [319, 639, 1023, 1343, 1663, 1983, 2303, 2687, 3007, 3327, 3647, 4031, 4351, 4671, 4991, 5311, 5823, 6143, 6463, 6847, 7423, 7743, 8063, 8575, 8895, 9215, 9535, 9855], "confirmed_sample_idxs": [703, 1023, 1407, 1663, 2175, 2687, 3199, 4031, 4735, 5119, 5823, 6207, 6847, 7423, 7871, 8575, 8959, 9279], "acc_series": [[63, 0.375], [127, 0.484375], [191, 0.5572916666666666], [255, 0.5625], [319, 0.58125], [383, 0.6067708333333334], [447, 0.6316964285714286], [511, 0.66015625], [575, 0.6857638888888888], [639, 0.703125], [703, 0.7173295454545454], [767, 0.73046875], [831, 0.7439903846153846], [895, 0.7488839285714286], [959, 0.7604166666666666], [1023, 0.7666015625], [1087, 0.7683823529411765], [1151, 0.7751736111111112], [1215, 0.78125], [1279, 0.78828125], [1343, 0.7931547619047619], [1407, 0.7990056818181818], [1471, 0.8043478260869565], [1535, 0.8079427083333334], [1599, 0.81], [1663, 0.8106971153846154], [1727, 0.8148148148148148], [1791, 0.8175223214285714], [1855, 0.8216594827586207], [1919, 0.8255208333333334], [1983, 0.829133064516129], [2047, 0.83154296875], [2111, 0.8357007575757576], [2175, 0.8377757352941176], [2239, 0.840625], [2303, 0.8420138888888888], [2367, 0.8429054054054054], [2431, 0.8466282894736842], [2495, 0.8485576923076923], [2559, 0.850390625], [2623, 0.8521341463414634], [2687, 0.8549107142857143], [2751, 0.8575581395348837], [2815, 0.8579545454545454], [2879, 0.859375], [2943, 0.8603940217391305], [3007, 0.8603723404255319], [3071, 0.8626302083333334], [3135, 0.8632015306122449], [3199, 0.8625], [3263, 0.8642769607843137], [3327, 0.8659855769230769], [3391, 0.8676297169811321], [3455, 0.8689236111111112], [3519, 0.8701704545454545], [3583, 0.8708147321428571], [3647, 0.8714364035087719], [3711, 0.8717672413793104], [3775, 0.8726165254237288], [3839, 0.8739583333333333], [3903, 0.8752561475409836], [3967, 0.8765120967741935], [4031, 0.8779761904761905], [4095, 0.878173828125], [4159, 0.8786057692307693], [4223, 0.8797348484848485], [4287, 0.8808302238805971], [4351, 0.8816636029411765], [4415, 0.8826992753623188], [4479, 0.8841517857142858], [4543, 0.8851232394366197], [4607, 0.8860677083333334], [4671, 0.886986301369863], [4735, 0.8880912162162162], [4799, 0.88875], [4863, 0.8891858552631579], [4927, 0.8898133116883117], [4991, 0.8904246794871795], [5055, 0.8914161392405063], [5119, 0.8921875], [5183, 0.8927469135802469], [5247, 0.893483231707317], [5311, 0.8943900602409639], [5375, 0.8952752976190477], [5439, 0.8959558823529412], [5503, 0.896984011627907], [5567, 0.897808908045977], [5631, 0.8982599431818182], [5695, 0.8985252808988764], [5759, 0.8987847222222223], [5823, 0.8997252747252747], [5887, 0.9006453804347826], [5951, 0.9012096774193549], [6015, 0.901595744680851], [6079, 0.9018092105263158], [6143, 0.9025065104166666], [6207, 0.9025451030927835], [6271, 0.9032206632653061], [6335, 0.9035669191919192], [6399, 0.9040625], [6463, 0.9050123762376238], [6527, 0.905484068627451], [6591, 0.9060983009708737], [6655, 0.90625], [6719, 0.9068452380952381], [6783, 0.9072818396226415], [6847, 0.9075642523364486], [6911, 0.9079861111111112], [6975, 0.9084002293577982], [7039, 0.9089488636363636], [7103, 0.9094876126126126], [7167, 0.91015625], [7231, 0.9105365044247787], [7295, 0.9111842105263158], [7359, 0.9118206521739131], [7423, 0.9124461206896551], [7487, 0.9129273504273504], [7551, 0.913135593220339], [7615, 0.9133403361344538], [7679, 0.9138020833333333], [7743, 0.9142561983471075], [7807, 0.9145747950819673], [7871, 0.915015243902439], [7935, 0.9153225806451613], [7999, 0.91575], [8063, 0.9161706349206349], [8127, 0.9165846456692913], [8191, 0.916748046875], [8255, 0.9171511627906976], [8319, 0.9176682692307693], [8383, 0.9181774809160306], [8447, 0.9182054924242424], [8511, 0.9185855263157895], [8575, 0.9188432835820896], [8639, 0.9189814814814815], [8703, 0.9191176470588235], [8767, 0.9193658759124088], [8831, 0.9198369565217391], [8895, 0.9203012589928058], [8959, 0.9206473214285714], [9023, 0.9206560283687943], [9087, 0.9206646126760564], [9151, 0.9206730769230769], [9215, 0.9211154513888888], [9279, 0.9213362068965517], [9343, 0.9217679794520548], [9407, 0.921875], [9471, 0.9222972972972973], [9535, 0.9227139261744967], [9599, 0.923125], [9663, 0.9234271523178808], [9727, 0.923828125], [9791, 0.9240196078431373], [9855, 0.924310064935065], [9919, 0.9245967741935484], [9983, 0.9247796474358975], [9999, 0.9247]], "candidate_count_total": 24, "confirmed_count_total": 18, "created_at": 1768134104.5190372, "confirm_rule_effective": "perm_test", "last_perm_pvalue": 1.0, "last_perm_effect": -0.017089818036433467, "perm_test_count_total": 54, "perm_accept_count_total": 18, "perm_reject_count_total": 36, "perm_alpha": 0.005, "perm_pvalue_p50": 1.0, "perm_pvalue_p90": 1.0, "perm_pvalue_p99": 1.0, "perm_pvalue_le_alpha_ratio": 0.3333333333333333, "perm_effect_p50": -0.009498749346096224, "perm_effect_p90": 0.06651723888526523, "perm_effect_p99": 0.11099702720104526}