{"dataset_name": "INSECTS_abrupt_balanced", "dataset_type": "insects_real", "model_variant": "ts_drift_adapt_severity", "seed": 17, "monitor_preset": "error_divergence_ph_meta@error.threshold=0.05,error.min_instances=5", "monitor_preset_base": "error_divergence_ph_meta", "monitor_ph_params": {"error_rate": {"delta": 0.005, "alpha": 0.15, "threshold": 0.05, "min_instances": 5}, "divergence": {"delta": 0.005, "alpha": 0.1, "threshold": 0.05, "min_instances": 30}}, "monitor_ph_overrides": {"error_rate": {"threshold": 0.05, "min_instances": 5}}, "trigger_mode": "two_stage", "trigger_k": 2, "trigger_threshold": 0.5, "trigger_weights": "confirm_cooldown=200,divergence=0.3,error_rate=0.5,teacher_entropy=0.2", "confirm_window": 1, "confirm_cooldown": 0, "adaptive_cooldown_enabled": 0, "adaptive_window": 10000, "adaptive_lower_per10k": 10.0, "adaptive_upper_per10k": 25.0, "adaptive_cooldown_low": 200, "adaptive_cooldown_high": 500, "severity_scheduler_scale": 1.0, "use_severity_v2": 1, "severity_gate": "none", "severity_gate_min_streak": 1, "entropy_mode": "overconfident", "severity_decay": 0.95, "freeze_baseline_steps": 0, "n_steps": 1200, "horizon": 52847, "acc_final": 0.19908414857986262, "mean_acc": 0.18724813130001028, "acc_min": 0.1503623188405797, "candidate_sample_idxs": [1279, 2559, 3839, 5119, 6399, 7679, 8959, 10239, 11519, 12799, 14335, 15615, 17919, 19199, 20479, 21759, 23039, 24319, 25599, 26879, 28159, 29439, 30975, 32255, 33535, 34815, 36095, 37375, 38655, 39935, 41215, 42495, 43775, 45055, 46335, 47615, 49407, 50687, 51967], "confirmed_sample_idxs": [1279, 2559, 3839, 5119, 6399, 7679, 8959, 10239, 11519, 12799, 14335, 15615, 17919, 19199, 20479, 21759, 23039, 24319, 25599, 26879, 28159, 29439, 30975, 32255, 33535, 34815, 36095, 37375, 38655, 39935, 41215, 42495, 43775, 45055, 46335, 47615, 49407, 50687, 51967], "acc_series": [[255, 0.15234375], [511, 0.16796875], [767, 0.17578125], [1023, 0.1884765625], [1279, 0.18671875], [1535, 0.18684895833333334], [1791, 0.18470982142857142], [2047, 0.1865234375], [2303, 0.1853298611111111], [2559, 0.18828125], [2815, 0.18501420454545456], [3071, 0.18424479166666666], [3327, 0.18419471153846154], [3583, 0.18470982142857142], [3839, 0.18619791666666666], [4095, 0.189208984375], [4351, 0.19140625], [4607, 0.1909722222222222], [4863, 0.19305098684210525], [5119, 0.1939453125], [5375, 0.1956845238095238], [5631, 0.19673295454545456], [5887, 0.19769021739130435], [6143, 0.19759114583333334], [6399, 0.19796875], [6655, 0.19921875], [6911, 0.1996527777777778], [7167, 0.20005580357142858], [7423, 0.2005657327586207], [7679, 0.19986979166666666], [7935, 0.19984879032258066], [8191, 0.200439453125], [8447, 0.19981060606060605], [8703, 0.20082720588235295], [8959, 0.20111607142857144], [9215, 0.19954427083333334], [9471, 0.19985219594594594], [9727, 0.19880756578947367], [9983, 0.19861778846153846], [10239, 0.19931640625], [10495, 0.19998094512195122], [10751, 0.201171875], [11007, 0.20158066860465115], [11263, 0.20250355113636365], [11519, 0.20199652777777777], [11775, 0.20219089673913043], [12031, 0.20237699468085107], [12287, 0.20182291666666666], [12543, 0.2020886479591837], [12799, 0.198984375], [13055, 0.19508272058823528], [13311, 0.19133112980769232], [13567, 0.18772110849056603], [13823, 0.18424479166666666], [14079, 0.1809659090909091], [14335, 0.17843191964285715], [14591, 0.17886513157894737], [14847, 0.17739762931034483], [15103, 0.174854343220339], [15359, 0.17200520833333333], [15615, 0.16918545081967212], [15871, 0.16651965725806453], [16127, 0.16393849206349206], [16383, 0.161376953125], [16639, 0.15889423076923076], [16895, 0.15654592803030304], [17151, 0.154267723880597], [17407, 0.15217141544117646], [17663, 0.1503623188405797], [17919, 0.15050223214285716], [18175, 0.1538292253521127], [18431, 0.1552734375], [18687, 0.15710616438356165], [18943, 0.15830869932432431], [19199, 0.15973958333333332], [19455, 0.1611328125], [19711, 0.162794237012987], [19967, 0.16341145833333334], [20223, 0.16381526898734178], [20479, 0.16474609375], [20735, 0.1652199074074074], [20991, 0.1659203506097561], [21247, 0.1664156626506024], [21503, 0.16727120535714285], [21759, 0.16796875], [22015, 0.16878633720930233], [22271, 0.16936063218390804], [22527, 0.17076526988636365], [22783, 0.17213834269662923], [23039, 0.1733940972222222], [23295, 0.17475103021978022], [23551, 0.17646059782608695], [23807, 0.17800739247311828], [24063, 0.1793966090425532], [24319, 0.1807154605263158], [24575, 0.1820068359375], [24831, 0.18323131443298968], [25087, 0.18455038265306123], [25343, 0.18607954545454544], [25599, 0.187421875], [25855, 0.18900835396039603], [26111, 0.1900658700980392], [26367, 0.19144417475728157], [26623, 0.19260817307692307], [26879, 0.19401041666666666], [27135, 0.19509139150943397], [27391, 0.1965902453271028], [27647, 0.19838686342592593], [27903, 0.19989965596330275], [28159, 0.1986150568181818], [28415, 0.19693130630630631], [28671, 0.19527762276785715], [28927, 0.19375691371681417], [29183, 0.19222861842105263], [29439, 0.19072690217391305], [29695, 0.189453125], [29951, 0.1882011217948718], [30207, 0.1870696504237288], [30463, 0.18592436974789917], [30719, 0.184765625], [30975, 0.18372288223140495], [31231, 0.18263319672131148], [31487, 0.18165650406504066], [31743, 0.18129410282258066], [31999, 0.18084375], [32255, 0.1814856150793651], [32511, 0.18270177165354332], [32767, 0.184234619140625], [33023, 0.1860767926356589], [33279, 0.18641826923076923], [33535, 0.18642652671755724], [33791, 0.1864938446969697], [34047, 0.18653078007518797], [34303, 0.18639225746268656], [34559, 0.1863425925925926], [34815, 0.18592026654411764], [35071, 0.1854470802919708], [35327, 0.18543365036231885], [35583, 0.18570143884892087], [35839, 0.18602120535714287], [36095, 0.18603169326241134], [36351, 0.18617957746478872], [36607, 0.18629807692307693], [36863, 0.18638780381944445], [37119, 0.18650323275862069], [37375, 0.18669734589041095], [37631, 0.18680909863945577], [37887, 0.18702491554054054], [38143, 0.18752621644295303], [38399, 0.18627604166666667], [38655, 0.18509416390728478], [38911, 0.18528988486842105], [39167, 0.18550857843137256], [39423, 0.18557224025974026], [39679, 0.18583669354838708], [39935, 0.18594751602564102], [40191, 0.1858081210191083], [40447, 0.18589299841772153], [40703, 0.18619791666666666], [40959, 0.1865234375], [41215, 0.18686917701863354], [41471, 0.1876687885802469], [41727, 0.18836273006134968], [41983, 0.1893578506097561], [42239, 0.19055397727272727], [42495, 0.19164156626506024], [42751, 0.19269273952095808], [43007, 0.19356863839285715], [43263, 0.19441105769230768], [43519, 0.19517463235294116], [43775, 0.19604349415204678], [44031, 0.19724291424418605], [44287, 0.19802203757225434], [44543, 0.19883710488505746], [44799, 0.1996205357142857], [45055, 0.2007723721590909], [45311, 0.2014698093220339], [45567, 0.20242275280898878], [45823, 0.2033868715083799], [46079, 0.2044704861111111], [46335, 0.20530473066298344], [46591, 0.20612980769230768], [46847, 0.20622011612021857], [47103, 0.20509935461956522], [47359, 0.20399070945945946], [47615, 0.20289398521505375], [47871, 0.20180899064171123], [48127, 0.20073553856382978], [48383, 0.19969411375661375], [48639, 0.19864309210526315], [48895, 0.1976848821989529], [49151, 0.19675699869791666], [49407, 0.19602088730569947], [49663, 0.19525209407216496], [49919, 0.19483173076923077], [50175, 0.19483418367346939], [50431, 0.1951340418781726], [50687, 0.1958846275252525], [50943, 0.19682396356783918], [51199, 0.198046875], [51455, 0.19914101368159204], [51711, 0.20061107673267325], [51967, 0.20195120073891626], [52223, 0.20145909926470587], [52479, 0.2004763719512195], [52735, 0.19950318567961164], [52846, 0.19908414857986262]], "candidate_count_total": 39, "confirmed_count_total": 39, "created_at": 1767880187.7036657}