{"dataset_name": "sine_nodrift", "dataset_type": "sine", "model_variant": "ts_drift_adapt", "seed": 4, "monitor_preset": "error_divergence_ph_meta@error.threshold=0.10,error.min_instances=5", "monitor_preset_base": "error_divergence_ph_meta", "monitor_ph_params": {"error_rate": {"delta": 0.005, "alpha": 0.15, "threshold": 0.1, "min_instances": 5}, "divergence": {"delta": 0.005, "alpha": 0.1, "threshold": 0.05, "min_instances": 30}}, "monitor_ph_overrides": {"error_rate": {"threshold": 0.1, "min_instances": 5}}, "trigger_mode": "two_stage", "trigger_k": 2, "trigger_threshold": 0.5, "trigger_weights": "__confirm_cooldown=200,__confirm_rule=perm_test,__perm_alpha=0.01,__perm_min_effect=0,__perm_n_perm=200,__perm_post_n=50,__perm_pre_n=500,__perm_rng_seed=0,__perm_stat=vote_score,divergence=0.3,error_rate=0.5,teacher_entropy=0.2", "confirm_window": 3, "confirm_cooldown": 0, "adaptive_cooldown_enabled": 0, "adaptive_window": 10000, "adaptive_lower_per10k": 10.0, "adaptive_upper_per10k": 25.0, "adaptive_cooldown_low": 200, "adaptive_cooldown_high": 500, "severity_scheduler_scale": 1.0, "use_severity_v2": 0, "severity_gate": "none", "severity_gate_min_streak": 1, "entropy_mode": "overconfident", "severity_decay": 0.95, "freeze_baseline_steps": 0, "n_steps": 800, "horizon": 10000, "acc_final": 0.9329, "mean_acc": 0.857102288293071, "acc_min": 0.40625, "candidate_sample_idxs": [319, 639, 959, 1279, 1599, 1919, 2303, 2623, 2943, 3263, 3583, 3903, 4223, 4607, 5375, 5695, 6207, 6527, 7167, 7551, 8191, 8511, 8831, 9279, 9599], "confirmed_sample_idxs": [639, 959, 1279, 1599, 1919, 2303, 2623, 2943, 3263, 3583, 3903, 4223, 4607, 5375, 5695, 6207, 6527, 7167, 7551, 8191, 8511, 8831, 9279, 9599], "acc_series": [[63, 0.40625], [127, 0.40625], [191, 0.4635416666666667], [255, 0.50390625], [319, 0.53125], [383, 0.5598958333333334], [447, 0.5982142857142857], [511, 0.625], [575, 0.6493055555555556], [639, 0.665625], [703, 0.6732954545454546], [767, 0.671875], [831, 0.6682692307692307], [895, 0.6752232142857143], [959, 0.6927083333333334], [1023, 0.7060546875], [1087, 0.7196691176470589], [1151, 0.7309027777777778], [1215, 0.7368421052631579], [1279, 0.74296875], [1343, 0.7514880952380952], [1407, 0.7571022727272727], [1471, 0.7663043478260869], [1535, 0.775390625], [1599, 0.781875], [1663, 0.7878605769230769], [1727, 0.7934027777777778], [1791, 0.7985491071428571], [1855, 0.8022629310344828], [1919, 0.8057291666666667], [1983, 0.8089717741935484], [2047, 0.8134765625], [2111, 0.8181818181818182], [2175, 0.8221507352941176], [2239, 0.8272321428571429], [2303, 0.8294270833333334], [2367, 0.8327702702702703], [2431, 0.8359375], [2495, 0.8397435897435898], [2559, 0.8421875], [2623, 0.8448932926829268], [2687, 0.8485863095238095], [2751, 0.8513808139534884], [2815, 0.8526278409090909], [2879, 0.8555555555555555], [2943, 0.858016304347826], [3007, 0.8600398936170213], [3071, 0.8623046875], [3135, 0.8635204081632653], [3199, 0.865625], [3263, 0.866421568627451], [3327, 0.8689903846153846], [3391, 0.870872641509434], [3455, 0.8726851851851852], [3519, 0.8741477272727273], [3583, 0.8758370535714286], [3647, 0.8774671052631579], [3711, 0.8790409482758621], [3775, 0.8810911016949152], [3839, 0.8828125], [3903, 0.8839651639344263], [3967, 0.8853326612903226], [4031, 0.8869047619047619], [4095, 0.887939453125], [4159, 0.8891826923076923], [4223, 0.8894412878787878], [4287, 0.8896921641791045], [4351, 0.8910845588235294], [4415, 0.8915307971014492], [4479, 0.8926339285714285], [4543, 0.8939260563380281], [4607, 0.8947482638888888], [4671, 0.8951198630136986], [4735, 0.8965371621621622], [4799, 0.8972916666666667], [4863, 0.8982319078947368], [4927, 0.8987418831168831], [4991, 0.8998397435897436], [5055, 0.8999208860759493], [5119, 0.90078125], [5183, 0.9016203703703703], [5247, 0.9024390243902439], [5311, 0.9034262048192772], [5375, 0.9038318452380952], [5439, 0.9040441176470588], [5503, 0.9044331395348837], [5567, 0.9051724137931034], [5631, 0.90625], [5695, 0.90625], [5759, 0.9069444444444444], [5823, 0.907967032967033], [5887, 0.9086277173913043], [5951, 0.9094422043010753], [6015, 0.910405585106383], [6079, 0.9113486842105263], [6143, 0.9119466145833334], [6207, 0.9125322164948454], [6271, 0.9132653061224489], [6335, 0.9138257575757576], [6399, 0.914375], [6463, 0.9144492574257426], [6527, 0.914828431372549], [6591, 0.9153519417475728], [6655, 0.9161658653846154], [6719, 0.9163690476190476], [6783, 0.9165683962264151], [6847, 0.9172021028037384], [6911, 0.9175347222222222], [6975, 0.9181479357798165], [7039, 0.9183238636363636], [7103, 0.9186373873873874], [7167, 0.9186662946428571], [7231, 0.9189712389380531], [7295, 0.9195449561403509], [7359, 0.9199728260869565], [7423, 0.9203933189655172], [7487, 0.9208066239316239], [7551, 0.9212129237288136], [7615, 0.9217436974789915], [7679, 0.921875], [7743, 0.9222623966942148], [7807, 0.922515368852459], [7871, 0.923145325203252], [7935, 0.9237651209677419], [7999, 0.92425], [8063, 0.9247271825396826], [8127, 0.9248277559055118], [8191, 0.9251708984375], [8255, 0.9253875968992248], [8319, 0.9259615384615385], [8383, 0.9264074427480916], [8447, 0.9266098484848485], [8511, 0.9265742481203008], [8575, 0.9267723880597015], [8639, 0.9269675925925925], [8703, 0.9273897058823529], [8767, 0.927691605839416], [8831, 0.9281023550724637], [8895, 0.9283947841726619], [8959, 0.92890625], [9023, 0.9290780141843972], [9087, 0.9293573943661971], [9151, 0.9296328671328671], [9215, 0.9300130208333334], [9279, 0.9302801724137931], [9343, 0.9306506849315068], [9407, 0.9310161564625851], [9471, 0.9313766891891891], [9535, 0.9318372483221476], [9599, 0.931875], [9663, 0.9320157284768212], [9727, 0.9321546052631579], [9791, 0.9323937908496732], [9855, 0.9325284090909091], [9919, 0.9325604838709678], [9983, 0.932792467948718], [9999, 0.9329]], "candidate_count_total": 25, "confirmed_count_total": 24, "created_at": 1768151835.345454, "confirm_rule_effective": "perm_test", "last_perm_pvalue": 0.004975124378109453, "last_perm_effect": 0.43488716262586957, "perm_test_count_total": 24, "perm_accept_count_total": 24, "perm_reject_count_total": 0, "perm_alpha": 0.01, "perm_pvalue_p50": 0.004975124378109453, "perm_pvalue_p90": 0.004975124378109453, "perm_pvalue_p99": 0.004975124378109453, "perm_pvalue_le_alpha_ratio": 1.0, "perm_effect_p50": 0.43492042767913497, "perm_effect_p90": 0.48497569455546086, "perm_effect_p99": 0.49949612273836275}