{"dataset_name": "sine_nodrift", "dataset_type": "sine", "model_variant": "ts_drift_adapt", "seed": 5, "monitor_preset": "error_divergence_ph_meta@error.threshold=0.10,error.min_instances=5", "monitor_preset_base": "error_divergence_ph_meta", "monitor_ph_params": {"error_rate": {"delta": 0.005, "alpha": 0.15, "threshold": 0.1, "min_instances": 5}, "divergence": {"delta": 0.005, "alpha": 0.1, "threshold": 0.05, "min_instances": 30}}, "monitor_ph_overrides": {"error_rate": {"threshold": 0.1, "min_instances": 5}}, "trigger_mode": "two_stage", "trigger_k": 2, "trigger_threshold": 0.5, "trigger_weights": "__confirm_cooldown=200,__confirm_rule=perm_test,__perm_alpha=0.02,__perm_min_effect=0,__perm_n_perm=200,__perm_post_n=30,__perm_pre_n=500,__perm_rng_seed=0,__perm_stat=vote_score,divergence=0.3,error_rate=0.5,teacher_entropy=0.2", "confirm_window": 3, "confirm_cooldown": 0, "adaptive_cooldown_enabled": 0, "adaptive_window": 10000, "adaptive_lower_per10k": 10.0, "adaptive_upper_per10k": 25.0, "adaptive_cooldown_low": 200, "adaptive_cooldown_high": 500, "severity_scheduler_scale": 1.0, "use_severity_v2": 0, "severity_gate": "none", "severity_gate_min_streak": 1, "entropy_mode": "overconfident", "severity_decay": 0.95, "freeze_baseline_steps": 0, "n_steps": 800, "horizon": 10000, "acc_final": 0.9007, "mean_acc": 0.7910069883591833, "acc_min": 0.453125, "candidate_sample_idxs": [319, 703, 1023, 1343, 1663, 1983, 2303, 2623, 2943, 3391, 3903, 4223, 4543, 4863, 5183, 5503, 5887, 6207, 6655, 6975, 7743, 9791, 9999], "confirmed_sample_idxs": [703, 1023, 1343, 1663, 1983, 2303, 2623, 2943, 3391, 3903, 4223, 4543, 4863, 5183, 5503, 5887, 6207, 6655, 6975, 7743, 9791], "acc_series": [[63, 0.546875], [127, 0.5078125], [191, 0.4739583333333333], [255, 0.453125], [319, 0.453125], [383, 0.4661458333333333], [447, 0.48660714285714285], [511, 0.5078125], [575, 0.5260416666666666], [639, 0.54375], [703, 0.5724431818181818], [767, 0.58984375], [831, 0.6045673076923077], [895, 0.6238839285714286], [959, 0.6260416666666667], [1023, 0.6259765625], [1087, 0.6204044117647058], [1151, 0.6180555555555556], [1215, 0.6134868421052632], [1279, 0.6125], [1343, 0.6130952380952381], [1407, 0.6207386363636364], [1471, 0.6297554347826086], [1535, 0.6380208333333334], [1599, 0.6475], [1663, 0.6574519230769231], [1727, 0.6672453703703703], [1791, 0.6752232142857143], [1855, 0.6821120689655172], [1919, 0.6869791666666667], [1983, 0.6920362903225806], [2047, 0.69775390625], [2111, 0.7021780303030303], [2175, 0.7045036764705882], [2239, 0.7075892857142857], [2303, 0.7126736111111112], [2367, 0.7195945945945946], [2431, 0.725328947368421], [2495, 0.7303685897435898], [2559, 0.735546875], [2623, 0.741234756097561], [2687, 0.7440476190476191], [2751, 0.7489098837209303], [2815, 0.7535511363636364], [2879, 0.7579861111111111], [2943, 0.7625679347826086], [3007, 0.7662898936170213], [3071, 0.76953125], [3135, 0.7726403061224489], [3199, 0.775625], [3263, 0.7794117647058824], [3327, 0.7827524038461539], [3391, 0.7856721698113207], [3455, 0.7890625], [3519, 0.7917613636363636], [3583, 0.7952008928571429], [3647, 0.7979714912280702], [3711, 0.8009159482758621], [3775, 0.8040254237288136], [3839, 0.8065104166666667], [3903, 0.8091700819672131], [3967, 0.8109879032258065], [4031, 0.8134920634920635], [4095, 0.815673828125], [4159, 0.8182692307692307], [4223, 0.8193655303030303], [4287, 0.8213619402985075], [4351, 0.8228400735294118], [4415, 0.8245018115942029], [4479, 0.8261160714285715], [4543, 0.8279049295774648], [4607, 0.8296440972222222], [4671, 0.831763698630137], [4735, 0.8321368243243243], [4799, 0.83375], [4863, 0.834703947368421], [4927, 0.835836038961039], [4991, 0.8373397435897436], [5055, 0.8388053797468354], [5119, 0.8390625], [5183, 0.8402777777777778], [5247, 0.8414634146341463], [5311, 0.8424322289156626], [5375, 0.8441220238095238], [5439, 0.8454044117647059], [5503, 0.8470203488372093], [5567, 0.8484195402298851], [5631, 0.8497869318181818], [5695, 0.8507724719101124], [5759, 0.8522569444444444], [5823, 0.8526785714285714], [5887, 0.8539402173913043], [5951, 0.8548387096774194], [6015, 0.856216755319149], [6079, 0.8572368421052632], [6143, 0.8582356770833334], [6207, 0.8592139175257731], [6271, 0.8601721938775511], [6335, 0.8607954545454546], [6399, 0.8615625], [6463, 0.8624690594059405], [6527, 0.8635110294117647], [6591, 0.8646844660194175], [6655, 0.8653846153846154], [6719, 0.8663690476190476], [6783, 0.8673349056603774], [6847, 0.8681366822429907], [6911, 0.8690682870370371], [6975, 0.8699827981651376], [7039, 0.8705965909090909], [7103, 0.8714808558558559], [7167, 0.8723493303571429], [7231, 0.8734789823008849], [7295, 0.8741776315789473], [7359, 0.875], [7423, 0.8758081896551724], [7487, 0.8766025641025641], [7551, 0.8775158898305084], [7615, 0.8784138655462185], [7679, 0.8786458333333333], [7743, 0.8790030991735537], [7807, 0.8799948770491803], [7871, 0.880589430894309], [7935, 0.8811743951612904], [7999, 0.88175], [8063, 0.8825644841269841], [8127, 0.8829970472440944], [8191, 0.8836669921875], [8255, 0.8843265503875969], [8319, 0.8849759615384616], [8383, 0.8858540076335878], [8447, 0.88671875], [8511, 0.8873355263157895], [8575, 0.8881763059701493], [8639, 0.8888888888888888], [8703, 0.8893612132352942], [8767, 0.8900547445255474], [8831, 0.8907382246376812], [8895, 0.8915242805755396], [8959, 0.8921875], [9023, 0.8928413120567376], [9087, 0.8935959507042254], [9151, 0.8942307692307693], [9215, 0.8947482638888888], [9279, 0.8952586206896552], [9343, 0.895869006849315], [9407, 0.8961522108843537], [9471, 0.8966427364864865], [9535, 0.897231543624161], [9599, 0.8977083333333333], [9663, 0.898385761589404], [9727, 0.8987458881578947], [9791, 0.899203431372549], [9855, 0.8996550324675324], [9919, 0.9002016129032258], [9983, 0.9006410256410257], [9999, 0.9007]], "candidate_count_total": 23, "confirmed_count_total": 21, "created_at": 1768152231.761849, "confirm_rule_effective": "perm_test", "last_perm_pvalue": 0.004975124378109453, "last_perm_effect": 0.5, "perm_test_count_total": 21, "perm_accept_count_total": 21, "perm_reject_count_total": 0, "perm_alpha": 0.02, "perm_pvalue_p50": 0.004975124378109453, "perm_pvalue_p90": 0.004975124378109453, "perm_pvalue_p99": 0.004975124378109453, "perm_pvalue_le_alpha_ratio": 1.0, "perm_effect_p50": 0.4352219724482987, "perm_effect_p90": 0.4451936172588932, "perm_effect_p99": 0.4999788537481}