{"dataset_name": "sine_nodrift", "dataset_type": "sine", "model_variant": "ts_drift_adapt", "seed": 3, "monitor_preset": "error_divergence_ph_meta@error.threshold=0.10,error.min_instances=5", "monitor_preset_base": "error_divergence_ph_meta", "monitor_ph_params": {"error_rate": {"delta": 0.005, "alpha": 0.15, "threshold": 0.1, "min_instances": 5}, "divergence": {"delta": 0.005, "alpha": 0.1, "threshold": 0.05, "min_instances": 30}}, "monitor_ph_overrides": {"error_rate": {"threshold": 0.1, "min_instances": 5}}, "trigger_mode": "two_stage", "trigger_k": 2, "trigger_threshold": 0.5, "trigger_weights": "__confirm_cooldown=200,__confirm_rule=perm_test,__perm_alpha=0.05,__perm_delta_k=50,__perm_min_effect=0,__perm_n_perm=200,__perm_post_n=30,__perm_pre_n=500,__perm_rng_seed=0,__perm_stat=delta_fused_score,divergence=0.3,error_rate=0.5,teacher_entropy=0.2", "confirm_window": 3, "confirm_cooldown": 0, "adaptive_cooldown_enabled": 0, "adaptive_window": 10000, "adaptive_lower_per10k": 10.0, "adaptive_upper_per10k": 25.0, "adaptive_cooldown_low": 200, "adaptive_cooldown_high": 500, "severity_scheduler_scale": 1.0, "use_severity_v2": 0, "severity_gate": "none", "severity_gate_min_streak": 1, "entropy_mode": "overconfident", "severity_decay": 0.95, "freeze_baseline_steps": 0, "n_steps": 800, "horizon": 10000, "acc_final": 0.925, "mean_acc": 0.850230125586422, "acc_min": 0.40625, "candidate_sample_idxs": [319, 639, 959, 1279, 1599, 1919, 2303, 2623, 2943, 3263, 3647, 3967, 4287, 4671, 4991, 5503, 5823, 6143, 6463, 6847, 7423, 7743, 8447, 9279, 9599, 9919], "confirmed_sample_idxs": [703, 1023, 1279, 1599, 1983, 2303, 2687, 3135, 3647, 3967, 4671, 4991, 5503, 6143, 6847, 7423, 7743, 8447, 9279, 9599, 9983], "acc_series": [[63, 0.40625], [127, 0.4765625], [191, 0.5572916666666666], [255, 0.55859375], [319, 0.6], [383, 0.6328125], [447, 0.6629464285714286], [511, 0.677734375], [575, 0.6736111111111112], [639, 0.6765625], [703, 0.6775568181818182], [767, 0.6744791666666666], [831, 0.6887019230769231], [895, 0.6986607142857143], [959, 0.7052083333333333], [1023, 0.7099609375], [1087, 0.7178308823529411], [1151, 0.7274305555555556], [1215, 0.7368421052631579], [1279, 0.7390625], [1343, 0.7477678571428571], [1407, 0.7507102272727273], [1471, 0.7581521739130435], [1535, 0.7643229166666666], [1599, 0.77], [1663, 0.7770432692307693], [1727, 0.7806712962962963], [1791, 0.78515625], [1855, 0.7877155172413793], [1919, 0.7911458333333333], [1983, 0.7943548387096774], [2047, 0.79931640625], [2111, 0.8049242424242424], [2175, 0.8097426470588235], [2239, 0.8125], [2303, 0.8168402777777778], [2367, 0.8196790540540541], [2431, 0.8231907894736842], [2495, 0.8245192307692307], [2559, 0.826953125], [2623, 0.8292682926829268], [2687, 0.8311011904761905], [2751, 0.8343023255813954], [2815, 0.8373579545454546], [2879, 0.8409722222222222], [2943, 0.8417119565217391], [3007, 0.8447473404255319], [3071, 0.8463541666666666], [3135, 0.8482142857142857], [3199, 0.8503125], [3263, 0.852328431372549], [3327, 0.8539663461538461], [3391, 0.8558372641509434], [3455, 0.8576388888888888], [3519, 0.8588068181818181], [3583, 0.8599330357142857], [3647, 0.8607456140350878], [3711, 0.8631465517241379], [3775, 0.8646716101694916], [3839, 0.8661458333333333], [3903, 0.8675717213114754], [3967, 0.8684475806451613], [4031, 0.8695436507936508], [4095, 0.87060546875], [4159, 0.8713942307692307], [4223, 0.8723958333333334], [4287, 0.8736007462686567], [4351, 0.8743106617647058], [4415, 0.8754528985507246], [4479, 0.8772321428571429], [4543, 0.8785211267605634], [4607, 0.8802083333333334], [4671, 0.8803510273972602], [4735, 0.8817567567567568], [4799, 0.8827083333333333], [4863, 0.8838404605263158], [4927, 0.8849431818181818], [4991, 0.8860176282051282], [5055, 0.8870648734177216], [5119, 0.887890625], [5183, 0.888695987654321], [5247, 0.889672256097561], [5311, 0.8902484939759037], [5375, 0.8915550595238095], [5439, 0.8926470588235295], [5503, 0.8937136627906976], [5567, 0.8945761494252874], [5631, 0.8952414772727273], [5695, 0.8962429775280899], [5759, 0.8967013888888888], [5823, 0.8976648351648352], [5887, 0.8979279891304348], [5951, 0.8985215053763441], [6015, 0.8991023936170213], [6079, 0.899671052631579], [6143, 0.9005533854166666], [6207, 0.901256443298969], [6271, 0.9019451530612245], [6335, 0.9023042929292929], [6399, 0.901875], [6463, 0.9020730198019802], [6527, 0.9016544117647058], [6591, 0.9024575242718447], [6655, 0.9029447115384616], [6719, 0.903422619047619], [6783, 0.9037441037735849], [6847, 0.9044976635514018], [6911, 0.9046585648148148], [6975, 0.9053899082568807], [7039, 0.9059659090909091], [7103, 0.9066722972972973], [7167, 0.9073660714285714], [7231, 0.9079092920353983], [7295, 0.9085800438596491], [7359, 0.9092391304347827], [7423, 0.9096174568965517], [7487, 0.9099893162393162], [7551, 0.9104872881355932], [7615, 0.9109768907563025], [7679, 0.91171875], [7743, 0.9121900826446281], [7807, 0.9129098360655737], [7871, 0.9133638211382114], [7935, 0.9139364919354839], [7999, 0.914625], [8063, 0.9150545634920635], [8127, 0.9157234251968503], [8191, 0.9158935546875], [8255, 0.9163032945736435], [8319, 0.9167067307692308], [8383, 0.9173425572519084], [8447, 0.9178503787878788], [8511, 0.918233082706767], [8575, 0.9187266791044776], [8639, 0.919212962962963], [8703, 0.9192325367647058], [8767, 0.9195939781021898], [8831, 0.9201766304347826], [8895, 0.9200764388489209], [8959, 0.9204241071428572], [9023, 0.920988475177305], [9087, 0.9211047535211268], [9151, 0.9216564685314685], [9215, 0.9219835069444444], [9279, 0.9223060344827586], [9343, 0.9227311643835616], [9407, 0.9231505102040817], [9471, 0.9234586148648649], [9535, 0.9236577181208053], [9599, 0.9235416666666667], [9663, 0.9236341059602649], [9727, 0.923828125], [9791, 0.9240196078431373], [9855, 0.924310064935065], [9919, 0.9245967741935484], [9983, 0.9248798076923077], [9999, 0.925]], "candidate_count_total": 25, "confirmed_count_total": 21, "created_at": 1768148538.2402182, "confirm_rule_effective": "perm_test", "last_perm_pvalue": 0.004975124378109453, "last_perm_effect": 0.02881683058126294, "perm_test_count_total": 41, "perm_accept_count_total": 21, "perm_reject_count_total": 20, "perm_alpha": 0.05, "perm_pvalue_p50": 0.004975124378109453, "perm_pvalue_p90": 1.0, "perm_pvalue_p99": 1.0, "perm_pvalue_le_alpha_ratio": 0.5121951219512195, "perm_effect_p50": 0.02881683058126294, "perm_effect_p90": 0.10135450592647316, "perm_effect_p99": 0.14335391675346107}