{"dataset_name": "sine_nodrift", "dataset_type": "sine", "model_variant": "ts_drift_adapt", "seed": 2, "monitor_preset": "error_divergence_ph_meta@error.threshold=0.10,error.min_instances=5", "monitor_preset_base": "error_divergence_ph_meta", "monitor_ph_params": {"error_rate": {"delta": 0.005, "alpha": 0.15, "threshold": 0.1, "min_instances": 5}, "divergence": {"delta": 0.005, "alpha": 0.1, "threshold": 0.05, "min_instances": 30}}, "monitor_ph_overrides": {"error_rate": {"threshold": 0.1, "min_instances": 5}}, "trigger_mode": "two_stage", "trigger_k": 2, "trigger_threshold": 0.5, "trigger_weights": "__confirm_cooldown=200,__confirm_rule=perm_test,__perm_alpha=0.015,__perm_min_effect=0,__perm_n_perm=200,__perm_post_n=20,__perm_pre_n=500,__perm_rng_seed=0,__perm_stat=vote_score,divergence=0.3,error_rate=0.5,teacher_entropy=0.2", "confirm_window": 3, "confirm_cooldown": 0, "adaptive_cooldown_enabled": 0, "adaptive_window": 10000, "adaptive_lower_per10k": 10.0, "adaptive_upper_per10k": 25.0, "adaptive_cooldown_low": 200, "adaptive_cooldown_high": 500, "severity_scheduler_scale": 1.0, "use_severity_v2": 0, "severity_gate": "none", "severity_gate_min_streak": 1, "entropy_mode": "overconfident", "severity_decay": 0.95, "freeze_baseline_steps": 0, "n_steps": 800, "horizon": 10000, "acc_final": 0.945, "mean_acc": 0.8976419696835058, "acc_min": 0.65625, "candidate_sample_idxs": [319, 639, 959, 1279, 1599, 2559, 2879, 3327, 3647, 4031, 4479, 5247, 5567, 6399, 6847, 8063, 8447, 8767, 9087, 9791], "confirmed_sample_idxs": [639, 959, 1279, 1599, 2559, 2879, 3327, 3647, 4031, 4479, 5247, 5567, 6399, 6847, 8063, 8447, 8767, 9087, 9791], "acc_series": [[63, 0.65625], [127, 0.65625], [191, 0.6770833333333334], [255, 0.68359375], [319, 0.7125], [383, 0.7317708333333334], [447, 0.75], [511, 0.7578125], [575, 0.7621527777777778], [639, 0.7703125], [703, 0.7713068181818182], [767, 0.77734375], [831, 0.7896634615384616], [895, 0.8024553571428571], [959, 0.809375], [1023, 0.814453125], [1087, 0.8125], [1151, 0.8185763888888888], [1215, 0.8256578947368421], [1279, 0.83203125], [1343, 0.8385416666666666], [1407, 0.84375], [1471, 0.8485054347826086], [1535, 0.8528645833333334], [1599, 0.854375], [1663, 0.8563701923076923], [1727, 0.8587962962962963], [1791, 0.8621651785714286], [1855, 0.8642241379310345], [1919, 0.8666666666666667], [1983, 0.8709677419354839], [2047, 0.87451171875], [2111, 0.8773674242424242], [2175, 0.8800551470588235], [2239, 0.8834821428571429], [2303, 0.8862847222222222], [2367, 0.8889358108108109], [2431, 0.8910361842105263], [2495, 0.8934294871794872], [2559, 0.89375], [2623, 0.8944359756097561], [2687, 0.8950892857142857], [2751, 0.893531976744186], [2815, 0.8948863636363636], [2879, 0.8958333333333334], [2943, 0.8963994565217391], [3007, 0.8972739361702128], [3071, 0.8981119791666666], [3135, 0.8985969387755102], [3199, 0.9], [3263, 0.9007352941176471], [3327, 0.9020432692307693], [3391, 0.9024174528301887], [3455, 0.9039351851851852], [3519, 0.9051136363636364], [3583, 0.9065290178571429], [3647, 0.9070723684210527], [3711, 0.9078663793103449], [3775, 0.9088983050847458], [3839, 0.9096354166666667], [3903, 0.9103483606557377], [3967, 0.9115423387096774], [4031, 0.9122023809523809], [4095, 0.9130859375], [4159, 0.9134615384615384], [4223, 0.9140625], [4287, 0.9151119402985075], [4351, 0.9156709558823529], [4415, 0.916213768115942], [4479, 0.9160714285714285], [4543, 0.9170334507042254], [4607, 0.9177517361111112], [4671, 0.918236301369863], [4735, 0.9178631756756757], [4799, 0.9183333333333333], [4863, 0.919202302631579], [4927, 0.9190340909090909], [4991, 0.9192708333333334], [5055, 0.9198971518987342], [5119, 0.9205078125], [5183, 0.9209104938271605], [5247, 0.9216844512195121], [5311, 0.921875], [5375, 0.9226190476190477], [5439, 0.9231617647058824], [5503, 0.9236918604651163], [5567, 0.9245689655172413], [5631, 0.9245383522727273], [5695, 0.9253862359550562], [5759, 0.9256944444444445], [5823, 0.9259958791208791], [5887, 0.9268002717391305], [5951, 0.9272513440860215], [6015, 0.9273603723404256], [6079, 0.9279605263157895], [6143, 0.9283854166666666], [6207, 0.9283182989690721], [6271, 0.9288903061224489], [6335, 0.9294507575757576], [6399, 0.92984375], [6463, 0.9303836633663366], [6527, 0.9307598039215687], [6591, 0.931128640776699], [6655, 0.9311899038461539], [6719, 0.9316964285714285], [6783, 0.9318985849056604], [6847, 0.9320969626168224], [6911, 0.9321469907407407], [6975, 0.932769495412844], [7039, 0.9332386363636364], [7103, 0.9335585585585585], [7167, 0.9334542410714286], [7231, 0.933766592920354], [7295, 0.9340734649122807], [7359, 0.9345108695652173], [7423, 0.9346713362068966], [7487, 0.9349626068376068], [7551, 0.9353813559322034], [7615, 0.9355304621848739], [7679, 0.9360677083333333], [7743, 0.9364669421487604], [7807, 0.9369877049180327], [7871, 0.9375], [7935, 0.9377520161290323], [7999, 0.938125], [8063, 0.9379960317460317], [8127, 0.938238188976378], [8191, 0.938720703125], [8255, 0.938953488372093], [8319, 0.9390625], [8383, 0.939050572519084], [8447, 0.9389204545454546], [8511, 0.9391447368421053], [8575, 0.9394822761194029], [8639, 0.9399305555555556], [8703, 0.9400275735294118], [8767, 0.9403512773722628], [8831, 0.9402173913043478], [8895, 0.9406474820143885], [8959, 0.9407366071428571], [9023, 0.9409352836879432], [9087, 0.9412411971830986], [9151, 0.9416520979020979], [9215, 0.9420572916666666], [9279, 0.9423491379310345], [9343, 0.9423159246575342], [9407, 0.9426020408163265], [9471, 0.9428842905405406], [9535, 0.9431627516778524], [9599, 0.9434375], [9663, 0.9438120860927153], [9727, 0.9439761513157895], [9791, 0.9440359477124183], [9855, 0.9442978896103896], [9919, 0.9446572580645162], [9983, 0.9449118589743589], [9999, 0.945]], "candidate_count_total": 20, "confirmed_count_total": 19, "created_at": 1768219816.7577896, "confirm_rule_effective": "perm_test", "last_perm_pvalue": 0.004975124378109453, "last_perm_effect": 0.4995956957602843, "perm_test_count_total": 19, "perm_accept_count_total": 19, "perm_reject_count_total": 0, "perm_alpha": 0.015, "perm_pvalue_p50": 0.004975124378109453, "perm_pvalue_p90": 0.004975124378109453, "perm_pvalue_p99": 0.004975124378109453, "perm_pvalue_le_alpha_ratio": 1.0, "perm_effect_p50": 0.4363679870247717, "perm_effect_p90": 0.5, "perm_effect_p99": 0.5}