{"dataset_name": "sine_nodrift", "dataset_type": "sine", "model_variant": "ts_drift_adapt", "seed": 5, "monitor_preset": "error_divergence_ph_meta@error.threshold=0.10,error.min_instances=5", "monitor_preset_base": "error_divergence_ph_meta", "monitor_ph_params": {"error_rate": {"delta": 0.005, "alpha": 0.15, "threshold": 0.1, "min_instances": 5}, "divergence": {"delta": 0.005, "alpha": 0.1, "threshold": 0.05, "min_instances": 30}}, "monitor_ph_overrides": {"error_rate": {"threshold": 0.1, "min_instances": 5}}, "trigger_mode": "two_stage", "trigger_k": 2, "trigger_threshold": 0.5, "trigger_weights": "__confirm_cooldown=200,__confirm_rule=perm_test,__perm_alpha=0.01,__perm_min_effect=0,__perm_n_perm=200,__perm_post_n=10,__perm_pre_n=200,__perm_rng_seed=0,__perm_stat=fused_score,divergence=0.3,error_rate=0.5,teacher_entropy=0.2", "confirm_window": 3, "confirm_cooldown": 0, "adaptive_cooldown_enabled": 0, "adaptive_window": 10000, "adaptive_lower_per10k": 10.0, "adaptive_upper_per10k": 25.0, "adaptive_cooldown_low": 200, "adaptive_cooldown_high": 500, "severity_scheduler_scale": 1.0, "use_severity_v2": 0, "severity_gate": "none", "severity_gate_min_streak": 1, "entropy_mode": "overconfident", "severity_decay": 0.95, "freeze_baseline_steps": 0, "n_steps": 800, "horizon": 10000, "acc_final": 0.9125, "mean_acc": 0.8363579243781759, "acc_min": 0.56640625, "candidate_sample_idxs": [319, 639, 959, 1279, 1599, 1919, 2559, 2879, 3199, 3647, 3967, 4287, 4607, 4927, 5311, 5631, 5951, 6271, 6655, 6975, 7423, 7999, 8383, 9535, 9919], "confirmed_sample_idxs": [959, 2559, 3071, 3647, 3967, 4287, 5311, 5951, 6655, 6975, 7423, 7999, 8383, 9535, 9919], "acc_series": [[63, 0.59375], [127, 0.5703125], [191, 0.578125], [255, 0.56640625], [319, 0.575], [383, 0.6041666666666666], [447, 0.6183035714285714], [511, 0.62890625], [575, 0.6493055555555556], [639, 0.6640625], [703, 0.6761363636363636], [767, 0.6888020833333334], [831, 0.6947115384615384], [895, 0.7131696428571429], [959, 0.7125], [1023, 0.716796875], [1087, 0.7132352941176471], [1151, 0.7178819444444444], [1215, 0.7171052631578947], [1279, 0.72421875], [1343, 0.7276785714285714], [1407, 0.7350852272727273], [1471, 0.7425271739130435], [1535, 0.7486979166666666], [1599, 0.756875], [1663, 0.7638221153846154], [1727, 0.7690972222222222], [1791, 0.7734375], [1855, 0.7764008620689655], [1919, 0.7791666666666667], [1983, 0.78125], [2047, 0.7841796875], [2111, 0.7859848484848485], [2175, 0.7872242647058824], [2239, 0.7892857142857143], [2303, 0.7921006944444444], [2367, 0.7951858108108109], [2431, 0.7976973684210527], [2495, 0.7996794871794872], [2559, 0.80234375], [2623, 0.8064024390243902], [2687, 0.8087797619047619], [2751, 0.811046511627907], [2815, 0.8135653409090909], [2879, 0.8170138888888889], [2943, 0.8196331521739131], [3007, 0.8228058510638298], [3071, 0.8245442708333334], [3135, 0.8274872448979592], [3199, 0.829375], [3263, 0.8314950980392157], [3327, 0.8335336538461539], [3391, 0.8352004716981132], [3455, 0.8373842592592593], [3519, 0.8389204545454545], [3583, 0.841796875], [3647, 0.84375], [3711, 0.8459051724137931], [3775, 0.8477224576271186], [3839, 0.8494791666666667], [3903, 0.8511782786885246], [3967, 0.8523185483870968], [4031, 0.8536706349206349], [4095, 0.855712890625], [4159, 0.8567307692307692], [4223, 0.857717803030303], [4287, 0.8591417910447762], [4351, 0.8591452205882353], [4415, 0.8600543478260869], [4479, 0.8609375], [4543, 0.8622359154929577], [4607, 0.8630642361111112], [4671, 0.8649400684931506], [4735, 0.8654983108108109], [4799, 0.86625], [4863, 0.8667763157894737], [4927, 0.8678977272727273], [4991, 0.8691907051282052], [5055, 0.8706487341772152], [5119, 0.871484375], [5183, 0.8726851851851852], [5247, 0.8734756097560976], [5311, 0.8738704819277109], [5375, 0.8746279761904762], [5439, 0.8746323529411765], [5503, 0.8755450581395349], [5567, 0.8766163793103449], [5631, 0.8774857954545454], [5695, 0.8781601123595506], [5759, 0.8789930555555555], [5823, 0.8792925824175825], [5887, 0.8804347826086957], [5951, 0.8807123655913979], [6015, 0.8813164893617021], [6079, 0.8817434210526316], [6143, 0.8819986979166666], [6207, 0.882409793814433], [6271, 0.8829719387755102], [6335, 0.8832070707070707], [6399, 0.88390625], [6463, 0.8842821782178217], [6527, 0.8852634803921569], [6591, 0.8859223300970874], [6655, 0.8862680288461539], [6719, 0.8867559523809524], [6783, 0.8876768867924528], [6847, 0.888142523364486], [6911, 0.8887442129629629], [6975, 0.8896215596330275], [7039, 0.8900568181818181], [7103, 0.8909065315315315], [7167, 0.8911830357142857], [7231, 0.8921460176991151], [7295, 0.8928179824561403], [7359, 0.8934782608695652], [7423, 0.8939924568965517], [7487, 0.8946314102564102], [7551, 0.8949947033898306], [7615, 0.8956144957983193], [7679, 0.8958333333333334], [7743, 0.8963068181818182], [7807, 0.897156762295082], [7871, 0.8978658536585366], [7935, 0.8981854838709677], [7999, 0.898625], [8063, 0.8993055555555556], [8127, 0.8993602362204725], [8191, 0.9000244140625], [8255, 0.9006782945736435], [8319, 0.901201923076923], [8383, 0.9017175572519084], [8447, 0.9024621212121212], [8511, 0.9029605263157895], [8575, 0.9033348880597015], [8639, 0.903587962962963], [8703, 0.9037224264705882], [8767, 0.9043111313868614], [8831, 0.904891304347826], [8895, 0.9054631294964028], [8959, 0.9056919642857143], [9023, 0.90625], [9087, 0.9069102112676056], [9151, 0.9075611888111889], [9215, 0.9079861111111112], [9279, 0.9084051724137931], [9343, 0.9089255136986302], [9407, 0.9091198979591837], [9471, 0.9096283783783784], [9535, 0.910130033557047], [9599, 0.9104166666666667], [9663, 0.9108029801324503], [9727, 0.9112870065789473], [9791, 0.9116625816993464], [9855, 0.9118303571428571], [9919, 0.9119959677419355], [9983, 0.9124599358974359], [9999, 0.9125]], "candidate_count_total": 24, "confirmed_count_total": 15, "created_at": 1768149156.319195, "confirm_rule_effective": "perm_test", "last_perm_pvalue": 0.004975124378109453, "last_perm_effect": 0.07059527747610701, "perm_test_count_total": 50, "perm_accept_count_total": 15, "perm_reject_count_total": 35, "perm_alpha": 0.01, "perm_pvalue_p50": 0.7661691542288558, "perm_pvalue_p90": 1.0, "perm_pvalue_p99": 1.0, "perm_pvalue_le_alpha_ratio": 0.3, "perm_effect_p50": -0.0052038038078905694, "perm_effect_p90": 0.07346071297911785, "perm_effect_p99": 0.1322618936529658}