{"dataset_name": "INSECTS_abrupt_balanced", "dataset_type": "insects_real", "model_variant": "ts_drift_adapt_severity", "seed": 4, "monitor_preset": "error_divergence_ph_meta@error.threshold=0.05,error.min_instances=5", "monitor_preset_base": "error_divergence_ph_meta", "monitor_ph_params": {"error_rate": {"delta": 0.005, "alpha": 0.15, "threshold": 0.05, "min_instances": 5}, "divergence": {"delta": 0.005, "alpha": 0.1, "threshold": 0.05, "min_instances": 30}}, "monitor_ph_overrides": {"error_rate": {"threshold": 0.05, "min_instances": 5}}, "trigger_mode": "two_stage", "trigger_k": 2, "trigger_threshold": 0.5, "trigger_weights": "confirm_cooldown=200,divergence=0.3,error_rate=0.5,teacher_entropy=0.2", "confirm_window": 1, "confirm_cooldown": 0, "severity_scheduler_scale": 1.0, "use_severity_v2": 1, "severity_gate": "confirmed_streak", "severity_gate_min_streak": 3, "entropy_mode": "overconfident", "severity_decay": 0.95, "freeze_baseline_steps": 0, "n_steps": 1200, "horizon": 52847, "acc_final": 0.19121236777868186, "mean_acc": 0.19751371527889594, "acc_min": 0.17255208333333333, "candidate_sample_idxs": [1279, 2559, 3839, 5119, 6399, 7679, 8959, 10239, 11519, 12799, 14847, 16127, 17407, 18687, 19967, 21247, 22527, 23807, 25087, 26367, 27647, 28927, 30207, 31487, 32767, 34047, 35327, 36607, 37887, 39167, 40447, 41727, 43007, 44287, 45567, 46847, 49663, 50943, 52223], "confirmed_sample_idxs": [1279, 2559, 3839, 5119, 6399, 7679, 8959, 10239, 11519, 12799, 14847, 16127, 17407, 18687, 19967, 21247, 22527, 23807, 25087, 26367, 27647, 28927, 30207, 31487, 32767, 34047, 35327, 36607, 37887, 39167, 40447, 41727, 43007, 44287, 45567, 46847, 49663, 50943, 52223], "acc_series": [[255, 0.2265625], [511, 0.21484375], [767, 0.20572916666666666], [1023, 0.203125], [1279, 0.2015625], [1535, 0.19856770833333334], [1791, 0.20145089285714285], [2047, 0.203125], [2303, 0.20833333333333334], [2559, 0.208984375], [2815, 0.2137784090909091], [3071, 0.21516927083333334], [3327, 0.21875], [3583, 0.216796875], [3839, 0.21927083333333333], [4095, 0.218017578125], [4351, 0.22058823529411764], [4607, 0.2202690972222222], [4863, 0.22471217105263158], [5119, 0.2267578125], [5375, 0.2269345238095238], [5631, 0.22887073863636365], [5887, 0.22877038043478262], [6143, 0.22884114583333334], [6399, 0.229375], [6655, 0.22986778846153846], [6911, 0.2298900462962963], [7167, 0.22991071428571427], [7423, 0.2296605603448276], [7679, 0.22760416666666666], [7935, 0.22668850806451613], [8191, 0.2266845703125], [8447, 0.22573390151515152], [8703, 0.22736672794117646], [8959, 0.22901785714285713], [9215, 0.2290581597222222], [9471, 0.22951858108108109], [9727, 0.22902960526315788], [9983, 0.22946714743589744], [10239, 0.22998046875], [10495, 0.2303734756097561], [10751, 0.23177083333333334], [11007, 0.2316497093023256], [11263, 0.2333096590909091], [11519, 0.2322048611111111], [11775, 0.23191236413043478], [12031, 0.23238031914893617], [12287, 0.23193359375], [12543, 0.23262117346938777], [12799, 0.228671875], [13055, 0.22418811274509803], [13311, 0.2198768028846154], [13567, 0.21572818396226415], [13823, 0.2117332175925926], [14079, 0.20788352272727273], [14335, 0.20465959821428573], [14591, 0.2040844298245614], [14847, 0.2017106681034483], [15103, 0.19855667372881355], [15359, 0.19563802083333334], [15615, 0.19287909836065573], [15871, 0.18983114919354838], [16127, 0.18700396825396826], [16383, 0.184326171875], [16639, 0.18173076923076922], [16895, 0.17921401515151514], [17151, 0.17718050373134328], [17407, 0.17612591911764705], [17663, 0.17515851449275363], [17919, 0.17544642857142856], [18175, 0.17495598591549297], [18431, 0.17442491319444445], [18687, 0.1734267979452055], [18943, 0.17261402027027026], [19199, 0.17255208333333333], [19455, 0.17362253289473684], [19711, 0.17481737012987014], [19967, 0.1750801282051282], [20223, 0.1752373417721519], [20479, 0.175537109375], [20735, 0.17568479938271606], [20991, 0.1758765243902439], [21247, 0.17578125], [21503, 0.17606026785714285], [21759, 0.1763327205882353], [22015, 0.17664425872093023], [22271, 0.17739762931034483], [22527, 0.17853338068181818], [22783, 0.179906952247191], [23039, 0.18107638888888888], [23295, 0.18204842032967034], [23551, 0.18401834239130435], [23807, 0.1852318548387097], [24063, 0.18650265957446807], [24319, 0.18778782894736842], [24575, 0.188720703125], [24831, 0.18955380154639176], [25087, 0.19017059948979592], [25343, 0.19101167929292928], [25599, 0.191796875], [25855, 0.1926825495049505], [26111, 0.19358915441176472], [26367, 0.19447815533980584], [26623, 0.19553786057692307], [26879, 0.19654017857142858], [27135, 0.1974498820754717], [27391, 0.19867114485981308], [27647, 0.1997974537037037], [27903, 0.20104644495412843], [28159, 0.19985795454545455], [28415, 0.19823338963963963], [28671, 0.19670758928571427], [28927, 0.195139657079646], [29183, 0.19373629385964913], [29439, 0.1923233695652174], [29695, 0.19100215517241378], [29951, 0.18990384615384615], [30207, 0.18879104872881355], [30463, 0.18772977941176472], [30719, 0.18671875], [30975, 0.18569214876033058], [31231, 0.18474641393442623], [31487, 0.1838478150406504], [31743, 0.1836882560483871], [31999, 0.18321875], [32255, 0.18331473214285715], [32511, 0.18433193897637795], [32767, 0.185821533203125], [33023, 0.18737887596899225], [33279, 0.18759014423076922], [33535, 0.18752981870229007], [33791, 0.18791429924242425], [34047, 0.18811677631578946], [34303, 0.18822877798507462], [34559, 0.18839699074074073], [34815, 0.18818933823529413], [35071, 0.18804174270072993], [35327, 0.18812273550724637], [35583, 0.18859599820143885], [35839, 0.18881138392857144], [36095, 0.18866356382978725], [36351, 0.18873789612676056], [36607, 0.1888111888111888], [36863, 0.18882921006944445], [37119, 0.18890086206896553], [37375, 0.1889982876712329], [37631, 0.18925382653061223], [37887, 0.18955869932432431], [38143, 0.18970218120805368], [38399, 0.1884375], [38655, 0.18718956953642385], [38911, 0.1870631167763158], [39167, 0.1869127859477124], [39423, 0.1868658685064935], [39679, 0.18722278225806452], [39935, 0.18717447916666666], [40191, 0.18692774681528662], [40447, 0.18668413765822786], [40703, 0.1864435927672956], [40959, 0.1865234375], [41215, 0.18672360248447206], [41471, 0.1869454089506173], [41727, 0.18716449386503067], [41983, 0.18752381859756098], [42239, 0.1881628787878788], [42495, 0.18865304969879518], [42751, 0.18916074101796407], [43007, 0.18998790922619047], [43263, 0.1908746301775148], [43519, 0.19170496323529412], [43775, 0.1924342105263158], [44031, 0.19351835029069767], [44287, 0.19386741329479767], [44543, 0.19452676005747127], [44799, 0.19504464285714285], [45055, 0.19586736505681818], [45311, 0.1965483757062147], [45567, 0.1973534058988764], [45823, 0.19819308659217877], [46079, 0.19921875], [46335, 0.19971512430939226], [46591, 0.20050652472527472], [46847, 0.20056352459016394], [47103, 0.19947350543478262], [47359, 0.19839527027027026], [47615, 0.19732862903225806], [47871, 0.19627339572192512], [48127, 0.19522938829787234], [48383, 0.19419642857142858], [48639, 0.19317434210526316], [48895, 0.19218340968586387], [49151, 0.19124348958333334], [49407, 0.19029306994818654], [49663, 0.1893725837628866], [49919, 0.18852163461538463], [50175, 0.18781887755102042], [50431, 0.18718274111675126], [50687, 0.1871646148989899], [50943, 0.18787295854271358], [51199, 0.18884765625], [51455, 0.19045398009950248], [51711, 0.19212175123762376], [51967, 0.19379233374384236], [52223, 0.19349341299019607], [52479, 0.19254954268292682], [52735, 0.19161483616504854], [52846, 0.19121236777868186]], "candidate_count_total": 39, "confirmed_count_total": 39, "created_at": 1767841447.7510133}