{"dataset_name": "INSECTS_abrupt_balanced", "dataset_type": "insects_real", "model_variant": "ts_drift_adapt_severity", "seed": 7, "monitor_preset": "error_divergence_ph_meta@error.threshold=0.05,error.min_instances=5", "monitor_preset_base": "error_divergence_ph_meta", "monitor_ph_params": {"error_rate": {"delta": 0.005, "alpha": 0.15, "threshold": 0.05, "min_instances": 5}, "divergence": {"delta": 0.005, "alpha": 0.1, "threshold": 0.05, "min_instances": 30}}, "monitor_ph_overrides": {"error_rate": {"threshold": 0.05, "min_instances": 5}}, "trigger_mode": "two_stage", "trigger_k": 2, "trigger_threshold": 0.5, "trigger_weights": "confirm_cooldown=0,divergence=0.3,error_rate=0.5,teacher_entropy=0.2", "confirm_window": 1, "confirm_cooldown": 0, "severity_scheduler_scale": 1.0, "use_severity_v2": 1, "severity_gate": "confirmed_streak", "severity_gate_min_streak": 5, "entropy_mode": "overconfident", "severity_decay": 0.95, "freeze_baseline_steps": 0, "n_steps": 1200, "horizon": 52847, "acc_final": 0.20828050788124208, "mean_acc": 0.2014215501706757, "acc_min": 0.16802536231884058, "candidate_sample_idxs": [1279, 2559, 3839, 5119, 6399, 7679, 8959, 10239, 11519, 12799, 14079, 15103, 15359, 17919, 19199, 20479, 21759, 23039, 24319, 25599, 26879, 28159, 29439, 30719, 31999, 33279, 34559, 35839, 37119, 38399, 39679, 40959, 42239, 43519, 44799, 46079, 47359, 48639, 49919, 51199, 52479], "confirmed_sample_idxs": [1279, 2559, 3839, 5119, 6399, 7679, 8959, 10239, 11519, 12799, 14079, 15359, 17919, 19199, 20479, 21759, 23039, 24319, 25599, 26879, 28159, 29439, 30719, 31999, 33279, 34559, 35839, 37119, 38399, 39679, 40959, 42239, 43519, 44799, 46079, 47359, 48639, 49919, 51199, 52479], "acc_series": [[255, 0.1953125], [511, 0.1796875], [767, 0.17838541666666666], [1023, 0.1796875], [1279, 0.178125], [1535, 0.17513020833333334], [1791, 0.17131696428571427], [2047, 0.17333984375], [2303, 0.1796875], [2559, 0.183203125], [2815, 0.18607954545454544], [3071, 0.189453125], [3327, 0.19471153846153846], [3583, 0.19698660714285715], [3839, 0.19869791666666667], [4095, 0.19873046875], [4351, 0.20128676470588236], [4607, 0.2013888888888889], [4863, 0.20106907894736842], [5119, 0.2009765625], [5375, 0.20033482142857142], [5631, 0.201171875], [5887, 0.2022758152173913], [6143, 0.20182291666666666], [6399, 0.2021875], [6655, 0.20222355769230768], [6911, 0.2042824074074074], [7167, 0.20382254464285715], [7423, 0.20460668103448276], [7679, 0.20520833333333333], [7935, 0.20602318548387097], [8191, 0.2069091796875], [8447, 0.20774147727272727], [8703, 0.208984375], [8959, 0.21071428571428572], [9215, 0.2119140625], [9471, 0.21199324324324326], [9727, 0.2119654605263158], [9983, 0.21223958333333334], [10239, 0.21357421875], [10495, 0.21370045731707318], [10751, 0.21428571428571427], [11007, 0.21375363372093023], [11263, 0.21448863636363635], [11519, 0.2142361111111111], [11775, 0.21458899456521738], [12031, 0.21484375], [12287, 0.21427408854166666], [12543, 0.2144451530612245], [12799, 0.21109375], [13055, 0.20695465686274508], [13311, 0.2029747596153846], [13567, 0.19914504716981132], [13823, 0.19581886574074073], [14079, 0.19623579545454545], [14335, 0.20549665178571427], [14591, 0.20298793859649122], [14847, 0.19948814655172414], [15103, 0.19617319915254236], [15359, 0.19290364583333333], [15615, 0.18974129098360656], [15871, 0.18668094758064516], [16127, 0.18377976190476192], [16383, 0.180908203125], [16639, 0.178125], [16895, 0.17542613636363635], [17151, 0.1728078358208955], [17407, 0.1703814338235294], [17663, 0.16802536231884058], [17919, 0.16824776785714285], [18175, 0.17270026408450703], [18431, 0.17594401041666666], [18687, 0.17888484589041095], [18943, 0.18243243243243243], [19199, 0.18557291666666667], [19455, 0.1894017269736842], [19711, 0.1911018668831169], [19967, 0.1912560096153846], [20223, 0.19106012658227847], [20479, 0.19130859375], [20735, 0.1912133487654321], [20991, 0.1912157012195122], [21247, 0.19117093373493976], [21503, 0.19122023809523808], [21759, 0.1909466911764706], [22015, 0.19108829941860464], [22271, 0.1917205459770115], [22527, 0.19242720170454544], [22783, 0.19421523876404495], [23039, 0.19535590277777778], [23295, 0.19591346153846154], [23551, 0.19773267663043478], [23807, 0.19926075268817203], [24063, 0.2005900930851064], [24319, 0.2015625], [24575, 0.2025146484375], [24831, 0.20340689432989692], [25087, 0.2044403698979592], [25343, 0.20572916666666666], [25599, 0.2064453125], [25855, 0.2073019801980198], [26111, 0.20833333333333334], [26367, 0.20926881067961164], [26623, 0.20966045673076922], [26879, 0.21045386904761904], [27135, 0.2114902712264151], [27391, 0.21243428738317757], [27647, 0.21393952546296297], [27903, 0.2151304472477064], [28159, 0.21360085227272727], [28415, 0.21167652027027026], [28671, 0.20982142857142858], [28927, 0.2079646017699115], [29183, 0.20617461622807018], [29439, 0.2045516304347826], [29695, 0.20288927801724138], [29951, 0.20135550213675213], [30207, 0.1998477224576271], [30463, 0.19866071428571427], [30719, 0.19739583333333333], [30975, 0.19634555785123967], [31231, 0.19518442622950818], [31487, 0.19461382113821138], [31743, 0.19461945564516128], [31999, 0.1954375], [32255, 0.19652157738095238], [32511, 0.19829601377952755], [32767, 0.200164794921875], [33023, 0.2020046027131783], [33279, 0.20207331730769232], [33535, 0.20181297709923665], [33791, 0.20203006628787878], [34047, 0.20215578007518797], [34303, 0.20198810634328357], [34559, 0.20164930555555555], [34815, 0.20140165441176472], [35071, 0.20110059306569342], [35327, 0.20125679347826086], [35583, 0.20149505395683454], [35839, 0.20161830357142857], [36095, 0.20149046985815602], [36351, 0.20172205105633803], [36607, 0.2017318618881119], [36863, 0.20166015625], [37119, 0.20161637931034482], [37375, 0.2015999571917808], [37631, 0.20174319727891157], [37887, 0.20220122466216217], [38143, 0.20228607382550334], [38399, 0.2009375], [38655, 0.1996067880794702], [38911, 0.19960423519736842], [39167, 0.19962724673202614], [39423, 0.2001065340909091], [39679, 0.20025201612903226], [39935, 0.2004707532051282], [40191, 0.2007862261146497], [40447, 0.20119659810126583], [40703, 0.2013561320754717], [40959, 0.201806640625], [41215, 0.2022758152173913], [41471, 0.2026909722222222], [41727, 0.20317292944785276], [41983, 0.20383955792682926], [42239, 0.2050662878787879], [42495, 0.20587820030120482], [42751, 0.20689090568862276], [43007, 0.20768229166666666], [43263, 0.20871856508875739], [43519, 0.20974264705882353], [43775, 0.21080043859649122], [44031, 0.21173237645348839], [44287, 0.21251806358381503], [44543, 0.2130926724137931], [44799, 0.21379464285714286], [45055, 0.21479936079545456], [45311, 0.21546168785310735], [45567, 0.21642380617977527], [45823, 0.217200593575419], [46079, 0.21825086805555555], [46335, 0.2190953038674033], [46591, 0.21995192307692307], [46847, 0.21985997267759563], [47103, 0.21868631114130435], [47359, 0.21752533783783784], [47615, 0.21646085349462366], [47871, 0.21536597593582887], [48127, 0.21432430186170212], [48383, 0.21343832671957672], [48639, 0.21270559210526316], [48895, 0.2120214332460733], [49151, 0.21140543619791666], [49407, 0.21091726036269431], [49663, 0.21031330541237114], [49919, 0.20979567307692307], [50175, 0.20936304209183673], [50431, 0.20899428934010153], [50687, 0.20857007575757575], [50943, 0.2087782663316583], [51199, 0.209140625], [51455, 0.20965485074626866], [51711, 0.2104540532178218], [51967, 0.2112838669950739], [52223, 0.21076516544117646], [52479, 0.20973704268292684], [52735, 0.20871890169902912], [52846, 0.20828050788124208]], "candidate_count_total": 40, "confirmed_count_total": 40, "created_at": 1767841864.6144497}