{"dataset_name": "sine_nodrift", "dataset_type": "sine", "model_variant": "ts_drift_adapt", "seed": 1, "monitor_preset": "error_divergence_ph_meta@error.threshold=0.10,error.min_instances=5", "monitor_preset_base": "error_divergence_ph_meta", "monitor_ph_params": {"error_rate": {"delta": 0.005, "alpha": 0.15, "threshold": 0.1, "min_instances": 5}, "divergence": {"delta": 0.005, "alpha": 0.1, "threshold": 0.05, "min_instances": 30}}, "monitor_ph_overrides": {"error_rate": {"threshold": 0.1, "min_instances": 5}}, "trigger_mode": "two_stage", "trigger_k": 2, "trigger_threshold": 0.5, "trigger_weights": "__confirm_cooldown=200,__confirm_rule=perm_test,__perm_alpha=0.02,__perm_delta_k=25,__perm_min_effect=0,__perm_n_perm=200,__perm_post_n=50,__perm_pre_n=200,__perm_rng_seed=0,__perm_stat=delta_fused_score,divergence=0.3,error_rate=0.5,teacher_entropy=0.2", "confirm_window": 3, "confirm_cooldown": 0, "adaptive_cooldown_enabled": 0, "adaptive_window": 10000, "adaptive_lower_per10k": 10.0, "adaptive_upper_per10k": 25.0, "adaptive_cooldown_low": 200, "adaptive_cooldown_high": 500, "severity_scheduler_scale": 1.0, "use_severity_v2": 0, "severity_gate": "none", "severity_gate_min_streak": 1, "entropy_mode": "overconfident", "severity_decay": 0.95, "freeze_baseline_steps": 0, "n_steps": 800, "horizon": 10000, "acc_final": 0.9101, "mean_acc": 0.8332589237198754, "acc_min": 0.421875, "candidate_sample_idxs": [319, 639, 959, 1279, 1599, 1919, 2239, 2687, 3007, 3327, 3647, 4159, 4543, 4863, 5183, 5503, 5887, 6335, 6655, 6975, 7295, 7615, 8383, 8703, 9087, 9407, 9855], "confirmed_sample_idxs": [639, 1023, 1471, 1919, 2239, 2687, 3199, 3711, 4159, 4607, 4863, 5183, 5887, 6335, 6655, 7167, 7679, 8383, 8703, 9087, 9407, 9855], "acc_series": [[63, 0.421875], [127, 0.515625], [191, 0.5625], [255, 0.57421875], [319, 0.58125], [383, 0.5833333333333334], [447, 0.6026785714285714], [511, 0.626953125], [575, 0.6493055555555556], [639, 0.6609375], [703, 0.6818181818181818], [767, 0.6875], [831, 0.7019230769230769], [895, 0.7053571428571429], [959, 0.7166666666666667], [1023, 0.72265625], [1087, 0.7224264705882353], [1151, 0.7239583333333334], [1215, 0.7310855263157895], [1279, 0.73828125], [1343, 0.7462797619047619], [1407, 0.7528409090909091], [1471, 0.7581521739130435], [1535, 0.765625], [1599, 0.766875], [1663, 0.7692307692307693], [1727, 0.7748842592592593], [1791, 0.7784598214285714], [1855, 0.7807112068965517], [1919, 0.7859375], [1983, 0.7913306451612904], [2047, 0.79296875], [2111, 0.7959280303030303], [2175, 0.7973345588235294], [2239, 0.7991071428571429], [2303, 0.7999131944444444], [2367, 0.8040540540540541], [2431, 0.8087993421052632], [2495, 0.8108974358974359], [2559, 0.81171875], [2623, 0.8151676829268293], [2687, 0.8177083333333334], [2751, 0.8204941860465116], [2815, 0.8227982954545454], [2879, 0.825], [2943, 0.826766304347826], [3007, 0.8274601063829787], [3071, 0.8304036458333334], [3135, 0.8316326530612245], [3199, 0.8309375], [3263, 0.8311887254901961], [3327, 0.83203125], [3391, 0.8328419811320755], [3455, 0.8344907407407407], [3519, 0.8360795454545454], [3583, 0.8364955357142857], [3647, 0.8379934210526315], [3711, 0.8380926724137931], [3775, 0.8395127118644068], [3839, 0.8416666666666667], [3903, 0.8434938524590164], [3967, 0.844758064516129], [4031, 0.8462301587301587], [4095, 0.846435546875], [4159, 0.8466346153846154], [4223, 0.8480113636363636], [4287, 0.8481809701492538], [4351, 0.8485753676470589], [4415, 0.849411231884058], [4479, 0.8511160714285714], [4543, 0.8516725352112676], [4607, 0.8530815972222222], [4671, 0.854666095890411], [4735, 0.8547297297297297], [4799, 0.855625], [4863, 0.856702302631579], [4927, 0.8585633116883117], [4991, 0.859375], [5055, 0.8607594936708861], [5119, 0.8619140625], [5183, 0.8626543209876543], [5247, 0.8639481707317073], [5311, 0.8655873493975904], [5375, 0.8658854166666666], [5439, 0.8669117647058824], [5503, 0.8682776162790697], [5567, 0.8692528735632183], [5631, 0.8700284090909091], [5695, 0.8707865168539326], [5759, 0.8715277777777778], [5823, 0.8725961538461539], [5887, 0.8733016304347826], [5951, 0.8738239247311828], [6015, 0.8748337765957447], [6079, 0.875328947368421], [6143, 0.87646484375], [6207, 0.8769329896907216], [6271, 0.8778698979591837], [6335, 0.8783143939393939], [6399, 0.87921875], [6463, 0.879950495049505], [6527, 0.8803615196078431], [6591, 0.8812196601941747], [6655, 0.8819110576923077], [6719, 0.8827380952380952], [6783, 0.8836969339622641], [6847, 0.8843457943925234], [6911, 0.8852719907407407], [6975, 0.8860378440366973], [7039, 0.8867897727272728], [7103, 0.887668918918919], [7167, 0.8883928571428571], [7231, 0.8891039823008849], [7295, 0.8900767543859649], [7359, 0.8910326086956522], [7423, 0.8912984913793104], [7487, 0.8919604700854701], [7551, 0.8922139830508474], [7615, 0.8925945378151261], [7679, 0.89296875], [7743, 0.893595041322314], [7807, 0.8943391393442623], [7871, 0.8948170731707317], [7935, 0.895539314516129], [7999, 0.896125], [8063, 0.8969494047619048], [8127, 0.8976377952755905], [8191, 0.8980712890625], [8255, 0.8982558139534884], [8319, 0.8989182692307692], [8383, 0.8994513358778626], [8447, 0.8997395833333334], [8511, 0.9002584586466166], [8575, 0.9007695895522388], [8639, 0.9015046296296296], [8703, 0.9017693014705882], [8767, 0.9021441605839416], [8831, 0.9028532608695652], [8895, 0.9031025179856115], [8959, 0.9035714285714286], [9023, 0.9038120567375887], [9087, 0.9041593309859155], [9151, 0.9047202797202797], [9215, 0.9051649305555556], [9279, 0.9053879310344828], [9343, 0.9059289383561644], [9407, 0.9061437074829932], [9471, 0.9063555743243243], [9535, 0.9067743288590604], [9599, 0.9072916666666667], [9663, 0.9076986754966887], [9727, 0.908203125], [9791, 0.9085988562091504], [9855, 0.9090909090909091], [9919, 0.9094758064516129], [9983, 0.9100560897435898], [9999, 0.9101]], "candidate_count_total": 24, "confirmed_count_total": 22, "created_at": 1768147022.143737, "confirm_rule_effective": "perm_test", "last_perm_pvalue": 0.004975124378109453, "last_perm_effect": 0.07157048125832262, "perm_test_count_total": 39, "perm_accept_count_total": 22, "perm_reject_count_total": 17, "perm_alpha": 0.02, "perm_pvalue_p50": 0.004975124378109453, "perm_pvalue_p90": 1.0, "perm_pvalue_p99": 1.0, "perm_pvalue_le_alpha_ratio": 0.5641025641025641, "perm_effect_p50": 0.02833625400305679, "perm_effect_p90": 0.07584393739954554, "perm_effect_p99": 0.1258974370899928}