{"dataset_name": "INSECTS_abrupt_balanced", "dataset_type": "insects_real", "model_variant": "ts_drift_adapt_severity", "seed": 8, "monitor_preset": "error_divergence_ph_meta@error.threshold=0.05,error.min_instances=5", "monitor_preset_base": "error_divergence_ph_meta", "monitor_ph_params": {"error_rate": {"delta": 0.005, "alpha": 0.15, "threshold": 0.05, "min_instances": 5}, "divergence": {"delta": 0.005, "alpha": 0.1, "threshold": 0.05, "min_instances": 30}}, "monitor_ph_overrides": {"error_rate": {"threshold": 0.05, "min_instances": 5}}, "trigger_mode": "two_stage", "trigger_k": 2, "trigger_threshold": 0.5, "trigger_weights": "confirm_cooldown=200,divergence=0.3,error_rate=0.5,teacher_entropy=0.2", "confirm_window": 1, "confirm_cooldown": 0, "adaptive_cooldown_enabled": 0, "adaptive_window": 10000, "adaptive_lower_per10k": 10.0, "adaptive_upper_per10k": 25.0, "adaptive_cooldown_low": 200, "adaptive_cooldown_high": 500, "severity_scheduler_scale": 1.0, "use_severity_v2": 1, "severity_gate": "confirmed_streak", "severity_gate_min_streak": 5, "entropy_mode": "overconfident", "severity_decay": 0.95, "freeze_baseline_steps": 0, "n_steps": 1200, "horizon": 52847, "acc_final": 0.20994569228149185, "mean_acc": 0.20495440373036314, "acc_min": 0.1484375, "candidate_sample_idxs": [1279, 2559, 3839, 5119, 6399, 7679, 8959, 10239, 11519, 12799, 14079, 15103, 15359, 17919, 19199, 20479, 21759, 23039, 24319, 25599, 26879, 28159, 29439, 30719, 31999, 33279, 34559, 35839, 37119, 38399, 39679, 40959, 42239, 43519, 44799, 46079, 47359, 48895, 50175, 51455, 52735], "confirmed_sample_idxs": [1279, 2559, 3839, 5119, 6399, 7679, 8959, 10239, 11519, 12799, 14079, 15359, 17919, 19199, 20479, 21759, 23039, 24319, 25599, 26879, 28159, 29439, 30719, 31999, 33279, 34559, 35839, 37119, 38399, 39679, 40959, 42239, 43519, 44799, 46079, 47359, 48895, 50175, 51455, 52735], "acc_series": [[255, 0.1484375], [511, 0.158203125], [767, 0.16536458333333334], [1023, 0.1806640625], [1279, 0.1859375], [1535, 0.18424479166666666], [1791, 0.18861607142857142], [2047, 0.19287109375], [2303, 0.19270833333333334], [2559, 0.196875], [2815, 0.1981534090909091], [3071, 0.1962890625], [3327, 0.19771634615384615], [3583, 0.20284598214285715], [3839, 0.20286458333333332], [4095, 0.203857421875], [4351, 0.20128676470588236], [4607, 0.1994357638888889], [4863, 0.19921875], [5119, 0.19609375], [5375, 0.19605654761904762], [5631, 0.1962002840909091], [5887, 0.19718070652173914], [6143, 0.19840494791666666], [6399, 0.1996875], [6655, 0.20222355769230768], [6911, 0.20182291666666666], [7167, 0.20228794642857142], [7423, 0.2017780172413793], [7679, 0.20260416666666667], [7935, 0.2045110887096774], [8191, 0.2061767578125], [8447, 0.20726799242424243], [8703, 0.20875459558823528], [8959, 0.21205357142857142], [9215, 0.2140842013888889], [9471, 0.21579391891891891], [9727, 0.21628289473684212], [9983, 0.2182491987179487], [10239, 0.21865234375], [10495, 0.2184641768292683], [10751, 0.22061011904761904], [11007, 0.22029433139534885], [11263, 0.22052556818181818], [11519, 0.22196180555555556], [11775, 0.22240149456521738], [12031, 0.22332114361702127], [12287, 0.22477213541666666], [12543, 0.22608418367346939], [12799, 0.2225], [13055, 0.2181372549019608], [13311, 0.21394230769230768], [13567, 0.20997936320754718], [13823, 0.20666956018518517], [14079, 0.20788352272727273], [14335, 0.21589006696428573], [14591, 0.21326754385964913], [14847, 0.2095905172413793], [15103, 0.20617055084745764], [15359, 0.202734375], [15615, 0.1994108606557377], [15871, 0.1961945564516129], [16127, 0.1931423611111111], [16383, 0.19012451171875], [16639, 0.18719951923076922], [16895, 0.18436316287878787], [17151, 0.181611473880597], [17407, 0.17899816176470587], [17663, 0.17680027173913043], [17919, 0.17700892857142858], [18175, 0.18029269366197184], [18431, 0.1818576388888889], [18687, 0.18300513698630136], [18943, 0.18354096283783783], [19199, 0.18307291666666667], [19455, 0.18307976973684212], [19711, 0.18415178571428573], [19967, 0.18439503205128205], [20223, 0.1843354430379747], [20479, 0.184716796875], [20735, 0.1849440586419753], [20991, 0.18588033536585366], [21247, 0.18707643072289157], [21503, 0.1884765625], [21759, 0.18998161764705881], [22015, 0.1913608284883721], [22271, 0.19270833333333334], [22527, 0.19469105113636365], [22783, 0.19632198033707865], [23039, 0.19761284722222222], [23295, 0.19900412087912087], [23551, 0.20061990489130435], [23807, 0.2016549059139785], [24063, 0.20333277925531915], [24319, 0.20472861842105264], [24575, 0.2060546875], [24831, 0.2073534149484536], [25087, 0.20842633928571427], [25343, 0.21006944444444445], [25599, 0.2117578125], [25855, 0.21306466584158415], [26111, 0.2142310049019608], [26367, 0.21556432038834952], [26623, 0.21675931490384615], [26879, 0.2183407738095238], [27135, 0.2191922169811321], [27391, 0.2201372663551402], [27647, 0.22142650462962962], [27903, 0.22297878440366972], [28159, 0.2217684659090909], [28415, 0.22019284909909909], [28671, 0.21871512276785715], [28927, 0.21733268805309736], [29183, 0.2158031798245614], [29439, 0.21436820652173913], [29695, 0.21295797413793102], [29951, 0.2115050747863248], [30207, 0.20997748940677965], [30463, 0.20847557773109243], [30719, 0.20690104166666667], [30975, 0.20557851239669422], [31231, 0.20418160860655737], [31487, 0.2029344512195122], [31743, 0.2019594254032258], [31999, 0.20146875], [32255, 0.2013268849206349], [32511, 0.20180241141732283], [32767, 0.202117919921875], [33023, 0.20330668604651161], [33279, 0.203515625], [33535, 0.20342318702290077], [33791, 0.20383522727272727], [34047, 0.20397673872180452], [34303, 0.2040578358208955], [34559, 0.20425347222222223], [34815, 0.20421645220588236], [35071, 0.20423699817518248], [35327, 0.20411571557971014], [35583, 0.20441771582733814], [35839, 0.2044642857142857], [36095, 0.20467641843971632], [36351, 0.2049680897887324], [36607, 0.20533763111888112], [36863, 0.2055392795138889], [37119, 0.20576508620689654], [37375, 0.20585402397260275], [37631, 0.2061277636054422], [37887, 0.20652977195945946], [38143, 0.2067690855704698], [38399, 0.205390625], [38655, 0.20403042218543047], [38911, 0.20394736842105263], [39167, 0.20404411764705882], [39423, 0.20416497564935066], [39679, 0.20425907258064516], [39935, 0.2043018830128205], [40191, 0.20419486464968153], [40447, 0.20438587816455697], [40703, 0.20425511006289307], [40959, 0.2043212890625], [41215, 0.2045322204968944], [41471, 0.20498167438271606], [41727, 0.20573715490797545], [41983, 0.20667397103658536], [42239, 0.20778882575757576], [42495, 0.2085843373493976], [42751, 0.20960422904191617], [43007, 0.21042596726190477], [43263, 0.21135355029585798], [43519, 0.21222426470588235], [43775, 0.21317616959064328], [44031, 0.21443495639534885], [44287, 0.21486632947976878], [44543, 0.21549479166666666], [44799, 0.21620535714285713], [45055, 0.21728515625], [45311, 0.21804378531073446], [45567, 0.2189036165730337], [45823, 0.2197538407821229], [46079, 0.22081163194444445], [46335, 0.22168508287292818], [46591, 0.2224845467032967], [46847, 0.2225708674863388], [47103, 0.22140370244565216], [47359, 0.22022804054054054], [47615, 0.21910702284946237], [47871, 0.2179562165775401], [48127, 0.2169007646276596], [48383, 0.21589781746031747], [48639, 0.2149671052631579], [48895, 0.21408704188481675], [49151, 0.21341959635416666], [49407, 0.21281978626943004], [49663, 0.21218588917525774], [49919, 0.21169871794871795], [50175, 0.21131616709183673], [50431, 0.2110763007614213], [50687, 0.21068102904040403], [50943, 0.21068231783919597], [51199, 0.21060546875], [51455, 0.21089863184079602], [51711, 0.2117496905940594], [51967, 0.21257312192118227], [52223, 0.21212469362745098], [52479, 0.2112423780487805], [52735, 0.21031174150485438], [52846, 0.20994569228149185]], "candidate_count_total": 40, "confirmed_count_total": 40, "created_at": 1767880215.7282126}