{"dataset_name": "sine_nodrift", "dataset_type": "sine", "model_variant": "ts_drift_adapt", "seed": 2, "monitor_preset": "error_divergence_ph_meta@error.threshold=0.10,error.min_instances=5", "monitor_preset_base": "error_divergence_ph_meta", "monitor_ph_params": {"error_rate": {"delta": 0.005, "alpha": 0.15, "threshold": 0.1, "min_instances": 5}, "divergence": {"delta": 0.005, "alpha": 0.1, "threshold": 0.05, "min_instances": 30}}, "monitor_ph_overrides": {"error_rate": {"threshold": 0.1, "min_instances": 5}}, "trigger_mode": "two_stage", "trigger_k": 2, "trigger_threshold": 0.5, "trigger_weights": "__confirm_cooldown=200,__confirm_rule=perm_test,__perm_alpha=0.01,__perm_delta_k=50,__perm_min_effect=0,__perm_n_perm=200,__perm_post_n=50,__perm_pre_n=500,__perm_rng_seed=0,__perm_stat=delta_fused_score,divergence=0.3,error_rate=0.5,teacher_entropy=0.2", "confirm_window": 3, "confirm_cooldown": 0, "adaptive_cooldown_enabled": 0, "adaptive_window": 10000, "adaptive_lower_per10k": 10.0, "adaptive_upper_per10k": 25.0, "adaptive_cooldown_low": 200, "adaptive_cooldown_high": 500, "severity_scheduler_scale": 1.0, "use_severity_v2": 0, "severity_gate": "none", "severity_gate_min_streak": 1, "entropy_mode": "overconfident", "severity_decay": 0.95, "freeze_baseline_steps": 0, "n_steps": 800, "horizon": 10000, "acc_final": 0.9291, "mean_acc": 0.8644617953687598, "acc_min": 0.515625, "candidate_sample_idxs": [319, 639, 959, 1279, 1599, 1983, 2367, 2687, 3007, 3327, 3711, 4031, 4351, 4671, 4991, 5311, 5631, 6079, 6399, 6719, 7039, 8703, 9023, 9343], "confirmed_sample_idxs": [703, 1023, 1599, 1983, 2367, 3007, 3327, 3711, 4031, 4479, 4991, 5311, 6079, 6399, 8703, 9087], "acc_series": [[63, 0.515625], [127, 0.5234375], [191, 0.5833333333333334], [255, 0.6015625], [319, 0.6375], [383, 0.6536458333333334], [447, 0.6629464285714286], [511, 0.673828125], [575, 0.6753472222222222], [639, 0.6921875], [703, 0.6946022727272727], [767, 0.703125], [831, 0.7127403846153846], [895, 0.7254464285714286], [959, 0.7395833333333334], [1023, 0.75], [1087, 0.7536764705882353], [1151, 0.7604166666666666], [1215, 0.7664473684210527], [1279, 0.76953125], [1343, 0.7738095238095238], [1407, 0.7805397727272727], [1471, 0.7887228260869565], [1535, 0.794921875], [1599, 0.80125], [1663, 0.8058894230769231], [1727, 0.8101851851851852], [1791, 0.8141741071428571], [1855, 0.8173491379310345], [1919, 0.8197916666666667], [1983, 0.8235887096774194], [2047, 0.82763671875], [2111, 0.8328598484848485], [2175, 0.8354779411764706], [2239, 0.8388392857142857], [2303, 0.8428819444444444], [2367, 0.8454391891891891], [2431, 0.8482730263157895], [2495, 0.8509615384615384], [2559, 0.8515625], [2623, 0.8532774390243902], [2687, 0.8549107142857143], [2751, 0.8557412790697675], [2815, 0.8572443181818182], [2879, 0.8590277777777777], [2943, 0.8597146739130435], [3007, 0.8603723404255319], [3071, 0.8623046875], [3135, 0.8644770408163265], [3199, 0.86625], [3263, 0.8685661764705882], [3327, 0.8701923076923077], [3391, 0.8717570754716981], [3455, 0.8738425925925926], [3519, 0.8752840909090909], [3583, 0.8761160714285714], [3647, 0.8774671052631579], [3711, 0.8790409482758621], [3775, 0.8802966101694916], [3839, 0.8822916666666667], [3903, 0.8826844262295082], [3967, 0.883820564516129], [4031, 0.8846726190476191], [4095, 0.885986328125], [4159, 0.8860576923076923], [4223, 0.8870738636363636], [4287, 0.8880597014925373], [4351, 0.8892463235294118], [4415, 0.8901721014492754], [4479, 0.8915178571428571], [4543, 0.8919454225352113], [4607, 0.8927951388888888], [4671, 0.893193493150685], [4735, 0.8937922297297297], [4799, 0.8941666666666667], [4863, 0.8951480263157895], [4927, 0.895698051948052], [4991, 0.8962339743589743], [5055, 0.8963607594936709], [5119, 0.8974609375], [5183, 0.8981481481481481], [5247, 0.8982469512195121], [5311, 0.8987198795180723], [5375, 0.8997395833333334], [5439, 0.9001838235294117], [5503, 0.9007994186046512], [5567, 0.9015804597701149], [5631, 0.9025213068181818], [5695, 0.9036165730337079], [5759, 0.9043402777777778], [5823, 0.9050480769230769], [5887, 0.9059103260869565], [5951, 0.9064180107526881], [6015, 0.9069148936170213], [6079, 0.9072368421052631], [6143, 0.9073893229166666], [6207, 0.9076997422680413], [6271, 0.9081632653061225], [6335, 0.9087752525252525], [6399, 0.9090625], [6463, 0.9096534653465347], [6527, 0.9105392156862745], [6591, 0.9109526699029126], [6655, 0.9116586538461539], [6719, 0.9120535714285715], [6783, 0.9122936320754716], [6847, 0.912821261682243], [6911, 0.9131944444444444], [6975, 0.9135607798165137], [7039, 0.9140625], [7103, 0.9144144144144144], [7167, 0.9148995535714286], [7231, 0.9155143805309734], [7295, 0.9155701754385965], [7359, 0.9158967391304348], [7423, 0.9164870689655172], [7487, 0.9169337606837606], [7551, 0.917240466101695], [7615, 0.9175420168067226], [7679, 0.91796875], [7743, 0.9182592975206612], [7807, 0.9186731557377049], [7871, 0.9190802845528455], [7935, 0.9194808467741935], [7999, 0.919625], [8063, 0.9200148809523809], [8127, 0.9205216535433071], [8191, 0.9210205078125], [8255, 0.921390503875969], [8319, 0.9216346153846153], [8383, 0.9219942748091603], [8447, 0.9224668560606061], [8511, 0.9228148496240601], [8575, 0.9231576492537313], [8639, 0.9236111111111112], [8703, 0.9235983455882353], [8767, 0.9239279197080292], [8831, 0.9241394927536232], [8895, 0.9243480215827338], [8959, 0.9246651785714286], [9023, 0.9249778368794326], [9087, 0.9252860915492958], [9151, 0.9256993006993007], [9215, 0.92578125], [9279, 0.9260775862068965], [9343, 0.926048801369863], [9407, 0.9265518707482994], [9471, 0.9266258445945946], [9535, 0.9266988255033557], [9599, 0.9270833333333334], [9663, 0.9274627483443708], [9727, 0.9275287828947368], [9791, 0.9279003267973857], [9855, 0.9283685064935064], [9919, 0.9287298387096774], [9983, 0.9289863782051282], [9999, 0.9291]], "candidate_count_total": 23, "confirmed_count_total": 16, "created_at": 1768146728.332852, "confirm_rule_effective": "perm_test", "last_perm_pvalue": 1.0, "last_perm_effect": -0.007104544986986618, "perm_test_count_total": 45, "perm_accept_count_total": 16, "perm_reject_count_total": 29, "perm_alpha": 0.01, "perm_pvalue_p50": 0.417910447761194, "perm_pvalue_p90": 1.0, "perm_pvalue_p99": 1.0, "perm_pvalue_le_alpha_ratio": 0.35555555555555557, "perm_effect_p50": 0.0008927352260266336, "perm_effect_p90": 0.07256328215846462, "perm_effect_p99": 0.09976778874875451}