{"dataset_name": "sine_nodrift", "dataset_type": "sine", "model_variant": "ts_drift_adapt", "seed": 4, "monitor_preset": "error_divergence_ph_meta@error.threshold=0.10,error.min_instances=5", "monitor_preset_base": "error_divergence_ph_meta", "monitor_ph_params": {"error_rate": {"delta": 0.005, "alpha": 0.15, "threshold": 0.1, "min_instances": 5}, "divergence": {"delta": 0.005, "alpha": 0.1, "threshold": 0.05, "min_instances": 30}}, "monitor_ph_overrides": {"error_rate": {"threshold": 0.1, "min_instances": 5}}, "trigger_mode": "two_stage", "trigger_k": 2, "trigger_threshold": 0.5, "trigger_weights": "__confirm_cooldown=200,__confirm_rule=perm_test,__perm_alpha=0.015,__perm_min_effect=0,__perm_n_perm=200,__perm_post_n=20,__perm_pre_n=500,__perm_rng_seed=0,__perm_stat=vote_score,divergence=0.3,error_rate=0.5,teacher_entropy=0.2", "confirm_window": 3, "confirm_cooldown": 0, "adaptive_cooldown_enabled": 0, "adaptive_window": 10000, "adaptive_lower_per10k": 10.0, "adaptive_upper_per10k": 25.0, "adaptive_cooldown_low": 200, "adaptive_cooldown_high": 500, "severity_scheduler_scale": 1.0, "use_severity_v2": 0, "severity_gate": "none", "severity_gate_min_streak": 1, "entropy_mode": "overconfident", "severity_decay": 0.95, "freeze_baseline_steps": 0, "n_steps": 800, "horizon": 10000, "acc_final": 0.9142, "mean_acc": 0.8405357615004133, "acc_min": 0.515625, "candidate_sample_idxs": [319, 639, 959, 1279, 1599, 1919, 2239, 2559, 2879, 3199, 3519, 4031, 4351, 4671, 4991, 5311, 5631, 5951, 6399, 6783, 7167, 7551, 8191, 9535], "confirmed_sample_idxs": [639, 959, 1279, 1599, 1919, 2239, 2559, 2879, 3199, 3519, 4031, 4351, 4671, 4991, 5311, 5631, 5951, 6399, 6783, 7167, 7551, 8191, 9535], "acc_series": [[63, 0.515625], [127, 0.5859375], [191, 0.578125], [255, 0.57421875], [319, 0.5875], [383, 0.609375], [447, 0.6428571428571429], [511, 0.65625], [575, 0.6666666666666666], [639, 0.675], [703, 0.6860795454545454], [767, 0.6888020833333334], [831, 0.6923076923076923], [895, 0.703125], [959, 0.7145833333333333], [1023, 0.7216796875], [1087, 0.7288602941176471], [1151, 0.7326388888888888], [1215, 0.7335526315789473], [1279, 0.7328125], [1343, 0.7351190476190477], [1407, 0.7428977272727273], [1471, 0.75], [1535, 0.755859375], [1599, 0.761875], [1663, 0.7662259615384616], [1727, 0.7725694444444444], [1791, 0.7751116071428571], [1855, 0.7774784482758621], [1919, 0.7796875], [1983, 0.7832661290322581], [2047, 0.787109375], [2111, 0.7897727272727273], [2175, 0.7931985294117647], [2239, 0.7959821428571429], [2303, 0.7981770833333334], [2367, 0.799831081081081], [2431, 0.8018092105263158], [2495, 0.8064903846153846], [2559, 0.80859375], [2623, 0.8105945121951219], [2687, 0.8132440476190477], [2751, 0.8172238372093024], [2815, 0.8185369318181818], [2879, 0.821875], [2943, 0.8250679347826086], [3007, 0.8274601063829787], [3071, 0.8304036458333334], [3135, 0.8313137755102041], [3199, 0.834375], [3263, 0.8357843137254902], [3327, 0.8374399038461539], [3391, 0.8390330188679245], [3455, 0.8399884259259259], [3519, 0.8420454545454545], [3583, 0.8426339285714286], [3647, 0.8442982456140351], [3711, 0.8467133620689655], [3775, 0.8490466101694916], [3839, 0.8513020833333333], [3903, 0.8532274590163934], [3967, 0.8548387096774194], [4031, 0.8561507936507936], [4095, 0.857177734375], [4159, 0.8586538461538461], [4223, 0.859375], [4287, 0.8607742537313433], [4351, 0.8619025735294118], [4415, 0.8632246376811594], [4479, 0.8645089285714286], [4543, 0.8648767605633803], [4607, 0.865234375], [4671, 0.8662243150684932], [4735, 0.8676097972972973], [4799, 0.8685416666666667], [4863, 0.869860197368421], [4927, 0.8709415584415584], [4991, 0.8715945512820513], [5055, 0.872626582278481], [5119, 0.8736328125], [5183, 0.8740354938271605], [5247, 0.8751905487804879], [5311, 0.8761295180722891], [5375, 0.8770461309523809], [5439, 0.8777573529411765], [5503, 0.8784520348837209], [5567, 0.8798491379310345], [5631, 0.8810369318181818], [5695, 0.8811446629213483], [5759, 0.8819444444444444], [5823, 0.8832417582417582], [5887, 0.8840013586956522], [5951, 0.8850806451612904], [6015, 0.8861369680851063], [6079, 0.8871710526315789], [6143, 0.8876953125], [6207, 0.8883698453608248], [6271, 0.8893494897959183], [6335, 0.8903093434343434], [6399, 0.8909375], [6463, 0.8912438118811881], [6527, 0.8916973039215687], [6591, 0.892748786407767], [6655, 0.8937800480769231], [6719, 0.8940476190476191], [6783, 0.8944575471698113], [6847, 0.8954439252336449], [6911, 0.8959780092592593], [6975, 0.8967889908256881], [7039, 0.896875], [7103, 0.8975225225225225], [7167, 0.8980189732142857], [7231, 0.8986449115044248], [7295, 0.8989857456140351], [7359, 0.8994565217391305], [7423, 0.8997844827586207], [7487, 0.8998397435897436], [7551, 0.9001588983050848], [7615, 0.9007352941176471], [7679, 0.9010416666666666], [7743, 0.9018595041322314], [7807, 0.9022797131147541], [7871, 0.9029471544715447], [7935, 0.9034778225806451], [7999, 0.903875], [8063, 0.9043898809523809], [8127, 0.9045275590551181], [8191, 0.9046630859375], [8255, 0.905281007751938], [8319, 0.9057692307692308], [8383, 0.9063692748091603], [8447, 0.9066051136363636], [8511, 0.9069548872180451], [8575, 0.9072994402985075], [8639, 0.9076388888888889], [8703, 0.9079733455882353], [8767, 0.9081888686131386], [8831, 0.908401268115942], [8895, 0.9088354316546763], [8959, 0.9091517857142857], [9023, 0.9094636524822695], [9087, 0.9099911971830986], [9151, 0.9105113636363636], [9215, 0.9109157986111112], [9279, 0.9112068965517242], [9343, 0.9117080479452054], [9407, 0.9119897959183674], [9471, 0.9124788851351351], [9535, 0.912856543624161], [9599, 0.913125], [9663, 0.9132864238410596], [9727, 0.9131373355263158], [9791, 0.9131944444444444], [9855, 0.9133522727272727], [9919, 0.9136088709677419], [9983, 0.9140625], [9999, 0.9142]], "candidate_count_total": 24, "confirmed_count_total": 23, "created_at": 1768219820.481389, "confirm_rule_effective": "perm_test", "last_perm_pvalue": 0.004975124378109453, "last_perm_effect": 0.5, "perm_test_count_total": 23, "perm_accept_count_total": 23, "perm_reject_count_total": 0, "perm_alpha": 0.015, "perm_pvalue_p50": 0.004975124378109453, "perm_pvalue_p90": 0.004975124378109453, "perm_pvalue_p99": 0.004975124378109453, "perm_pvalue_le_alpha_ratio": 1.0, "perm_effect_p50": 0.4351280874234766, "perm_effect_p90": 0.45627897416152713, "perm_effect_p99": 0.5066424759891734}