{"dataset_name": "INSECTS_abrupt_balanced", "dataset_type": "insects_real", "model_variant": "ts_drift_adapt_severity", "seed": 5, "monitor_preset": "error_divergence_ph_meta@error.threshold=0.05,error.min_instances=5", "monitor_preset_base": "error_divergence_ph_meta", "monitor_ph_params": {"error_rate": {"delta": 0.005, "alpha": 0.15, "threshold": 0.05, "min_instances": 5}, "divergence": {"delta": 0.005, "alpha": 0.1, "threshold": 0.05, "min_instances": 30}}, "monitor_ph_overrides": {"error_rate": {"threshold": 0.05, "min_instances": 5}}, "trigger_mode": "two_stage", "trigger_k": 2, "trigger_threshold": 0.5, "trigger_weights": "confirm_cooldown=200,divergence=0.3,error_rate=0.5,teacher_entropy=0.2", "confirm_window": 1, "confirm_cooldown": 0, "severity_scheduler_scale": 1.0, "use_severity_v2": 1, "severity_gate": "confirmed_streak", "severity_gate_min_streak": 3, "entropy_mode": "overconfident", "severity_decay": 0.95, "freeze_baseline_steps": 0, "n_steps": 1200, "horizon": 52847, "acc_final": 0.20184684088027702, "mean_acc": 0.19370041154883752, "acc_min": 0.15392889492753623, "candidate_sample_idxs": [1279, 2559, 3839, 5119, 6399, 7679, 8959, 10239, 11519, 12799, 14591, 17919, 19199, 20479, 21759, 23039, 24319, 25599, 26879, 28159, 29695, 30975, 32255, 33535, 34815, 36095, 37375, 38655, 39935, 41215, 42495, 43775, 45055, 46335, 47615, 49407, 50687, 51967], "confirmed_sample_idxs": [1279, 2559, 3839, 5119, 6399, 7679, 8959, 10239, 11519, 12799, 14591, 17919, 19199, 20479, 21759, 23039, 24319, 25599, 26879, 28159, 29695, 30975, 32255, 33535, 34815, 36095, 37375, 38655, 39935, 41215, 42495, 43775, 45055, 46335, 47615, 49407, 50687, 51967], "acc_series": [[255, 0.1796875], [511, 0.193359375], [767, 0.18489583333333334], [1023, 0.185546875], [1279, 0.1859375], [1535, 0.185546875], [1791, 0.18582589285714285], [2047, 0.18310546875], [2303, 0.18880208333333334], [2559, 0.19453125], [2815, 0.19708806818181818], [3071, 0.1962890625], [3327, 0.19621394230769232], [3583, 0.19642857142857142], [3839, 0.19479166666666667], [4095, 0.195556640625], [4351, 0.19852941176470587], [4607, 0.1987847222222222], [4863, 0.19839638157894737], [5119, 0.1998046875], [5375, 0.19977678571428573], [5631, 0.20134943181818182], [5887, 0.20159646739130435], [6143, 0.20361328125], [6399, 0.20296875], [6655, 0.20192307692307693], [6911, 0.20240162037037038], [7167, 0.20242745535714285], [7423, 0.20433728448275862], [7679, 0.205078125], [7935, 0.2052671370967742], [8191, 0.2081298828125], [8447, 0.20726799242424243], [8703, 0.20886948529411764], [8959, 0.20948660714285713], [9215, 0.2107204861111111], [9471, 0.20988175675675674], [9727, 0.2099095394736842], [9983, 0.2116386217948718], [10239, 0.21064453125], [10495, 0.20912728658536586], [10751, 0.21010044642857142], [11007, 0.20984738372093023], [11263, 0.2090731534090909], [11519, 0.20868055555555556], [11775, 0.208984375], [12031, 0.2091090425531915], [12287, 0.20930989583333334], [12543, 0.21006058673469388], [12799, 0.206875], [13055, 0.2028186274509804], [13311, 0.19891826923076922], [13567, 0.19516509433962265], [13823, 0.19155092592592593], [14079, 0.18806818181818183], [14335, 0.18561662946428573], [14591, 0.18510142543859648], [14847, 0.18238146551724138], [15103, 0.17948887711864406], [15359, 0.17649739583333332], [15615, 0.17360399590163936], [15871, 0.1708039314516129], [16127, 0.16815476190476192], [16383, 0.16552734375], [16639, 0.16298076923076923], [16895, 0.16051136363636365], [17151, 0.158173973880597], [17407, 0.15607766544117646], [17663, 0.15392889492753623], [17919, 0.15407366071428572], [18175, 0.15768045774647887], [18431, 0.16031901041666666], [18687, 0.1622966609589041], [18943, 0.16437922297297297], [19199, 0.16661458333333334], [19455, 0.16966488486842105], [19711, 0.1708603896103896], [19967, 0.1711738782051282], [20223, 0.1714299841772152], [20479, 0.17197265625], [20735, 0.17221257716049382], [20991, 0.17273246951219512], [21247, 0.1729574548192771], [21503, 0.17308407738095238], [21759, 0.17348345588235295], [22015, 0.17346475290697674], [22271, 0.17420977011494254], [22527, 0.17547052556818182], [22783, 0.17687851123595505], [23039, 0.17829861111111112], [23295, 0.17947287087912087], [23551, 0.18121603260869565], [23807, 0.18376176075268819], [24063, 0.18550531914893617], [24319, 0.18651315789473685], [24575, 0.18790690104166666], [24831, 0.18975515463917525], [25087, 0.1916454081632653], [25343, 0.19282670454545456], [25599, 0.194375], [25855, 0.1959699876237624], [26111, 0.19718903186274508], [26367, 0.1982327063106796], [26623, 0.19951923076923078], [26879, 0.20074404761904763], [27135, 0.2022037146226415], [27391, 0.20330753504672897], [27647, 0.2046802662037037], [27903, 0.20617115825688073], [28159, 0.20465198863636364], [28415, 0.20284346846846846], [28671, 0.20110212053571427], [28927, 0.1993570243362832], [29183, 0.19764254385964913], [29439, 0.1960258152173913], [29695, 0.19457165948275862], [29951, 0.1932091346153846], [30207, 0.1920021186440678], [30463, 0.19097951680672268], [30719, 0.18990885416666667], [30975, 0.1888881714876033], [31231, 0.18807633196721313], [31487, 0.1872141768292683], [31743, 0.18705897177419356], [31999, 0.1878125], [32255, 0.1896081349206349], [32511, 0.191283218503937], [32767, 0.193389892578125], [33023, 0.19510053294573643], [33279, 0.19537259615384617], [33535, 0.19507395038167938], [33791, 0.19546046401515152], [34047, 0.1956062030075188], [34303, 0.19572061567164178], [34559, 0.19545717592592593], [34815, 0.19522633272058823], [35071, 0.19534101277372262], [35327, 0.1953408061594203], [35583, 0.19548111510791366], [35839, 0.19561941964285715], [36095, 0.19553413120567376], [36351, 0.19575264084507044], [36607, 0.1958041958041958], [36863, 0.19563802083333334], [37119, 0.1956896551724138], [37375, 0.1956603167808219], [37631, 0.19589710884353742], [37887, 0.19647381756756757], [38143, 0.19651845637583892], [38399, 0.19520833333333334], [38655, 0.19396730132450332], [38911, 0.19369346217105263], [39167, 0.19367851307189543], [39423, 0.1934101055194805], [39679, 0.19357358870967742], [39935, 0.193359375], [40191, 0.1930732484076433], [40447, 0.19308742088607594], [40703, 0.19310141509433962], [40959, 0.193310546875], [41215, 0.19346855590062112], [41471, 0.19405864197530864], [41727, 0.19464148773006135], [41983, 0.1955030487804878], [42239, 0.19663825757575756], [42495, 0.19754800451807228], [42751, 0.19870415419161677], [43007, 0.19935825892857142], [43263, 0.20051312869822485], [43519, 0.20147058823529412], [43775, 0.20214272660818713], [44031, 0.20335210755813954], [44287, 0.20414107658959538], [44543, 0.20460668103448276], [44799, 0.20535714285714285], [45055, 0.20636541193181818], [45311, 0.2071195268361582], [45567, 0.20779933286516855], [45823, 0.20855883379888268], [46079, 0.2095269097222222], [46335, 0.2103332182320442], [46591, 0.21123798076923078], [46847, 0.2113857581967213], [47103, 0.21023692255434784], [47359, 0.20910050675675676], [47615, 0.20797631048387097], [47871, 0.20686413770053477], [48127, 0.2057637965425532], [48383, 0.2046957671957672], [48639, 0.20363898026315788], [48895, 0.20259325916230367], [49151, 0.20157877604166666], [49407, 0.20063552461139897], [49663, 0.1997019974226804], [49919, 0.1990985576923077], [50175, 0.19868064413265307], [50431, 0.19884200507614214], [50687, 0.19935684974747475], [50943, 0.20014133165829145], [51199, 0.20111328125], [51455, 0.20223103233830847], [51711, 0.20347308168316833], [51967, 0.20474137931034483], [52223, 0.2042547487745098], [52479, 0.20325838414634145], [52735, 0.20227169296116504], [52846, 0.20184684088027702]], "candidate_count_total": 38, "confirmed_count_total": 38, "created_at": 1767841450.2018964}