{"dataset_name": "sine_nodrift", "dataset_type": "sine", "model_variant": "ts_drift_adapt", "seed": 3, "monitor_preset": "error_divergence_ph_meta@error.threshold=0.10,error.min_instances=5", "monitor_preset_base": "error_divergence_ph_meta", "monitor_ph_params": {"error_rate": {"delta": 0.005, "alpha": 0.15, "threshold": 0.1, "min_instances": 5}, "divergence": {"delta": 0.005, "alpha": 0.1, "threshold": 0.05, "min_instances": 30}}, "monitor_ph_overrides": {"error_rate": {"threshold": 0.1, "min_instances": 5}}, "trigger_mode": "two_stage", "trigger_k": 2, "trigger_threshold": 0.5, "trigger_weights": "__confirm_cooldown=200,__confirm_rule=perm_test,__perm_alpha=0.015,__perm_min_effect=0,__perm_n_perm=200,__perm_post_n=20,__perm_pre_n=500,__perm_rng_seed=0,__perm_stat=vote_score,divergence=0.3,error_rate=0.5,teacher_entropy=0.2", "confirm_window": 3, "confirm_cooldown": 0, "adaptive_cooldown_enabled": 0, "adaptive_window": 10000, "adaptive_lower_per10k": 10.0, "adaptive_upper_per10k": 25.0, "adaptive_cooldown_low": 200, "adaptive_cooldown_high": 500, "severity_scheduler_scale": 1.0, "use_severity_v2": 0, "severity_gate": "none", "severity_gate_min_streak": 1, "entropy_mode": "overconfident", "severity_decay": 0.95, "freeze_baseline_steps": 0, "n_steps": 800, "horizon": 10000, "acc_final": 0.9257, "mean_acc": 0.8442866952835593, "acc_min": 0.390625, "candidate_sample_idxs": [319, 639, 959, 1279, 1727, 2047, 2367, 2687, 3135, 3455, 3775, 4095, 4415, 4799, 5119, 5503, 5823, 6335, 6655, 8511, 8895, 9407, 9727], "confirmed_sample_idxs": [639, 959, 1279, 1727, 2047, 2367, 2687, 3135, 3455, 3775, 4095, 4415, 4799, 5119, 5503, 5823, 6335, 6655, 8511, 8895, 9407, 9727], "acc_series": [[63, 0.390625], [127, 0.4453125], [191, 0.4947916666666667], [255, 0.51953125], [319, 0.55], [383, 0.5833333333333334], [447, 0.609375], [511, 0.625], [575, 0.6284722222222222], [639, 0.6390625], [703, 0.6448863636363636], [767, 0.6484375], [831, 0.6598557692307693], [895, 0.6729910714285714], [959, 0.6864583333333333], [1023, 0.69921875], [1087, 0.7104779411764706], [1151, 0.7222222222222222], [1215, 0.727796052631579], [1279, 0.7328125], [1343, 0.7410714285714286], [1407, 0.7457386363636364], [1471, 0.7527173913043478], [1535, 0.7571614583333334], [1599, 0.765625], [1663, 0.7722355769230769], [1727, 0.7748842592592593], [1791, 0.7779017857142857], [1855, 0.78125], [1919, 0.7833333333333333], [1983, 0.7878024193548387], [2047, 0.79296875], [2111, 0.7959280303030303], [2175, 0.7996323529411765], [2239, 0.803125], [2303, 0.8068576388888888], [2367, 0.809543918918919], [2431, 0.8133223684210527], [2495, 0.8157051282051282], [2559, 0.81875], [2623, 0.8208841463414634], [2687, 0.8229166666666666], [2751, 0.8263081395348837], [2815, 0.8295454545454546], [2879, 0.8329861111111111], [2943, 0.8342391304347826], [3007, 0.8371010638297872], [3071, 0.8395182291666666], [3135, 0.8424744897959183], [3199, 0.8453125], [3263, 0.8474264705882353], [3327, 0.8497596153846154], [3391, 0.8517099056603774], [3455, 0.8535879629629629], [3519, 0.8556818181818182], [3583, 0.8568638392857143], [3647, 0.8574561403508771], [3711, 0.8596443965517241], [3775, 0.8617584745762712], [3839, 0.8638020833333333], [3903, 0.8644979508196722], [3967, 0.8651713709677419], [4031, 0.8655753968253969], [4095, 0.865966796875], [4159, 0.8673076923076923], [4223, 0.868844696969697], [4287, 0.8703358208955224], [4351, 0.8706341911764706], [4415, 0.8720561594202898], [4479, 0.8732142857142857], [4543, 0.8745598591549296], [4607, 0.8763020833333334], [4671, 0.8773544520547946], [4735, 0.8788006756756757], [4799, 0.88], [4863, 0.8805509868421053], [4927, 0.8816964285714286], [4991, 0.8828125], [5055, 0.8839003164556962], [5119, 0.884765625], [5183, 0.8856095679012346], [5247, 0.8864329268292683], [5311, 0.8878012048192772], [5375, 0.8891369047619048], [5439, 0.8902573529411765], [5503, 0.8908066860465116], [5567, 0.8913433908045977], [5631, 0.8920454545454546], [5695, 0.8929073033707865], [5759, 0.8940972222222222], [5823, 0.895260989010989], [5887, 0.895889945652174], [5951, 0.8966733870967742], [6015, 0.8976063829787234], [6079, 0.8981907894736842], [6143, 0.8987630208333334], [6207, 0.8994845360824743], [6271, 0.9003507653061225], [6335, 0.9008838383838383], [6399, 0.90125], [6463, 0.9022277227722773], [6527, 0.9028799019607843], [6591, 0.9036711165048543], [6655, 0.9039963942307693], [6719, 0.9047619047619048], [6783, 0.9053655660377359], [6847, 0.9059579439252337], [6911, 0.9063946759259259], [6975, 0.9069667431192661], [7039, 0.907528409090909], [7103, 0.9079391891891891], [7167, 0.9087611607142857], [7231, 0.9095685840707964], [7295, 0.9099506578947368], [7359, 0.9103260869565217], [7423, 0.9106950431034483], [7487, 0.9113247863247863], [7551, 0.9115466101694916], [7615, 0.9118960084033614], [7679, 0.9123697916666667], [7743, 0.9128357438016529], [7807, 0.913422131147541], [7871, 0.9139989837398373], [7935, 0.9145665322580645], [7999, 0.915125], [8063, 0.9157986111111112], [8127, 0.9163385826771654], [8191, 0.9168701171875], [8255, 0.9170300387596899], [8319, 0.9176682692307693], [8383, 0.9180582061068703], [8447, 0.9184422348484849], [8511, 0.9185855263157895], [8575, 0.9188432835820896], [8639, 0.9194444444444444], [8703, 0.919921875], [8767, 0.9201642335766423], [8831, 0.9207427536231884], [8895, 0.9209757194244604], [8959, 0.9215401785714286], [9023, 0.9219858156028369], [9087, 0.921875], [9151, 0.9223120629370629], [9215, 0.9224175347222222], [9279, 0.9227370689655172], [9343, 0.9230522260273972], [9407, 0.9232568027210885], [9471, 0.9237753378378378], [9535, 0.9240771812080537], [9599, 0.9241666666666667], [9663, 0.9240480132450332], [9727, 0.9243421052631579], [9791, 0.9246323529411765], [9855, 0.9249188311688312], [9919, 0.9253024193548387], [9983, 0.9255809294871795], [9999, 0.9257]], "candidate_count_total": 23, "confirmed_count_total": 22, "created_at": 1768219818.665004, "confirm_rule_effective": "perm_test", "last_perm_pvalue": 0.004975124378109453, "last_perm_effect": 0.4274204038473236, "perm_test_count_total": 22, "perm_accept_count_total": 22, "perm_reject_count_total": 0, "perm_alpha": 0.015, "perm_pvalue_p50": 0.004975124378109453, "perm_pvalue_p90": 0.004975124378109453, "perm_pvalue_p99": 0.004975124378109453, "perm_pvalue_le_alpha_ratio": 1.0, "perm_effect_p50": 0.43462820969465965, "perm_effect_p90": 0.445222428101831, "perm_effect_p99": 0.4899086286390494}