{"dataset_name": "INSECTS_abrupt_balanced", "dataset_type": "insects_real", "model_variant": "ts_drift_adapt_severity", "seed": 8, "monitor_preset": "error_divergence_ph_meta@error.threshold=0.05,error.min_instances=5", "monitor_preset_base": "error_divergence_ph_meta", "monitor_ph_params": {"error_rate": {"delta": 0.005, "alpha": 0.15, "threshold": 0.05, "min_instances": 5}, "divergence": {"delta": 0.005, "alpha": 0.1, "threshold": 0.05, "min_instances": 30}}, "monitor_ph_overrides": {"error_rate": {"threshold": 0.05, "min_instances": 5}}, "trigger_mode": "two_stage", "trigger_k": 2, "trigger_threshold": 0.5, "trigger_weights": "confirm_cooldown=200,divergence=0.3,error_rate=0.5,teacher_entropy=0.2", "confirm_window": 1, "confirm_cooldown": 0, "severity_scheduler_scale": 1.0, "use_severity_v2": 1, "severity_gate": "confirmed_streak", "severity_gate_min_streak": 5, "entropy_mode": "overconfident", "severity_decay": 0.95, "freeze_baseline_steps": 0, "n_steps": 1200, "horizon": 52847, "acc_final": 0.20559350578083901, "mean_acc": 0.19573598776833825, "acc_min": 0.1484375, "candidate_sample_idxs": [1279, 2559, 3839, 5119, 6399, 7679, 8959, 10239, 11519, 12799, 14335, 16127, 17919, 18175, 19199, 20479, 21759, 23039, 24319, 25599, 26879, 28159, 29439, 30719, 31999, 33279, 34559, 35839, 37119, 38399, 39679, 40959, 42239, 43519, 44799, 46079, 47359, 49407, 50687, 51967], "confirmed_sample_idxs": [1279, 2559, 3839, 5119, 6399, 7679, 8959, 10239, 11519, 12799, 14335, 16127, 17919, 19199, 20479, 21759, 23039, 24319, 25599, 26879, 28159, 29439, 30719, 31999, 33279, 34559, 35839, 37119, 38399, 39679, 40959, 42239, 43519, 44799, 46079, 47359, 49407, 50687, 51967], "acc_series": [[255, 0.1484375], [511, 0.158203125], [767, 0.17708333333333334], [1023, 0.193359375], [1279, 0.196875], [1535, 0.19856770833333334], [1791, 0.19810267857142858], [2047, 0.1982421875], [2303, 0.20225694444444445], [2559, 0.203515625], [2815, 0.20348011363636365], [3071, 0.2041015625], [3327, 0.2049278846153846], [3583, 0.20591517857142858], [3839, 0.20677083333333332], [4095, 0.208251953125], [4351, 0.20680147058823528], [4607, 0.203125], [4863, 0.20250822368421054], [5119, 0.1990234375], [5375, 0.19810267857142858], [5631, 0.19744318181818182], [5887, 0.19853940217391305], [6143, 0.19954427083333334], [6399, 0.19953125], [6655, 0.19981971153846154], [6911, 0.19936342592592593], [7167, 0.19963727678571427], [7423, 0.2000269396551724], [7679, 0.20091145833333332], [7935, 0.20123487903225806], [8191, 0.2015380859375], [8447, 0.20087594696969696], [8703, 0.20151654411764705], [8959, 0.20267857142857143], [9215, 0.2048611111111111], [9471, 0.20703125], [9727, 0.20775082236842105], [9983, 0.20903445512820512], [10239, 0.20966796875], [10495, 0.21027057926829268], [10751, 0.21168154761904762], [11007, 0.21220930232558138], [11263, 0.21342329545454544], [11519, 0.2142361111111111], [11775, 0.21543817934782608], [12031, 0.21633976063829788], [12287, 0.21728515625], [12543, 0.21787308673469388], [12799, 0.2146875], [13055, 0.2104779411764706], [13311, 0.20643028846153846], [13567, 0.20253537735849056], [13823, 0.1987847222222222], [14079, 0.19538352272727272], [14335, 0.19621930803571427], [14591, 0.19496984649122806], [14847, 0.19174299568965517], [15103, 0.1885593220338983], [15359, 0.18541666666666667], [15615, 0.18237704918032788], [15871, 0.17943548387096775], [16127, 0.17664930555555555], [16383, 0.17388916015625], [16639, 0.1712139423076923], [16895, 0.16867897727272727], [17151, 0.16616138059701493], [17407, 0.16383272058823528], [17663, 0.16151494565217392], [17919, 0.16166294642857143], [18175, 0.1664832746478873], [18431, 0.1691623263888889], [18687, 0.17128638698630136], [18943, 0.17229729729729729], [19199, 0.17333333333333334], [19455, 0.1737767269736842], [19711, 0.17425933441558442], [19967, 0.17457932692307693], [20223, 0.17518789556962025], [20479, 0.17529296875], [20735, 0.17554012345679013], [20991, 0.17625762195121952], [21247, 0.1770519578313253], [21503, 0.17782738095238096], [21759, 0.17876838235294118], [22015, 0.18018713662790697], [22271, 0.18170797413793102], [22527, 0.18346058238636365], [22783, 0.18521769662921347], [23039, 0.18650173611111112], [23295, 0.1873282967032967], [23551, 0.18864639945652173], [23807, 0.19023017473118278], [24063, 0.19161402925531915], [24319, 0.19272203947368421], [24575, 0.19340006510416666], [24831, 0.19398356958762886], [25087, 0.1951530612244898], [25343, 0.1963778409090909], [25599, 0.196953125], [25855, 0.19786509900990099], [26111, 0.19879748774509803], [26367, 0.19974969660194175], [26623, 0.20060847355769232], [26879, 0.20171130952380953], [27135, 0.20253537735849056], [27391, 0.20345356308411214], [27647, 0.2043185763888889], [27903, 0.2055619266055046], [28159, 0.20443892045454545], [28415, 0.2029490427927928], [28671, 0.20138113839285715], [28927, 0.2000138274336283], [29183, 0.19860197368421054], [29439, 0.19731657608695652], [29695, 0.19622171336206898], [29951, 0.19497863247863248], [30207, 0.19392213983050846], [30463, 0.19281775210084034], [30719, 0.19182942708333334], [30975, 0.19085743801652894], [31231, 0.19009349385245902], [31487, 0.18934197154471544], [31743, 0.1887915826612903], [31999, 0.1885], [32255, 0.18836805555555555], [32511, 0.1892224409448819], [32767, 0.189971923828125], [33023, 0.19125484496124032], [33279, 0.19122596153846153], [33535, 0.19125715648854963], [33791, 0.19155421401515152], [34047, 0.19146499060150377], [34303, 0.19163945895522388], [34559, 0.19181134259259258], [34815, 0.19169347426470587], [35071, 0.1917198905109489], [35327, 0.1916326992753623], [35583, 0.19182778776978418], [35839, 0.1919921875], [36095, 0.1921265514184397], [36351, 0.19253411091549297], [36607, 0.19288133741258742], [36863, 0.193115234375], [37119, 0.19326508620689656], [37375, 0.1933861301369863], [37631, 0.19339923469387754], [37887, 0.19383445945945946], [38143, 0.19405411073825504], [38399, 0.19276041666666666], [38655, 0.19148385761589404], [38911, 0.19114925986842105], [39167, 0.19122753267973855], [39423, 0.19089894480519481], [39679, 0.19102822580645162], [39935, 0.19115584935897437], [40191, 0.1911325636942675], [40447, 0.19162875791139242], [40703, 0.19206957547169812], [40959, 0.192626953125], [41215, 0.19339576863354038], [41471, 0.1943479938271605], [41727, 0.1955761119631902], [41983, 0.19655106707317074], [42239, 0.1978219696969697], [42495, 0.19893637048192772], [42751, 0.2000374251497006], [43007, 0.20077659970238096], [43263, 0.2016457100591716], [43519, 0.2025735294117647], [43775, 0.20314784356725146], [44031, 0.20407885174418605], [44287, 0.20495393786127167], [44543, 0.20530262212643677], [44799, 0.20616071428571428], [45055, 0.20731977982954544], [45311, 0.2081347104519774], [45567, 0.2091379915730337], [45823, 0.21006459497206703], [46079, 0.21100260416666666], [46335, 0.2118655041436464], [46591, 0.21282623626373626], [46847, 0.21302937158469945], [47103, 0.21187160326086957], [47359, 0.2107474662162162], [47615, 0.20961441532258066], [47871, 0.20853526069518716], [48127, 0.2074260305851064], [48383, 0.20636987433862433], [48639, 0.20540707236842104], [48895, 0.204556609947644], [49151, 0.20381673177083334], [49407, 0.2033678756476684], [49663, 0.20284310567010308], [49919, 0.20252403846153846], [50175, 0.20268654336734693], [50431, 0.2032638007614213], [50687, 0.20405224116161616], [50943, 0.20481312814070352], [51199, 0.205625], [51455, 0.20650652985074627], [51711, 0.20763072400990099], [51967, 0.2086283866995074], [52223, 0.20804610906862744], [52479, 0.20703125], [52735, 0.20602624393203883], [52846, 0.20559350578083901]], "candidate_count_total": 40, "confirmed_count_total": 39, "created_at": 1767841513.3235927}