{"dataset_name": "sine_nodrift", "dataset_type": "sine", "model_variant": "ts_drift_adapt", "seed": 4, "monitor_preset": "error_divergence_ph_meta@error.threshold=0.10,error.min_instances=5", "monitor_preset_base": "error_divergence_ph_meta", "monitor_ph_params": {"error_rate": {"delta": 0.005, "alpha": 0.15, "threshold": 0.1, "min_instances": 5}, "divergence": {"delta": 0.005, "alpha": 0.1, "threshold": 0.05, "min_instances": 30}}, "monitor_ph_overrides": {"error_rate": {"threshold": 0.1, "min_instances": 5}}, "trigger_mode": "two_stage", "trigger_k": 2, "trigger_threshold": 0.5, "trigger_weights": "__confirm_cooldown=200,__confirm_rule=perm_test,__perm_alpha=0.03,__perm_min_effect=0,__perm_n_perm=200,__perm_post_n=10,__perm_pre_n=500,__perm_rng_seed=0,__perm_stat=vote_score,divergence=0.3,error_rate=0.5,teacher_entropy=0.2", "confirm_window": 3, "confirm_cooldown": 0, "adaptive_cooldown_enabled": 0, "adaptive_window": 10000, "adaptive_lower_per10k": 10.0, "adaptive_upper_per10k": 25.0, "adaptive_cooldown_low": 200, "adaptive_cooldown_high": 500, "severity_scheduler_scale": 1.0, "use_severity_v2": 0, "severity_gate": "none", "severity_gate_min_streak": 1, "entropy_mode": "overconfident", "severity_decay": 0.95, "freeze_baseline_steps": 0, "n_steps": 800, "horizon": 10000, "acc_final": 0.9305, "mean_acc": 0.8666926861943067, "acc_min": 0.578125, "candidate_sample_idxs": [319, 639, 959, 1279, 1599, 1919, 2239, 2559, 2879, 3199, 3519, 3839, 4159, 4543, 5695, 6207, 6527, 6847, 7167, 8191, 9023], "confirmed_sample_idxs": [639, 959, 1279, 1599, 1919, 2239, 2559, 2879, 3199, 3519, 3839, 4159, 4543, 5695, 6207, 6527, 6847, 7167, 8191, 9023], "acc_series": [[63, 0.578125], [127, 0.6484375], [191, 0.640625], [255, 0.62109375], [319, 0.621875], [383, 0.6197916666666666], [447, 0.6495535714285714], [511, 0.662109375], [575, 0.6805555555555556], [639, 0.69375], [703, 0.7102272727272727], [767, 0.7174479166666666], [831, 0.7211538461538461], [895, 0.7332589285714286], [959, 0.7447916666666666], [1023, 0.7548828125], [1087, 0.7628676470588235], [1151, 0.7682291666666666], [1215, 0.7697368421052632], [1279, 0.76953125], [1343, 0.7700892857142857], [1407, 0.7748579545454546], [1471, 0.7771739130434783], [1535, 0.78515625], [1599, 0.789375], [1663, 0.7932692307692307], [1727, 0.7980324074074074], [1791, 0.8041294642857143], [1855, 0.806573275862069], [1919, 0.8083333333333333], [1983, 0.8140120967741935], [2047, 0.81884765625], [2111, 0.8233901515151515], [2175, 0.8276654411764706], [2239, 0.8316964285714286], [2303, 0.8350694444444444], [2367, 0.8369932432432432], [2431, 0.8404605263157895], [2495, 0.8441506410256411], [2559, 0.846484375], [2623, 0.8494664634146342], [2687, 0.8526785714285714], [2751, 0.8561046511627907], [2815, 0.8575994318181818], [2879, 0.8586805555555556], [2943, 0.8610733695652174], [3007, 0.8633643617021277], [3071, 0.865234375], [3135, 0.8670280612244898], [3199, 0.86875], [3263, 0.8700980392156863], [3327, 0.87109375], [3391, 0.8732311320754716], [3455, 0.8752893518518519], [3519, 0.8767045454545455], [3583, 0.8775111607142857], [3647, 0.8793859649122807], [3711, 0.8811961206896551], [3775, 0.8826800847457628], [3839, 0.8841145833333334], [3903, 0.8852459016393442], [3967, 0.8860887096774194], [4031, 0.8864087301587301], [4095, 0.887451171875], [4159, 0.8882211538461539], [4223, 0.8887310606060606], [4287, 0.8892257462686567], [4351, 0.8899356617647058], [4415, 0.8915307971014492], [4479, 0.8926339285714285], [4543, 0.8930457746478874], [4607, 0.89453125], [4671, 0.8949058219178082], [4735, 0.8963260135135135], [4799, 0.8972916666666667], [4863, 0.8978207236842105], [4927, 0.8987418831168831], [4991, 0.8990384615384616], [5055, 0.900118670886076], [5119, 0.9009765625], [5183, 0.9018132716049383], [5247, 0.9028201219512195], [5311, 0.9038027108433735], [5375, 0.9045758928571429], [5439, 0.9047794117647059], [5503, 0.9055232558139535], [5567, 0.9066091954022989], [5631, 0.9071377840909091], [5695, 0.9074789325842697], [5759, 0.9083333333333333], [5823, 0.9093406593406593], [5887, 0.9099864130434783], [5951, 0.9107862903225806], [6015, 0.9105718085106383], [6079, 0.9110197368421052], [6143, 0.91162109375], [6207, 0.9117268041237113], [6271, 0.9123086734693877], [6335, 0.9130366161616161], [6399, 0.9134375], [6463, 0.9135210396039604], [6527, 0.9136029411764706], [6591, 0.9141383495145631], [6655, 0.9148137019230769], [6719, 0.9151785714285714], [6783, 0.9155365566037735], [6847, 0.9163259345794392], [6911, 0.9162326388888888], [6975, 0.9165711009174312], [7039, 0.9161931818181818], [7103, 0.9165259009009009], [7167, 0.9167131696428571], [7231, 0.9171736725663717], [7295, 0.9176260964912281], [7359, 0.9182065217391304], [7423, 0.9185075431034483], [7487, 0.9189369658119658], [7551, 0.9192266949152542], [7615, 0.9197741596638656], [7679, 0.9197916666666667], [7743, 0.9201962809917356], [7807, 0.920594262295082], [7871, 0.9211128048780488], [7935, 0.9214969758064516], [7999, 0.92175], [8063, 0.9221230158730159], [8127, 0.922367125984252], [8191, 0.9227294921875], [8255, 0.9229651162790697], [8319, 0.9230769230769231], [8383, 0.9235448473282443], [8447, 0.9236505681818182], [8511, 0.9239896616541353], [8575, 0.9242070895522388], [8639, 0.9244212962962963], [8703, 0.9246323529411765], [8767, 0.9248403284671532], [8831, 0.925384963768116], [8895, 0.9255845323741008], [8959, 0.9256696428571428], [9023, 0.9258643617021277], [9087, 0.9262764084507042], [9151, 0.9264641608391608], [9215, 0.9268663194444444], [9279, 0.9270474137931034], [9343, 0.9272260273972602], [9407, 0.9276147959183674], [9471, 0.9281038851351351], [9535, 0.928481543624161], [9599, 0.9288541666666666], [9663, 0.9291183774834437], [9727, 0.9292763157894737], [9791, 0.9296364379084967], [9855, 0.929890422077922], [9919, 0.9301411290322581], [9983, 0.9303886217948718], [9999, 0.9305]], "candidate_count_total": 21, "confirmed_count_total": 20, "created_at": 1768237203.1088617, "confirm_rule_effective": "perm_test", "last_perm_pvalue": 0.004975124378109453, "last_perm_effect": 0.5, "perm_test_count_total": 20, "perm_accept_count_total": 20, "perm_reject_count_total": 0, "perm_alpha": 0.03, "perm_pvalue_p50": 0.004975124378109453, "perm_pvalue_p90": 0.004975124378109453, "perm_pvalue_p99": 0.004975124378109453, "perm_pvalue_le_alpha_ratio": 1.0, "perm_effect_p50": 0.4306446341197001, "perm_effect_p90": 0.5, "perm_effect_p99": 0.5}