{"dataset_name": "INSECTS_abrupt_balanced", "dataset_type": "insects_real", "model_variant": "ts_drift_adapt", "seed": 4, "monitor_preset": "error_divergence_ph_meta@error.threshold=0.05,error.min_instances=5", "monitor_preset_base": "error_divergence_ph_meta", "monitor_ph_params": {"error_rate": {"delta": 0.005, "alpha": 0.15, "threshold": 0.05, "min_instances": 5}, "divergence": {"delta": 0.005, "alpha": 0.1, "threshold": 0.05, "min_instances": 30}}, "monitor_ph_overrides": {"error_rate": {"threshold": 0.05, "min_instances": 5}}, "trigger_mode": "two_stage", "trigger_k": 2, "trigger_threshold": 0.5, "trigger_weights": "confirm_cooldown=200,divergence=0.3,error_rate=0.5,teacher_entropy=0.2", "confirm_window": 1, "confirm_cooldown": 0, "adaptive_cooldown_enabled": 0, "adaptive_window": 10000, "adaptive_lower_per10k": 10.0, "adaptive_upper_per10k": 25.0, "adaptive_cooldown_low": 200, "adaptive_cooldown_high": 500, "severity_scheduler_scale": 2.0, "use_severity_v2": 0, "severity_gate": "none", "severity_gate_min_streak": 1, "entropy_mode": "uncertain", "severity_decay": 0.95, "freeze_baseline_steps": 5, "n_steps": 1200, "horizon": 52847, "acc_final": 0.19738111907960718, "mean_acc": 0.1983246440098823, "acc_min": 0.16752232142857143, "candidate_sample_idxs": [1279, 2559, 3839, 5119, 6399, 7679, 8959, 10239, 11519, 12799, 14335, 17663, 18943, 20223, 21503, 22783, 24063, 25343, 26623, 27903, 29183, 30463, 31743, 33023, 34303, 35583, 36863, 38143, 39423, 40703, 41983, 43263, 44543, 45823, 47103, 50175, 51455, 52735], "confirmed_sample_idxs": [1279, 2559, 3839, 5119, 6399, 7679, 8959, 10239, 11519, 12799, 14335, 17663, 18943, 20223, 21503, 22783, 24063, 25343, 26623, 27903, 29183, 30463, 31743, 33023, 34303, 35583, 36863, 38143, 39423, 40703, 41983, 43263, 44543, 45823, 47103, 50175, 51455, 52735], "acc_series": [[255, 0.2109375], [511, 0.20703125], [767, 0.19270833333333334], [1023, 0.1845703125], [1279, 0.1859375], [1535, 0.18229166666666666], [1791, 0.1875], [2047, 0.19384765625], [2303, 0.1948784722222222], [2559, 0.203125], [2815, 0.21129261363636365], [3071, 0.21126302083333334], [3327, 0.21183894230769232], [3583, 0.21121651785714285], [3839, 0.21458333333333332], [4095, 0.211669921875], [4351, 0.21323529411764705], [4607, 0.2150607638888889], [4863, 0.21525493421052633], [5119, 0.2171875], [5375, 0.21856398809523808], [5631, 0.21821732954545456], [5887, 0.21875], [6143, 0.21907552083333334], [6399, 0.2196875], [6655, 0.21905048076923078], [6911, 0.21802662037037038], [7167, 0.21805245535714285], [7423, 0.21767241379310345], [7679, 0.21588541666666666], [7935, 0.2157258064516129], [8191, 0.2152099609375], [8447, 0.21413352272727273], [8703, 0.21426930147058823], [8959, 0.21529017857142857], [9215, 0.21473524305555555], [9471, 0.21452702702702703], [9727, 0.21422697368421054], [9983, 0.21484375], [10239, 0.21611328125], [10495, 0.21732088414634146], [10751, 0.21921502976190477], [11007, 0.2201126453488372], [11263, 0.2217684659090909], [11519, 0.2222222222222222], [11775, 0.22257133152173914], [12031, 0.22381981382978725], [12287, 0.22493489583333334], [12543, 0.22624362244897958], [12799, 0.2228125], [13055, 0.2184436274509804], [13311, 0.21424278846153846], [13567, 0.2102004716981132], [13823, 0.20630787037037038], [14079, 0.2028409090909091], [14335, 0.20270647321428573], [14591, 0.20100054824561403], [14847, 0.1978044181034483], [15103, 0.19445180084745764], [15359, 0.1912109375], [15615, 0.18807633196721313], [15871, 0.18510584677419356], [16127, 0.18229166666666666], [16383, 0.179443359375], [16639, 0.17680288461538463], [16895, 0.17412405303030304], [17151, 0.17152518656716417], [17407, 0.16957720588235295], [17663, 0.1676290760869565], [17919, 0.16752232142857143], [18175, 0.1699493838028169], [18431, 0.17127821180555555], [18687, 0.1720890410958904], [18943, 0.17282516891891891], [19199, 0.17354166666666668], [19455, 0.17516447368421054], [19711, 0.17689732142857142], [19967, 0.1782351762820513], [20223, 0.1787974683544304], [20479, 0.179443359375], [20735, 0.17973572530864199], [20991, 0.18021150914634146], [21247, 0.18044051204819278], [21503, 0.18061755952380953], [21759, 0.1805606617647059], [22015, 0.1810501453488372], [22271, 0.18197737068965517], [22527, 0.18359375], [22783, 0.18526158707865167], [23039, 0.18602430555555555], [23295, 0.18646978021978022], [23551, 0.1886039402173913], [23807, 0.1897681451612903], [24063, 0.1908244680851064], [24319, 0.1921875], [24575, 0.19258626302083334], [24831, 0.19346005154639176], [25087, 0.19423628826530612], [25343, 0.1955886994949495], [25599, 0.1966015625], [25855, 0.19778774752475248], [26111, 0.19887408088235295], [26367, 0.20001516990291263], [26623, 0.20098407451923078], [26879, 0.2021205357142857], [27135, 0.20305129716981132], [27391, 0.20418370327102803], [27647, 0.2055121527777778], [27903, 0.20685206422018348], [28159, 0.20550426136363636], [28415, 0.2037936373873874], [28671, 0.20221819196428573], [28927, 0.20063606194690264], [29183, 0.19911595394736842], [29439, 0.19769021739130435], [29695, 0.1964574353448276], [29951, 0.1953125], [30207, 0.19445180084745764], [30463, 0.19353991596638656], [30719, 0.19261067708333332], [30975, 0.1918259297520661], [31231, 0.1908939549180328], [31487, 0.19004065040650406], [31743, 0.18961063508064516], [31999, 0.18975], [32255, 0.19075520833333334], [32511, 0.19220595472440946], [32767, 0.19415283203125], [33023, 0.19628149224806202], [33279, 0.19645432692307693], [33535, 0.19620706106870228], [33791, 0.19643702651515152], [34047, 0.19657542293233082], [34303, 0.19653684701492538], [34559, 0.19618055555555555], [34815, 0.1957720588235294], [35071, 0.19551208941605838], [35327, 0.1955955615942029], [35583, 0.19598696043165467], [35839, 0.19609375], [36095, 0.19597739361702127], [36351, 0.19608274647887325], [36607, 0.19591346153846154], [36863, 0.19588216145833334], [37119, 0.1958512931034483], [37375, 0.19584760273972604], [37631, 0.19589710884353742], [37887, 0.1961570945945946], [38143, 0.19643980704697986], [38399, 0.19513020833333333], [38655, 0.19383795529801323], [38911, 0.19374486019736842], [39167, 0.19375510620915032], [39423, 0.19356229707792208], [39679, 0.19380040322580644], [39935, 0.19368489583333334], [40191, 0.19354597929936307], [40447, 0.19308742088607594], [40703, 0.19290487421383648], [40959, 0.1927734375], [41215, 0.1928134704968944], [41471, 0.19307002314814814], [41727, 0.19329946319018404], [41983, 0.1936451981707317], [42239, 0.1943655303030303], [42495, 0.19507718373493976], [42751, 0.19566336077844312], [43007, 0.19647507440476192], [43263, 0.19739275147928995], [43519, 0.19825367647058822], [43775, 0.19889894005847952], [44031, 0.1998546511627907], [44287, 0.2001896676300578], [44543, 0.20081267959770116], [44799, 0.20154017857142856], [45055, 0.20237038352272727], [45311, 0.20301465395480225], [45567, 0.20387113764044945], [45823, 0.20465258379888268], [46079, 0.20572916666666666], [46335, 0.20647013121546962], [46591, 0.20726734203296704], [46847, 0.2072660519125683], [47103, 0.20613960597826086], [47359, 0.20502533783783783], [47615, 0.2039230510752688], [47871, 0.20283255347593582], [48127, 0.2017536569148936], [48383, 0.20068617724867724], [48639, 0.19962993421052633], [48895, 0.19858475130890052], [49151, 0.19755045572916666], [49407, 0.19652687823834197], [49663, 0.19559439432989692], [49919, 0.1946514423076923], [50175, 0.19407684948979592], [50431, 0.19400380710659898], [50687, 0.19434580176767677], [50943, 0.1950769472361809], [51199, 0.1959375], [51455, 0.19708100124378108], [51711, 0.19863861386138615], [51967, 0.20018088054187191], [52223, 0.1997357536764706], [52479, 0.19876143292682927], [52735, 0.19779657160194175], [52846, 0.19738111907960718]], "candidate_count_total": 38, "confirmed_count_total": 38, "created_at": 1767886097.8280842}