{"dataset_name": "INSECTS_abrupt_balanced", "dataset_type": "insects_real", "model_variant": "ts_drift_adapt_severity", "seed": 9, "monitor_preset": "error_divergence_ph_meta@error.threshold=0.05,error.min_instances=5", "monitor_preset_base": "error_divergence_ph_meta", "monitor_ph_params": {"error_rate": {"delta": 0.005, "alpha": 0.15, "threshold": 0.05, "min_instances": 5}, "divergence": {"delta": 0.005, "alpha": 0.1, "threshold": 0.05, "min_instances": 30}}, "monitor_ph_overrides": {"error_rate": {"threshold": 0.05, "min_instances": 5}}, "trigger_mode": "two_stage", "trigger_k": 2, "trigger_threshold": 0.5, "trigger_weights": "confirm_cooldown=200,divergence=0.3,error_rate=0.5,teacher_entropy=0.2", "confirm_window": 1, "confirm_cooldown": 0, "adaptive_cooldown_enabled": 0, "adaptive_window": 10000, "adaptive_lower_per10k": 10.0, "adaptive_upper_per10k": 25.0, "adaptive_cooldown_low": 200, "adaptive_cooldown_high": 500, "severity_scheduler_scale": 2.0, "use_severity_v2": 1, "severity_gate": "confirmed_streak", "severity_gate_min_streak": 1, "entropy_mode": "uncertain", "severity_decay": 0.95, "freeze_baseline_steps": 5, "n_steps": 1200, "horizon": 52847, "acc_final": 0.199273374079891, "mean_acc": 0.19560636861277897, "acc_min": 0.08984375, "candidate_sample_idxs": [1279, 2559, 3839, 5119, 6399, 7679, 8959, 10239, 11519, 12799, 14335, 17919, 19199, 20479, 21759, 23039, 24319, 25599, 26879, 28159, 31999, 33279, 34559, 35839, 37119, 38399, 39679, 40959, 42239, 43519, 44799, 46079, 47359, 48895, 50175, 51455, 52735], "confirmed_sample_idxs": [1279, 2559, 3839, 5119, 6399, 7679, 8959, 10239, 11519, 12799, 14335, 17919, 19199, 20479, 21759, 23039, 24319, 25599, 26879, 28159, 31999, 33279, 34559, 35839, 37119, 38399, 39679, 40959, 42239, 43519, 44799, 46079, 47359, 48895, 50175, 51455, 52735], "acc_series": [[255, 0.08984375], [511, 0.1015625], [767, 0.11848958333333333], [1023, 0.1416015625], [1279, 0.146875], [1535, 0.154296875], [1791, 0.16350446428571427], [2047, 0.16259765625], [2303, 0.16666666666666666], [2559, 0.17265625], [2815, 0.1729403409090909], [3071, 0.17903645833333334], [3327, 0.18209134615384615], [3583, 0.1875], [3839, 0.19088541666666667], [4095, 0.19384765625], [4351, 0.19600183823529413], [4607, 0.1976996527777778], [4863, 0.19901315789473684], [5119, 0.1978515625], [5375, 0.19921875], [5631, 0.20081676136363635], [5887, 0.2022758152173913], [6143, 0.20328776041666666], [6399, 0.2040625], [6655, 0.20628004807692307], [6911, 0.20804398148148148], [7167, 0.20982142857142858], [7423, 0.21107219827586207], [7679, 0.2125], [7935, 0.21282762096774194], [8191, 0.2135009765625], [8447, 0.21330492424242425], [8703, 0.21553308823529413], [8959, 0.21841517857142856], [9215, 0.2189670138888889], [9471, 0.2204391891891892], [9727, 0.22018914473684212], [9983, 0.21975160256410256], [10239, 0.2212890625], [10495, 0.22103658536585366], [10751, 0.2210751488095238], [11007, 0.22002180232558138], [11263, 0.22008167613636365], [11519, 0.2204861111111111], [11775, 0.22095788043478262], [12031, 0.22124335106382978], [12287, 0.221435546875], [12543, 0.22130102040816327], [12799, 0.218203125], [13055, 0.21392463235294118], [13311, 0.2098106971153846], [13567, 0.20585200471698112], [13823, 0.20203993055555555], [14079, 0.19872159090909092], [14335, 0.19817243303571427], [14591, 0.1962719298245614], [14847, 0.19302262931034483], [15103, 0.18981726694915255], [15359, 0.18665364583333333], [15615, 0.18359375], [15871, 0.18063256048387097], [16127, 0.17782738095238096], [16383, 0.175048828125], [16639, 0.17235576923076923], [16895, 0.16974431818181818], [17151, 0.1672108208955224], [17407, 0.16480928308823528], [17663, 0.1624207427536232], [17919, 0.16255580357142857], [18175, 0.16752860915492956], [18431, 0.1711697048611111], [18687, 0.1742294520547945], [18943, 0.17762880067567569], [19199, 0.18067708333333332], [19455, 0.18436472039473684], [19711, 0.18607954545454544], [19967, 0.18644831730769232], [20223, 0.1866099683544304], [20479, 0.1869140625], [20735, 0.18687307098765432], [20991, 0.18697599085365854], [21247, 0.18688817771084337], [21503, 0.18726748511904762], [21759, 0.18768382352941176], [22015, 0.18854469476744187], [22271, 0.18920617816091953], [22527, 0.1908291903409091], [22783, 0.19272296348314608], [23039, 0.19370659722222222], [23295, 0.19432520604395603], [23551, 0.19624660326086957], [23807, 0.19787466397849462], [24063, 0.19942652925531915], [24319, 0.20065789473684212], [24575, 0.20198567708333334], [24831, 0.20324581185567012], [25087, 0.20420121173469388], [25343, 0.20572916666666666], [25599, 0.2066796875], [25855, 0.2086556311881188], [26111, 0.2094439338235294], [26367, 0.21006523058252427], [26623, 0.21101262019230768], [26879, 0.21186755952380953], [27135, 0.21266951650943397], [27391, 0.21363901869158877], [27647, 0.21487991898148148], [27903, 0.21581135321100917], [28159, 0.21409801136363638], [28415, 0.21216920045045046], [28671, 0.21030970982142858], [28927, 0.20844856194690264], [29183, 0.20662006578947367], [29439, 0.20482336956521738], [29695, 0.203125], [29951, 0.2013888888888889], [30207, 0.19974841101694915], [30463, 0.19806985294117646], [30719, 0.19641927083333333], [30975, 0.1948928202479339], [31231, 0.19339139344262296], [31487, 0.19191438008130082], [31743, 0.1907447076612903], [31999, 0.19021875], [32255, 0.19019717261904762], [32511, 0.19106791338582677], [32767, 0.191925048828125], [33023, 0.19295058139534885], [33279, 0.19290865384615385], [33535, 0.19307609732824427], [33791, 0.1934185606060606], [34047, 0.19355028195488722], [34303, 0.19368003731343283], [34559, 0.19375], [34815, 0.19370404411764705], [35071, 0.1937728102189781], [35327, 0.1936707427536232], [35583, 0.1938230665467626], [35839, 0.19388950892857143], [36095, 0.19381648936170212], [36351, 0.19377200704225353], [36607, 0.1940013111888112], [36863, 0.1941189236111111], [37119, 0.1941271551724138], [37375, 0.19434931506849315], [37631, 0.19422300170068027], [37887, 0.19457347972972974], [38143, 0.19463087248322147], [38399, 0.19333333333333333], [38655, 0.19205298013245034], [38911, 0.19166324013157895], [39167, 0.19150837418300654], [39423, 0.19140625], [39679, 0.19138104838709677], [39935, 0.19158153044871795], [40191, 0.19125696656050956], [40447, 0.19145569620253164], [40703, 0.19177476415094338], [40959, 0.1924072265625], [41215, 0.19274068322981366], [41471, 0.1935281635802469], [41727, 0.1940902990797546], [41983, 0.19459794207317074], [42239, 0.19545454545454546], [42495, 0.1960890436746988], [42751, 0.19687967814371257], [43007, 0.19768415178571427], [43263, 0.19859467455621302], [43519, 0.19951746323529412], [43775, 0.20020102339181287], [44031, 0.20108103197674418], [44287, 0.2014541184971098], [44543, 0.2020025143678161], [44799, 0.20270089285714285], [45055, 0.20359108664772727], [45311, 0.20438294491525424], [45567, 0.2052536867977528], [45823, 0.20618016759776536], [46079, 0.20713975694444445], [46335, 0.20800241712707182], [46591, 0.20885559752747251], [46847, 0.20901639344262296], [47103, 0.2078804347826087], [47359, 0.20675675675675675], [47615, 0.2056451612903226], [47871, 0.2045663435828877], [48127, 0.20349900265957446], [48383, 0.20244295634920634], [48639, 0.2015625], [48895, 0.2007526178010471], [49151, 0.20005289713541666], [49407, 0.1994616256476684], [49663, 0.19893685567010308], [49919, 0.1985176282051282], [50175, 0.19834183673469388], [50431, 0.1983066307106599], [50687, 0.19837042297979798], [50943, 0.19884579145728642], [51199, 0.1994140625], [51455, 0.20028762437810946], [51711, 0.20142326732673269], [51967, 0.20227832512315272], [52223, 0.20165058210784315], [52479, 0.2006669207317073], [52735, 0.19969280946601942], [52846, 0.199273374079891]], "candidate_count_total": 37, "confirmed_count_total": 37, "created_at": 1767887886.8875017}