{"dataset_name": "INSECTS_abrupt_balanced", "dataset_type": "insects_real", "model_variant": "ts_drift_adapt", "seed": 40, "monitor_preset": "error_divergence_ph_meta@error.threshold=0.05,error.min_instances=5", "monitor_preset_base": "error_divergence_ph_meta", "monitor_ph_params": {"error_rate": {"delta": 0.005, "alpha": 0.15, "threshold": 0.05, "min_instances": 5}, "divergence": {"delta": 0.005, "alpha": 0.1, "threshold": 0.05, "min_instances": 30}}, "monitor_ph_overrides": {"error_rate": {"threshold": 0.05, "min_instances": 5}}, "trigger_mode": "two_stage", "trigger_k": 2, "trigger_threshold": 0.5, "trigger_weights": "confirm_cooldown=200,divergence=0.3,error_rate=0.5,teacher_entropy=0.2", "confirm_window": 1, "confirm_cooldown": 0, "adaptive_cooldown_enabled": 0, "adaptive_window": 10000, "adaptive_lower_per10k": 10.0, "adaptive_upper_per10k": 25.0, "adaptive_cooldown_low": 200, "adaptive_cooldown_high": 500, "severity_scheduler_scale": 2.0, "use_severity_v2": 0, "severity_gate": "none", "severity_gate_min_streak": 1, "entropy_mode": "uncertain", "severity_decay": 0.95, "freeze_baseline_steps": 5, "n_steps": 1200, "horizon": 52847, "acc_final": 0.1984407818797661, "mean_acc": 0.19541422881153633, "acc_min": 0.12890625, "candidate_sample_idxs": [1279, 2559, 3839, 5119, 6399, 7679, 8959, 10239, 11519, 12799, 14847, 16639, 18175, 19455, 20735, 22015, 23295, 24575, 25855, 27135, 28415, 29695, 30975, 32255, 33535, 34815, 36095, 37375, 38655, 39935, 41215, 42495, 43775, 45055, 46335, 47615, 49407, 50687, 51967], "confirmed_sample_idxs": [1279, 2559, 3839, 5119, 6399, 7679, 8959, 10239, 11519, 12799, 14847, 16639, 18175, 19455, 20735, 22015, 23295, 24575, 25855, 27135, 28415, 29695, 30975, 32255, 33535, 34815, 36095, 37375, 38655, 39935, 41215, 42495, 43775, 45055, 46335, 47615, 49407, 50687, 51967], "acc_series": [[255, 0.12890625], [511, 0.134765625], [767, 0.14322916666666666], [1023, 0.1640625], [1279, 0.17109375], [1535, 0.17513020833333334], [1791, 0.18415178571428573], [2047, 0.1826171875], [2303, 0.1857638888888889], [2559, 0.1890625], [2815, 0.19353693181818182], [3071, 0.19694010416666666], [3327, 0.19801682692307693], [3583, 0.19893973214285715], [3839, 0.20208333333333334], [4095, 0.20361328125], [4351, 0.20496323529411764], [4607, 0.2085503472222222], [4863, 0.21011513157894737], [5119, 0.2109375], [5375, 0.21335565476190477], [5631, 0.21342329545454544], [5887, 0.21229619565217392], [6143, 0.21207682291666666], [6399, 0.213125], [6655, 0.21409254807692307], [6911, 0.2131076388888889], [7167, 0.21177455357142858], [7423, 0.21188038793103448], [7679, 0.21158854166666666], [7935, 0.21333165322580644], [8191, 0.2154541015625], [8447, 0.21318655303030304], [8703, 0.21449908088235295], [8959, 0.21674107142857144], [9215, 0.21668836805555555], [9471, 0.21716638513513514], [9727, 0.21710526315789475], [9983, 0.21704727564102563], [10239, 0.21826171875], [10495, 0.21798780487804878], [10751, 0.21893601190476192], [11007, 0.21984011627906977], [11263, 0.2188387784090909], [11519, 0.21901041666666668], [11775, 0.21942934782608695], [12031, 0.21949800531914893], [12287, 0.21956380208333334], [12543, 0.21970663265306123], [12799, 0.2165625], [13055, 0.21231617647058823], [13311, 0.20823317307692307], [13567, 0.20430424528301888], [13823, 0.20052083333333334], [14079, 0.196875], [14335, 0.193359375], [14591, 0.19181743421052633], [14847, 0.1899919181034483], [15103, 0.1872351694915254], [15359, 0.18430989583333332], [15615, 0.18148053278688525], [15871, 0.17855342741935484], [16127, 0.17578125], [16383, 0.17303466796875], [16639, 0.17037259615384615], [16895, 0.16785037878787878], [17151, 0.16534514925373134], [17407, 0.1630859375], [17663, 0.1610054347826087], [17919, 0.16121651785714286], [18175, 0.16521786971830985], [18431, 0.1672634548611111], [18687, 0.16930650684931506], [18943, 0.17176942567567569], [19199, 0.1740625], [19455, 0.17737458881578946], [19711, 0.17933238636363635], [19967, 0.17993790064102563], [20223, 0.18018196202531644], [20479, 0.18076171875], [20735, 0.18089313271604937], [20991, 0.18111661585365854], [21247, 0.18119352409638553], [21503, 0.1812686011904762], [21759, 0.18134191176470588], [22015, 0.1815952034883721], [22271, 0.1824712643678161], [22527, 0.18275035511363635], [22783, 0.1835498595505618], [23039, 0.18428819444444444], [23295, 0.18543956043956045], [23551, 0.1865234375], [23807, 0.18724798387096775], [24063, 0.18841422872340424], [24319, 0.18992598684210527], [24575, 0.1910400390625], [24831, 0.19205057989690721], [25087, 0.19355867346938777], [25343, 0.19527304292929293], [25599, 0.1968359375], [25855, 0.1982131806930693], [26111, 0.1995251225490196], [26367, 0.20107706310679613], [26623, 0.20237379807692307], [26879, 0.20401785714285714], [27135, 0.2048938679245283], [27391, 0.2058630257009346], [27647, 0.2072482638888889], [27903, 0.2085364105504587], [28159, 0.20738636363636365], [28415, 0.20579954954954954], [28671, 0.20438058035714285], [28927, 0.20302129424778761], [29183, 0.20154879385964913], [29439, 0.2], [29695, 0.19834321120689655], [29951, 0.19681490384615385], [30207, 0.1953125], [30463, 0.19373686974789917], [30719, 0.19215494791666668], [30975, 0.19063145661157024], [31231, 0.1891329405737705], [31487, 0.1877858231707317], [31743, 0.18664944556451613], [31999, 0.18725], [32255, 0.1890811011904762], [32511, 0.19119094488188976], [32767, 0.192840576171875], [33023, 0.19494912790697674], [33279, 0.19510216346153847], [33535, 0.19489503816793893], [33791, 0.19519412878787878], [34047, 0.19542998120300753], [34303, 0.195283348880597], [34559, 0.19505208333333332], [34815, 0.1947954963235294], [35071, 0.19474224452554745], [35327, 0.19483129528985507], [35583, 0.19489096223021582], [35839, 0.19517299107142858], [36095, 0.19509086879432624], [36351, 0.1953675176056338], [36607, 0.19566761363636365], [36863, 0.19566514756944445], [37119, 0.1957435344827586], [37375, 0.1956870719178082], [37631, 0.1957376700680272], [37887, 0.1961570945945946], [38143, 0.1960989932885906], [38399, 0.19479166666666667], [38655, 0.19350165562913907], [38911, 0.19317948190789475], [39167, 0.19332107843137256], [39423, 0.19318181818181818], [39679, 0.1933467741935484], [39935, 0.19345953525641027], [40191, 0.19329717356687898], [40447, 0.19306269778481014], [40703, 0.19292944182389937], [40959, 0.1930419921875], [41215, 0.19322593167701863], [41471, 0.19331114969135801], [41727, 0.1935870398773006], [41983, 0.19407393292682926], [42239, 0.19483901515151514], [42495, 0.1953125], [42751, 0.19589726796407186], [43007, 0.19656808035714285], [43263, 0.1976932322485207], [43519, 0.1987591911764706], [43775, 0.1993329678362573], [44031, 0.20012718023255813], [44287, 0.20075415462427745], [44543, 0.20114942528735633], [44799, 0.20174107142857142], [45055, 0.20257013494318182], [45311, 0.20323534604519775], [45567, 0.20406864466292135], [45823, 0.20471805167597765], [46079, 0.20572916666666666], [46335, 0.20657803867403315], [46591, 0.20731026785714285], [46847, 0.2072020150273224], [47103, 0.20607591711956522], [47359, 0.20496199324324324], [47615, 0.20386004704301075], [47871, 0.20276988636363635], [48127, 0.20169132313829788], [48383, 0.20062417328042328], [48639, 0.199609375], [48895, 0.19858475130890052], [49151, 0.1976318359375], [49407, 0.19670903497409326], [49663, 0.1957957474226804], [49919, 0.1951121794871795], [50175, 0.1946747448979592], [50431, 0.1947969543147208], [50687, 0.19519412878787878], [50943, 0.19607804648241206], [51199, 0.19716796875], [51455, 0.19844138681592038], [51711, 0.19983756188118812], [51967, 0.20120073891625614], [52223, 0.2008080575980392], [52479, 0.19982850609756098], [52735, 0.19885846480582525], [52846, 0.1984407818797661]], "candidate_count_total": 39, "confirmed_count_total": 39, "created_at": 1767887007.6574507}