{"dataset_name": "sine_nodrift", "dataset_type": "sine", "model_variant": "ts_drift_adapt", "seed": 5, "monitor_preset": "error_divergence_ph_meta@error.threshold=0.10,error.min_instances=5", "monitor_preset_base": "error_divergence_ph_meta", "monitor_ph_params": {"error_rate": {"delta": 0.005, "alpha": 0.15, "threshold": 0.1, "min_instances": 5}, "divergence": {"delta": 0.005, "alpha": 0.1, "threshold": 0.05, "min_instances": 30}}, "monitor_ph_overrides": {"error_rate": {"threshold": 0.1, "min_instances": 5}}, "trigger_mode": "two_stage", "trigger_k": 2, "trigger_threshold": 0.5, "trigger_weights": "__confirm_cooldown=200,__confirm_rule=perm_test,__perm_alpha=0.02,__perm_delta_k=25,__perm_min_effect=0,__perm_n_perm=200,__perm_post_n=30,__perm_pre_n=200,__perm_rng_seed=0,__perm_stat=delta_fused_score,divergence=0.3,error_rate=0.5,teacher_entropy=0.2", "confirm_window": 3, "confirm_cooldown": 0, "adaptive_cooldown_enabled": 0, "adaptive_window": 10000, "adaptive_lower_per10k": 10.0, "adaptive_upper_per10k": 25.0, "adaptive_cooldown_low": 200, "adaptive_cooldown_high": 500, "severity_scheduler_scale": 1.0, "use_severity_v2": 0, "severity_gate": "none", "severity_gate_min_streak": 1, "entropy_mode": "overconfident", "severity_decay": 0.95, "freeze_baseline_steps": 0, "n_steps": 800, "horizon": 10000, "acc_final": 0.9271, "mean_acc": 0.8560163661690537, "acc_min": 0.421875, "candidate_sample_idxs": [319, 639, 959, 1279, 1599, 1919, 2239, 2879, 3199, 3519, 3839, 4159, 4479, 4799, 5119, 5439, 5759, 6079, 6399, 6719, 7039, 7551, 8319, 9215], "confirmed_sample_idxs": [639, 959, 1407, 1983, 2879, 3391, 3903, 4223, 4543, 4991, 5759, 6271, 6847, 7551, 8319, 9215], "acc_series": [[63, 0.421875], [127, 0.4609375], [191, 0.5104166666666666], [255, 0.55859375], [319, 0.58125], [383, 0.5911458333333334], [447, 0.5959821428571429], [511, 0.603515625], [575, 0.6215277777777778], [639, 0.640625], [703, 0.6619318181818182], [767, 0.6796875], [831, 0.6850961538461539], [895, 0.7020089285714286], [959, 0.7114583333333333], [1023, 0.7275390625], [1087, 0.7371323529411765], [1151, 0.7491319444444444], [1215, 0.7582236842105263], [1279, 0.7640625], [1343, 0.7700892857142857], [1407, 0.7776988636363636], [1471, 0.7860054347826086], [1535, 0.7936197916666666], [1599, 0.800625], [1663, 0.8064903846153846], [1727, 0.8113425925925926], [1791, 0.8152901785714286], [1855, 0.8189655172413793], [1919, 0.821875], [1983, 0.8256048387096774], [2047, 0.828125], [2111, 0.8304924242424242], [2175, 0.8313419117647058], [2239, 0.8334821428571428], [2303, 0.8355034722222222], [2367, 0.8391047297297297], [2431, 0.8416940789473685], [2495, 0.84375], [2559, 0.8453125], [2623, 0.8483231707317073], [2687, 0.8493303571428571], [2751, 0.8517441860465116], [2815, 0.8533380681818182], [2879, 0.8552083333333333], [2943, 0.8566576086956522], [3007, 0.8590425531914894], [3071, 0.8600260416666666], [3135, 0.8616071428571429], [3199, 0.8625], [3263, 0.8645833333333334], [3327, 0.8659855769230769], [3391, 0.8676297169811321], [3455, 0.8692129629629629], [3519, 0.8710227272727272], [3583, 0.8724888392857143], [3647, 0.8741776315789473], [3711, 0.8752693965517241], [3775, 0.8757944915254238], [3839, 0.8776041666666666], [3903, 0.8783299180327869], [3967, 0.8790322580645161], [4031, 0.8807043650793651], [4095, 0.882080078125], [4159, 0.8826923076923077], [4223, 0.8835227272727273], [4287, 0.8845615671641791], [4351, 0.8848805147058824], [4415, 0.8858695652173914], [4479, 0.8870535714285714], [4543, 0.8882042253521126], [4607, 0.8893229166666666], [4671, 0.8904109589041096], [4735, 0.8910472972972973], [4799, 0.891875], [4863, 0.8928865131578947], [4927, 0.893262987012987], [4991, 0.8938301282051282], [5055, 0.8941851265822784], [5119, 0.894140625], [5183, 0.8948688271604939], [5247, 0.8953887195121951], [5311, 0.8957078313253012], [5375, 0.8962053571428571], [5439, 0.8970588235294118], [5503, 0.8977107558139535], [5567, 0.8987068965517241], [5631, 0.8987926136363636], [5695, 0.8999297752808989], [5759, 0.9005208333333333], [5823, 0.9007554945054945], [5887, 0.9013247282608695], [5951, 0.9017137096774194], [6015, 0.9024268617021277], [6079, 0.903125], [6143, 0.9034830729166666], [6207, 0.9039948453608248], [6271, 0.9041772959183674], [6335, 0.9045138888888888], [6399, 0.905], [6463, 0.9051670792079208], [6527, 0.9057904411764706], [6591, 0.9065533980582524], [6655, 0.9068509615384616], [6719, 0.9072916666666667], [6783, 0.9078714622641509], [6847, 0.9081483644859814], [6911, 0.9085648148148148], [6975, 0.9088302752293578], [7039, 0.9089488636363636], [7103, 0.9097691441441441], [7167, 0.9100167410714286], [7231, 0.9105365044247787], [7295, 0.9109100877192983], [7359, 0.9115489130434783], [7423, 0.9123114224137931], [7487, 0.9130608974358975], [7551, 0.9132680084745762], [7615, 0.9133403361344538], [7679, 0.913671875], [7743, 0.9137396694214877], [7807, 0.9144467213114754], [7871, 0.9145071138211383], [7935, 0.9148185483870968], [7999, 0.915375], [8063, 0.9157986111111112], [8127, 0.9160925196850394], [8191, 0.9166259765625], [8255, 0.9170300387596899], [8319, 0.9171875], [8383, 0.9177003816793893], [8447, 0.91796875], [8511, 0.918233082706767], [8575, 0.9187266791044776], [8639, 0.9190972222222222], [8703, 0.9188878676470589], [8767, 0.9193658759124088], [8831, 0.9196105072463768], [8895, 0.9200764388489209], [8959, 0.9204241071428572], [9023, 0.9208776595744681], [9087, 0.9214348591549296], [9151, 0.9219842657342657], [9215, 0.9223090277777778], [9279, 0.9226293103448275], [9343, 0.9230522260273972], [9407, 0.9235756802721088], [9471, 0.9239864864864865], [9535, 0.924496644295302], [9599, 0.925], [9663, 0.9252897350993378], [9727, 0.9256784539473685], [9791, 0.926062091503268], [9855, 0.9260349025974026], [9919, 0.9265120967741935], [9983, 0.9269831730769231], [9999, 0.9271]], "candidate_count_total": 19, "confirmed_count_total": 16, "created_at": 1768131327.1232631, "confirm_rule_effective": "perm_test", "last_perm_pvalue": 0.004975124378109453, "last_perm_effect": 0.0768931419099617, "perm_test_count_total": 41, "perm_accept_count_total": 16, "perm_reject_count_total": 25, "perm_alpha": 0.02, "perm_pvalue_p50": 0.48756218905472637, "perm_pvalue_p90": 1.0, "perm_pvalue_p99": 1.0, "perm_pvalue_le_alpha_ratio": 0.3902439024390244, "perm_effect_p50": 0.0019627396790019734, "perm_effect_p90": 0.0768931419099617, "perm_effect_p99": 0.15222796340886086}