{"dataset_name": "sine_nodrift", "dataset_type": "sine", "model_variant": "ts_drift_adapt", "seed": 3, "monitor_preset": "error_divergence_ph_meta@error.threshold=0.10,error.min_instances=5", "monitor_preset_base": "error_divergence_ph_meta", "monitor_ph_params": {"error_rate": {"delta": 0.005, "alpha": 0.15, "threshold": 0.1, "min_instances": 5}, "divergence": {"delta": 0.005, "alpha": 0.1, "threshold": 0.05, "min_instances": 30}}, "monitor_ph_overrides": {"error_rate": {"threshold": 0.1, "min_instances": 5}}, "trigger_mode": "two_stage", "trigger_k": 2, "trigger_threshold": 0.5, "trigger_weights": "__confirm_cooldown=200,__confirm_rule=perm_test,__perm_alpha=0.05,__perm_delta_k=50,__perm_min_effect=0,__perm_n_perm=200,__perm_post_n=50,__perm_pre_n=200,__perm_rng_seed=0,__perm_stat=delta_fused_score,divergence=0.3,error_rate=0.5,teacher_entropy=0.2", "confirm_window": 3, "confirm_cooldown": 0, "adaptive_cooldown_enabled": 0, "adaptive_window": 10000, "adaptive_lower_per10k": 10.0, "adaptive_upper_per10k": 25.0, "adaptive_cooldown_low": 200, "adaptive_cooldown_high": 500, "severity_scheduler_scale": 1.0, "use_severity_v2": 0, "severity_gate": "none", "severity_gate_min_streak": 1, "entropy_mode": "overconfident", "severity_decay": 0.95, "freeze_baseline_steps": 0, "n_steps": 800, "horizon": 10000, "acc_final": 0.9196, "mean_acc": 0.85142722187722, "acc_min": 0.609375, "candidate_sample_idxs": [319, 639, 959, 1279, 1599, 1919, 2239, 2623, 2943, 3327, 3647, 4415, 4735, 5055, 5503, 5823, 6143, 6463, 6975, 7935, 8255], "confirmed_sample_idxs": [703, 1023, 1279, 1663, 1919, 2687, 2943, 3327, 3647, 4415, 4735, 5055, 5503, 6335, 6975, 7935], "acc_series": [[63, 0.609375], [127, 0.6328125], [191, 0.6302083333333334], [255, 0.6328125], [319, 0.675], [383, 0.7005208333333334], [447, 0.7075892857142857], [511, 0.720703125], [575, 0.7118055555555556], [639, 0.703125], [703, 0.6960227272727273], [767, 0.6875], [831, 0.6911057692307693], [895, 0.6964285714285714], [959, 0.703125], [1023, 0.7060546875], [1087, 0.7169117647058824], [1151, 0.7282986111111112], [1215, 0.7368421052631579], [1279, 0.74375], [1343, 0.7514880952380952], [1407, 0.7556818181818182], [1471, 0.7615489130434783], [1535, 0.767578125], [1599, 0.775625], [1663, 0.7806490384615384], [1727, 0.7853009259259259], [1791, 0.7896205357142857], [1855, 0.7931034482758621], [1919, 0.7958333333333333], [1983, 0.7993951612903226], [2047, 0.8046875], [2111, 0.8091856060606061], [2175, 0.8129595588235294], [2239, 0.8160714285714286], [2303, 0.8194444444444444], [2367, 0.8205236486486487], [2431, 0.8223684210526315], [2495, 0.8245192307692307], [2559, 0.826953125], [2623, 0.828125], [2687, 0.8311011904761905], [2751, 0.8332122093023255], [2815, 0.8348721590909091], [2879, 0.8375], [2943, 0.8376358695652174], [3007, 0.8397606382978723], [3071, 0.8411458333333334], [3135, 0.84375], [3199, 0.8465625], [3263, 0.8489583333333334], [3327, 0.8503605769230769], [3391, 0.8525943396226415], [3455, 0.8541666666666666], [3519, 0.8559659090909091], [3583, 0.857421875], [3647, 0.8585526315789473], [3711, 0.859375], [3775, 0.8604343220338984], [3839, 0.8622395833333333], [3903, 0.8627049180327869], [3967, 0.8636592741935484], [4031, 0.8643353174603174], [4095, 0.86572265625], [4159, 0.8668269230769231], [4223, 0.8678977272727273], [4287, 0.8694029850746269], [4351, 0.8704044117647058], [4415, 0.8713768115942029], [4479, 0.8725446428571428], [4543, 0.8741197183098591], [4607, 0.8756510416666666], [4671, 0.8769263698630136], [4735, 0.8777449324324325], [4799, 0.8785416666666667], [4863, 0.8793174342105263], [4927, 0.880073051948052], [4991, 0.8806089743589743], [5055, 0.8815268987341772], [5119, 0.8826171875], [5183, 0.8831018518518519], [5247, 0.8839557926829268], [5311, 0.884789156626506], [5375, 0.8854166666666666], [5439, 0.8860294117647058], [5503, 0.8853561046511628], [5567, 0.8855962643678161], [5631, 0.8861860795454546], [5695, 0.8872893258426966], [5759, 0.8880208333333334], [5823, 0.8890796703296703], [5887, 0.889266304347826], [5951, 0.889616935483871], [6015, 0.890625], [6079, 0.8912828947368421], [6143, 0.8919270833333334], [6207, 0.8925579896907216], [6271, 0.8934948979591837], [6335, 0.8939393939393939], [6399, 0.89453125], [6463, 0.8949566831683168], [6527, 0.8947610294117647], [6591, 0.8954793689320388], [6655, 0.8955829326923077], [6719, 0.8962797619047619], [6783, 0.8969634433962265], [6847, 0.8976343457943925], [6911, 0.8981481481481481], [6975, 0.8989392201834863], [7039, 0.8994318181818182], [7103, 0.9000563063063063], [7167, 0.9008091517857143], [7231, 0.9014103982300885], [7295, 0.9015899122807017], [7359, 0.9014945652173914], [7423, 0.9019396551724138], [7487, 0.9027777777777778], [7551, 0.903072033898305], [7615, 0.9037552521008403], [7679, 0.9044270833333333], [7743, 0.9050878099173554], [7807, 0.9054815573770492], [7871, 0.9059959349593496], [7935, 0.9061239919354839], [7999, 0.906625], [8063, 0.9072420634920635], [8127, 0.9077263779527559], [8191, 0.908203125], [8255, 0.9084302325581395], [8319, 0.9091346153846154], [8383, 0.9095896946564885], [8447, 0.9102746212121212], [8511, 0.9108317669172933], [8575, 0.9113805970149254], [8639, 0.9119212962962963], [8703, 0.912109375], [8767, 0.9125228102189781], [8831, 0.9130434782608695], [8895, 0.9133318345323741], [8959, 0.9135044642857143], [9023, 0.9140070921985816], [9087, 0.9141725352112676], [9151, 0.9146634615384616], [9215, 0.9148220486111112], [9279, 0.9154094827586207], [9343, 0.9158818493150684], [9407, 0.9164540816326531], [9471, 0.9167018581081081], [9535, 0.9170511744966443], [9599, 0.9172916666666666], [9663, 0.9173220198675497], [9727, 0.9175575657894737], [9791, 0.9178921568627451], [9855, 0.9184253246753247], [9919, 0.9189516129032258], [9983, 0.9194711538461539], [9999, 0.9196]], "candidate_count_total": 20, "confirmed_count_total": 16, "created_at": 1768130624.1478162, "confirm_rule_effective": "perm_test", "last_perm_pvalue": 1.0, "last_perm_effect": -0.022501392894622378, "perm_test_count_total": 35, "perm_accept_count_total": 16, "perm_reject_count_total": 19, "perm_alpha": 0.05, "perm_pvalue_p50": 1.0, "perm_pvalue_p90": 1.0, "perm_pvalue_p99": 1.0, "perm_pvalue_le_alpha_ratio": 0.45714285714285713, "perm_effect_p50": -0.0003229225163225366, "perm_effect_p90": 0.12067759776499137, "perm_effect_p99": 0.20579875321734445}