{"dataset_name": "sine_nodrift", "dataset_type": "sine", "model_variant": "ts_drift_adapt", "seed": 1, "monitor_preset": "error_divergence_ph_meta@error.threshold=0.10,error.min_instances=5", "monitor_preset_base": "error_divergence_ph_meta", "monitor_ph_params": {"error_rate": {"delta": 0.005, "alpha": 0.15, "threshold": 0.1, "min_instances": 5}, "divergence": {"delta": 0.005, "alpha": 0.1, "threshold": 0.05, "min_instances": 30}}, "monitor_ph_overrides": {"error_rate": {"threshold": 0.1, "min_instances": 5}}, "trigger_mode": "two_stage", "trigger_k": 2, "trigger_threshold": 0.5, "trigger_weights": "__confirm_cooldown=200,__confirm_rule=perm_test,__perm_alpha=0.02,__perm_min_effect=0,__perm_n_perm=200,__perm_post_n=50,__perm_pre_n=200,__perm_rng_seed=0,__perm_stat=vote_score,divergence=0.3,error_rate=0.5,teacher_entropy=0.2", "confirm_window": 3, "confirm_cooldown": 0, "adaptive_cooldown_enabled": 0, "adaptive_window": 10000, "adaptive_lower_per10k": 10.0, "adaptive_upper_per10k": 25.0, "adaptive_cooldown_low": 200, "adaptive_cooldown_high": 500, "severity_scheduler_scale": 1.0, "use_severity_v2": 0, "severity_gate": "none", "severity_gate_min_streak": 1, "entropy_mode": "overconfident", "severity_decay": 0.95, "freeze_baseline_steps": 0, "n_steps": 800, "horizon": 10000, "acc_final": 0.9344, "mean_acc": 0.8708477603017456, "acc_min": 0.578125, "candidate_sample_idxs": [319, 639, 959, 1279, 1599, 1919, 2367, 2943, 3519, 4031, 4351, 4671, 4991, 5311, 5951, 6335, 6655, 6975, 7423, 7871, 8767, 9087, 9471, 9791], "confirmed_sample_idxs": [639, 959, 1279, 1599, 1919, 2367, 2943, 3519, 4031, 4351, 4671, 4991, 5311, 5951, 6335, 6655, 6975, 7423, 7871, 8767, 9087, 9471, 9791], "acc_series": [[63, 0.578125], [127, 0.578125], [191, 0.625], [255, 0.609375], [319, 0.609375], [383, 0.6015625], [447, 0.609375], [511, 0.61328125], [575, 0.6440972222222222], [639, 0.6640625], [703, 0.6903409090909091], [767, 0.70703125], [831, 0.7223557692307693], [895, 0.7332589285714286], [959, 0.7458333333333333], [1023, 0.7578125], [1087, 0.7628676470588235], [1151, 0.7708333333333334], [1215, 0.7796052631578947], [1279, 0.7875], [1343, 0.7946428571428571], [1407, 0.7990056818181818], [1471, 0.8029891304347826], [1535, 0.8098958333333334], [1599, 0.8125], [1663, 0.8179086538461539], [1727, 0.8229166666666666], [1791, 0.8275669642857143], [1855, 0.8302801724137931], [1919, 0.8348958333333333], [1983, 0.8387096774193549], [2047, 0.8408203125], [2111, 0.8442234848484849], [2175, 0.8469669117647058], [2239, 0.8491071428571428], [2303, 0.8506944444444444], [2367, 0.8517736486486487], [2431, 0.8548519736842105], [2495, 0.8565705128205128], [2559, 0.859765625], [2623, 0.8620426829268293], [2687, 0.8645833333333334], [2751, 0.8662790697674418], [2815, 0.8682528409090909], [2879, 0.8704861111111111], [2943, 0.8726222826086957], [3007, 0.8736702127659575], [3071, 0.8756510416666666], [3135, 0.8772321428571429], [3199, 0.879375], [3263, 0.8814338235294118], [3327, 0.8831129807692307], [3391, 0.8844339622641509], [3455, 0.8851273148148148], [3519, 0.8860795454545455], [3583, 0.88671875], [3647, 0.887609649122807], [3711, 0.8879310344827587], [3775, 0.8885063559322034], [3839, 0.88984375], [3903, 0.8913934426229508], [3967, 0.8918850806451613], [4031, 0.8923611111111112], [4095, 0.892822265625], [4159, 0.8927884615384616], [4223, 0.8932291666666666], [4287, 0.894589552238806], [4351, 0.8952205882352942], [4415, 0.8953804347826086], [4479, 0.896875], [4543, 0.897887323943662], [4607, 0.8984375], [4671, 0.8994006849315068], [4735, 0.8997043918918919], [4799, 0.9008333333333334], [4863, 0.9017269736842105], [4927, 0.9021915584415584], [4991, 0.9026442307692307], [5055, 0.9034810126582279], [5119, 0.9041015625], [5183, 0.904320987654321], [5247, 0.9054878048780488], [5311, 0.9058734939759037], [5375, 0.9066220238095238], [5439, 0.9069852941176471], [5503, 0.907703488372093], [5567, 0.9085847701149425], [5631, 0.9089133522727273], [5695, 0.9090589887640449], [5759, 0.9097222222222222], [5823, 0.9105425824175825], [5887, 0.911514945652174], [5951, 0.9117943548387096], [6015, 0.9122340425531915], [6079, 0.9125], [6143, 0.9134114583333334], [6207, 0.9134987113402062], [6271, 0.9139030612244898], [6335, 0.9139835858585859], [6399, 0.914375], [6463, 0.9152227722772277], [6527, 0.9159007352941176], [6591, 0.9159587378640777], [6655, 0.9154146634615384], [6719, 0.9159226190476191], [6783, 0.9162735849056604], [6847, 0.9166179906542056], [6911, 0.9171006944444444], [6975, 0.9177178899082569], [7039, 0.9183238636363636], [7103, 0.9187781531531531], [7167, 0.9190848214285714], [7231, 0.9198008849557522], [7295, 0.9205043859649122], [7359, 0.9209239130434783], [7423, 0.9212015086206896], [7487, 0.9217414529914529], [7551, 0.9220074152542372], [7615, 0.9221376050420168], [7679, 0.92265625], [7743, 0.9232954545454546], [7807, 0.9236680327868853], [7871, 0.9240345528455285], [7935, 0.9246471774193549], [7999, 0.925], [8063, 0.9255952380952381], [8127, 0.9260580708661418], [8191, 0.92626953125], [8255, 0.9259932170542635], [8319, 0.9265625], [8383, 0.9271230916030534], [8447, 0.9275568181818182], [8511, 0.927984022556391], [8575, 0.9284048507462687], [8639, 0.9287037037037037], [8703, 0.9289981617647058], [8767, 0.9290602189781022], [8831, 0.9295742753623188], [8895, 0.9300809352517986], [8959, 0.9303571428571429], [9023, 0.9307402482269503], [9087, 0.9308978873239436], [9151, 0.9311625874125874], [9215, 0.9315321180555556], [9279, 0.9317887931034483], [9343, 0.9320419520547946], [9407, 0.9320790816326531], [9471, 0.9324324324324325], [9535, 0.9326761744966443], [9599, 0.9330208333333333], [9663, 0.9331539735099338], [9727, 0.93359375], [9791, 0.9339256535947712], [9855, 0.9339488636363636], [9919, 0.9341733870967742], [9983, 0.934395032051282], [9999, 0.9344]], "candidate_count_total": 24, "confirmed_count_total": 23, "created_at": 1768152079.3300865, "confirm_rule_effective": "perm_test", "last_perm_pvalue": 0.004975124378109453, "last_perm_effect": 0.489827956118933, "perm_test_count_total": 23, "perm_accept_count_total": 23, "perm_reject_count_total": 0, "perm_alpha": 0.02, "perm_pvalue_p50": 0.004975124378109453, "perm_pvalue_p90": 0.004975124378109453, "perm_pvalue_p99": 0.004975124378109453, "perm_pvalue_le_alpha_ratio": 1.0, "perm_effect_p50": 0.49716638604343555, "perm_effect_p90": 0.5, "perm_effect_p99": 0.5165137979421047}