{"dataset_name": "sine_nodrift", "dataset_type": "sine", "model_variant": "ts_drift_adapt", "seed": 3, "monitor_preset": "error_divergence_ph_meta@error.threshold=0.10,error.min_instances=5", "monitor_preset_base": "error_divergence_ph_meta", "monitor_ph_params": {"error_rate": {"delta": 0.005, "alpha": 0.15, "threshold": 0.1, "min_instances": 5}, "divergence": {"delta": 0.005, "alpha": 0.1, "threshold": 0.05, "min_instances": 30}}, "monitor_ph_overrides": {"error_rate": {"threshold": 0.1, "min_instances": 5}}, "trigger_mode": "two_stage", "trigger_k": 2, "trigger_threshold": 0.5, "trigger_weights": "__confirm_cooldown=200,__confirm_rule=perm_test,__perm_alpha=0.01,__perm_delta_k=50,__perm_min_effect=0,__perm_n_perm=200,__perm_post_n=50,__perm_pre_n=500,__perm_rng_seed=0,__perm_stat=delta_fused_score,divergence=0.3,error_rate=0.5,teacher_entropy=0.2", "confirm_window": 3, "confirm_cooldown": 0, "adaptive_cooldown_enabled": 0, "adaptive_window": 10000, "adaptive_lower_per10k": 10.0, "adaptive_upper_per10k": 25.0, "adaptive_cooldown_low": 200, "adaptive_cooldown_high": 500, "severity_scheduler_scale": 1.0, "use_severity_v2": 0, "severity_gate": "none", "severity_gate_min_streak": 1, "entropy_mode": "overconfident", "severity_decay": 0.95, "freeze_baseline_steps": 0, "n_steps": 800, "horizon": 10000, "acc_final": 0.9283, "mean_acc": 0.8651783807504475, "acc_min": 0.5625, "candidate_sample_idxs": [319, 639, 959, 1279, 1599, 1983, 2303, 2623, 3135, 3455, 3775, 4095, 4415, 4735, 5055, 5503, 5823, 6143, 6911, 8191, 8511, 8895, 9407, 9727], "confirmed_sample_idxs": [703, 959, 1279, 1983, 2303, 3135, 3455, 3775, 4927, 5503, 6143, 6911, 8191, 8511, 8895, 9407], "acc_series": [[63, 0.5625], [127, 0.6015625], [191, 0.6666666666666666], [255, 0.6640625], [319, 0.703125], [383, 0.7291666666666666], [447, 0.7410714285714286], [511, 0.751953125], [575, 0.734375], [639, 0.728125], [703, 0.7159090909090909], [767, 0.7096354166666666], [831, 0.7127403846153846], [895, 0.7176339285714286], [959, 0.721875], [1023, 0.72265625], [1087, 0.7334558823529411], [1151, 0.7465277777777778], [1215, 0.7557565789473685], [1279, 0.7609375], [1343, 0.765625], [1407, 0.7698863636363636], [1471, 0.7771739130434783], [1535, 0.7825520833333334], [1599, 0.790625], [1663, 0.7974759615384616], [1727, 0.8032407407407407], [1791, 0.80859375], [1855, 0.8130387931034483], [1919, 0.8161458333333333], [1983, 0.8180443548387096], [2047, 0.82177734375], [2111, 0.8257575757575758], [2175, 0.8285845588235294], [2239, 0.83125], [2303, 0.8342013888888888], [2367, 0.8369932432432432], [2431, 0.8392269736842105], [2495, 0.8405448717948718], [2559, 0.843359375], [2623, 0.8456554878048781], [2687, 0.8467261904761905], [2751, 0.8495639534883721], [2815, 0.8512073863636364], [2879, 0.8541666666666666], [2943, 0.8549592391304348], [3007, 0.8570478723404256], [3071, 0.8583984375], [3135, 0.8596938775510204], [3199, 0.861875], [3263, 0.8639705882352942], [3327, 0.8659855769230769], [3391, 0.8682193396226415], [3455, 0.8692129629629629], [3519, 0.8710227272727272], [3583, 0.87109375], [3647, 0.8714364035087719], [3711, 0.8725754310344828], [3775, 0.8739406779661016], [3839, 0.87578125], [3903, 0.8765368852459017], [3967, 0.8775201612903226], [4031, 0.8787202380952381], [4095, 0.880126953125], [4159, 0.8810096153846154], [4223, 0.8823390151515151], [4287, 0.8836287313432836], [4351, 0.8844209558823529], [4415, 0.8854166666666666], [4479, 0.8866071428571428], [4543, 0.8873239436619719], [4607, 0.8884548611111112], [4671, 0.8884845890410958], [4735, 0.8897804054054054], [4799, 0.890625], [4863, 0.8914473684210527], [4927, 0.8916396103896104], [4991, 0.8928285256410257], [5055, 0.8935917721518988], [5119, 0.8939453125], [5183, 0.8946759259259259], [5247, 0.895579268292683], [5311, 0.896460843373494], [5375, 0.8971354166666666], [5439, 0.8977941176470589], [5503, 0.8982558139534884], [5567, 0.8988864942528736], [5631, 0.8995028409090909], [5695, 0.9004564606741573], [5759, 0.9010416666666666], [5823, 0.9017857142857143], [5887, 0.90234375], [5951, 0.9028897849462365], [6015, 0.9037566489361702], [6079, 0.9042763157894737], [6143, 0.90478515625], [6207, 0.9051224226804123], [6271, 0.9057716836734694], [6335, 0.9059343434343434], [6399, 0.90671875], [6463, 0.9070235148514851], [6527, 0.9071691176470589], [6591, 0.9080703883495146], [6655, 0.908203125], [6719, 0.9089285714285714], [6783, 0.9096403301886793], [6847, 0.9104848130841121], [6911, 0.9105902777777778], [6975, 0.9111238532110092], [7039, 0.9113636363636364], [7103, 0.9118806306306306], [7167, 0.9125279017857143], [7231, 0.9131637168141593], [7295, 0.9136513157894737], [7359, 0.9138586956521739], [7423, 0.9143318965517241], [7487, 0.9147970085470085], [7551, 0.9153866525423728], [7615, 0.9159663865546218], [7679, 0.9166666666666666], [7743, 0.9173553719008265], [7807, 0.9177766393442623], [7871, 0.9180640243902439], [7935, 0.9185987903225806], [7999, 0.919], [8063, 0.9196428571428571], [8127, 0.9201525590551181], [8191, 0.9205322265625], [8255, 0.920906007751938], [8319, 0.9212740384615384], [8383, 0.921875], [8447, 0.9222301136363636], [8511, 0.9224624060150376], [8575, 0.9230410447761194], [8639, 0.9236111111111112], [8703, 0.923828125], [8767, 0.9239279197080292], [8831, 0.9244791666666666], [8895, 0.9244604316546763], [8959, 0.9246651785714286], [9023, 0.9251994680851063], [9087, 0.9251760563380281], [9151, 0.9254807692307693], [9215, 0.9256727430555556], [9279, 0.9258620689655173], [9343, 0.9262628424657534], [9407, 0.9265518707482994], [9471, 0.9270481418918919], [9535, 0.9271182885906041], [9599, 0.9271875], [9663, 0.9272557947019867], [9727, 0.9275287828947368], [9791, 0.9274918300653595], [9855, 0.9278612012987013], [9919, 0.928125], [9983, 0.9281850961538461], [9999, 0.9283]], "candidate_count_total": 23, "confirmed_count_total": 16, "created_at": 1768146729.7029529, "confirm_rule_effective": "perm_test", "last_perm_pvalue": 1.0, "last_perm_effect": -0.003683351694778644, "perm_test_count_total": 44, "perm_accept_count_total": 16, "perm_reject_count_total": 28, "perm_alpha": 0.01, "perm_pvalue_p50": 1.0, "perm_pvalue_p90": 1.0, "perm_pvalue_p99": 1.0, "perm_pvalue_le_alpha_ratio": 0.36363636363636365, "perm_effect_p50": -0.004355980634809309, "perm_effect_p90": 0.07217317441719608, "perm_effect_p99": 0.09125361509058147}