{"dataset_name": "INSECTS_abrupt_balanced", "dataset_type": "insects_real", "model_variant": "ts_drift_adapt", "seed": 2, "monitor_preset": "error_divergence_ph_meta", "trigger_mode": "two_stage", "trigger_k": 2, "trigger_threshold": 0.3, "trigger_weights": "divergence=0.3,error_rate=0.5,teacher_entropy=0.2", "confirm_window": 1, "severity_scheduler_scale": 1.0, "use_severity_v2": 0, "severity_gate": "none", "severity_gate_min_streak": 1, "entropy_mode": "overconfident", "severity_decay": 0.95, "freeze_baseline_steps": 0, "n_steps": 1200, "horizon": 52847, "acc_final": 0.18771169602815677, "mean_acc": 0.1929867509215135, "acc_min": 0.16155133928571427, "candidate_sample_idxs": [6399, 12799, 19199, 25599, 31999, 38399, 44799, 51199], "confirmed_sample_idxs": [6399, 12799, 19199, 25599, 31999, 38399, 44799, 51199], "acc_series": [[255, 0.1875], [511, 0.189453125], [767, 0.19270833333333334], [1023, 0.1884765625], [1279, 0.18984375], [1535, 0.19140625], [1791, 0.19419642857142858], [2047, 0.1923828125], [2303, 0.2013888888888889], [2559, 0.201171875], [2815, 0.19957386363636365], [3071, 0.19791666666666666], [3327, 0.2013221153846154], [3583, 0.19893973214285715], [3839, 0.20104166666666667], [4095, 0.201904296875], [4351, 0.1996783088235294], [4607, 0.20030381944444445], [4863, 0.19921875], [5119, 0.2009765625], [5375, 0.20089285714285715], [5631, 0.20188210227272727], [5887, 0.20210597826086957], [6143, 0.20393880208333334], [6399, 0.205], [6655, 0.2029747596153846], [6911, 0.2019675925925926], [7167, 0.20326450892857142], [7423, 0.20541487068965517], [7679, 0.2046875], [7935, 0.20362903225806453], [8191, 0.2041015625], [8447, 0.20454545454545456], [8703, 0.20542279411764705], [8959, 0.20680803571428572], [9215, 0.20811631944444445], [9471, 0.20745354729729729], [9727, 0.20764802631578946], [9983, 0.20973557692307693], [10239, 0.21044921875], [10495, 0.21179496951219512], [10751, 0.21354166666666666], [11007, 0.21402616279069767], [11263, 0.2137784090909091], [11519, 0.2144097222222222], [11775, 0.2151834239130435], [12031, 0.21625664893617022], [12287, 0.216796875], [12543, 0.2177136479591837], [12799, 0.214921875], [13055, 0.21070772058823528], [13311, 0.20665564903846154], [13567, 0.20275648584905662], [13823, 0.1990017361111111], [14079, 0.19538352272727272], [14335, 0.19217354910714285], [14591, 0.19257127192982457], [14847, 0.1908001077586207], [15103, 0.1879634533898305], [15359, 0.18502604166666667], [15615, 0.18199282786885246], [15871, 0.1791204637096774], [16127, 0.17640128968253968], [16383, 0.17364501953125], [16639, 0.17103365384615385], [16895, 0.16861979166666666], [17151, 0.16616138059701493], [17407, 0.16389016544117646], [17663, 0.1615715579710145], [17919, 0.16155133928571427], [18175, 0.16505281690140844], [18431, 0.16666666666666666], [18687, 0.16898544520547945], [18943, 0.17071368243243243], [19199, 0.17276041666666667], [19455, 0.1757298519736842], [19711, 0.17725243506493507], [19967, 0.1773838141025641], [20223, 0.1776107594936709], [20479, 0.178125], [20735, 0.1783371913580247], [20991, 0.17840129573170732], [21247, 0.17836972891566266], [21503, 0.17838541666666666], [21759, 0.17849264705882353], [22015, 0.17855196220930233], [22271, 0.1788793103448276], [22527, 0.17893288352272727], [22783, 0.1796436095505618], [23039, 0.18064236111111112], [23295, 0.18114697802197802], [23551, 0.18321161684782608], [23807, 0.1852318548387097], [24063, 0.18650265957446807], [24319, 0.18754111842105264], [24575, 0.18831380208333334], [24831, 0.18919136597938144], [25087, 0.18989158163265307], [25343, 0.19120896464646464], [25599, 0.192109375], [25855, 0.19314665841584158], [26111, 0.19412530637254902], [26367, 0.1952366504854369], [26623, 0.19617638221153846], [26879, 0.1972842261904762], [27135, 0.19815005896226415], [27391, 0.19889018691588786], [27647, 0.2003761574074074], [27903, 0.20122563073394495], [28159, 0.19992897727272727], [28415, 0.19833896396396397], [28671, 0.19709123883928573], [28927, 0.19586559734513273], [29183, 0.19469572368421054], [29439, 0.19361413043478262], [29695, 0.19268588362068967], [29951, 0.19150641025641027], [30207, 0.19044623940677965], [30463, 0.18963366596638656], [30719, 0.188671875], [30975, 0.1879196797520661], [31231, 0.18714779713114754], [31487, 0.18657901422764228], [31743, 0.18627142137096775], [31999, 0.186625], [32255, 0.18700396825396826], [32511, 0.18842273622047245], [32767, 0.189727783203125], [33023, 0.19086119186046513], [33279, 0.19077524038461538], [33535, 0.19078005725190839], [33791, 0.19111032196969696], [34047, 0.19114191729323307], [34303, 0.1912021921641791], [34559, 0.19131944444444443], [34815, 0.19109030330882354], [35071, 0.19103558394160583], [35327, 0.19064198369565216], [35583, 0.1907036870503597], [35839, 0.19065290178571428], [36095, 0.1906859485815603], [36351, 0.19069102112676056], [36607, 0.19088723776223776], [36863, 0.1911349826388889], [37119, 0.19084051724137932], [37375, 0.1910049229452055], [37631, 0.19108737244897958], [37887, 0.19137985641891891], [38143, 0.19151111577181207], [38399, 0.190234375], [38655, 0.18897454470198677], [38911, 0.18868215460526316], [39167, 0.1887765522875817], [39423, 0.18902191558441558], [39679, 0.1892641129032258], [39935, 0.1898036858974359], [40191, 0.19018710191082802], [40447, 0.19046677215189872], [40703, 0.19089033018867924], [40959, 0.1910400390625], [41215, 0.19160034937888198], [41471, 0.19210551697530864], [41727, 0.19231690950920247], [41983, 0.19252572408536586], [42239, 0.19282670454545456], [42495, 0.19361822289156627], [42751, 0.19390905688622753], [43007, 0.1944521949404762], [43263, 0.1953125], [43519, 0.19609375], [43775, 0.19675164473684212], [44031, 0.1978561046511628], [44287, 0.1983833092485549], [44543, 0.19888200431034483], [44799, 0.19948660714285715], [45055, 0.20039506392045456], [45311, 0.2010063559322034], [45567, 0.20172050561797752], [45823, 0.20236120810055866], [46079, 0.20336371527777777], [46335, 0.2043335635359116], [46591, 0.20514251373626374], [46847, 0.20513148907103826], [47103, 0.20401664402173914], [47359, 0.20291385135135134], [47615, 0.20182291666666666], [47871, 0.20074364973262032], [48127, 0.19967586436170212], [48383, 0.1986193783068783], [48639, 0.19757401315789475], [48895, 0.1965395942408377], [49151, 0.19553629557291666], [49407, 0.19454339378238342], [49663, 0.19354059278350516], [49919, 0.19266826923076924], [50175, 0.19194435586734693], [50431, 0.1911881345177665], [50687, 0.19059738005050506], [50943, 0.19014996859296482], [51199, 0.18958984375], [51455, 0.18936567164179105], [51711, 0.1895884900990099], [51967, 0.19044411945812809], [52223, 0.18995098039215685], [52479, 0.18902439024390244], [52735, 0.18810679611650485], [52846, 0.18771169602815677]], "candidate_count_total": 8, "confirmed_count_total": 8, "created_at": 1767803783.2238183}