{"dataset_name": "sine_nodrift", "dataset_type": "sine", "model_variant": "ts_drift_adapt", "seed": 3, "monitor_preset": "error_divergence_ph_meta@error.threshold=0.10,error.min_instances=5", "monitor_preset_base": "error_divergence_ph_meta", "monitor_ph_params": {"error_rate": {"delta": 0.005, "alpha": 0.15, "threshold": 0.1, "min_instances": 5}, "divergence": {"delta": 0.005, "alpha": 0.1, "threshold": 0.05, "min_instances": 30}}, "monitor_ph_overrides": {"error_rate": {"threshold": 0.1, "min_instances": 5}}, "trigger_mode": "two_stage", "trigger_k": 2, "trigger_threshold": 0.5, "trigger_weights": "__confirm_cooldown=200,__confirm_rule=perm_test,__perm_alpha=0.01,__perm_min_effect=0,__perm_n_perm=200,__perm_post_n=30,__perm_pre_n=500,__perm_rng_seed=0,__perm_stat=fused_score,divergence=0.3,error_rate=0.5,teacher_entropy=0.2", "confirm_window": 3, "confirm_cooldown": 0, "adaptive_cooldown_enabled": 0, "adaptive_window": 10000, "adaptive_lower_per10k": 10.0, "adaptive_upper_per10k": 25.0, "adaptive_cooldown_low": 200, "adaptive_cooldown_high": 500, "severity_scheduler_scale": 1.0, "use_severity_v2": 0, "severity_gate": "none", "severity_gate_min_streak": 1, "entropy_mode": "overconfident", "severity_decay": 0.95, "freeze_baseline_steps": 0, "n_steps": 800, "horizon": 10000, "acc_final": 0.93, "mean_acc": 0.8598156797604737, "acc_min": 0.484375, "candidate_sample_idxs": [319, 639, 959, 1343, 1663, 1983, 2431, 2751, 3135, 3455, 3775, 4351, 4671, 4991, 5759, 6335, 8063, 8639], "confirmed_sample_idxs": [703, 1023, 1343, 1983, 2431, 3135, 3647, 4351, 4671, 5759, 6335, 8063, 8639], "acc_series": [[63, 0.484375], [127, 0.5390625], [191, 0.625], [255, 0.63671875], [319, 0.6625], [383, 0.6927083333333334], [447, 0.7120535714285714], [511, 0.720703125], [575, 0.7118055555555556], [639, 0.7125], [703, 0.7073863636363636], [767, 0.703125], [831, 0.7079326923076923], [895, 0.7154017857142857], [959, 0.7208333333333333], [1023, 0.7236328125], [1087, 0.7297794117647058], [1151, 0.7387152777777778], [1215, 0.7475328947368421], [1279, 0.753125], [1343, 0.7589285714285714], [1407, 0.7634943181818182], [1471, 0.7710597826086957], [1535, 0.7766927083333334], [1599, 0.784375], [1663, 0.7896634615384616], [1727, 0.7910879629629629], [1791, 0.796875], [1855, 0.8001077586206896], [1919, 0.8015625], [1983, 0.8054435483870968], [2047, 0.810546875], [2111, 0.8153409090909091], [2175, 0.8193933823529411], [2239, 0.8236607142857143], [2303, 0.8276909722222222], [2367, 0.8302364864864865], [2431, 0.8330592105263158], [2495, 0.8337339743589743], [2559, 0.83671875], [2623, 0.8380335365853658], [2687, 0.8400297619047619], [2751, 0.842296511627907], [2815, 0.8441051136363636], [2879, 0.8472222222222222], [2943, 0.8471467391304348], [3007, 0.8500664893617021], [3071, 0.8515625], [3135, 0.8542729591836735], [3199, 0.8565625], [3263, 0.8581495098039216], [3327, 0.8599759615384616], [3391, 0.8617334905660378], [3455, 0.8640046296296297], [3519, 0.865625], [3583, 0.8666294642857143], [3647, 0.8675986842105263], [3711, 0.8688038793103449], [3775, 0.8704978813559322], [3839, 0.871875], [3903, 0.8726946721311475], [3967, 0.8742439516129032], [4031, 0.8754960317460317], [4095, 0.876220703125], [4159, 0.8766826923076924], [4223, 0.8776041666666666], [4287, 0.8784981343283582], [4351, 0.8795955882352942], [4415, 0.8804347826086957], [4479, 0.8814732142857142], [4543, 0.8824823943661971], [4607, 0.8838975694444444], [4671, 0.8835616438356164], [4735, 0.8849239864864865], [4799, 0.88625], [4863, 0.8861019736842105], [4927, 0.8867694805194806], [4991, 0.8880208333333334], [5055, 0.8890427215189873], [5119, 0.890234375], [5183, 0.8912037037037037], [5247, 0.8917682926829268], [5311, 0.8928840361445783], [5375, 0.8941592261904762], [5439, 0.8952205882352942], [5503, 0.8958938953488372], [5567, 0.896551724137931], [5631, 0.8970170454545454], [5695, 0.897998595505618], [5759, 0.8986111111111111], [5823, 0.8997252747252747], [5887, 0.9001358695652174], [5951, 0.9008736559139785], [6015, 0.9017619680851063], [6079, 0.9024671052631579], [6143, 0.9031575520833334], [6207, 0.9035115979381443], [6271, 0.9044961734693877], [6335, 0.905145202020202], [6399, 0.90546875], [6463, 0.9057858910891089], [6527, 0.9059436274509803], [6591, 0.9065533980582524], [6655, 0.9073016826923077], [6719, 0.9081845238095239], [6783, 0.9087558962264151], [6847, 0.9094626168224299], [6911, 0.9100115740740741], [6975, 0.9105504587155964], [7039, 0.9110795454545455], [7103, 0.9115990990990991], [7167, 0.9123883928571429], [7231, 0.9130254424778761], [7295, 0.9132401315789473], [7359, 0.9137228260869565], [7423, 0.9143318965517241], [7487, 0.9149305555555556], [7551, 0.9156514830508474], [7615, 0.9160976890756303], [7679, 0.916796875], [7743, 0.9172262396694215], [7807, 0.9176485655737705], [7871, 0.9183180894308943], [7935, 0.9188508064516129], [7999, 0.91925], [8063, 0.9196428571428571], [8127, 0.9202755905511811], [8191, 0.9207763671875], [8255, 0.9210271317829457], [8319, 0.9216346153846153], [8383, 0.9219942748091603], [8447, 0.9224668560606061], [8511, 0.9226973684210527], [8575, 0.9232742537313433], [8639, 0.9237268518518519], [8703, 0.9240579044117647], [8767, 0.9246122262773723], [8831, 0.9251585144927537], [8895, 0.9254721223021583], [8959, 0.92578125], [9023, 0.9261968085106383], [9087, 0.9263864436619719], [9151, 0.9264641608391608], [9215, 0.9265407986111112], [9279, 0.9269396551724138], [9343, 0.9274400684931506], [9407, 0.9278273809523809], [9471, 0.9282094594594594], [9535, 0.928481543624161], [9599, 0.9282291666666667], [9663, 0.9286009933774835], [9727, 0.9288651315789473], [9791, 0.9292279411764706], [9855, 0.929484577922078], [9919, 0.9298387096774193], [9983, 0.9299879807692307], [9999, 0.93]], "candidate_count_total": 17, "confirmed_count_total": 13, "created_at": 1768149487.0252948, "confirm_rule_effective": "perm_test", "last_perm_pvalue": 0.004975124378109453, "last_perm_effect": 0.07194329954129867, "perm_test_count_total": 30, "perm_accept_count_total": 13, "perm_reject_count_total": 17, "perm_alpha": 0.01, "perm_pvalue_p50": 1.0, "perm_pvalue_p90": 1.0, "perm_pvalue_p99": 1.0, "perm_pvalue_le_alpha_ratio": 0.43333333333333335, "perm_effect_p50": -0.005844082473932759, "perm_effect_p90": 0.09472693028551842, "perm_effect_p99": 0.18395253305767587}