{"dataset_name": "INSECTS_abrupt_balanced", "dataset_type": "insects_real", "model_variant": "ts_drift_adapt_severity", "seed": 17, "monitor_preset": "error_divergence_ph_meta@error.threshold=0.05,error.min_instances=5", "monitor_preset_base": "error_divergence_ph_meta", "monitor_ph_params": {"error_rate": {"delta": 0.005, "alpha": 0.15, "threshold": 0.05, "min_instances": 5}, "divergence": {"delta": 0.005, "alpha": 0.1, "threshold": 0.05, "min_instances": 30}}, "monitor_ph_overrides": {"error_rate": {"threshold": 0.05, "min_instances": 5}}, "trigger_mode": "two_stage", "trigger_k": 2, "trigger_threshold": 0.5, "trigger_weights": "confirm_cooldown=200,divergence=0.3,error_rate=0.5,teacher_entropy=0.2", "confirm_window": 1, "confirm_cooldown": 0, "adaptive_cooldown_enabled": 0, "adaptive_window": 10000, "adaptive_lower_per10k": 10.0, "adaptive_upper_per10k": 25.0, "adaptive_cooldown_low": 200, "adaptive_cooldown_high": 500, "severity_scheduler_scale": 2.0, "use_severity_v2": 1, "severity_gate": "none", "severity_gate_min_streak": 1, "entropy_mode": "uncertain", "severity_decay": 0.95, "freeze_baseline_steps": 5, "n_steps": 1200, "horizon": 52847, "acc_final": 0.19569701212935456, "mean_acc": 0.18534591220917238, "acc_min": 0.1593116554054054, "candidate_sample_idxs": [1279, 2559, 3839, 5119, 6399, 7679, 8959, 10239, 11519, 12799, 14591, 15871, 17151, 18431, 19711, 20991, 22271, 23551, 24831, 26111, 27391, 28671, 29951, 31231, 32511, 33791, 35071, 36351, 37631, 38911, 40191, 41471, 42751, 44031, 45311, 46591, 48383, 49663, 50943, 52223], "confirmed_sample_idxs": [1279, 2559, 3839, 5119, 6399, 7679, 8959, 10239, 11519, 12799, 14591, 15871, 17151, 18431, 19711, 20991, 22271, 23551, 24831, 26111, 27391, 28671, 29951, 31231, 32511, 33791, 35071, 36351, 37631, 38911, 40191, 41471, 42751, 44031, 45311, 46591, 48383, 49663, 50943, 52223], "acc_series": [[255, 0.171875], [511, 0.16796875], [767, 0.17578125], [1023, 0.1796875], [1279, 0.18046875], [1535, 0.18815104166666666], [1791, 0.18136160714285715], [2047, 0.1806640625], [2303, 0.18055555555555555], [2559, 0.180859375], [2815, 0.18394886363636365], [3071, 0.18391927083333334], [3327, 0.18419471153846154], [3583, 0.18387276785714285], [3839, 0.18515625], [4095, 0.185791015625], [4351, 0.18658088235294118], [4607, 0.1875], [4863, 0.18935032894736842], [5119, 0.1873046875], [5375, 0.18917410714285715], [5631, 0.19087357954545456], [5887, 0.19157608695652173], [6143, 0.19401041666666666], [6399, 0.1953125], [6655, 0.19681490384615385], [6911, 0.19719328703703703], [7167, 0.19921875], [7423, 0.20110452586206898], [7679, 0.20078125], [7935, 0.20035282258064516], [8191, 0.2010498046875], [8447, 0.20134943181818182], [8703, 0.20186121323529413], [8959, 0.203125], [9215, 0.2038845486111111], [9471, 0.20418074324324326], [9727, 0.20384457236842105], [9983, 0.2036258012820513], [10239, 0.20498046875], [10495, 0.20569740853658536], [10751, 0.20684523809523808], [11007, 0.20739462209302326], [11263, 0.20845170454545456], [11519, 0.20850694444444445], [11775, 0.20822010869565216], [12031, 0.2076130319148936], [12287, 0.20711263020833334], [12543, 0.2069515306122449], [12799, 0.203984375], [13055, 0.19998468137254902], [13311, 0.1961388221153846], [13567, 0.1924380896226415], [13823, 0.1888744212962963], [14079, 0.18544034090909092], [14335, 0.18212890625], [14591, 0.18297697368421054], [14847, 0.18285290948275862], [15103, 0.1818061440677966], [15359, 0.17994791666666668], [15615, 0.17744620901639344], [15871, 0.17483618951612903], [16127, 0.17249503968253968], [16383, 0.1700439453125], [16639, 0.16766826923076922], [16895, 0.16554214015151514], [17151, 0.16365438432835822], [17407, 0.16193704044117646], [17663, 0.16151494565217392], [17919, 0.16188616071428572], [18175, 0.1618067781690141], [18431, 0.1609157986111111], [18687, 0.1597281678082192], [18943, 0.1593116554054054], [19199, 0.15994791666666666], [19455, 0.16144120065789475], [19711, 0.162794237012987], [19967, 0.16316105769230768], [20223, 0.16356803797468356], [20479, 0.16416015625], [20735, 0.16468942901234568], [20991, 0.16491996951219512], [21247, 0.16556852409638553], [21503, 0.16596912202380953], [21759, 0.1661764705882353], [22015, 0.16651526162790697], [22271, 0.16711566091954022], [22527, 0.1673916903409091], [22783, 0.16845154494382023], [23039, 0.16927083333333334], [23295, 0.16985748626373626], [23551, 0.17162024456521738], [23807, 0.1733450940860215], [24063, 0.17511635638297873], [24319, 0.17602796052631578], [24575, 0.17679850260416666], [24831, 0.17787532216494845], [25087, 0.17885044642857142], [25343, 0.1801215277777778], [25599, 0.181171875], [25855, 0.18227877475247525], [26111, 0.18321078431372548], [26367, 0.1841626213592233], [26623, 0.1849083533653846], [26879, 0.18597470238095237], [27135, 0.18672612028301888], [27391, 0.18775554906542055], [27647, 0.1890190972222222], [27903, 0.19040280963302753], [28159, 0.1890625], [28415, 0.18739442567567569], [28671, 0.185791015625], [28927, 0.18425055309734514], [29183, 0.18277138157894737], [29439, 0.1813179347826087], [29695, 0.18019261853448276], [29951, 0.17908653846153846], [30207, 0.1781647245762712], [30463, 0.17725840336134455], [30719, 0.17623697916666667], [30975, 0.1755229855371901], [31231, 0.1745965676229508], [31487, 0.17371697154471544], [31743, 0.17367061491935484], [31999, 0.174], [32255, 0.17571924603174602], [32511, 0.17747293307086615], [32767, 0.17926025390625], [33023, 0.18123183139534885], [33279, 0.18161057692307692], [33535, 0.18138716603053434], [33791, 0.1816702178030303], [34047, 0.18194901315789475], [34303, 0.18196128731343283], [34559, 0.1816550925925926], [34815, 0.18132467830882354], [35071, 0.18105611313868614], [35327, 0.1813009510869565], [35583, 0.18171088129496402], [35839, 0.18194754464285715], [36095, 0.18204233156028368], [36351, 0.18241087147887325], [36607, 0.18241914335664336], [36863, 0.18275282118055555], [37119, 0.1828125], [37375, 0.18284460616438356], [37631, 0.18274340986394558], [37887, 0.18285472972972974], [38143, 0.18275482382550334], [38399, 0.18153645833333334], [38655, 0.18033423013245034], [38911, 0.18027857730263158], [39167, 0.18063214869281047], [39423, 0.18093039772727273], [39679, 0.18125], [39935, 0.18194110576923078], [40191, 0.18222531847133758], [40447, 0.18277788765822786], [40703, 0.18339720911949686], [40959, 0.184228515625], [41215, 0.18470982142857142], [41471, 0.1857156635802469], [41727, 0.18632572852760737], [41983, 0.18685689786585366], [42239, 0.18806818181818183], [42495, 0.1890530873493976], [42751, 0.19000280688622753], [43007, 0.19087146577380953], [43263, 0.19168361686390534], [43519, 0.19276194852941175], [43775, 0.19371345029239767], [44031, 0.1949264171511628], [44287, 0.1954705563583815], [44543, 0.19607579022988506], [44799, 0.19698660714285715], [45055, 0.1979092684659091], [45311, 0.1985787429378531], [45567, 0.19952598314606743], [45823, 0.20044081703910616], [46079, 0.20151909722222222], [46335, 0.2024775552486188], [46591, 0.20340401785714285], [46847, 0.20355191256830601], [47103, 0.20244565217391305], [47359, 0.20135135135135135], [47615, 0.20026881720430106], [47871, 0.19919786096256684], [48127, 0.1981382978723404], [48383, 0.1970899470899471], [48639, 0.19605263157894737], [48895, 0.1950261780104712], [49151, 0.194091796875], [49407, 0.19314685880829016], [49663, 0.19227206829896906], [49919, 0.19150641025641027], [50175, 0.1910674426020408], [50431, 0.19120796319796954], [50687, 0.19209674873737373], [50943, 0.19327104271356785], [51199, 0.1943359375], [51455, 0.19558457711442787], [51711, 0.19711092202970298], [51967, 0.19852601600985223], [52223, 0.19803155637254902], [52479, 0.1970655487804878], [52735, 0.19610891990291263], [52846, 0.19569701212935456]], "candidate_count_total": 40, "confirmed_count_total": 40, "created_at": 1767890121.2131147}