{"dataset_name": "sine_nodrift", "dataset_type": "sine", "model_variant": "ts_drift_adapt", "seed": 4, "monitor_preset": "error_divergence_ph_meta@error.threshold=0.10,error.min_instances=5", "monitor_preset_base": "error_divergence_ph_meta", "monitor_ph_params": {"error_rate": {"delta": 0.005, "alpha": 0.15, "threshold": 0.1, "min_instances": 5}, "divergence": {"delta": 0.005, "alpha": 0.1, "threshold": 0.05, "min_instances": 30}}, "monitor_ph_overrides": {"error_rate": {"threshold": 0.1, "min_instances": 5}}, "trigger_mode": "two_stage", "trigger_k": 2, "trigger_threshold": 0.5, "trigger_weights": "__confirm_cooldown=200,__confirm_rule=perm_test,__perm_alpha=0.05,__perm_min_effect=0,__perm_n_perm=200,__perm_post_n=30,__perm_pre_n=200,__perm_rng_seed=0,__perm_stat=fused_score,divergence=0.3,error_rate=0.5,teacher_entropy=0.2", "confirm_window": 3, "confirm_cooldown": 0, "adaptive_cooldown_enabled": 0, "adaptive_window": 10000, "adaptive_lower_per10k": 10.0, "adaptive_upper_per10k": 25.0, "adaptive_cooldown_low": 200, "adaptive_cooldown_high": 500, "severity_scheduler_scale": 1.0, "use_severity_v2": 0, "severity_gate": "none", "severity_gate_min_streak": 1, "entropy_mode": "overconfident", "severity_decay": 0.95, "freeze_baseline_steps": 0, "n_steps": 800, "horizon": 10000, "acc_final": 0.8784, "mean_acc": 0.7817030547129817, "acc_min": 0.5208333333333334, "candidate_sample_idxs": [319, 639, 959, 1279, 1599, 1919, 2239, 2559, 2879, 3199, 3519, 3839, 4159, 4543, 4863, 5247, 5567, 6015, 6463, 7039, 7359, 7679, 7999, 8319, 8639, 9023, 9535], "confirmed_sample_idxs": [703, 1279, 1663, 1919, 2623, 2879, 3263, 3647, 4543, 4927, 5247, 6015, 6463, 7039, 7679, 7999, 8511, 9023, 9535], "acc_series": [[63, 0.53125], [127, 0.5546875], [191, 0.546875], [255, 0.53125], [319, 0.528125], [383, 0.5208333333333334], [447, 0.5290178571428571], [511, 0.552734375], [575, 0.5607638888888888], [639, 0.575], [703, 0.5838068181818182], [767, 0.59375], [831, 0.6057692307692307], [895, 0.6116071428571429], [959, 0.6270833333333333], [1023, 0.6357421875], [1087, 0.6415441176470589], [1151, 0.6458333333333334], [1215, 0.6430921052631579], [1279, 0.64140625], [1343, 0.6354166666666666], [1407, 0.6420454545454546], [1471, 0.6480978260869565], [1535, 0.65625], [1599, 0.65875], [1663, 0.6670673076923077], [1727, 0.6747685185185185], [1791, 0.6813616071428571], [1855, 0.6880387931034483], [1919, 0.6901041666666666], [1983, 0.6945564516129032], [2047, 0.69873046875], [2111, 0.703125], [2175, 0.7095588235294118], [2239, 0.7147321428571428], [2303, 0.7174479166666666], [2367, 0.71875], [2431, 0.7232730263157895], [2495, 0.7275641025641025], [2559, 0.729296875], [2623, 0.7320884146341463], [2687, 0.7354910714285714], [2751, 0.7390988372093024], [2815, 0.7428977272727273], [2879, 0.746875], [2943, 0.75], [3007, 0.7529920212765957], [3071, 0.7571614583333334], [3135, 0.7592474489795918], [3199, 0.761875], [3263, 0.7650122549019608], [3327, 0.7674278846153846], [3391, 0.7685731132075472], [3455, 0.7711226851851852], [3519, 0.7741477272727273], [3583, 0.7765066964285714], [3647, 0.7787828947368421], [3711, 0.7807112068965517], [3775, 0.7828389830508474], [3839, 0.7848958333333333], [3903, 0.7873975409836066], [3967, 0.7895665322580645], [4031, 0.7916666666666666], [4095, 0.793701171875], [4159, 0.7966346153846153], [4223, 0.798532196969697], [4287, 0.800606343283582], [4351, 0.8019301470588235], [4415, 0.8038949275362319], [4479, 0.8060267857142858], [4543, 0.8065580985915493], [4607, 0.8079427083333334], [4671, 0.8092893835616438], [4735, 0.8114442567567568], [4799, 0.8122916666666666], [4863, 0.8135279605263158], [4927, 0.815137987012987], [4991, 0.8165064102564102], [5055, 0.8180379746835443], [5119, 0.819921875], [5183, 0.8209876543209876], [5247, 0.8216463414634146], [5311, 0.823230421686747], [5375, 0.8245907738095238], [5439, 0.8255514705882353], [5503, 0.8268531976744186], [5567, 0.8284841954022989], [5631, 0.830078125], [5695, 0.8309339887640449], [5759, 0.8322916666666667], [5823, 0.8336195054945055], [5887, 0.8350883152173914], [5951, 0.8365255376344086], [6015, 0.8377659574468085], [6079, 0.8391447368421052], [6143, 0.83984375], [6207, 0.8413337628865979], [6271, 0.8427933673469388], [6335, 0.8439078282828283], [6399, 0.84546875], [6463, 0.8457611386138614], [6527, 0.8466605392156863], [6591, 0.8475424757281553], [6655, 0.8485576923076923], [6719, 0.8494047619047619], [6783, 0.8505306603773585], [6847, 0.8516355140186916], [6911, 0.8524305555555556], [6975, 0.8536410550458715], [7039, 0.8536931818181818], [7103, 0.8541666666666666], [7167, 0.8550502232142857], [7231, 0.8557798672566371], [7295, 0.8564967105263158], [7359, 0.8573369565217391], [7423, 0.8580280172413793], [7487, 0.8587072649572649], [7551, 0.8595074152542372], [7615, 0.8605567226890757], [7679, 0.8606770833333334], [7743, 0.8616993801652892], [7807, 0.8623206967213115], [7871, 0.8631859756097561], [7935, 0.8639112903225806], [7999, 0.864625], [8063, 0.8653273809523809], [8127, 0.8655265748031497], [8191, 0.865966796875], [8255, 0.8664001937984496], [8319, 0.8670673076923077], [8383, 0.8677242366412213], [8447, 0.8678977272727273], [8511, 0.868421052631579], [8575, 0.8687033582089553], [8639, 0.8689814814814815], [8703, 0.8692555147058824], [8767, 0.8697536496350365], [8831, 0.8702445652173914], [8895, 0.8707284172661871], [8959, 0.8713169642857143], [9023, 0.8716755319148937], [9087, 0.8721390845070423], [9151, 0.8725961538461539], [9215, 0.8732638888888888], [9279, 0.8739224137931034], [9343, 0.8745719178082192], [9407, 0.8751062925170068], [9471, 0.8757390202702703], [9535, 0.8761535234899329], [9599, 0.8765625], [9663, 0.8766556291390728], [9727, 0.876953125], [9791, 0.8772467320261438], [9855, 0.877536525974026], [9919, 0.8778225806451613], [9983, 0.8782051282051282], [9999, 0.8784]], "candidate_count_total": 25, "confirmed_count_total": 19, "created_at": 1768150478.0434191, "confirm_rule_effective": "perm_test", "last_perm_pvalue": 0.004975124378109453, "last_perm_effect": 0.07165182338259041, "perm_test_count_total": 49, "perm_accept_count_total": 19, "perm_reject_count_total": 30, "perm_alpha": 0.05, "perm_pvalue_p50": 1.0, "perm_pvalue_p90": 1.0, "perm_pvalue_p99": 1.0, "perm_pvalue_le_alpha_ratio": 0.3877551020408163, "perm_effect_p50": -0.010154107083029596, "perm_effect_p90": 0.07327740003347798, "perm_effect_p99": 0.11928752689505162}