{"dataset_name": "INSECTS_abrupt_balanced", "dataset_type": "insects_real", "model_variant": "ts_drift_adapt_severity", "seed": 9, "monitor_preset": "error_divergence_ph_meta@error.threshold=0.03,error.min_instances=5", "monitor_preset_base": "error_divergence_ph_meta", "monitor_ph_params": {"error_rate": {"delta": 0.005, "alpha": 0.15, "threshold": 0.03, "min_instances": 5}, "divergence": {"delta": 0.005, "alpha": 0.1, "threshold": 0.05, "min_instances": 30}}, "monitor_ph_overrides": {"error_rate": {"threshold": 0.03, "min_instances": 5}}, "trigger_mode": "two_stage", "trigger_k": 2, "trigger_threshold": 0.5, "trigger_weights": "confirm_cooldown=200,divergence=0.3,error_rate=0.5,teacher_entropy=0.2", "confirm_window": 1, "confirm_cooldown": 0, "adaptive_cooldown_enabled": 0, "adaptive_window": 10000, "adaptive_lower_per10k": 10.0, "adaptive_upper_per10k": 25.0, "adaptive_cooldown_low": 200, "adaptive_cooldown_high": 500, "severity_scheduler_scale": 2.0, "use_severity_v2": 1, "severity_gate": "confirmed_streak", "severity_gate_min_streak": 1, "entropy_mode": "uncertain", "severity_decay": 0.95, "freeze_baseline_steps": 5, "n_steps": 1200, "horizon": 52847, "acc_final": 0.20907525498136129, "mean_acc": 0.19700881700716838, "acc_min": 0.1328125, "candidate_sample_idxs": [1279, 2559, 3839, 5119, 6399, 7679, 8959, 10239, 11519, 12799, 14591, 15871, 17151, 18431, 19711, 20991, 22271, 23551, 24831, 26111, 27391, 28671, 30975, 32255, 33535, 34815, 36095, 37375, 38655, 39935, 41215, 42495, 43775, 45055, 46335, 47615, 49151, 50431, 51711, 52846], "confirmed_sample_idxs": [1279, 2559, 3839, 5119, 6399, 7679, 8959, 10239, 11519, 12799, 14591, 15871, 17151, 18431, 19711, 20991, 22271, 23551, 24831, 26111, 27391, 28671, 30975, 32255, 33535, 34815, 36095, 37375, 38655, 39935, 41215, 42495, 43775, 45055, 46335, 47615, 49151, 50431, 51711, 52846], "acc_series": [[255, 0.1328125], [511, 0.1484375], [767, 0.16276041666666666], [1023, 0.1650390625], [1279, 0.171875], [1535, 0.17513020833333334], [1791, 0.18080357142857142], [2047, 0.18408203125], [2303, 0.18229166666666666], [2559, 0.185546875], [2815, 0.18572443181818182], [3071, 0.1884765625], [3327, 0.18990384615384615], [3583, 0.19140625], [3839, 0.19270833333333334], [4095, 0.192626953125], [4351, 0.19140625], [4607, 0.1918402777777778], [4863, 0.19263980263157895], [5119, 0.1921875], [5375, 0.19382440476190477], [5631, 0.1962002840909091], [5887, 0.19786005434782608], [6143, 0.19873046875], [6399, 0.20109375], [6655, 0.2032752403846154], [6911, 0.20543981481481483], [7167, 0.20535714285714285], [7423, 0.20635775862068967], [7679, 0.20755208333333333], [7935, 0.20703125], [8191, 0.208251953125], [8447, 0.20845170454545456], [8703, 0.2109375], [8959, 0.21116071428571428], [9215, 0.2121310763888889], [9471, 0.2126266891891892], [9727, 0.21206825657894737], [9983, 0.2125400641025641], [10239, 0.21259765625], [10495, 0.21265243902439024], [10751, 0.2125186011904762], [11007, 0.21220930232558138], [11263, 0.2120028409090909], [11519, 0.21189236111111112], [11775, 0.21246603260869565], [12031, 0.2137632978723404], [12287, 0.21435546875], [12543, 0.21564094387755103], [12799, 0.2128125], [13055, 0.20863970588235295], [13311, 0.20462740384615385], [13567, 0.20076650943396226], [13823, 0.1970486111111111], [14079, 0.19346590909090908], [14335, 0.19015066964285715], [14591, 0.19092653508771928], [14847, 0.18958782327586207], [15103, 0.1877648305084746], [15359, 0.18515625], [15615, 0.18250512295081966], [15871, 0.1796875], [16127, 0.17702132936507936], [16383, 0.1744384765625], [16639, 0.171875], [16895, 0.16968513257575757], [17151, 0.16802705223880596], [17407, 0.16630284926470587], [17663, 0.16564764492753623], [17919, 0.16568080357142856], [18175, 0.16653829225352113], [18431, 0.16748046875], [18687, 0.1681827910958904], [18943, 0.1701858108108108], [19199, 0.1715625], [19455, 0.1747532894736842], [19711, 0.1768465909090909], [19967, 0.177734375], [20223, 0.17790743670886075], [20479, 0.178662109375], [20735, 0.17901234567901234], [20991, 0.17944931402439024], [21247, 0.18025225903614459], [21503, 0.18043154761904762], [21759, 0.18120404411764707], [22015, 0.18273074127906977], [22271, 0.1832794540229885], [22527, 0.18523615056818182], [22783, 0.18701720505617977], [23039, 0.18849826388888888], [23295, 0.18921703296703296], [23551, 0.19089673913043478], [23807, 0.1919942876344086], [24063, 0.19315159574468085], [24319, 0.19403782894736843], [24575, 0.19498697916666666], [24831, 0.19611791237113402], [25087, 0.197265625], [25343, 0.19886363636363635], [25599, 0.2003125], [25855, 0.20200340346534654], [26111, 0.20308670343137256], [26367, 0.2040351941747573], [26623, 0.20477764423076922], [26879, 0.20610119047619047], [27135, 0.20710495283018868], [27391, 0.20798043224299065], [27647, 0.20930989583333334], [27903, 0.20993405963302753], [28159, 0.20834517045454545], [28415, 0.20646818693693694], [28671, 0.20462472098214285], [28927, 0.20284845132743362], [29183, 0.2011033442982456], [29439, 0.19935461956521738], [29695, 0.1976360452586207], [29951, 0.19598023504273504], [30207, 0.194385593220339], [30463, 0.19281775210084034], [30719, 0.19150390625], [30975, 0.1912448347107438], [31231, 0.19188652663934427], [31487, 0.19305767276422764], [31743, 0.1944304435483871], [31999, 0.19590625], [32255, 0.1968315972222222], [32511, 0.19823449803149606], [32767, 0.1993408203125], [33023, 0.20049055232558138], [33279, 0.20036057692307693], [33535, 0.20032204198473283], [33791, 0.20060961174242425], [34047, 0.2005404135338346], [34303, 0.20029734141791045], [34559, 0.20046296296296295], [34815, 0.20059742647058823], [35071, 0.20050182481751824], [35327, 0.200294384057971], [35583, 0.20028664568345322], [35839, 0.20036272321428572], [36095, 0.2003269060283688], [36351, 0.20026408450704225], [36607, 0.20063920454545456], [36863, 0.2007107204861111], [37119, 0.20053879310344827], [37375, 0.20036922089041095], [37631, 0.20030824829931973], [37887, 0.20069679054054054], [38143, 0.20071308724832215], [38399, 0.199375], [38655, 0.1980546357615894], [38911, 0.19744551809210525], [39167, 0.19750816993464052], [39423, 0.1973924512987013], [39679, 0.19753024193548388], [39935, 0.1977413862179487], [40191, 0.19775079617834396], [40447, 0.19778481012658228], [40703, 0.19808863993710693], [40959, 0.1987060546875], [41215, 0.19909743788819875], [41471, 0.19994212962962962], [41727, 0.2005607745398773], [41983, 0.20102896341463414], [42239, 0.20191761363636362], [42495, 0.20256024096385541], [42751, 0.2032185628742515], [43007, 0.20382254464285715], [43263, 0.20478920118343194], [43519, 0.2056295955882353], [43775, 0.20634594298245615], [44031, 0.20732648982558138], [44287, 0.207663475433526], [44543, 0.2081761853448276], [44799, 0.20890625], [45055, 0.20960582386363635], [45311, 0.21023128531073446], [45567, 0.2108716643258427], [45823, 0.21170129189944134], [46079, 0.2126736111111111], [46335, 0.21372151243093923], [46591, 0.21462912087912087], [46847, 0.21484375], [47103, 0.21367612092391305], [47359, 0.21252111486486486], [47615, 0.21137852822580644], [47871, 0.21024816176470587], [48127, 0.20912982047872342], [48383, 0.20804398148148148], [48639, 0.20703125], [48895, 0.20611092931937172], [49151, 0.2052001953125], [49407, 0.20452153497409326], [49663, 0.20393041237113402], [49919, 0.20360576923076923], [50175, 0.2041015625], [50431, 0.2052070114213198], [50687, 0.20628156565656566], [50943, 0.2073453203517588], [51199, 0.20830078125], [51455, 0.2095576803482587], [51711, 0.2108601485148515], [51967, 0.2120920566502463], [52223, 0.21156939338235295], [52479, 0.2105373475609756], [52735, 0.20951532160194175], [52846, 0.20907525498136129]], "candidate_count_total": 40, "confirmed_count_total": 40, "created_at": 1767889880.5074716}