{"dataset_name": "sine_nodrift", "dataset_type": "sine", "model_variant": "ts_drift_adapt", "seed": 5, "monitor_preset": "error_divergence_ph_meta@error.threshold=0.10,error.min_instances=5", "monitor_preset_base": "error_divergence_ph_meta", "monitor_ph_params": {"error_rate": {"delta": 0.005, "alpha": 0.15, "threshold": 0.1, "min_instances": 5}, "divergence": {"delta": 0.005, "alpha": 0.1, "threshold": 0.05, "min_instances": 30}}, "monitor_ph_overrides": {"error_rate": {"threshold": 0.1, "min_instances": 5}}, "trigger_mode": "two_stage", "trigger_k": 2, "trigger_threshold": 0.5, "trigger_weights": "__confirm_cooldown=200,__confirm_rule=perm_test,__perm_alpha=0.005,__perm_min_effect=0,__perm_n_perm=200,__perm_post_n=50,__perm_pre_n=500,__perm_rng_seed=0,__perm_stat=fused_score,divergence=0.3,error_rate=0.5,teacher_entropy=0.2", "confirm_window": 3, "confirm_cooldown": 0, "adaptive_cooldown_enabled": 0, "adaptive_window": 10000, "adaptive_lower_per10k": 10.0, "adaptive_upper_per10k": 25.0, "adaptive_cooldown_low": 200, "adaptive_cooldown_high": 500, "severity_scheduler_scale": 1.0, "use_severity_v2": 0, "severity_gate": "none", "severity_gate_min_streak": 1, "entropy_mode": "overconfident", "severity_decay": 0.95, "freeze_baseline_steps": 0, "n_steps": 800, "horizon": 10000, "acc_final": 0.9166, "mean_acc": 0.8476788450550709, "acc_min": 0.546875, "candidate_sample_idxs": [319, 639, 959, 1279, 1599, 1919, 2239, 2815, 3135, 3455, 3967, 4287, 4607, 4927, 5311, 5759, 6079, 6399, 7039, 7359, 7679, 8383, 8895, 9279], "confirmed_sample_idxs": [639, 959, 1279, 1727, 2239, 2815, 3967, 4415, 5311, 5759, 7039, 8383, 8895, 9279], "acc_series": [[63, 0.5625], [127, 0.546875], [191, 0.5572916666666666], [255, 0.5703125], [319, 0.60625], [383, 0.6380208333333334], [447, 0.6584821428571429], [511, 0.658203125], [575, 0.6857638888888888], [639, 0.7], [703, 0.71875], [767, 0.7278645833333334], [831, 0.7319711538461539], [895, 0.7466517857142857], [959, 0.7447916666666666], [1023, 0.74609375], [1087, 0.7454044117647058], [1151, 0.7482638888888888], [1215, 0.7483552631578947], [1279, 0.75078125], [1343, 0.7552083333333334], [1407, 0.7613636363636364], [1471, 0.7703804347826086], [1535, 0.775390625], [1599, 0.781875], [1663, 0.7860576923076923], [1727, 0.7881944444444444], [1791, 0.7924107142857143], [1855, 0.7952586206896551], [1919, 0.7979166666666667], [1983, 0.8014112903225806], [2047, 0.8037109375], [2111, 0.8053977272727273], [2175, 0.8046875], [2239, 0.80625], [2303, 0.8077256944444444], [2367, 0.8108108108108109], [2431, 0.8125], [2495, 0.8141025641025641], [2559, 0.8171875], [2623, 0.8205030487804879], [2687, 0.8229166666666666], [2751, 0.8255813953488372], [2815, 0.8277698863636364], [2879, 0.8295138888888889], [2943, 0.8322010869565217], [3007, 0.8344414893617021], [3071, 0.8352864583333334], [3135, 0.8376913265306123], [3199, 0.8390625], [3263, 0.8416053921568627], [3327, 0.8434495192307693], [3391, 0.8449292452830188], [3455, 0.8469328703703703], [3519, 0.8488636363636364], [3583, 0.8512834821428571], [3647, 0.8533442982456141], [3711, 0.8553340517241379], [3775, 0.856197033898305], [3839, 0.8575520833333333], [3903, 0.859375], [3967, 0.860383064516129], [4031, 0.8618551587301587], [4095, 0.86328125], [4159, 0.8632211538461538], [4223, 0.8641098484848485], [4287, 0.8659048507462687], [4351, 0.8667279411764706], [4415, 0.8682065217391305], [4479, 0.8696428571428572], [4543, 0.8714788732394366], [4607, 0.8723958333333334], [4671, 0.873929794520548], [4735, 0.8743665540540541], [4799, 0.8758333333333334], [4863, 0.876233552631579], [4927, 0.877435064935065], [4991, 0.8786057692307693], [5055, 0.879746835443038], [5119, 0.8798828125], [5183, 0.8807870370370371], [5247, 0.8816692073170732], [5311, 0.8821536144578314], [5375, 0.8824404761904762], [5439, 0.8832720588235294], [5503, 0.8844476744186046], [5567, 0.8855962643678161], [5631, 0.8856534090909091], [5695, 0.8862359550561798], [5759, 0.8868055555555555], [5823, 0.8873626373626373], [5887, 0.888077445652174], [5951, 0.8882728494623656], [6015, 0.8887965425531915], [6079, 0.8896381578947369], [6143, 0.89013671875], [6207, 0.8904639175257731], [6271, 0.8907844387755102], [6335, 0.8910984848484849], [6399, 0.89171875], [6463, 0.8920173267326733], [6527, 0.8927696078431373], [6591, 0.8936589805825242], [6655, 0.8942307692307693], [6719, 0.8949404761904762], [6783, 0.8959316037735849], [6847, 0.8967581775700935], [6911, 0.8971354166666666], [6975, 0.898079128440367], [7039, 0.8982954545454546], [7103, 0.8987894144144144], [7167, 0.8989955357142857], [7231, 0.8997511061946902], [7295, 0.9002192982456141], [7359, 0.9009510869565217], [7423, 0.9014008620689655], [7487, 0.9019764957264957], [7551, 0.9024099576271186], [7615, 0.9028361344537815], [7679, 0.9028645833333333], [7743, 0.903150826446281], [7807, 0.9039446721311475], [7871, 0.9047256097560976], [7935, 0.9049899193548387], [7999, 0.9055], [8063, 0.9061259920634921], [8127, 0.906126968503937], [8191, 0.9066162109375], [8255, 0.9073401162790697], [8319, 0.9079326923076924], [8383, 0.9080391221374046], [8447, 0.9083806818181818], [8511, 0.9087171052631579], [8575, 0.9091651119402985], [8639, 0.9094907407407408], [8703, 0.9093520220588235], [8767, 0.9097855839416058], [8831, 0.9100996376811594], [8895, 0.9105215827338129], [8959, 0.9109375], [9023, 0.9114583333333334], [9087, 0.9119718309859155], [9151, 0.9125874125874126], [9215, 0.9128689236111112], [9279, 0.9133620689655172], [9343, 0.9139554794520548], [9407, 0.9142219387755102], [9471, 0.9145903716216216], [9535, 0.9148489932885906], [9599, 0.9148958333333334], [9663, 0.9153559602649006], [9727, 0.9158100328947368], [9791, 0.9160539215686274], [9855, 0.9161931818181818], [9919, 0.9163306451612904], [9983, 0.9165665064102564], [9999, 0.9166]], "candidate_count_total": 22, "confirmed_count_total": 14, "created_at": 1768130068.7519186, "confirm_rule_effective": "perm_test", "last_perm_pvalue": 0.004975124378109453, "last_perm_effect": 0.06725901927927465, "perm_test_count_total": 46, "perm_accept_count_total": 14, "perm_reject_count_total": 32, "perm_alpha": 0.005, "perm_pvalue_p50": 1.0, "perm_pvalue_p90": 1.0, "perm_pvalue_p99": 1.0, "perm_pvalue_le_alpha_ratio": 0.30434782608695654, "perm_effect_p50": -0.004546713826893866, "perm_effect_p90": 0.07256532837685682, "perm_effect_p99": 0.10274256672538623}