{"dataset_name": "INSECTS_abrupt_balanced", "dataset_type": "insects_real", "model_variant": "ts_drift_adapt", "seed": 8, "monitor_preset": "error_divergence_ph_meta@error.threshold=0.05,error.min_instances=5", "monitor_preset_base": "error_divergence_ph_meta", "monitor_ph_params": {"error_rate": {"delta": 0.005, "alpha": 0.15, "threshold": 0.05, "min_instances": 5}, "divergence": {"delta": 0.005, "alpha": 0.1, "threshold": 0.05, "min_instances": 30}}, "monitor_ph_overrides": {"error_rate": {"threshold": 0.05, "min_instances": 5}}, "trigger_mode": "two_stage", "trigger_k": 2, "trigger_threshold": 0.5, "trigger_weights": "confirm_cooldown=0,divergence=0.3,error_rate=0.5,teacher_entropy=0.2", "confirm_window": 1, "confirm_cooldown": 0, "severity_scheduler_scale": 1.0, "use_severity_v2": 0, "severity_gate": "none", "severity_gate_min_streak": 1, "entropy_mode": "overconfident", "severity_decay": 0.95, "freeze_baseline_steps": 0, "n_steps": 1200, "horizon": 52847, "acc_final": 0.22305901943345885, "mean_acc": 0.21201375165563877, "acc_min": 0.14453125, "candidate_sample_idxs": [1279, 2559, 3839, 5119, 6399, 7679, 8959, 10239, 11519, 12799, 14079, 15103, 15359, 18175, 19455, 20735, 22015, 23295, 24575, 25855, 27135, 28415, 29695, 31231, 32511, 33791, 35071, 36351, 37631, 38911, 40191, 41471, 42751, 44031, 45311, 46591, 47871, 49151, 50431, 51711, 52846], "confirmed_sample_idxs": [1279, 2559, 3839, 5119, 6399, 7679, 8959, 10239, 11519, 12799, 14079, 15359, 18175, 19455, 20735, 22015, 23295, 24575, 25855, 27135, 28415, 29695, 31231, 32511, 33791, 35071, 36351, 37631, 38911, 40191, 41471, 42751, 44031, 45311, 46591, 47871, 49151, 50431, 51711, 52846], "acc_series": [[255, 0.14453125], [511, 0.158203125], [767, 0.16927083333333334], [1023, 0.1826171875], [1279, 0.19765625], [1535, 0.203125], [1791, 0.20758928571428573], [2047, 0.20849609375], [2303, 0.20833333333333334], [2559, 0.210546875], [2815, 0.20951704545454544], [3071, 0.20540364583333334], [3327, 0.20643028846153846], [3583, 0.20619419642857142], [3839, 0.20598958333333334], [4095, 0.2060546875], [4351, 0.20542279411764705], [4607, 0.203125], [4863, 0.20353618421052633], [5119, 0.20078125], [5375, 0.19977678571428573], [5631, 0.19975142045454544], [5887, 0.19989809782608695], [6143, 0.20084635416666666], [6399, 0.20234375], [6655, 0.20582932692307693], [6911, 0.20543981481481483], [7167, 0.20633370535714285], [7423, 0.20689655172413793], [7679, 0.20677083333333332], [7935, 0.20753528225806453], [8191, 0.2095947265625], [8447, 0.21176609848484848], [8703, 0.21495863970588236], [8959, 0.21707589285714285], [9215, 0.21842447916666666], [9471, 0.2204391891891892], [9727, 0.22080592105263158], [9983, 0.22305689102564102], [10239, 0.22275390625], [10495, 0.22332317073170732], [10751, 0.22563244047619047], [11007, 0.22628997093023256], [11263, 0.2264737215909091], [11519, 0.22621527777777778], [11775, 0.22596807065217392], [12031, 0.2259807180851064], [12287, 0.22770182291666666], [12543, 0.22967155612244897], [12799, 0.22640625], [13055, 0.22196691176470587], [13311, 0.21769831730769232], [13567, 0.21366450471698112], [13823, 0.20992476851851852], [14079, 0.21008522727272727], [14335, 0.21784319196428573], [14591, 0.21525493421052633], [14847, 0.21167834051724138], [15103, 0.20815677966101695], [15359, 0.2046875], [15615, 0.20133196721311475], [15871, 0.19808467741935484], [16127, 0.19500248015873015], [16383, 0.19195556640625], [16639, 0.18900240384615385], [16895, 0.18613873106060605], [17151, 0.18336054104477612], [17407, 0.18072150735294118], [17663, 0.17821557971014493], [17919, 0.17801339285714285], [18175, 0.18243838028169015], [18431, 0.1850043402777778], [18687, 0.18659032534246575], [18943, 0.18850295608108109], [19199, 0.1896875], [19455, 0.19104646381578946], [19711, 0.1929788961038961], [19967, 0.1935096153846154], [20223, 0.19387856012658228], [20479, 0.19453125], [20735, 0.1951195987654321], [20991, 0.19593178353658536], [21247, 0.19714796686746988], [21503, 0.19838169642857142], [21759, 0.19912683823529412], [22015, 0.20017260174418605], [22271, 0.20079022988505746], [22527, 0.20241477272727273], [22783, 0.20431004213483145], [23039, 0.20555555555555555], [23295, 0.20608688186813187], [23551, 0.20741338315217392], [23807, 0.20892137096774194], [24063, 0.21027260638297873], [24319, 0.21114309210526316], [24575, 0.21199544270833334], [24831, 0.21299130154639176], [25087, 0.21356823979591838], [25343, 0.21515940656565657], [25599, 0.216328125], [25855, 0.2171256188118812], [26111, 0.21802236519607843], [26367, 0.2189775485436893], [26623, 0.22002704326923078], [26879, 0.22150297619047618], [27135, 0.22225088443396226], [27391, 0.22324036214953272], [27647, 0.22457320601851852], [27903, 0.22559489678899083], [28159, 0.22425426136363635], [28415, 0.22240990990990991], [28671, 0.220703125], [28927, 0.21909568584070796], [29183, 0.21755071271929824], [29439, 0.2162703804347826], [29695, 0.21497844827586207], [29951, 0.21360844017094016], [30207, 0.2124271716101695], [30463, 0.21136423319327732], [30719, 0.21015625], [30975, 0.20893595041322313], [31231, 0.20783171106557377], [31487, 0.2072535569105691], [31743, 0.20690524193548387], [31999, 0.2075], [32255, 0.20805431547619047], [32511, 0.20906126968503938], [32767, 0.210845947265625], [33023, 0.2129360465116279], [33279, 0.21298076923076922], [33535, 0.21287571564885496], [33791, 0.21351207386363635], [34047, 0.2138157894736842], [34303, 0.21379430970149255], [34559, 0.21371527777777777], [34815, 0.21357996323529413], [35071, 0.21347513686131386], [35327, 0.21365489130434784], [35583, 0.21400067446043167], [35839, 0.2142578125], [36095, 0.21437278368794327], [36351, 0.21484375], [36607, 0.21503496503496503], [36863, 0.21500651041666666], [37119, 0.21497844827586207], [37375, 0.2152183219178082], [37631, 0.2152423469387755], [37887, 0.21576752533783783], [38143, 0.21594484060402686], [38399, 0.21450520833333334], [38655, 0.2130846440397351], [38911, 0.21299342105263158], [39167, 0.21303104575163398], [39423, 0.21311891233766234], [39679, 0.21323084677419354], [39935, 0.21354166666666666], [40191, 0.21409733280254778], [40447, 0.21499208860759494], [40703, 0.21565448113207547], [40959, 0.216357421875], [41215, 0.2168575310559006], [41471, 0.21742380401234568], [41727, 0.21841449386503067], [41983, 0.21917873475609756], [42239, 0.22005208333333334], [42495, 0.22098550451807228], [42751, 0.22162705838323354], [43007, 0.22230747767857142], [43263, 0.2230260724852071], [43519, 0.22371323529411766], [43775, 0.2242096125730994], [44031, 0.22474563953488372], [44287, 0.22541094653179192], [44543, 0.2256420617816092], [44799, 0.2264732142857143], [45055, 0.22727272727272727], [45311, 0.22786458333333334], [45567, 0.228735077247191], [45823, 0.22953037709497207], [46079, 0.23051215277777778], [46335, 0.2313104281767956], [46591, 0.2320999313186813], [46847, 0.23228312841530055], [47103, 0.23102072010869565], [47359, 0.22983530405405406], [47615, 0.22876764112903225], [47871, 0.2276278409090909], [48127, 0.2264378324468085], [48383, 0.2253844246031746], [48639, 0.2244654605263158], [48895, 0.22365837696335078], [49151, 0.2230224609375], [49407, 0.22247409326424872], [49663, 0.22203205541237114], [49919, 0.22161458333333334], [50175, 0.2217394770408163], [50431, 0.22198207487309646], [50687, 0.2224984217171717], [50943, 0.22302920854271358], [51199, 0.22373046875], [51455, 0.2244053171641791], [51711, 0.2254215655940594], [51967, 0.22638931650246305], [52223, 0.22571997549019607], [52479, 0.22461890243902438], [52735, 0.22352851941747573], [52846, 0.22305901943345885]], "candidate_count_total": 40, "confirmed_count_total": 40, "created_at": 1767841032.054441}