{"dataset_name": "sine_nodrift", "dataset_type": "sine", "model_variant": "ts_drift_adapt", "seed": 1, "monitor_preset": "error_divergence_ph_meta@error.threshold=0.10,error.min_instances=5", "monitor_preset_base": "error_divergence_ph_meta", "monitor_ph_params": {"error_rate": {"delta": 0.005, "alpha": 0.15, "threshold": 0.1, "min_instances": 5}, "divergence": {"delta": 0.005, "alpha": 0.1, "threshold": 0.05, "min_instances": 30}}, "monitor_ph_overrides": {"error_rate": {"threshold": 0.1, "min_instances": 5}}, "trigger_mode": "two_stage", "trigger_k": 2, "trigger_threshold": 0.5, "trigger_weights": "__confirm_cooldown=200,__confirm_rule=perm_test,__perm_alpha=0.05,__perm_min_effect=0,__perm_n_perm=200,__perm_post_n=50,__perm_pre_n=200,__perm_rng_seed=0,__perm_stat=fused_score,divergence=0.3,error_rate=0.5,teacher_entropy=0.2", "confirm_window": 3, "confirm_cooldown": 0, "adaptive_cooldown_enabled": 0, "adaptive_window": 10000, "adaptive_lower_per10k": 10.0, "adaptive_upper_per10k": 25.0, "adaptive_cooldown_low": 200, "adaptive_cooldown_high": 500, "severity_scheduler_scale": 1.0, "use_severity_v2": 0, "severity_gate": "none", "severity_gate_min_streak": 1, "entropy_mode": "overconfident", "severity_decay": 0.95, "freeze_baseline_steps": 0, "n_steps": 800, "horizon": 10000, "acc_final": 0.9247, "mean_acc": 0.8627505299997753, "acc_min": 0.578125, "candidate_sample_idxs": [319, 639, 959, 1279, 1599, 1919, 2239, 2559, 2879, 3199, 3519, 3967, 4287, 4607, 5183, 5503, 5951, 6271, 6591, 6911, 7231, 7551, 7871, 8191, 9279, 9599], "confirmed_sample_idxs": [703, 1023, 1279, 1919, 2239, 2623, 3007, 3519, 3967, 4351, 4607, 5183, 5503, 5951, 6271, 6591, 7295, 7743, 9279, 9599], "acc_series": [[63, 0.640625], [127, 0.578125], [191, 0.6145833333333334], [255, 0.59375], [319, 0.596875], [383, 0.6197916666666666], [447, 0.6473214285714286], [511, 0.673828125], [575, 0.6961805555555556], [639, 0.7078125], [703, 0.71875], [767, 0.7278645833333334], [831, 0.7379807692307693], [895, 0.7444196428571429], [959, 0.7552083333333334], [1023, 0.767578125], [1087, 0.7702205882352942], [1151, 0.7769097222222222], [1215, 0.7837171052631579], [1279, 0.790625], [1343, 0.7983630952380952], [1407, 0.8032670454545454], [1471, 0.8077445652173914], [1535, 0.8125], [1599, 0.8125], [1663, 0.8149038461538461], [1727, 0.8194444444444444], [1791, 0.8208705357142857], [1855, 0.8232758620689655], [1919, 0.8260416666666667], [1983, 0.8296370967741935], [2047, 0.83447265625], [2111, 0.8385416666666666], [2175, 0.8391544117647058], [2239, 0.8415178571428571], [2303, 0.8411458333333334], [2367, 0.8416385135135135], [2431, 0.8445723684210527], [2495, 0.8449519230769231], [2559, 0.846484375], [2623, 0.848704268292683], [2687, 0.8511904761904762], [2751, 0.8524709302325582], [2815, 0.8551136363636364], [2879, 0.8576388888888888], [2943, 0.859375], [3007, 0.8603723404255319], [3071, 0.8619791666666666], [3135, 0.8628826530612245], [3199, 0.863125], [3263, 0.8648897058823529], [3327, 0.8668870192307693], [3391, 0.8667452830188679], [3455, 0.8674768518518519], [3519, 0.8681818181818182], [3583, 0.8683035714285714], [3647, 0.8692434210526315], [3711, 0.8698814655172413], [3775, 0.8710275423728814], [3839, 0.8731770833333333], [3903, 0.875], [3967, 0.8762600806451613], [4031, 0.8764880952380952], [4095, 0.87646484375], [4159, 0.8762019230769231], [4223, 0.8764204545454546], [4287, 0.8777985074626866], [4351, 0.8786764705882353], [4415, 0.8795289855072463], [4479, 0.8808035714285715], [4543, 0.8818221830985915], [4607, 0.8828125], [4671, 0.8842037671232876], [4735, 0.8849239864864865], [4799, 0.8852083333333334], [4863, 0.8863075657894737], [4927, 0.8871753246753247], [4991, 0.8880208333333334], [5055, 0.8890427215189873], [5119, 0.890234375], [5183, 0.8908179012345679], [5247, 0.8917682926829268], [5311, 0.8926957831325302], [5375, 0.8937872023809523], [5439, 0.8946691176470588], [5503, 0.8953488372093024], [5567, 0.8960129310344828], [5631, 0.896484375], [5695, 0.8972963483146067], [5759, 0.8980902777777777], [5823, 0.8990384615384616], [5887, 0.8996263586956522], [5951, 0.9002016129032258], [6015, 0.9012632978723404], [6079, 0.9013157894736842], [6143, 0.90185546875], [6207, 0.9022229381443299], [6271, 0.9027423469387755], [6335, 0.9026199494949495], [6399, 0.903125], [6463, 0.9036200495049505], [6527, 0.9041053921568627], [6591, 0.9042779126213593], [6655, 0.9044471153846154], [6719, 0.9047619047619048], [6783, 0.9052181603773585], [6847, 0.9049357476635514], [6911, 0.9052372685185185], [6975, 0.9059633027522935], [7039, 0.9063920454545454], [7103, 0.9069538288288288], [7167, 0.9073660714285714], [7231, 0.9079092920353983], [7295, 0.9085800438596491], [7359, 0.9089673913043478], [7423, 0.9093480603448276], [7487, 0.9101228632478633], [7551, 0.9106197033898306], [7615, 0.9109768907563025], [7679, 0.9111979166666667], [7743, 0.9115444214876033], [7807, 0.9118852459016393], [7871, 0.9123475609756098], [7935, 0.9128024193548387], [7999, 0.912875], [8063, 0.9133184523809523], [8127, 0.9136318897637795], [8191, 0.9141845703125], [8255, 0.9142441860465116], [8319, 0.9146634615384616], [8383, 0.9151956106870229], [8447, 0.9152462121212122], [8511, 0.9156484962406015], [8575, 0.9161613805970149], [8639, 0.9166666666666666], [8703, 0.9172794117647058], [8767, 0.917655109489051], [8831, 0.9182518115942029], [8895, 0.9187275179856115], [8959, 0.9191964285714286], [9023, 0.9194370567375887], [9087, 0.9195642605633803], [9151, 0.919798951048951], [9215, 0.9202473958333334], [9279, 0.9204741379310345], [9343, 0.9209118150684932], [9407, 0.9211309523809523], [9471, 0.9216638513513513], [9535, 0.921875], [9599, 0.9222916666666666], [9663, 0.9224958609271523], [9727, 0.9228001644736842], [9791, 0.9233047385620915], [9855, 0.9237012987012987], [9919, 0.9240927419354839], [9983, 0.9245793269230769], [9999, 0.9247]], "candidate_count_total": 24, "confirmed_count_total": 20, "created_at": 1768128113.517326, "confirm_rule_effective": "perm_test", "last_perm_pvalue": 0.004975124378109453, "last_perm_effect": 0.07133200162914934, "perm_test_count_total": 42, "perm_accept_count_total": 20, "perm_reject_count_total": 22, "perm_alpha": 0.05, "perm_pvalue_p50": 0.6318407960199005, "perm_pvalue_p90": 1.0, "perm_pvalue_p99": 1.0, "perm_pvalue_le_alpha_ratio": 0.47619047619047616, "perm_effect_p50": 0.0006166719210995136, "perm_effect_p90": 0.07373822758407857, "perm_effect_p99": 0.14169476165829414}