{"dataset_name": "sine_nodrift", "dataset_type": "sine", "model_variant": "ts_drift_adapt", "seed": 3, "monitor_preset": "error_divergence_ph_meta@error.threshold=0.10,error.min_instances=5", "monitor_preset_base": "error_divergence_ph_meta", "monitor_ph_params": {"error_rate": {"delta": 0.005, "alpha": 0.15, "threshold": 0.1, "min_instances": 5}, "divergence": {"delta": 0.005, "alpha": 0.1, "threshold": 0.05, "min_instances": 30}}, "monitor_ph_overrides": {"error_rate": {"threshold": 0.1, "min_instances": 5}}, "trigger_mode": "two_stage", "trigger_k": 2, "trigger_threshold": 0.5, "trigger_weights": "__confirm_cooldown=200,__confirm_rule=perm_test,__perm_alpha=0.005,__perm_delta_k=50,__perm_min_effect=0,__perm_n_perm=200,__perm_post_n=30,__perm_pre_n=200,__perm_rng_seed=0,__perm_stat=delta_fused_score,divergence=0.3,error_rate=0.5,teacher_entropy=0.2", "confirm_window": 3, "confirm_cooldown": 0, "adaptive_cooldown_enabled": 0, "adaptive_window": 10000, "adaptive_lower_per10k": 10.0, "adaptive_upper_per10k": 25.0, "adaptive_cooldown_low": 200, "adaptive_cooldown_high": 500, "severity_scheduler_scale": 1.0, "use_severity_v2": 0, "severity_gate": "none", "severity_gate_min_streak": 1, "entropy_mode": "overconfident", "severity_decay": 0.95, "freeze_baseline_steps": 0, "n_steps": 800, "horizon": 10000, "acc_final": 0.9277, "mean_acc": 0.86191451344236, "acc_min": 0.453125, "candidate_sample_idxs": [319, 639, 959, 1279, 1727, 2047, 2431, 3135, 3455, 3775, 4095, 4415, 4799, 5119, 5503, 5823, 6271, 6591, 8447, 8895, 9535, 9855], "confirmed_sample_idxs": [767, 1279, 1727, 2431, 3135, 3455, 4287, 4799, 5119, 5503, 6271, 8447, 8895, 9535], "acc_series": [[63, 0.453125], [127, 0.5], [191, 0.5572916666666666], [255, 0.58984375], [319, 0.6375], [383, 0.6796875], [447, 0.6941964285714286], [511, 0.71484375], [575, 0.7118055555555556], [639, 0.7078125], [703, 0.7088068181818182], [767, 0.7057291666666666], [831, 0.7199519230769231], [895, 0.7321428571428571], [959, 0.7385416666666667], [1023, 0.75], [1087, 0.7610294117647058], [1151, 0.7699652777777778], [1215, 0.774671052631579], [1279, 0.7734375], [1343, 0.7790178571428571], [1407, 0.7819602272727273], [1471, 0.7880434782608695], [1535, 0.7916666666666666], [1599, 0.79875], [1663, 0.8034855769230769], [1727, 0.8055555555555556], [1791, 0.8069196428571429], [1855, 0.8108836206896551], [1919, 0.8140625], [1983, 0.8175403225806451], [2047, 0.82177734375], [2111, 0.8248106060606061], [2175, 0.8285845588235294], [2239, 0.8325892857142857], [2303, 0.8363715277777778], [2367, 0.8399493243243243], [2431, 0.8396381578947368], [2495, 0.8409455128205128], [2559, 0.84375], [2623, 0.8460365853658537], [2687, 0.8482142857142857], [2751, 0.8495639534883721], [2815, 0.8512073863636364], [2879, 0.8538194444444445], [2943, 0.8549592391304348], [3007, 0.8577127659574468], [3071, 0.8597005208333334], [3135, 0.860969387755102], [3199, 0.8625], [3263, 0.8639705882352942], [3327, 0.8659855769230769], [3391, 0.8685141509433962], [3455, 0.8703703703703703], [3519, 0.871875], [3583, 0.8736049107142857], [3647, 0.8747258771929824], [3711, 0.8752693965517241], [3775, 0.8763241525423728], [3839, 0.8778645833333333], [3903, 0.8773053278688525], [3967, 0.8780241935483871], [4031, 0.8782242063492064], [4095, 0.87939453125], [4159, 0.8805288461538462], [4223, 0.8816287878787878], [4287, 0.882695895522388], [4351, 0.8835018382352942], [4415, 0.8842844202898551], [4479, 0.8852678571428572], [4543, 0.886443661971831], [4607, 0.8878038194444444], [4671, 0.8889126712328768], [4735, 0.8893581081081081], [4799, 0.8904166666666666], [4863, 0.8910361842105263], [4927, 0.8914366883116883], [4991, 0.8920272435897436], [5055, 0.8924050632911392], [5119, 0.8927734375], [5183, 0.8927469135802469], [5247, 0.8932926829268293], [5311, 0.8940135542168675], [5375, 0.8950892857142857], [5439, 0.8961397058823529], [5503, 0.8962572674418605], [5567, 0.8969109195402298], [5631, 0.8977272727272727], [5695, 0.8983497191011236], [5759, 0.8991319444444444], [5823, 0.9000686813186813], [5887, 0.9006453804347826], [5951, 0.9015456989247311], [6015, 0.9024268617021277], [6079, 0.9032894736842105], [6143, 0.90380859375], [6207, 0.9041559278350515], [6271, 0.9048150510204082], [6335, 0.9054608585858586], [6399, 0.90578125], [6463, 0.906559405940594], [6527, 0.9068627450980392], [6591, 0.9074635922330098], [6655, 0.9077524038461539], [6719, 0.9080357142857143], [6783, 0.9087558962264151], [6847, 0.9091705607476636], [6911, 0.9094328703703703], [6975, 0.9096903669724771], [7039, 0.9100852272727272], [7103, 0.9106137387387387], [7167, 0.9114118303571429], [7231, 0.9120575221238938], [7295, 0.9125548245614035], [7359, 0.9129076086956521], [7423, 0.9135237068965517], [7487, 0.9141292735042735], [7551, 0.9144597457627118], [7615, 0.9149159663865546], [7679, 0.9154947916666667], [7743, 0.9159349173553719], [7807, 0.9166239754098361], [7871, 0.916920731707317], [7935, 0.9175907258064516], [7999, 0.918125], [8063, 0.9187748015873016], [8127, 0.9194143700787402], [8191, 0.919921875], [8255, 0.9203003875968992], [8319, 0.9207932692307692], [8383, 0.9211593511450382], [8447, 0.9216382575757576], [8511, 0.9217575187969925], [8575, 0.921991604477612], [8639, 0.9225694444444444], [8703, 0.9226792279411765], [8767, 0.9227874087591241], [8831, 0.9233469202898551], [8895, 0.9234487410071942], [8959, 0.9235491071428571], [9023, 0.9239804964539007], [9087, 0.9241857394366197], [9151, 0.9244973776223776], [9215, 0.9244791666666666], [9279, 0.9247844827586207], [9343, 0.9251926369863014], [9407, 0.9254889455782312], [9471, 0.9259923986486487], [9535, 0.9259647651006712], [9599, 0.92625], [9663, 0.9263245033112583], [9727, 0.9267064144736842], [9791, 0.9266748366013072], [9855, 0.927049512987013], [9919, 0.9274193548387096], [9983, 0.9276842948717948], [9999, 0.9277]], "candidate_count_total": 20, "confirmed_count_total": 14, "created_at": 1768133715.4191058, "confirm_rule_effective": "perm_test", "last_perm_pvalue": 1.0, "last_perm_effect": -0.015263063975663894, "perm_test_count_total": 39, "perm_accept_count_total": 14, "perm_reject_count_total": 25, "perm_alpha": 0.005, "perm_pvalue_p50": 1.0, "perm_pvalue_p90": 1.0, "perm_pvalue_p99": 1.0, "perm_pvalue_le_alpha_ratio": 0.358974358974359, "perm_effect_p50": -0.005832912141594828, "perm_effect_p90": 0.07963621870937004, "perm_effect_p99": 0.16287688895124725}