{"dataset_name": "sine_nodrift", "dataset_type": "sine", "model_variant": "ts_drift_adapt", "seed": 1, "monitor_preset": "error_divergence_ph_meta@error.threshold=0.10,error.min_instances=5", "monitor_preset_base": "error_divergence_ph_meta", "monitor_ph_params": {"error_rate": {"delta": 0.005, "alpha": 0.15, "threshold": 0.1, "min_instances": 5}, "divergence": {"delta": 0.005, "alpha": 0.1, "threshold": 0.05, "min_instances": 30}}, "monitor_ph_overrides": {"error_rate": {"threshold": 0.1, "min_instances": 5}}, "trigger_mode": "two_stage", "trigger_k": 2, "trigger_threshold": 0.5, "trigger_weights": "__confirm_cooldown=200,__confirm_rule=perm_test,__perm_alpha=0.025,__perm_min_effect=0,__perm_n_perm=200,__perm_post_n=10,__perm_pre_n=500,__perm_rng_seed=0,__perm_side=two_sided,__perm_stat=vote_score,divergence=0.3,error_rate=0.5,teacher_entropy=0.2", "confirm_window": 3, "confirm_cooldown": 0, "adaptive_cooldown_enabled": 0, "adaptive_window": 10000, "adaptive_lower_per10k": 10.0, "adaptive_upper_per10k": 25.0, "adaptive_cooldown_low": 200, "adaptive_cooldown_high": 500, "severity_scheduler_scale": 1.0, "use_severity_v2": 0, "severity_gate": "none", "severity_gate_min_streak": 1, "entropy_mode": "overconfident", "severity_decay": 0.95, "freeze_baseline_steps": 0, "n_steps": 800, "horizon": 10000, "acc_final": 0.9225, "mean_acc": 0.8401694565305193, "acc_min": 0.375, "candidate_sample_idxs": [319, 639, 959, 1279, 1599, 1919, 2239, 2559, 2879, 3199, 3583, 4031, 4351, 5183, 5823, 6143, 7167, 7487, 7871, 9343, 9663, 9983], "confirmed_sample_idxs": [639, 959, 1279, 1599, 1919, 2239, 2559, 2879, 3199, 3583, 4031, 4351, 5183, 5823, 6143, 7167, 7487, 7871, 9343, 9663, 9983], "acc_series": [[63, 0.375], [127, 0.3984375], [191, 0.484375], [255, 0.49609375], [319, 0.5125], [383, 0.5286458333333334], [447, 0.5491071428571429], [511, 0.5625], [575, 0.59375], [639, 0.6140625], [703, 0.6377840909090909], [767, 0.6497395833333334], [831, 0.6706730769230769], [895, 0.6819196428571429], [959, 0.696875], [1023, 0.70703125], [1087, 0.7113970588235294], [1151, 0.7196180555555556], [1215, 0.7302631578947368], [1279, 0.7359375], [1343, 0.7447916666666666], [1407, 0.7535511363636364], [1471, 0.7574728260869565], [1535, 0.7643229166666666], [1599, 0.7675], [1663, 0.7728365384615384], [1727, 0.7789351851851852], [1791, 0.7840401785714286], [1855, 0.7882543103448276], [1919, 0.7921875], [1983, 0.7973790322580645], [2047, 0.80078125], [2111, 0.8039772727272727], [2175, 0.8074448529411765], [2239, 0.8102678571428571], [2303, 0.8125], [2367, 0.8158783783783784], [2431, 0.8194901315789473], [2495, 0.8217147435897436], [2559, 0.821875], [2623, 0.8254573170731707], [2687, 0.8284970238095238], [2751, 0.8313953488372093], [2815, 0.8334517045454546], [2879, 0.8357638888888889], [2943, 0.8383152173913043], [3007, 0.8394281914893617], [3071, 0.841796875], [3135, 0.8434311224489796], [3199, 0.84375], [3263, 0.8458946078431373], [3327, 0.8479567307692307], [3391, 0.8493514150943396], [3455, 0.8509837962962963], [3519, 0.8525568181818182], [3583, 0.853515625], [3647, 0.8544407894736842], [3711, 0.8547952586206896], [3775, 0.8559322033898306], [3839, 0.8578125], [3903, 0.8598872950819673], [3967, 0.8608870967741935], [4031, 0.8623511904761905], [4095, 0.862548828125], [4159, 0.8627403846153846], [4223, 0.8638731060606061], [4287, 0.8645055970149254], [4351, 0.8658088235294118], [4415, 0.8675271739130435], [4479, 0.86875], [4543, 0.8697183098591549], [4607, 0.8713107638888888], [4671, 0.872431506849315], [4735, 0.8735219594594594], [4799, 0.8745833333333334], [4863, 0.8752055921052632], [4927, 0.8768262987012987], [4991, 0.8776041666666666], [5055, 0.8783623417721519], [5119, 0.8796875], [5183, 0.8807870370370371], [5247, 0.881859756097561], [5311, 0.8832831325301205], [5375, 0.8843005952380952], [5439, 0.8851102941176471], [5503, 0.8864462209302325], [5567, 0.8875718390804598], [5631, 0.8884943181818182], [5695, 0.8892205056179775], [5759, 0.8895833333333333], [5823, 0.8904532967032966], [5887, 0.8913043478260869], [5951, 0.8921370967741935], [6015, 0.8929521276595744], [6079, 0.8934210526315789], [6143, 0.8942057291666666], [6207, 0.8948131443298969], [6271, 0.8955676020408163], [6335, 0.8963068181818182], [6399, 0.896875], [6463, 0.8974319306930693], [6527, 0.8979779411764706], [6591, 0.8986650485436893], [6655, 0.8991887019230769], [6719, 0.8998511904761904], [6783, 0.9006485849056604], [6847, 0.9009929906542056], [6911, 0.9016203703703703], [6975, 0.9022362385321101], [7039, 0.9029829545454545], [7103, 0.9034346846846847], [7167, 0.9041573660714286], [7231, 0.9047289823008849], [7295, 0.9055646929824561], [7359, 0.90625], [7423, 0.9065193965517241], [7487, 0.907051282051282], [7551, 0.9074417372881356], [7615, 0.9078256302521008], [7679, 0.90859375], [7743, 0.9088326446280992], [7807, 0.9090676229508197], [7871, 0.9094258130081301], [7935, 0.9100302419354839], [7999, 0.9105], [8063, 0.9112103174603174], [8127, 0.9117864173228346], [8191, 0.912353515625], [8255, 0.9123062015503876], [8319, 0.9128605769230769], [8383, 0.9134064885496184], [8447, 0.9137073863636364], [8511, 0.9142387218045113], [8575, 0.9146455223880597], [8639, 0.9150462962962963], [8703, 0.9154411764705882], [8767, 0.9158302919708029], [8831, 0.9164402173913043], [8895, 0.9169289568345323], [8959, 0.9174107142857143], [9023, 0.9177748226950354], [9087, 0.9181338028169014], [9151, 0.9184877622377622], [9215, 0.9187282986111112], [9279, 0.9191810344827587], [9343, 0.9195205479452054], [9407, 0.9194302721088435], [9471, 0.9195523648648649], [9535, 0.9199874161073825], [9599, 0.9205208333333333], [9663, 0.9208402317880795], [9727, 0.9212582236842105], [9791, 0.9216707516339869], [9855, 0.921672077922078], [9919, 0.9219758064516129], [9983, 0.9224759615384616], [9999, 0.9225]], "candidate_count_total": 22, "confirmed_count_total": 21, "created_at": 1768236811.54691, "confirm_rule_effective": "perm_test", "last_perm_pvalue": 0.004975124378109453, "last_perm_effect": 0.43680013008107843, "perm_test_count_total": 21, "perm_accept_count_total": 21, "perm_reject_count_total": 0, "perm_alpha": 0.025, "perm_pvalue_p50": 0.004975124378109453, "perm_pvalue_p90": 0.004975124378109453, "perm_pvalue_p99": 0.004975124378109453, "perm_pvalue_le_alpha_ratio": 1.0, "perm_effect_p50": 0.4351289149394299, "perm_effect_p90": 0.5, "perm_effect_p99": 0.5}