{"dataset_name": "sine_nodrift", "dataset_type": "sine", "model_variant": "ts_drift_adapt", "seed": 1, "monitor_preset": "error_divergence_ph_meta@error.threshold=0.10,error.min_instances=5", "monitor_preset_base": "error_divergence_ph_meta", "monitor_ph_params": {"error_rate": {"delta": 0.005, "alpha": 0.15, "threshold": 0.1, "min_instances": 5}, "divergence": {"delta": 0.005, "alpha": 0.1, "threshold": 0.05, "min_instances": 30}}, "monitor_ph_overrides": {"error_rate": {"threshold": 0.1, "min_instances": 5}}, "trigger_mode": "two_stage", "trigger_k": 2, "trigger_threshold": 0.5, "trigger_weights": "__confirm_cooldown=200,__confirm_rule=perm_test,__perm_alpha=0.025,__perm_min_effect=0,__perm_n_perm=200,__perm_post_n=10,__perm_pre_n=500,__perm_rng_seed=0,__perm_stat=vote_score,divergence=0.3,error_rate=0.5,teacher_entropy=0.2", "confirm_window": 3, "confirm_cooldown": 0, "adaptive_cooldown_enabled": 0, "adaptive_window": 10000, "adaptive_lower_per10k": 10.0, "adaptive_upper_per10k": 25.0, "adaptive_cooldown_low": 200, "adaptive_cooldown_high": 500, "severity_scheduler_scale": 1.0, "use_severity_v2": 0, "severity_gate": "none", "severity_gate_min_streak": 1, "entropy_mode": "overconfident", "severity_decay": 0.95, "freeze_baseline_steps": 0, "n_steps": 800, "horizon": 10000, "acc_final": 0.9303, "mean_acc": 0.8659645895780074, "acc_min": 0.5625, "candidate_sample_idxs": [319, 639, 959, 1279, 1599, 1919, 2239, 2559, 2943, 3263, 3583, 4031, 4351, 4671, 4991, 5311, 5695, 6015, 6335, 6655, 6975, 7295, 7679, 7999, 8639, 9087, 9407, 9791], "confirmed_sample_idxs": [639, 959, 1279, 1599, 1919, 2239, 2559, 2943, 3263, 3583, 4031, 4351, 4671, 4991, 5311, 5695, 6015, 6335, 6655, 6975, 7295, 7679, 7999, 8639, 9087, 9407, 9791], "acc_series": [[63, 0.609375], [127, 0.5625], [191, 0.59375], [255, 0.58203125], [319, 0.5875], [383, 0.5911458333333334], [447, 0.6116071428571429], [511, 0.6328125], [575, 0.6631944444444444], [639, 0.6796875], [703, 0.6931818181818182], [767, 0.7018229166666666], [831, 0.7139423076923077], [895, 0.7220982142857143], [959, 0.73125], [1023, 0.748046875], [1087, 0.7564338235294118], [1151, 0.765625], [1215, 0.774671052631579], [1279, 0.78203125], [1343, 0.7894345238095238], [1407, 0.7954545454545454], [1471, 0.7995923913043478], [1535, 0.8059895833333334], [1599, 0.80875], [1663, 0.8118990384615384], [1727, 0.8177083333333334], [1791, 0.8219866071428571], [1855, 0.8243534482758621], [1919, 0.8296875], [1983, 0.8316532258064516], [2047, 0.8349609375], [2111, 0.8380681818181818], [2175, 0.8414522058823529], [2239, 0.8433035714285714], [2303, 0.8450520833333334], [2367, 0.8471283783783784], [2431, 0.8486842105263158], [2495, 0.8505608974358975], [2559, 0.852734375], [2623, 0.8555640243902439], [2687, 0.8578869047619048], [2751, 0.8597383720930233], [2815, 0.8629261363636364], [2879, 0.865625], [2943, 0.8668478260869565], [3007, 0.867686170212766], [3071, 0.8694661458333334], [3135, 0.8708545918367347], [3199, 0.8721875], [3263, 0.8740808823529411], [3327, 0.8759014423076923], [3391, 0.8770636792452831], [3455, 0.8773148148148148], [3519, 0.8778409090909091], [3583, 0.8777901785714286], [3647, 0.8785635964912281], [3711, 0.8793103448275862], [3775, 0.8808262711864406], [3839, 0.8825520833333333], [3903, 0.8844774590163934], [3967, 0.8853326612903226], [4031, 0.8856646825396826], [4095, 0.885498046875], [4159, 0.8850961538461538], [4223, 0.8854166666666666], [4287, 0.886893656716418], [4351, 0.8876378676470589], [4415, 0.8883605072463768], [4479, 0.8897321428571429], [4543, 0.8899647887323944], [4607, 0.8914930555555556], [4671, 0.8921232876712328], [4735, 0.8927364864864865], [4799, 0.8939583333333333], [4863, 0.8949424342105263], [4927, 0.8961038961038961], [4991, 0.8966346153846154], [5055, 0.8975474683544303], [5119, 0.898046875], [5183, 0.8989197530864198], [5247, 0.899390243902439], [5311, 0.9000376506024096], [5375, 0.9008556547619048], [5439, 0.9014705882352941], [5503, 0.9024345930232558], [5567, 0.9033764367816092], [5631, 0.9039417613636364], [5695, 0.9041432584269663], [5759, 0.9046875], [5823, 0.9055631868131868], [5887, 0.9064198369565217], [5951, 0.9069220430107527], [6015, 0.9075797872340425], [6079, 0.9080592105263158], [6143, 0.9088541666666666], [6207, 0.9093105670103093], [6271, 0.9099170918367347], [6335, 0.9101957070707071], [6399, 0.91078125], [6463, 0.911509900990099], [6527, 0.9122242647058824], [6591, 0.912621359223301], [6655, 0.9128605769230769], [6719, 0.9133928571428571], [6783, 0.9139150943396226], [6847, 0.914427570093458], [6911, 0.9149305555555556], [6975, 0.9152809633027523], [7039, 0.9159090909090909], [7103, 0.9159628378378378], [7167, 0.9161551339285714], [7231, 0.916620575221239], [7295, 0.9173519736842105], [7359, 0.9179347826086957], [7423, 0.9182381465517241], [7487, 0.9185363247863247], [7551, 0.918697033898305], [7615, 0.9192489495798319], [7679, 0.9197916666666667], [7743, 0.9200671487603306], [7807, 0.920594262295082], [7871, 0.9208587398373984], [7935, 0.9213709677419355], [7999, 0.92175], [8063, 0.9223710317460317], [8127, 0.922736220472441], [8191, 0.9232177734375], [8255, 0.9230862403100775], [8319, 0.9235576923076924], [8383, 0.9239026717557252], [8447, 0.9240056818181818], [8511, 0.9244595864661654], [8575, 0.9247901119402985], [8639, 0.9251157407407408], [8703, 0.9255514705882353], [8767, 0.9258667883211679], [8831, 0.9264039855072463], [8895, 0.9268210431654677], [8959, 0.9268973214285714], [9023, 0.9268617021276596], [9087, 0.9267165492957746], [9151, 0.9270104895104895], [9215, 0.9274088541666666], [9279, 0.9276939655172414], [9343, 0.9279751712328768], [9407, 0.9280399659863946], [9471, 0.9281038851351351], [9535, 0.928376677852349], [9599, 0.9288541666666666], [9663, 0.9291183774834437], [9727, 0.9294819078947368], [9791, 0.9297385620915033], [9855, 0.929788961038961], [9919, 0.9299395161290323], [9983, 0.9302884615384616], [9999, 0.9303]], "candidate_count_total": 28, "confirmed_count_total": 27, "created_at": 1768236241.177127, "confirm_rule_effective": "perm_test", "last_perm_pvalue": 0.004975124378109453, "last_perm_effect": 0.43442393672202967, "perm_test_count_total": 27, "perm_accept_count_total": 27, "perm_reject_count_total": 0, "perm_alpha": 0.025, "perm_pvalue_p50": 0.004975124378109453, "perm_pvalue_p90": 0.004975124378109453, "perm_pvalue_p99": 0.004975124378109453, "perm_pvalue_le_alpha_ratio": 1.0, "perm_effect_p50": 0.4320290074122093, "perm_effect_p90": 0.45138175153131516, "perm_effect_p99": 0.4872603754868801}