{"dataset_name": "sine_nodrift", "dataset_type": "sine", "model_variant": "ts_drift_adapt", "seed": 3, "monitor_preset": "error_divergence_ph_meta@error.threshold=0.10,error.min_instances=5", "monitor_preset_base": "error_divergence_ph_meta", "monitor_ph_params": {"error_rate": {"delta": 0.005, "alpha": 0.15, "threshold": 0.1, "min_instances": 5}, "divergence": {"delta": 0.005, "alpha": 0.1, "threshold": 0.05, "min_instances": 30}}, "monitor_ph_overrides": {"error_rate": {"threshold": 0.1, "min_instances": 5}}, "trigger_mode": "two_stage", "trigger_k": 2, "trigger_threshold": 0.5, "trigger_weights": "__confirm_cooldown=200,__confirm_rule=perm_test,__perm_alpha=0.005,__perm_min_effect=0,__perm_n_perm=200,__perm_post_n=30,__perm_pre_n=500,__perm_rng_seed=0,__perm_stat=vote_score,divergence=0.3,error_rate=0.5,teacher_entropy=0.2", "confirm_window": 3, "confirm_cooldown": 0, "adaptive_cooldown_enabled": 0, "adaptive_window": 10000, "adaptive_lower_per10k": 10.0, "adaptive_upper_per10k": 25.0, "adaptive_cooldown_low": 200, "adaptive_cooldown_high": 500, "severity_scheduler_scale": 1.0, "use_severity_v2": 0, "severity_gate": "none", "severity_gate_min_streak": 1, "entropy_mode": "overconfident", "severity_decay": 0.95, "freeze_baseline_steps": 0, "n_steps": 800, "horizon": 10000, "acc_final": 0.8939, "mean_acc": 0.7847459590991198, "acc_min": 0.296875, "candidate_sample_idxs": [319, 639, 959, 1279, 1599, 1919, 2239, 2559, 3007, 3327, 3647, 3967, 4287, 4607, 4991, 5503, 6079, 6911, 7935, 8255, 8575, 9407, 9727], "confirmed_sample_idxs": [639, 959, 1279, 1599, 1919, 2239, 2559, 3007, 3327, 3647, 3967, 4287, 4607, 4991, 5503, 6079, 6911, 7935, 8255, 8575, 9407, 9727], "acc_series": [[63, 0.296875], [127, 0.4375], [191, 0.5104166666666666], [255, 0.51171875], [319, 0.53125], [383, 0.5572916666666666], [447, 0.5714285714285714], [511, 0.58984375], [575, 0.5833333333333334], [639, 0.5796875], [703, 0.578125], [767, 0.5703125], [831, 0.5733173076923077], [895, 0.5803571428571429], [959, 0.58125], [1023, 0.57421875], [1087, 0.578125], [1151, 0.5911458333333334], [1215, 0.5986842105263158], [1279, 0.61328125], [1343, 0.6183035714285714], [1407, 0.6242897727272727], [1471, 0.6358695652173914], [1535, 0.6458333333333334], [1599, 0.656875], [1663, 0.6634615384615384], [1727, 0.6684027777777778], [1791, 0.6696428571428571], [1855, 0.6729525862068966], [1919, 0.6776041666666667], [1983, 0.6859879032258065], [2047, 0.69384765625], [2111, 0.7002840909090909], [2175, 0.7081801470588235], [2239, 0.7151785714285714], [2303, 0.7204861111111112], [2367, 0.7242398648648649], [2431, 0.7273848684210527], [2495, 0.7307692307692307], [2559, 0.7328125], [2623, 0.734375], [2687, 0.7362351190476191], [2751, 0.7394622093023255], [2815, 0.7428977272727273], [2879, 0.7479166666666667], [2943, 0.75], [3007, 0.753656914893617], [3071, 0.7555338541666666], [3135, 0.7598852040816326], [3199, 0.76375], [3263, 0.7671568627450981], [3327, 0.7710336538461539], [3391, 0.7747641509433962], [3455, 0.7774884259259259], [3519, 0.7803977272727273], [3583, 0.7826450892857143], [3647, 0.7853618421052632], [3711, 0.7879849137931034], [3775, 0.7913135593220338], [3839, 0.7942708333333334], [3903, 0.7958504098360656], [3967, 0.7981350806451613], [4031, 0.8005952380952381], [4095, 0.802490234375], [4159, 0.8052884615384616], [4223, 0.8077651515151515], [4287, 0.8097014925373134], [4351, 0.8102022058823529], [4415, 0.8120471014492754], [4479, 0.8136160714285714], [4543, 0.8153609154929577], [4607, 0.8174913194444444], [4671, 0.8193493150684932], [4735, 0.8213682432432432], [4799, 0.8235416666666666], [4863, 0.8246299342105263], [4927, 0.8260957792207793], [4991, 0.8275240384615384], [5055, 0.8291139240506329], [5119, 0.83046875], [5183, 0.831983024691358], [5247, 0.8336509146341463], [5311, 0.8347138554216867], [5375, 0.8363095238095238], [5439, 0.8380514705882353], [5503, 0.8390261627906976], [5567, 0.8405172413793104], [5631, 0.8416193181818182], [5695, 0.8432233146067416], [5759, 0.8446180555555556], [5823, 0.8463255494505495], [5887, 0.8469769021739131], [5951, 0.8477822580645161], [6015, 0.8492353723404256], [6079, 0.8506578947368421], [6143, 0.8517252604166666], [6207, 0.8530927835051546], [6271, 0.8544323979591837], [6335, 0.8555871212121212], [6399, 0.85609375], [6463, 0.8565903465346535], [6527, 0.8576899509803921], [6591, 0.8589199029126213], [6655, 0.8595252403846154], [6719, 0.8605654761904762], [6783, 0.8612912735849056], [6847, 0.861857476635514], [6911, 0.8622685185185185], [6975, 0.8632454128440367], [7039, 0.8642045454545455], [7103, 0.8652871621621622], [7167, 0.8663504464285714], [7231, 0.8675331858407079], [7295, 0.8678728070175439], [7359, 0.8686141304347826], [7423, 0.869073275862069], [7487, 0.8700587606837606], [7551, 0.8707627118644068], [7615, 0.8714548319327731], [7679, 0.8723958333333334], [7743, 0.8734504132231405], [7807, 0.874359631147541], [7871, 0.8751270325203252], [7935, 0.876008064516129], [7999, 0.876875], [8063, 0.8776041666666666], [8127, 0.8783218503937008], [8191, 0.879150390625], [8255, 0.8797238372093024], [8319, 0.8805288461538462], [8383, 0.8810830152671756], [8447, 0.8816287878787878], [8511, 0.8821663533834586], [8575, 0.8828125], [8639, 0.883449074074074], [8703, 0.8837316176470589], [8767, 0.8844662408759124], [8831, 0.8851902173913043], [8895, 0.8854541366906474], [8959, 0.8859375], [9023, 0.8866356382978723], [9087, 0.8871038732394366], [9151, 0.8875655594405595], [9215, 0.8879123263888888], [9279, 0.8885775862068965], [9343, 0.8892337328767124], [9407, 0.8897746598639455], [9471, 0.8904138513513513], [9535, 0.8909395973154363], [9599, 0.8913541666666667], [9663, 0.8915562913907285], [9727, 0.8920641447368421], [9791, 0.8924632352941176], [9855, 0.8929586038961039], [9919, 0.8933467741935484], [9983, 0.893729967948718], [9999, 0.8939]], "candidate_count_total": 23, "confirmed_count_total": 22, "created_at": 1768151200.1303468, "confirm_rule_effective": "perm_test", "last_perm_pvalue": 0.004975124378109453, "last_perm_effect": 0.42717084302424546, "perm_test_count_total": 22, "perm_accept_count_total": 22, "perm_reject_count_total": 0, "perm_alpha": 0.005, "perm_pvalue_p50": 0.004975124378109453, "perm_pvalue_p90": 0.004975124378109453, "perm_pvalue_p99": 0.004975124378109453, "perm_pvalue_le_alpha_ratio": 1.0, "perm_effect_p50": 0.4438917486584927, "perm_effect_p90": 0.4980477101436979, "perm_effect_p99": 0.5}