{"dataset_name": "sine_nodrift", "dataset_type": "sine", "model_variant": "ts_drift_adapt", "seed": 5, "monitor_preset": "error_divergence_ph_meta@error.threshold=0.10,error.min_instances=5", "monitor_preset_base": "error_divergence_ph_meta", "monitor_ph_params": {"error_rate": {"delta": 0.005, "alpha": 0.15, "threshold": 0.1, "min_instances": 5}, "divergence": {"delta": 0.005, "alpha": 0.1, "threshold": 0.05, "min_instances": 30}}, "monitor_ph_overrides": {"error_rate": {"threshold": 0.1, "min_instances": 5}}, "trigger_mode": "two_stage", "trigger_k": 2, "trigger_threshold": 0.5, "trigger_weights": "__confirm_cooldown=200,__confirm_rule=perm_test,__perm_alpha=0.005,__perm_min_effect=0,__perm_n_perm=200,__perm_post_n=30,__perm_pre_n=200,__perm_rng_seed=0,__perm_stat=fused_score,divergence=0.3,error_rate=0.5,teacher_entropy=0.2", "confirm_window": 3, "confirm_cooldown": 0, "adaptive_cooldown_enabled": 0, "adaptive_window": 10000, "adaptive_lower_per10k": 10.0, "adaptive_upper_per10k": 25.0, "adaptive_cooldown_low": 200, "adaptive_cooldown_high": 500, "severity_scheduler_scale": 1.0, "use_severity_v2": 0, "severity_gate": "none", "severity_gate_min_streak": 1, "entropy_mode": "overconfident", "severity_decay": 0.95, "freeze_baseline_steps": 0, "n_steps": 800, "horizon": 10000, "acc_final": 0.8932, "mean_acc": 0.7923627750869515, "acc_min": 0.421875, "candidate_sample_idxs": [319, 639, 959, 1279, 1599, 2111, 2431, 2815, 3135, 3455, 3775, 4159, 4543, 4863, 5183, 5503, 5823, 6143, 6847, 7167, 7487, 7807, 8383, 9535], "confirmed_sample_idxs": [639, 1279, 2303, 3647, 4159, 4607, 4863, 5311, 5823, 6143, 6847, 7615, 8383, 9535], "acc_series": [[63, 0.421875], [127, 0.4765625], [191, 0.515625], [255, 0.5390625], [319, 0.540625], [383, 0.546875], [447, 0.5357142857142857], [511, 0.529296875], [575, 0.5416666666666666], [639, 0.546875], [703, 0.5525568181818182], [767, 0.5494791666666666], [831, 0.5420673076923077], [895, 0.546875], [959, 0.5583333333333333], [1023, 0.58203125], [1087, 0.5983455882352942], [1151, 0.6128472222222222], [1215, 0.6258223684210527], [1279, 0.63828125], [1343, 0.6480654761904762], [1407, 0.6576704545454546], [1471, 0.6691576086956522], [1535, 0.6803385416666666], [1599, 0.6925], [1663, 0.7001201923076923], [1727, 0.7037037037037037], [1791, 0.7087053571428571], [1855, 0.7122844827586207], [1919, 0.7151041666666667], [1983, 0.71875], [2047, 0.72216796875], [2111, 0.7253787878787878], [2175, 0.7261029411764706], [2239, 0.7267857142857143], [2303, 0.73046875], [2367, 0.7360641891891891], [2431, 0.740953947368421], [2495, 0.7459935897435898], [2559, 0.74921875], [2623, 0.7545731707317073], [2687, 0.7593005952380952], [2751, 0.7634447674418605], [2815, 0.7677556818181818], [2879, 0.7715277777777778], [2943, 0.774796195652174], [3007, 0.777593085106383], [3071, 0.7796223958333334], [3135, 0.7831632653061225], [3199, 0.7846875], [3263, 0.7876838235294118], [3327, 0.7902644230769231], [3391, 0.7915683962264151], [3455, 0.7939814814814815], [3519, 0.7957386363636364], [3583, 0.7993861607142857], [3647, 0.8020833333333334], [3711, 0.8044181034482759], [3775, 0.8066737288135594], [3839, 0.8096354166666667], [3903, 0.8125], [3967, 0.8152721774193549], [4031, 0.8172123015873016], [4095, 0.819580078125], [4159, 0.8199519230769231], [4223, 0.8205492424242424], [4287, 0.8218283582089553], [4351, 0.8226102941176471], [4415, 0.8245018115942029], [4479, 0.8261160714285715], [4543, 0.8279049295774648], [4607, 0.8289930555555556], [4671, 0.830693493150685], [4735, 0.831081081081081], [4799, 0.8314583333333333], [4863, 0.8316200657894737], [4927, 0.8327922077922078], [4991, 0.8347355769230769], [5055, 0.8362341772151899], [5119, 0.8359375], [5183, 0.8371913580246914], [5247, 0.8378429878048781], [5311, 0.837914156626506], [5375, 0.8390997023809523], [5439, 0.8400735294117647], [5503, 0.8415697674418605], [5567, 0.8432112068965517], [5631, 0.8448153409090909], [5695, 0.8458567415730337], [5759, 0.8475694444444445], [5823, 0.8478708791208791], [5887, 0.849014945652174], [5951, 0.8501344086021505], [6015, 0.8512300531914894], [6079, 0.852796052631579], [6143, 0.8538411458333334], [6207, 0.8545425257731959], [6271, 0.8557079081632653], [6335, 0.8566919191919192], [6399, 0.85734375], [6463, 0.8581373762376238], [6527, 0.8592218137254902], [6591, 0.8602851941747572], [6655, 0.8610276442307693], [6719, 0.8613095238095239], [6783, 0.8623231132075472], [6847, 0.8627336448598131], [6911, 0.8634259259259259], [6975, 0.8645355504587156], [7039, 0.8651988636363637], [7103, 0.8662725225225225], [7167, 0.8673270089285714], [7231, 0.8682245575221239], [7295, 0.8691063596491229], [7359, 0.8701086956521739], [7423, 0.87109375], [7487, 0.8717948717948718], [7551, 0.8724841101694916], [7615, 0.8732930672268907], [7679, 0.8735677083333333], [7743, 0.8739669421487604], [7807, 0.8748719262295082], [7871, 0.8752540650406504], [7935, 0.8757560483870968], [7999, 0.876375], [8063, 0.8768601190476191], [8127, 0.8769685039370079], [8191, 0.877685546875], [8255, 0.8785125968992248], [8319, 0.8789663461538462], [8383, 0.8794131679389313], [8447, 0.8803267045454546], [8511, 0.8807565789473685], [8575, 0.8814132462686567], [8639, 0.8819444444444444], [8703, 0.8820082720588235], [8767, 0.8826414233576643], [8831, 0.8832653985507246], [8895, 0.8839928057553957], [8959, 0.8845982142857143], [9023, 0.8851950354609929], [9087, 0.8860035211267606], [9151, 0.8866914335664335], [9215, 0.8870442708333334], [9279, 0.8876077586206896], [9343, 0.8881635273972602], [9407, 0.8883928571428571], [9471, 0.8888302364864865], [9535, 0.8890520134228188], [9599, 0.8896875], [9663, 0.8902110927152318], [9727, 0.8909333881578947], [9791, 0.8915441176470589], [9855, 0.8918425324675324], [9919, 0.8923387096774194], [9983, 0.8930288461538461], [9999, 0.8932]], "candidate_count_total": 20, "confirmed_count_total": 14, "created_at": 1768148807.4298956, "confirm_rule_effective": "perm_test", "last_perm_pvalue": 0.004975124378109453, "last_perm_effect": 0.0787046928935641, "perm_test_count_total": 45, "perm_accept_count_total": 14, "perm_reject_count_total": 31, "perm_alpha": 0.005, "perm_pvalue_p50": 1.0, "perm_pvalue_p90": 1.0, "perm_pvalue_p99": 1.0, "perm_pvalue_le_alpha_ratio": 0.3111111111111111, "perm_effect_p50": -0.009035800681800763, "perm_effect_p90": 0.06847628879463358, "perm_effect_p99": 0.1190460926110059}