{"dataset_name": "INSECTS_abrupt_balanced", "dataset_type": "insects_real", "model_variant": "ts_drift_adapt_severity", "seed": 15, "monitor_preset": "error_divergence_ph_meta@error.threshold=0.05,error.min_instances=5", "monitor_preset_base": "error_divergence_ph_meta", "monitor_ph_params": {"error_rate": {"delta": 0.005, "alpha": 0.15, "threshold": 0.05, "min_instances": 5}, "divergence": {"delta": 0.005, "alpha": 0.1, "threshold": 0.05, "min_instances": 30}}, "monitor_ph_overrides": {"error_rate": {"threshold": 0.05, "min_instances": 5}}, "trigger_mode": "two_stage", "trigger_k": 2, "trigger_threshold": 0.5, "trigger_weights": "confirm_cooldown=200,divergence=0.3,error_rate=0.5,teacher_entropy=0.2", "confirm_window": 1, "confirm_cooldown": 0, "adaptive_cooldown_enabled": 0, "adaptive_window": 10000, "adaptive_lower_per10k": 10.0, "adaptive_upper_per10k": 25.0, "adaptive_cooldown_low": 200, "adaptive_cooldown_high": 500, "severity_scheduler_scale": 2.0, "use_severity_v2": 1, "severity_gate": "none", "severity_gate_min_streak": 1, "entropy_mode": "uncertain", "severity_decay": 0.95, "freeze_baseline_steps": 5, "n_steps": 1200, "horizon": 52847, "acc_final": 0.20712623233106894, "mean_acc": 0.19884707355295325, "acc_min": 0.16796875, "candidate_sample_idxs": [1279, 2559, 3839, 5119, 6399, 7679, 8959, 10751, 12031, 13311, 14591, 15871, 17919, 19199, 20479, 21759, 23039, 24319, 25599, 26879, 28159, 30975, 32255, 33535, 34815, 36095, 37375, 38655, 39935, 41215, 42495, 43775, 45055, 46335, 47615, 48895, 50175, 51455, 52735], "confirmed_sample_idxs": [1279, 2559, 3839, 5119, 6399, 7679, 8959, 10751, 12031, 13311, 14591, 15871, 17919, 19199, 20479, 21759, 23039, 24319, 25599, 26879, 28159, 30975, 32255, 33535, 34815, 36095, 37375, 38655, 39935, 41215, 42495, 43775, 45055, 46335, 47615, 48895, 50175, 51455, 52735], "acc_series": [[255, 0.16796875], [511, 0.177734375], [767, 0.1796875], [1023, 0.181640625], [1279, 0.18046875], [1535, 0.1796875], [1791, 0.18247767857142858], [2047, 0.18115234375], [2303, 0.1779513888888889], [2559, 0.176953125], [2815, 0.18217329545454544], [3071, 0.18522135416666666], [3327, 0.18449519230769232], [3583, 0.185546875], [3839, 0.18463541666666666], [4095, 0.1865234375], [4351, 0.1870404411764706], [4607, 0.1875], [4863, 0.18976151315789475], [5119, 0.191796875], [5375, 0.19270833333333334], [5631, 0.19495738636363635], [5887, 0.19802989130434784], [6143, 0.19710286458333334], [6399, 0.19890625], [6655, 0.20147235576923078], [6911, 0.20124421296296297], [7167, 0.20131138392857142], [7423, 0.20379849137931033], [7679, 0.204296875], [7935, 0.20514112903225806], [8191, 0.206298828125], [8447, 0.20537405303030304], [8703, 0.20806525735294118], [8959, 0.20848214285714287], [9215, 0.20865885416666666], [9471, 0.20850929054054054], [9727, 0.20836759868421054], [9983, 0.20923477564102563], [10239, 0.2103515625], [10495, 0.21017530487804878], [10751, 0.21103050595238096], [11007, 0.21130087209302326], [11263, 0.21226917613636365], [11519, 0.2126736111111111], [11775, 0.212890625], [12031, 0.2142619680851064], [12287, 0.21468098958333334], [12543, 0.21595982142857142], [12799, 0.212578125], [13055, 0.20840992647058823], [13311, 0.20440204326923078], [13567, 0.2006191037735849], [13823, 0.19741030092592593], [14079, 0.19914772727272728], [14335, 0.20591517857142858], [14591, 0.20333059210526316], [14847, 0.19989224137931033], [15103, 0.19657044491525424], [15359, 0.19329427083333334], [15615, 0.19012551229508196], [15871, 0.18705897177419356], [16127, 0.18415178571428573], [16383, 0.1812744140625], [16639, 0.17848557692307693], [16895, 0.17578125], [17151, 0.17315764925373134], [17407, 0.17066865808823528], [17663, 0.1683084239130435], [17919, 0.16824776785714285], [18175, 0.17292033450704225], [18431, 0.1759982638888889], [18687, 0.1793129280821918], [18943, 0.18185177364864866], [19199, 0.18473958333333335], [19455, 0.18785978618421054], [19711, 0.18902191558441558], [19967, 0.18865184294871795], [20223, 0.18848892405063292], [20479, 0.1884765625], [20735, 0.18841628086419754], [20991, 0.18850038109756098], [21247, 0.1890530873493976], [21503, 0.18917410714285715], [21759, 0.18965992647058824], [22015, 0.19013444767441862], [22271, 0.19041846264367815], [22527, 0.19069602272727273], [22783, 0.191625702247191], [23039, 0.19283854166666667], [23295, 0.19363839285714285], [23551, 0.19522758152173914], [23807, 0.19682459677419356], [24063, 0.1983460771276596], [24319, 0.19938322368421052], [24575, 0.20064290364583334], [24831, 0.20171552835051546], [25087, 0.20308514030612246], [25343, 0.2047427398989899], [25599, 0.2059765625], [25855, 0.20714727722772278], [26111, 0.20791207107843138], [26367, 0.20877578883495146], [26623, 0.20984825721153846], [26879, 0.21078869047619048], [27135, 0.21163767688679244], [27391, 0.21250730140186916], [27647, 0.21383101851851852], [27903, 0.21459288990825687], [28159, 0.21274857954545454], [28415, 0.21083192567567569], [28671, 0.20894949776785715], [28927, 0.20710038716814158], [29183, 0.20528371710526316], [29439, 0.20349864130434783], [29695, 0.2017780172413793], [29951, 0.20012019230769232], [30207, 0.1987884004237288], [30463, 0.19734768907563024], [30719, 0.1958984375], [30975, 0.19486053719008264], [31231, 0.1936155225409836], [31487, 0.19254954268292682], [31743, 0.19200478830645162], [31999, 0.1919375], [32255, 0.19326636904761904], [32511, 0.19451279527559054], [32767, 0.196380615234375], [33023, 0.19837088178294573], [33279, 0.198828125], [33535, 0.19853291984732824], [33791, 0.1991595643939394], [34047, 0.19948308270676693], [34303, 0.19933535447761194], [34559, 0.19930555555555557], [34815, 0.19890280330882354], [35071, 0.19884808394160583], [35327, 0.1989356884057971], [35583, 0.19930305755395683], [35839, 0.19946986607142858], [36095, 0.1994957890070922], [36351, 0.19971390845070422], [36607, 0.19973776223776224], [36863, 0.19954427083333334], [37119, 0.1995959051724138], [37375, 0.1995130565068493], [37631, 0.19967049319727892], [37887, 0.20016891891891891], [38143, 0.20029362416107382], [38399, 0.198984375], [38655, 0.1976924668874172], [38911, 0.19729132401315788], [39167, 0.19727839052287582], [39423, 0.19711343344155843], [39679, 0.1974546370967742], [39935, 0.1977413862179487], [40191, 0.1979249601910828], [40447, 0.19820510284810128], [40703, 0.198530856918239], [40959, 0.1991943359375], [41215, 0.19943711180124224], [41471, 0.20008680555555555], [41727, 0.2004409509202454], [41983, 0.2008860518292683], [42239, 0.2015625], [42495, 0.2022307981927711], [42751, 0.20272735778443113], [43007, 0.20352027529761904], [43263, 0.20446560650887574], [43519, 0.2052389705882353], [43775, 0.20595760233918128], [44031, 0.20721293604651161], [44287, 0.20759573699421965], [44543, 0.2081761853448276], [44799, 0.20901785714285714], [45055, 0.20991654829545456], [45311, 0.2104299081920904], [45567, 0.21124473314606743], [45823, 0.21209409916201116], [46079, 0.21315104166666668], [46335, 0.21410997928176795], [46591, 0.2148222870879121], [46847, 0.2149077868852459], [47103, 0.2137398097826087], [47359, 0.21258445945945945], [47615, 0.21144153225806453], [47871, 0.21031082887700533], [48127, 0.20919215425531915], [48383, 0.20810598544973544], [48639, 0.20707236842105264], [48895, 0.206151832460733], [49151, 0.20530192057291666], [49407, 0.20458225388601037], [49663, 0.20393041237113402], [49919, 0.20340544871794872], [50175, 0.2031847895408163], [50431, 0.20354140228426396], [50687, 0.20415088383838384], [50943, 0.20481312814070352], [51199, 0.205703125], [51455, 0.20714785447761194], [51711, 0.20852026608910892], [51967, 0.21001385467980296], [52223, 0.2095971200980392], [52479, 0.20857469512195123], [52735, 0.20756219660194175], [52846, 0.20712623233106894]], "candidate_count_total": 39, "confirmed_count_total": 39, "created_at": 1767889539.241252}