{"dataset_name": "sine_nodrift", "dataset_type": "sine", "model_variant": "ts_drift_adapt", "seed": 4, "monitor_preset": "error_divergence_ph_meta@error.threshold=0.10,error.min_instances=5", "monitor_preset_base": "error_divergence_ph_meta", "monitor_ph_params": {"error_rate": {"delta": 0.005, "alpha": 0.15, "threshold": 0.1, "min_instances": 5}, "divergence": {"delta": 0.005, "alpha": 0.1, "threshold": 0.05, "min_instances": 30}}, "monitor_ph_overrides": {"error_rate": {"threshold": 0.1, "min_instances": 5}}, "trigger_mode": "two_stage", "trigger_k": 2, "trigger_threshold": 0.5, "trigger_weights": "__confirm_cooldown=200,__confirm_rule=perm_test,__perm_alpha=0.05,__perm_min_effect=0,__perm_n_perm=200,__perm_post_n=50,__perm_pre_n=200,__perm_rng_seed=0,__perm_stat=vote_score,divergence=0.3,error_rate=0.5,teacher_entropy=0.2", "confirm_window": 3, "confirm_cooldown": 0, "adaptive_cooldown_enabled": 0, "adaptive_window": 10000, "adaptive_lower_per10k": 10.0, "adaptive_upper_per10k": 25.0, "adaptive_cooldown_low": 200, "adaptive_cooldown_high": 500, "severity_scheduler_scale": 1.0, "use_severity_v2": 0, "severity_gate": "none", "severity_gate_min_streak": 1, "entropy_mode": "overconfident", "severity_decay": 0.95, "freeze_baseline_steps": 0, "n_steps": 800, "horizon": 10000, "acc_final": 0.9002, "mean_acc": 0.8047800805365561, "acc_min": 0.421875, "candidate_sample_idxs": [319, 639, 959, 1279, 1599, 1919, 2239, 2559, 3263, 3583, 3903, 4223, 4543, 4863, 5183, 5503, 5823, 6463, 7039, 7359, 7679, 7999, 8319, 8639, 9407, 9727], "confirmed_sample_idxs": [639, 959, 1279, 1599, 1919, 2239, 2559, 3263, 3583, 3903, 4223, 4543, 4863, 5183, 5503, 5823, 6463, 7039, 7359, 7679, 7999, 8319, 8639, 9407, 9727], "acc_series": [[63, 0.421875], [127, 0.453125], [191, 0.5052083333333334], [255, 0.51953125], [319, 0.540625], [383, 0.5598958333333334], [447, 0.5892857142857143], [511, 0.587890625], [575, 0.5833333333333334], [639, 0.584375], [703, 0.5894886363636364], [767, 0.5833333333333334], [831, 0.5745192307692307], [895, 0.5714285714285714], [959, 0.58125], [1023, 0.58984375], [1087, 0.6029411764705882], [1151, 0.6189236111111112], [1215, 0.6299342105263158], [1279, 0.640625], [1343, 0.6465773809523809], [1407, 0.6569602272727273], [1471, 0.6671195652173914], [1535, 0.6744791666666666], [1599, 0.681875], [1663, 0.6905048076923077], [1727, 0.6996527777777778], [1791, 0.7042410714285714], [1855, 0.7117456896551724], [1919, 0.7177083333333333], [1983, 0.7202620967741935], [2047, 0.72607421875], [2111, 0.7324810606060606], [2175, 0.7389705882352942], [2239, 0.74375], [2303, 0.7469618055555556], [2367, 0.7504222972972973], [2431, 0.7557565789473685], [2495, 0.7608173076923077], [2559, 0.762890625], [2623, 0.7675304878048781], [2687, 0.7726934523809523], [2751, 0.7761627906976745], [2815, 0.7776988636363636], [2879, 0.78125], [2943, 0.7853260869565217], [3007, 0.7882313829787234], [3071, 0.791015625], [3135, 0.7933673469387755], [3199, 0.7959375], [3263, 0.7987132352941176], [3327, 0.8016826923076923], [3391, 0.8045400943396226], [3455, 0.8072916666666666], [3519, 0.8096590909090909], [3583, 0.8116629464285714], [3647, 0.8146929824561403], [3711, 0.8173491379310345], [3775, 0.8201800847457628], [3839, 0.82265625], [3903, 0.8240266393442623], [3967, 0.8261088709677419], [4031, 0.8286210317460317], [4095, 0.83056640625], [4159, 0.8322115384615385], [4223, 0.8335700757575758], [4287, 0.8348880597014925], [4351, 0.8363970588235294], [4415, 0.838088768115942], [4479, 0.8401785714285714], [4543, 0.8413292253521126], [4607, 0.8428819444444444], [4671, 0.8443921232876712], [4735, 0.8462837837837838], [4799, 0.8475], [4863, 0.8490953947368421], [4927, 0.8506493506493507], [4991, 0.8513621794871795], [5055, 0.8524525316455697], [5119, 0.8537109375], [5183, 0.8539737654320988], [5247, 0.8549923780487805], [5311, 0.8559864457831325], [5375, 0.8575148809523809], [5439, 0.8579044117647059], [5503, 0.8590116279069767], [5567, 0.8604525862068966], [5631, 0.8616832386363636], [5695, 0.8625351123595506], [5759, 0.8637152777777778], [5823, 0.8650412087912088], [5887, 0.8663383152173914], [5951, 0.8676075268817204], [6015, 0.8686835106382979], [6079, 0.8700657894736842], [6143, 0.8712565104166666], [6207, 0.8719394329896907], [6271, 0.8727678571428571], [6335, 0.8735795454545454], [6399, 0.874375], [6463, 0.874690594059406], [6527, 0.8751531862745098], [6591, 0.8763652912621359], [6655, 0.8774038461538461], [6719, 0.878125], [6783, 0.8789799528301887], [6847, 0.8799649532710281], [6911, 0.8807870370370371], [6975, 0.8818807339449541], [7039, 0.8818181818181818], [7103, 0.8827421171171171], [7167, 0.8830915178571429], [7231, 0.8835730088495575], [7295, 0.8837719298245614], [7359, 0.884375], [7423, 0.8851023706896551], [7487, 0.8852831196581197], [7551, 0.885990466101695], [7615, 0.8865546218487395], [7679, 0.8865885416666667], [7743, 0.8871384297520661], [7807, 0.8875512295081968], [7871, 0.8883384146341463], [7935, 0.8886088709677419], [7999, 0.889], [8063, 0.8895089285714286], [8127, 0.88939468503937], [8191, 0.8897705078125], [8255, 0.890140503875969], [8319, 0.8907451923076923], [8383, 0.8913406488549618], [8447, 0.8914535984848485], [8511, 0.8917998120300752], [8575, 0.8921408582089553], [8639, 0.8921296296296296], [8703, 0.8921185661764706], [8767, 0.8924498175182481], [8831, 0.892776268115942], [8895, 0.8932104316546763], [8959, 0.89375], [9023, 0.8940602836879432], [9087, 0.8945862676056338], [9151, 0.8951048951048951], [9215, 0.8957248263888888], [9279, 0.8962284482758621], [9343, 0.8967251712328768], [9407, 0.8970025510204082], [9471, 0.8975929054054054], [9535, 0.8979656040268457], [9599, 0.8983333333333333], [9663, 0.8981788079470199], [9727, 0.8981291118421053], [9791, 0.8983864379084967], [9855, 0.8990462662337663], [9919, 0.8994959677419355], [9983, 0.9000400641025641], [9999, 0.9002]], "candidate_count_total": 26, "confirmed_count_total": 25, "created_at": 1768152596.4329185, "confirm_rule_effective": "perm_test", "last_perm_pvalue": 0.004975124378109453, "last_perm_effect": 0.49099359278925486, "perm_test_count_total": 25, "perm_accept_count_total": 25, "perm_reject_count_total": 0, "perm_alpha": 0.05, "perm_pvalue_p50": 0.004975124378109453, "perm_pvalue_p90": 0.004975124378109453, "perm_pvalue_p99": 0.004975124378109453, "perm_pvalue_le_alpha_ratio": 1.0, "perm_effect_p50": 0.4973318445788866, "perm_effect_p90": 0.5204158161495891, "perm_effect_p99": 0.5245002335747676}