{"dataset_name": "sine_nodrift", "dataset_type": "sine", "model_variant": "ts_drift_adapt", "seed": 4, "monitor_preset": "error_divergence_ph_meta@error.threshold=0.10,error.min_instances=5", "monitor_preset_base": "error_divergence_ph_meta", "monitor_ph_params": {"error_rate": {"delta": 0.005, "alpha": 0.15, "threshold": 0.1, "min_instances": 5}, "divergence": {"delta": 0.005, "alpha": 0.1, "threshold": 0.05, "min_instances": 30}}, "monitor_ph_overrides": {"error_rate": {"threshold": 0.1, "min_instances": 5}}, "trigger_mode": "two_stage", "trigger_k": 2, "trigger_threshold": 0.5, "trigger_weights": "__confirm_cooldown=200,__confirm_rule=perm_test,__perm_alpha=0.01,__perm_min_effect=0,__perm_n_perm=200,__perm_post_n=50,__perm_pre_n=500,__perm_rng_seed=0,__perm_stat=fused_score,divergence=0.3,error_rate=0.5,teacher_entropy=0.2", "confirm_window": 3, "confirm_cooldown": 0, "adaptive_cooldown_enabled": 0, "adaptive_window": 10000, "adaptive_lower_per10k": 10.0, "adaptive_upper_per10k": 25.0, "adaptive_cooldown_low": 200, "adaptive_cooldown_high": 500, "severity_scheduler_scale": 1.0, "use_severity_v2": 0, "severity_gate": "none", "severity_gate_min_streak": 1, "entropy_mode": "overconfident", "severity_decay": 0.95, "freeze_baseline_steps": 0, "n_steps": 800, "horizon": 10000, "acc_final": 0.9253, "mean_acc": 0.8503023671256135, "acc_min": 0.375, "candidate_sample_idxs": [319, 639, 959, 1279, 1599, 1919, 2303, 2623, 2943, 3263, 3583, 4031, 4351, 4671, 4991, 5311, 5695, 6015, 6399, 6783, 7167, 7551, 7871, 8191, 9087, 9407, 9727], "confirmed_sample_idxs": [703, 1279, 1919, 2303, 2687, 3263, 3583, 4031, 4351, 4799, 5695, 6399, 6783, 7167, 7551, 7999, 9087, 9535], "acc_series": [[63, 0.375], [127, 0.4921875], [191, 0.5364583333333334], [255, 0.53125], [319, 0.5375], [383, 0.546875], [447, 0.5669642857142857], [511, 0.59765625], [575, 0.6197916666666666], [639, 0.6375], [703, 0.6590909090909091], [767, 0.6705729166666666], [831, 0.6802884615384616], [895, 0.6964285714285714], [959, 0.7114583333333333], [1023, 0.7216796875], [1087, 0.7316176470588235], [1151, 0.7413194444444444], [1215, 0.7458881578947368], [1279, 0.74609375], [1343, 0.7447916666666666], [1407, 0.7514204545454546], [1471, 0.7574728260869565], [1535, 0.765625], [1599, 0.771875], [1663, 0.7764423076923077], [1727, 0.78125], [1791, 0.7873883928571429], [1855, 0.790948275862069], [1919, 0.7932291666666667], [1983, 0.7973790322580645], [2047, 0.80322265625], [2111, 0.8072916666666666], [2175, 0.8125], [2239, 0.8174107142857143], [2303, 0.8198784722222222], [2367, 0.8230574324324325], [2431, 0.8260690789473685], [2495, 0.8293269230769231], [2559, 0.831640625], [2623, 0.8346036585365854], [2687, 0.8370535714285714], [2751, 0.8397529069767442], [2815, 0.8423295454545454], [2879, 0.8451388888888889], [2943, 0.8468070652173914], [3007, 0.8487367021276596], [3071, 0.8512369791666666], [3135, 0.8539540816326531], [3199, 0.85625], [3263, 0.8569240196078431], [3327, 0.8590745192307693], [3391, 0.8608490566037735], [3455, 0.8628472222222222], [3519, 0.8650568181818182], [3583, 0.8660714285714286], [3647, 0.8675986842105263], [3711, 0.869073275862069], [3775, 0.8707627118644068], [3839, 0.8723958333333334], [3903, 0.8729508196721312], [3967, 0.8747479838709677], [4031, 0.8759920634920635], [4095, 0.877197265625], [4159, 0.8786057692307693], [4223, 0.8785511363636364], [4287, 0.8796641791044776], [4351, 0.8805147058823529], [4415, 0.8820199275362319], [4479, 0.8837053571428571], [4543, 0.8844630281690141], [4607, 0.8858506944444444], [4671, 0.886986301369863], [4735, 0.8883023648648649], [4799, 0.88875], [4863, 0.8895970394736842], [4927, 0.8900162337662337], [4991, 0.8908253205128205], [5055, 0.8912183544303798], [5119, 0.8923828125], [5183, 0.892554012345679], [5247, 0.893483231707317], [5311, 0.8943900602409639], [5375, 0.8956473214285714], [5439, 0.8961397058823529], [5503, 0.896984011627907], [5567, 0.897808908045977], [5631, 0.8986150568181818], [5695, 0.8992275280898876], [5759, 0.9001736111111112], [5823, 0.9009271978021978], [5887, 0.9016644021739131], [5951, 0.902385752688172], [6015, 0.9032579787234043], [6079, 0.9039473684210526], [6143, 0.9046223958333334], [6207, 0.9054445876288659], [6271, 0.9059311224489796], [6335, 0.9064078282828283], [6399, 0.906875], [6463, 0.9067141089108911], [6527, 0.9071691176470589], [6591, 0.9076152912621359], [6655, 0.908203125], [6719, 0.9086309523809524], [6783, 0.9089033018867925], [6847, 0.9097546728971962], [6911, 0.9104456018518519], [6975, 0.9112672018348624], [7039, 0.9113636363636364], [7103, 0.9120213963963963], [7167, 0.912109375], [7231, 0.9127488938053098], [7295, 0.9132401315789473], [7359, 0.9137228260869565], [7423, 0.9141971982758621], [7487, 0.9143963675213675], [7551, 0.9145921610169492], [7615, 0.9149159663865546], [7679, 0.91484375], [7743, 0.9152892561983471], [7807, 0.9157274590163934], [7871, 0.9164126016260162], [7935, 0.9165826612903226], [7999, 0.91675], [8063, 0.9170386904761905], [8127, 0.9168307086614174], [8191, 0.9169921875], [8255, 0.9173934108527132], [8319, 0.9180288461538462], [8383, 0.9184160305343512], [8447, 0.9185606060606061], [8511, 0.918703007518797], [8575, 0.9188432835820896], [8639, 0.9188657407407408], [8703, 0.9191176470588235], [8767, 0.9193658759124088], [8831, 0.9192708333333334], [8895, 0.9195143884892086], [8959, 0.9196428571428571], [9023, 0.92010195035461], [9087, 0.9204445422535211], [9151, 0.9210008741258742], [9215, 0.9214409722222222], [9279, 0.921875], [9343, 0.922410102739726], [9407, 0.9228316326530612], [9471, 0.9232474662162162], [9535, 0.9236577181208053], [9599, 0.9239583333333333], [9663, 0.9240480132450332], [9727, 0.9242393092105263], [9791, 0.9245302287581699], [9855, 0.9249188311688312], [9919, 0.9248991935483871], [9983, 0.9251802884615384], [9999, 0.9253]], "candidate_count_total": 24, "confirmed_count_total": 18, "created_at": 1768129502.6385546, "confirm_rule_effective": "perm_test", "last_perm_pvalue": 0.004975124378109453, "last_perm_effect": 0.02501654253653443, "perm_test_count_total": 46, "perm_accept_count_total": 18, "perm_reject_count_total": 28, "perm_alpha": 0.01, "perm_pvalue_p50": 0.5373134328358209, "perm_pvalue_p90": 1.0, "perm_pvalue_p99": 1.0, "perm_pvalue_le_alpha_ratio": 0.391304347826087, "perm_effect_p50": 0.0024784823158124124, "perm_effect_p90": 0.06517255138495123, "perm_effect_p99": 0.09337903051783497}