{"dataset_name": "INSECTS_abrupt_balanced", "dataset_type": "insects_real", "model_variant": "ts_drift_adapt", "seed": 6, "monitor_preset": "error_divergence_ph_meta@error.threshold=0.05,error.min_instances=5", "monitor_preset_base": "error_divergence_ph_meta", "monitor_ph_params": {"error_rate": {"delta": 0.005, "alpha": 0.15, "threshold": 0.05, "min_instances": 5}, "divergence": {"delta": 0.005, "alpha": 0.1, "threshold": 0.05, "min_instances": 30}}, "monitor_ph_overrides": {"error_rate": {"threshold": 0.05, "min_instances": 5}}, "trigger_mode": "two_stage", "trigger_k": 2, "trigger_threshold": 0.5, "trigger_weights": "confirm_cooldown=200,divergence=0.3,error_rate=0.5,teacher_entropy=0.2", "confirm_window": 1, "confirm_cooldown": 0, "severity_scheduler_scale": 1.0, "use_severity_v2": 0, "severity_gate": "none", "severity_gate_min_streak": 1, "entropy_mode": "overconfident", "severity_decay": 0.95, "freeze_baseline_steps": 0, "n_steps": 1200, "horizon": 52847, "acc_final": 0.1959240827293886, "mean_acc": 0.19191129541737068, "acc_min": 0.155174365942029, "candidate_sample_idxs": [1279, 2559, 3839, 5119, 6399, 7679, 8959, 10239, 11519, 12799, 14079, 15359, 17919, 19199, 20479, 21759, 23039, 24319, 25599, 26879, 28159, 29695, 30975, 32255, 33535, 34815, 36095, 37375, 38655, 39935, 41215, 42495, 43775, 45055, 46335, 47615, 49407, 50687, 51967], "confirmed_sample_idxs": [1279, 2559, 3839, 5119, 6399, 7679, 8959, 10239, 11519, 12799, 14079, 15359, 17919, 19199, 20479, 21759, 23039, 24319, 25599, 26879, 28159, 29695, 30975, 32255, 33535, 34815, 36095, 37375, 38655, 39935, 41215, 42495, 43775, 45055, 46335, 47615, 49407, 50687, 51967], "acc_series": [[255, 0.1953125], [511, 0.1875], [767, 0.18359375], [1023, 0.173828125], [1279, 0.178125], [1535, 0.18294270833333334], [1791, 0.18805803571428573], [2047, 0.19482421875], [2303, 0.1918402777777778], [2559, 0.19296875], [2815, 0.19140625], [3071, 0.19140625], [3327, 0.19200721153846154], [3583, 0.19280133928571427], [3839, 0.19322916666666667], [4095, 0.193603515625], [4351, 0.19393382352941177], [4607, 0.1950954861111111], [4863, 0.1942845394736842], [5119, 0.192578125], [5375, 0.19345238095238096], [5631, 0.19513494318181818], [5887, 0.19650135869565216], [6143, 0.19514973958333334], [6399, 0.1959375], [6655, 0.1954627403846154], [6911, 0.1970486111111111], [7167, 0.19740513392857142], [7423, 0.19935344827586207], [7679, 0.19869791666666667], [7935, 0.19947076612903225], [8191, 0.2003173828125], [8447, 0.20004734848484848], [8703, 0.20002297794117646], [8959, 0.19955357142857144], [9215, 0.19921875], [9471, 0.19942989864864866], [9727, 0.20045230263157895], [9983, 0.2008213141025641], [10239, 0.2025390625], [10495, 0.2032202743902439], [10751, 0.20489211309523808], [11007, 0.20648619186046513], [11263, 0.2071200284090909], [11519, 0.2076388888888889], [11775, 0.20796535326086957], [12031, 0.20777925531914893], [12287, 0.2080078125], [12543, 0.20862563775510204], [12799, 0.2053125], [13055, 0.20128676470588236], [13311, 0.1974158653846154], [13567, 0.19369103773584906], [13823, 0.1902488425925926], [14079, 0.18806818181818183], [14335, 0.19008091517857142], [14591, 0.1875685307017544], [14847, 0.18433459051724138], [15103, 0.18127648305084745], [15359, 0.17825520833333333], [15615, 0.1753329918032787], [15871, 0.17250504032258066], [16127, 0.16982886904761904], [16383, 0.16717529296875], [16639, 0.1646033653846154], [16895, 0.162109375], [17151, 0.15968983208955223], [17407, 0.15739889705882354], [17663, 0.155174365942029], [17919, 0.15541294642857142], [18175, 0.16076144366197184], [18431, 0.1647677951388889], [18687, 0.16855736301369864], [18943, 0.17245565878378377], [19199, 0.17640625], [19455, 0.18040707236842105], [19711, 0.18217329545454544], [19967, 0.18274238782051283], [20223, 0.18280261075949367], [20479, 0.18330078125], [20735, 0.18335262345679013], [20991, 0.1838795731707317], [21247, 0.18462914156626506], [21503, 0.18526785714285715], [21759, 0.18612132352941177], [22015, 0.18722747093023256], [22271, 0.18812859195402298], [22527, 0.18971946022727273], [22783, 0.1915818117977528], [23039, 0.19236111111111112], [23295, 0.19273695054945056], [23551, 0.19403872282608695], [23807, 0.1953125], [24063, 0.19630984042553193], [24319, 0.19724506578947368], [24575, 0.19783528645833334], [24831, 0.19857442010309279], [25087, 0.1996173469387755], [25343, 0.2008364898989899], [25599, 0.201484375], [25855, 0.20266089108910892], [26111, 0.2037377450980392], [26367, 0.20486953883495146], [26623, 0.20609224759615385], [26879, 0.20777529761904762], [27135, 0.2086895636792453], [27391, 0.20987879672897197], [27647, 0.21140769675925927], [27903, 0.21298021788990826], [28159, 0.21150568181818183], [28415, 0.20970579954954954], [28671, 0.20786830357142858], [28927, 0.20630530973451328], [29183, 0.20466694078947367], [29439, 0.20302309782608696], [29695, 0.2013402478448276], [29951, 0.1997195512820513], [30207, 0.19809322033898305], [30463, 0.19665835084033614], [30719, 0.1951171875], [30975, 0.19366606404958678], [31231, 0.19223872950819673], [31487, 0.19092987804878048], [31743, 0.1895476310483871], [31999, 0.18825], [32255, 0.18697296626984128], [32511, 0.1859621062992126], [32767, 0.18505859375], [33023, 0.18459302325581395], [33279, 0.184375], [33535, 0.18439885496183206], [33791, 0.18516216856060605], [34047, 0.185062265037594], [34303, 0.18516791044776118], [34559, 0.18509837962962963], [34815, 0.18497242647058823], [35071, 0.18484831204379562], [35327, 0.1849807518115942], [35583, 0.18536420863309352], [35839, 0.18565848214285716], [36095, 0.1855607269503546], [36351, 0.18579445422535212], [36607, 0.1857790646853147], [36863, 0.1857638888888889], [37119, 0.18591056034482759], [37375, 0.1858946917808219], [37631, 0.18611819727891157], [37887, 0.18644425675675674], [38143, 0.18676593959731544], [38399, 0.18552083333333333], [38655, 0.18429221854304637], [38911, 0.18408203125], [39167, 0.18407883986928106], [39423, 0.18407568993506493], [39679, 0.18404737903225807], [39935, 0.18424479166666666], [40191, 0.18438992834394904], [40447, 0.18411293512658228], [40703, 0.1843062106918239], [40959, 0.184619140625], [41215, 0.18521933229813664], [41471, 0.18607735339506173], [41727, 0.18699674079754602], [41983, 0.18792873475609756], [42239, 0.18887310606060606], [42495, 0.18980609939759036], [42751, 0.19075130988023953], [43007, 0.19173177083333334], [43263, 0.19276997041420119], [43519, 0.1936810661764706], [43775, 0.1944672880116959], [44031, 0.19572129360465115], [44287, 0.1961479407514451], [44543, 0.19679418103448276], [44799, 0.19763392857142856], [45055, 0.1985751065340909], [45311, 0.1993953036723164], [45567, 0.20029406601123595], [45823, 0.2014010125698324], [46079, 0.20266927083333333], [46335, 0.2037292817679558], [46591, 0.20462740384615385], [46847, 0.20478995901639344], [47103, 0.20369819972826086], [47359, 0.20259712837837837], [47615, 0.20150789650537634], [47871, 0.20045120320855614], [48127, 0.19938497340425532], [48383, 0.19839203042328044], [48639, 0.19743009868421052], [48895, 0.19651914267015708], [49151, 0.19569905598958334], [49407, 0.1951505829015544], [49663, 0.19468830541237114], [49919, 0.19429086538461537], [50175, 0.19411670918367346], [50431, 0.19424175126903553], [50687, 0.19446417297979798], [50943, 0.19503768844221106], [51199, 0.196015625], [51455, 0.19677005597014927], [51711, 0.19786509900990099], [51967, 0.1987184421182266], [52223, 0.19826133578431374], [52479, 0.19729420731707317], [52735, 0.19633646844660194], [52846, 0.1959240827293886]], "candidate_count_total": 39, "confirmed_count_total": 39, "created_at": 1767841930.99195}