{"dataset_name": "sine_nodrift", "dataset_type": "sine", "model_variant": "ts_drift_adapt", "seed": 4, "monitor_preset": "error_divergence_ph_meta@error.threshold=0.10,error.min_instances=5", "monitor_preset_base": "error_divergence_ph_meta", "monitor_ph_params": {"error_rate": {"delta": 0.005, "alpha": 0.15, "threshold": 0.1, "min_instances": 5}, "divergence": {"delta": 0.005, "alpha": 0.1, "threshold": 0.05, "min_instances": 30}}, "monitor_ph_overrides": {"error_rate": {"threshold": 0.1, "min_instances": 5}}, "trigger_mode": "two_stage", "trigger_k": 2, "trigger_threshold": 0.5, "trigger_weights": "__confirm_cooldown=200,__confirm_rule=perm_test,__perm_alpha=0.01,__perm_delta_k=50,__perm_min_effect=0,__perm_n_perm=200,__perm_post_n=20,__perm_pre_n=200,__perm_rng_seed=0,__perm_stat=delta_fused_score,divergence=0.3,error_rate=0.5,teacher_entropy=0.2", "confirm_window": 3, "confirm_cooldown": 0, "adaptive_cooldown_enabled": 0, "adaptive_window": 10000, "adaptive_lower_per10k": 10.0, "adaptive_upper_per10k": 25.0, "adaptive_cooldown_low": 200, "adaptive_cooldown_high": 500, "severity_scheduler_scale": 1.0, "use_severity_v2": 0, "severity_gate": "none", "severity_gate_min_streak": 1, "entropy_mode": "overconfident", "severity_decay": 0.95, "freeze_baseline_steps": 0, "n_steps": 800, "horizon": 10000, "acc_final": 0.8978, "mean_acc": 0.8063819994161666, "acc_min": 0.390625, "candidate_sample_idxs": [319, 639, 959, 1279, 1599, 1919, 2239, 2559, 2879, 3199, 3519, 3839, 4159, 4799, 5119, 5439, 5759, 6207, 6527, 6975, 7295, 7871, 8191, 9023, 9343, 9663], "confirmed_sample_idxs": [1023, 1663, 1919, 2303, 2559, 2943, 4031, 4799, 5439, 6207, 6975, 7871, 8191, 9023], "acc_series": [[63, 0.390625], [127, 0.453125], [191, 0.4947916666666667], [255, 0.5], [319, 0.5], [383, 0.5], [447, 0.515625], [511, 0.541015625], [575, 0.5677083333333334], [639, 0.5796875], [703, 0.5923295454545454], [767, 0.6015625], [831, 0.6057692307692307], [895, 0.6171875], [959, 0.6354166666666666], [1023, 0.6455078125], [1087, 0.6571691176470589], [1151, 0.6649305555555556], [1215, 0.6726973684210527], [1279, 0.6796875], [1343, 0.6830357142857143], [1407, 0.6917613636363636], [1471, 0.7010869565217391], [1535, 0.7083333333333334], [1599, 0.715625], [1663, 0.7211538461538461], [1727, 0.7280092592592593], [1791, 0.734375], [1855, 0.7386853448275862], [1919, 0.7411458333333333], [1983, 0.7439516129032258], [2047, 0.7470703125], [2111, 0.7514204545454546], [2175, 0.7564338235294118], [2239, 0.7602678571428572], [2303, 0.7621527777777778], [2367, 0.7635135135135135], [2431, 0.7685032894736842], [2495, 0.7736378205128205], [2559, 0.773828125], [2623, 0.7766768292682927], [2687, 0.7805059523809523], [2751, 0.7845203488372093], [2815, 0.7872869318181818], [2879, 0.7902777777777777], [2943, 0.7927989130434783], [3007, 0.7965425531914894], [3071, 0.8004557291666666], [3135, 0.8032525510204082], [3199, 0.805625], [3263, 0.8075980392156863], [3327, 0.8097956730769231], [3391, 0.8122051886792453], [3455, 0.8139467592592593], [3519, 0.8159090909090909], [3583, 0.8178013392857143], [3647, 0.8188048245614035], [3711, 0.8208512931034483], [3775, 0.8228283898305084], [3839, 0.8239583333333333], [3903, 0.8247950819672131], [3967, 0.8266129032258065], [4031, 0.8278769841269841], [4095, 0.82958984375], [4159, 0.8317307692307693], [4223, 0.8323863636363636], [4287, 0.8332555970149254], [4351, 0.8343290441176471], [4415, 0.8358242753623188], [4479, 0.8375], [4543, 0.8386883802816901], [4607, 0.8400607638888888], [4671, 0.8409674657534246], [4735, 0.8422719594594594], [4799, 0.8429166666666666], [4863, 0.8433388157894737], [4927, 0.8433441558441559], [4991, 0.8443509615384616], [5055, 0.8453322784810127], [5119, 0.846875], [5183, 0.847608024691358], [5247, 0.8488948170731707], [5311, 0.8493975903614458], [5375, 0.8500744047619048], [5439, 0.8509191176470589], [5503, 0.8524709302325582], [5567, 0.8539870689655172], [5631, 0.8551136363636364], [5695, 0.855688202247191], [5759, 0.8567708333333334], [5823, 0.8578296703296703], [5887, 0.8586956521739131], [5951, 0.8597110215053764], [6015, 0.8612034574468085], [6079, 0.8623355263157895], [6143, 0.8634440104166666], [6207, 0.8642074742268041], [6271, 0.8654336734693877], [6335, 0.8663194444444444], [6399, 0.86734375], [6463, 0.8675742574257426], [6527, 0.8681066176470589], [6591, 0.8690837378640777], [6655, 0.8703425480769231], [6719, 0.8711309523809524], [6783, 0.8719044811320755], [6847, 0.8728095794392523], [6911, 0.8732638888888888], [6975, 0.8741399082568807], [7039, 0.8745738636363637], [7103, 0.8752815315315315], [7167, 0.8754185267857143], [7231, 0.8761061946902655], [7295, 0.8767817982456141], [7359, 0.877445652173913], [7423, 0.8780980603448276], [7487, 0.8788728632478633], [7551, 0.879634533898305], [7615, 0.8806460084033614], [7679, 0.88125], [7743, 0.8818440082644629], [7807, 0.8825563524590164], [7871, 0.8832571138211383], [7935, 0.883820564516129], [7999, 0.8845], [8063, 0.8851686507936508], [8127, 0.8857037401574803], [8191, 0.88623046875], [8255, 0.8868701550387597], [8319, 0.8872596153846154], [8383, 0.8880009541984732], [8447, 0.8880208333333334], [8511, 0.8885103383458647], [8575, 0.8891091417910447], [8639, 0.8896990740740741], [8703, 0.8902803308823529], [8767, 0.8907390510948905], [8831, 0.8909646739130435], [8895, 0.8912994604316546], [8959, 0.8915178571428571], [9023, 0.8918439716312057], [9087, 0.8921654929577465], [9151, 0.8925917832167832], [9215, 0.8930121527777778], [9279, 0.8935344827586207], [9343, 0.8941566780821918], [9407, 0.8944515306122449], [9471, 0.8949535472972973], [9535, 0.8953439597315436], [9599, 0.895625], [9663, 0.8954884105960265], [9727, 0.8955592105263158], [9791, 0.8961397058823529], [9855, 0.8967126623376623], [9919, 0.8971774193548387], [9983, 0.897636217948718], [9999, 0.8978]], "candidate_count_total": 25, "confirmed_count_total": 14, "created_at": 1768145965.0221012, "confirm_rule_effective": "perm_test", "last_perm_pvalue": 1.0, "last_perm_effect": -0.015608395968236025, "perm_test_count_total": 61, "perm_accept_count_total": 14, "perm_reject_count_total": 47, "perm_alpha": 0.01, "perm_pvalue_p50": 1.0, "perm_pvalue_p90": 1.0, "perm_pvalue_p99": 1.0, "perm_pvalue_le_alpha_ratio": 0.22950819672131148, "perm_effect_p50": -0.006781422233412649, "perm_effect_p90": 0.07366500624244333, "perm_effect_p99": 0.2022383725172282}