{"dataset_name": "sine_nodrift", "dataset_type": "sine", "model_variant": "ts_drift_adapt", "seed": 5, "monitor_preset": "error_divergence_ph_meta@error.threshold=0.10,error.min_instances=5", "monitor_preset_base": "error_divergence_ph_meta", "monitor_ph_params": {"error_rate": {"delta": 0.005, "alpha": 0.15, "threshold": 0.1, "min_instances": 5}, "divergence": {"delta": 0.005, "alpha": 0.1, "threshold": 0.05, "min_instances": 30}}, "monitor_ph_overrides": {"error_rate": {"threshold": 0.1, "min_instances": 5}}, "trigger_mode": "two_stage", "trigger_k": 2, "trigger_threshold": 0.5, "trigger_weights": "__confirm_cooldown=200,__confirm_rule=perm_test,__perm_alpha=0.005,__perm_delta_k=25,__perm_min_effect=0,__perm_n_perm=200,__perm_post_n=50,__perm_pre_n=200,__perm_rng_seed=0,__perm_stat=delta_fused_score,divergence=0.3,error_rate=0.5,teacher_entropy=0.2", "confirm_window": 3, "confirm_cooldown": 0, "adaptive_cooldown_enabled": 0, "adaptive_window": 10000, "adaptive_lower_per10k": 10.0, "adaptive_upper_per10k": 25.0, "adaptive_cooldown_low": 200, "adaptive_cooldown_high": 500, "severity_scheduler_scale": 1.0, "use_severity_v2": 0, "severity_gate": "none", "severity_gate_min_streak": 1, "entropy_mode": "overconfident", "severity_decay": 0.95, "freeze_baseline_steps": 0, "n_steps": 800, "horizon": 10000, "acc_final": 0.9047, "mean_acc": 0.824696160363534, "acc_min": 0.48046875, "candidate_sample_idxs": [319, 639, 959, 1343, 1663, 1983, 2303, 2751, 3071, 3391, 3711, 4031, 4351, 4735, 5055, 5503, 5823, 6143, 6527, 6975, 7295, 7615, 7935, 8447, 8959, 9279, 9599, 9919], "confirmed_sample_idxs": [639, 959, 1407, 1983, 2303, 2751, 3071, 3391, 3711, 4415, 4735, 5119, 5503, 5951, 6527, 6975, 7743, 8447, 8959, 9471, 9983], "acc_series": [[63, 0.578125], [127, 0.5234375], [191, 0.4895833333333333], [255, 0.48046875], [319, 0.515625], [383, 0.546875], [447, 0.5892857142857143], [511, 0.619140625], [575, 0.6475694444444444], [639, 0.665625], [703, 0.6889204545454546], [767, 0.7044270833333334], [831, 0.7163461538461539], [895, 0.7243303571428571], [959, 0.715625], [1023, 0.7119140625], [1087, 0.7022058823529411], [1151, 0.6970486111111112], [1215, 0.6891447368421053], [1279, 0.69140625], [1343, 0.6919642857142857], [1407, 0.6974431818181818], [1471, 0.704483695652174], [1535, 0.7109375], [1599, 0.71625], [1663, 0.7217548076923077], [1727, 0.7291666666666666], [1791, 0.7377232142857143], [1855, 0.744073275862069], [1919, 0.7510416666666667], [1983, 0.7565524193548387], [2047, 0.76171875], [2111, 0.7660984848484849], [2175, 0.7697610294117647], [2239, 0.7732142857142857], [2303, 0.7764756944444444], [2367, 0.7795608108108109], [2431, 0.7841282894736842], [2495, 0.7876602564102564], [2559, 0.790625], [2623, 0.7953506097560976], [2687, 0.7983630952380952], [2751, 0.8008720930232558], [2815, 0.8039772727272727], [2879, 0.80625], [2943, 0.8094429347826086], [3007, 0.8128324468085106], [3071, 0.8154296875], [3135, 0.8179209183673469], [3199, 0.819375], [3263, 0.8216911764705882], [3327, 0.8236177884615384], [3391, 0.8260613207547169], [3455, 0.8278356481481481], [3519, 0.8303977272727273], [3583, 0.8323102678571429], [3647, 0.834703947368421], [3711, 0.8367456896551724], [3775, 0.8376588983050848], [3839, 0.8388020833333333], [3903, 0.8406762295081968], [3967, 0.8412298387096774], [4031, 0.8430059523809523], [4095, 0.8447265625], [4159, 0.8463942307692308], [4223, 0.8480113636363636], [4287, 0.8495802238805971], [4351, 0.8504136029411765], [4415, 0.8516757246376812], [4479, 0.8535714285714285], [4543, 0.855193661971831], [4607, 0.8565538194444444], [4671, 0.858304794520548], [4735, 0.859375], [4799, 0.8602083333333334], [4863, 0.8601973684210527], [4927, 0.8612012987012987], [4991, 0.8623798076923077], [5055, 0.8637262658227848], [5119, 0.8650390625], [5183, 0.8657407407407407], [5247, 0.8664253048780488], [5311, 0.8672816265060241], [5375, 0.8675595238095238], [5439, 0.8683823529411765], [5503, 0.8695494186046512], [5567, 0.8708692528735632], [5631, 0.8716264204545454], [5695, 0.8728932584269663], [5759, 0.8734375], [5823, 0.873282967032967], [5887, 0.8741508152173914], [5951, 0.8744959677419355], [6015, 0.875], [6079, 0.8756578947368421], [6143, 0.8761393229166666], [6207, 0.8767719072164949], [6271, 0.8777104591836735], [6335, 0.8781565656565656], [6399, 0.87890625], [6463, 0.8791769801980198], [6527, 0.8795955882352942], [6591, 0.8804611650485437], [6655, 0.8807091346153846], [6719, 0.8809523809523809], [6783, 0.8817806603773585], [6847, 0.8823014018691588], [6911, 0.8828125], [6975, 0.883170871559633], [7039, 0.8835227272727273], [7103, 0.884009009009009], [7167, 0.8844866071428571], [7231, 0.8850940265486725], [7295, 0.8861019736842105], [7359, 0.8866847826086957], [7423, 0.8872575431034483], [7487, 0.8879540598290598], [7551, 0.8885063559322034], [7615, 0.8890493697478992], [7679, 0.8895833333333333], [7743, 0.8899793388429752], [7807, 0.8907530737704918], [7871, 0.8911331300813008], [7935, 0.8915070564516129], [7999, 0.892125], [8063, 0.8927331349206349], [8127, 0.8930856299212598], [8191, 0.893798828125], [8255, 0.8945009689922481], [8319, 0.8949519230769231], [8383, 0.8956345419847328], [8447, 0.8960700757575758], [8511, 0.8966165413533834], [8575, 0.8970382462686567], [8639, 0.8971064814814815], [8703, 0.8968290441176471], [8767, 0.8972399635036497], [8831, 0.8977581521739131], [8895, 0.8981564748201439], [8959, 0.8984375], [9023, 0.8990469858156028], [9087, 0.8996478873239436], [9151, 0.9002403846153846], [9215, 0.9006076388888888], [9279, 0.9010775862068966], [9343, 0.9013270547945206], [9407, 0.9016794217687075], [9471, 0.9018158783783784], [9535, 0.9020553691275168], [9599, 0.9022916666666667], [9663, 0.902421357615894], [9727, 0.9028577302631579], [9791, 0.9032883986928104], [9855, 0.903814935064935], [9919, 0.9042338709677419], [9983, 0.9046474358974359], [9999, 0.9047]], "candidate_count_total": 25, "confirmed_count_total": 21, "created_at": 1768145021.8749368, "confirm_rule_effective": "perm_test", "last_perm_pvalue": 0.004975124378109453, "last_perm_effect": 0.03594442048083216, "perm_test_count_total": 44, "perm_accept_count_total": 21, "perm_reject_count_total": 23, "perm_alpha": 0.005, "perm_pvalue_p50": 0.1517412935323383, "perm_pvalue_p90": 1.0, "perm_pvalue_p99": 1.0, "perm_pvalue_le_alpha_ratio": 0.4772727272727273, "perm_effect_p50": 0.004202961000780622, "perm_effect_p90": 0.10109505971930405, "perm_effect_p99": 0.17028628715567198}