{"dataset_name": "INSECTS_abrupt_balanced", "dataset_type": "insects_real", "model_variant": "ts_drift_adapt_severity", "seed": 7, "monitor_preset": "error_divergence_ph_meta@error.threshold=0.05,error.min_instances=5", "monitor_preset_base": "error_divergence_ph_meta", "monitor_ph_params": {"error_rate": {"delta": 0.005, "alpha": 0.15, "threshold": 0.05, "min_instances": 5}, "divergence": {"delta": 0.005, "alpha": 0.1, "threshold": 0.05, "min_instances": 30}}, "monitor_ph_overrides": {"error_rate": {"threshold": 0.05, "min_instances": 5}}, "trigger_mode": "two_stage", "trigger_k": 2, "trigger_threshold": 0.5, "trigger_weights": "confirm_cooldown=200,divergence=0.3,error_rate=0.5,teacher_entropy=0.2", "confirm_window": 1, "confirm_cooldown": 0, "adaptive_cooldown_enabled": 0, "adaptive_window": 10000, "adaptive_lower_per10k": 10.0, "adaptive_upper_per10k": 25.0, "adaptive_cooldown_low": 200, "adaptive_cooldown_high": 500, "severity_scheduler_scale": 2.0, "use_severity_v2": 1, "severity_gate": "none", "severity_gate_min_streak": 1, "entropy_mode": "uncertain", "severity_decay": 0.95, "freeze_baseline_steps": 5, "n_steps": 1200, "horizon": 52847, "acc_final": 0.20835619808125344, "mean_acc": 0.2089281158885194, "acc_min": 0.171875, "candidate_sample_idxs": [1279, 2559, 3839, 5119, 6399, 7679, 8959, 10239, 11519, 12799, 14079, 15103, 15359, 17919, 19199, 20479, 21759, 23039, 24319, 25599, 26879, 28159, 29951, 31231, 32511, 33791, 35071, 36351, 37631, 38911, 40191, 41471, 42751, 44031, 45311, 46591, 48639, 49919, 51199, 52479], "confirmed_sample_idxs": [1279, 2559, 3839, 5119, 6399, 7679, 8959, 10239, 11519, 12799, 14079, 15359, 17919, 19199, 20479, 21759, 23039, 24319, 25599, 26879, 28159, 29951, 31231, 32511, 33791, 35071, 36351, 37631, 38911, 40191, 41471, 42751, 44031, 45311, 46591, 48639, 49919, 51199, 52479], "acc_series": [[255, 0.171875], [511, 0.1875], [767, 0.19140625], [1023, 0.2060546875], [1279, 0.20859375], [1535, 0.21028645833333334], [1791, 0.21428571428571427], [2047, 0.2216796875], [2303, 0.22395833333333334], [2559, 0.226953125], [2815, 0.22230113636363635], [3071, 0.22037760416666666], [3327, 0.21965144230769232], [3583, 0.22349330357142858], [3839, 0.22395833333333334], [4095, 0.222900390625], [4351, 0.22173713235294118], [4607, 0.2211371527777778], [4863, 0.2177220394736842], [5119, 0.2173828125], [5375, 0.21633184523809523], [5631, 0.21537642045454544], [5887, 0.21484375], [6143, 0.21728515625], [6399, 0.21625], [6655, 0.21559495192307693], [6911, 0.21571180555555555], [7167, 0.21623883928571427], [7423, 0.21848060344827586], [7679, 0.21888020833333333], [7935, 0.2169858870967742], [8191, 0.2178955078125], [8447, 0.2178030303030303], [8703, 0.21737132352941177], [8959, 0.21908482142857144], [9215, 0.21907552083333334], [9471, 0.21896114864864866], [9727, 0.21895559210526316], [9983, 0.2185496794871795], [10239, 0.21884765625], [10495, 0.2191310975609756], [10751, 0.21968005952380953], [11007, 0.21984011627906977], [11263, 0.22017045454545456], [11519, 0.2193576388888889], [11775, 0.21934442934782608], [12031, 0.21908244680851063], [12287, 0.21826171875], [12543, 0.2183514030612245], [12799, 0.215078125], [13055, 0.21086090686274508], [13311, 0.20680588942307693], [13567, 0.203125], [13823, 0.20023148148148148], [14079, 0.2020596590909091], [14335, 0.21219308035714285], [14591, 0.20949835526315788], [14847, 0.2058863146551724], [15103, 0.20246292372881355], [15359, 0.19908854166666667], [15615, 0.1958247950819672], [15871, 0.19266633064516128], [16127, 0.1896701388888889], [16383, 0.18670654296875], [16639, 0.18383413461538461], [16895, 0.18104876893939395], [17151, 0.17834654850746268], [17407, 0.17578125], [17663, 0.17323369565217392], [17919, 0.1732142857142857], [18175, 0.17814700704225353], [18431, 0.1814236111111111], [18687, 0.18498501712328766], [18943, 0.18871410472972974], [19199, 0.19208333333333333], [19455, 0.1962376644736842], [19711, 0.1982041396103896], [19967, 0.19836738782051283], [20223, 0.1983287183544304], [20479, 0.198583984375], [20735, 0.19839891975308643], [20991, 0.19850419207317074], [21247, 0.19823042168674698], [21503, 0.19847470238095238], [21759, 0.19862132352941175], [22015, 0.19903706395348839], [22271, 0.19930854885057472], [22527, 0.20050603693181818], [22783, 0.20193995786516855], [23039, 0.203125], [23295, 0.20402644230769232], [23551, 0.2059273097826087], [23807, 0.2078293010752688], [24063, 0.20935837765957446], [24319, 0.21064967105263158], [24575, 0.2117919921875], [24831, 0.21291076030927836], [25087, 0.21432557397959184], [25343, 0.21575126262626262], [25599, 0.2169921875], [25855, 0.21828589108910892], [26111, 0.21940104166666666], [26367, 0.2203807645631068], [26623, 0.22096604567307693], [26879, 0.22209821428571427], [27135, 0.22298791273584906], [27391, 0.2239339953271028], [27647, 0.2253689236111111], [27903, 0.2265266628440367], [28159, 0.2248934659090909], [28415, 0.22286739864864866], [28671, 0.22087751116071427], [28927, 0.21895741150442477], [29183, 0.21710526315789475], [29439, 0.21528532608695652], [29695, 0.21346309267241378], [29951, 0.21197248931623933], [30207, 0.21044094279661016], [30463, 0.20880383403361344], [30719, 0.20719401041666666], [30975, 0.2060627582644628], [31231, 0.2048219774590164], [31487, 0.20388719512195122], [31743, 0.20334551411290322], [31999, 0.20275], [32255, 0.20256696428571427], [32511, 0.203001968503937], [32767, 0.203643798828125], [33023, 0.20485101744186046], [33279, 0.20471754807692308], [33535, 0.20488430343511452], [33791, 0.20531486742424243], [34047, 0.20562147556390978], [34303, 0.20571944962686567], [34559, 0.20578703703703705], [34815, 0.20539407169117646], [35071, 0.20534899635036497], [35327, 0.20553102355072464], [35583, 0.20587904676258992], [35839, 0.20594308035714284], [36095, 0.2059230939716312], [36351, 0.20595840669014084], [36607, 0.20602054195804195], [36863, 0.20594618055555555], [37119, 0.2060614224137931], [37375, 0.20609482020547945], [37631, 0.20634034863945577], [37887, 0.20674092060810811], [38143, 0.2071623322147651], [38399, 0.20578125], [38655, 0.20441846026490065], [38911, 0.2045384457236842], [39167, 0.20465686274509803], [39423, 0.20510349025974026], [39679, 0.20511592741935483], [39935, 0.20495292467948717], [40191, 0.2047173566878981], [40447, 0.20455893987341772], [40703, 0.20442708333333334], [40959, 0.20439453125], [41215, 0.20436238354037267], [41471, 0.20445119598765432], [41727, 0.20477856595092025], [41983, 0.20524485518292682], [42239, 0.20615530303030302], [42495, 0.20700771837349397], [42751, 0.2079434880239521], [43007, 0.20875186011904762], [43263, 0.20922707100591717], [43519, 0.21017922794117647], [43775, 0.21098318713450293], [44031, 0.21207303779069767], [44287, 0.21267611994219654], [44543, 0.21347431752873564], [44799, 0.21404017857142857], [45055, 0.2149325284090909], [45311, 0.2156823799435028], [45567, 0.2166432584269663], [45823, 0.21759340083798884], [46079, 0.21861979166666667], [46335, 0.21948377071823205], [46591, 0.22031679258241757], [46847, 0.22028688524590165], [47103, 0.2190896739130435], [47359, 0.21792652027027026], [47615, 0.21677587365591397], [47871, 0.21565842245989306], [48127, 0.21453208111702127], [48383, 0.21362433862433863], [48639, 0.21291118421052632], [48895, 0.21222594895287958], [49151, 0.21156819661458334], [49407, 0.21107917746113988], [49663, 0.210534793814433], [49919, 0.21013621794871795], [50175, 0.2099011479591837], [50431, 0.2095494923857868], [50687, 0.20930003156565657], [50943, 0.20950455402010051], [51199, 0.2098046875], [51455, 0.21008240049751245], [51711, 0.2106087561881188], [51967, 0.21139932266009853], [52223, 0.21084175857843138], [52479, 0.20981326219512195], [52735, 0.20879475121359223], [52846, 0.20835619808125344]], "candidate_count_total": 39, "confirmed_count_total": 39, "created_at": 1767889487.500465}