{"dataset_name": "INSECTS_abrupt_balanced", "dataset_type": "insects_real", "model_variant": "ts_drift_adapt_severity", "seed": 19, "monitor_preset": "error_divergence_ph_meta@error.threshold=0.05,error.min_instances=5", "monitor_preset_base": "error_divergence_ph_meta", "monitor_ph_params": {"error_rate": {"delta": 0.005, "alpha": 0.15, "threshold": 0.05, "min_instances": 5}, "divergence": {"delta": 0.005, "alpha": 0.1, "threshold": 0.05, "min_instances": 30}}, "monitor_ph_overrides": {"error_rate": {"threshold": 0.05, "min_instances": 5}}, "trigger_mode": "two_stage", "trigger_k": 2, "trigger_threshold": 0.5, "trigger_weights": "confirm_cooldown=200,divergence=0.3,error_rate=0.5,teacher_entropy=0.2", "confirm_window": 1, "confirm_cooldown": 0, "adaptive_cooldown_enabled": 0, "adaptive_window": 10000, "adaptive_lower_per10k": 10.0, "adaptive_upper_per10k": 25.0, "adaptive_cooldown_low": 200, "adaptive_cooldown_high": 500, "severity_scheduler_scale": 2.0, "use_severity_v2": 1, "severity_gate": "confirmed_streak", "severity_gate_min_streak": 3, "entropy_mode": "uncertain", "severity_decay": 0.95, "freeze_baseline_steps": 5, "n_steps": 1200, "horizon": 52847, "acc_final": 0.2125380816318807, "mean_acc": 0.19543410271167322, "acc_min": 0.06640625, "candidate_sample_idxs": [1279, 2559, 3839, 5119, 6399, 7679, 8959, 10239, 11519, 12799, 14591, 17663, 18943, 20223, 21503, 22783, 24063, 25343, 26623, 27903, 29439, 30719, 31999, 33279, 34559, 35839, 37119, 38399, 39679, 40959, 42239, 43519, 44799, 46079, 47359, 48895, 50175, 51455, 52735], "confirmed_sample_idxs": [1279, 2559, 3839, 5119, 6399, 7679, 8959, 10239, 11519, 12799, 14591, 17663, 18943, 20223, 21503, 22783, 24063, 25343, 26623, 27903, 29439, 30719, 31999, 33279, 34559, 35839, 37119, 38399, 39679, 40959, 42239, 43519, 44799, 46079, 47359, 48895, 50175, 51455, 52735], "acc_series": [[255, 0.06640625], [511, 0.078125], [767, 0.10677083333333333], [1023, 0.130859375], [1279, 0.13828125], [1535, 0.15299479166666666], [1791, 0.1640625], [2047, 0.17041015625], [2303, 0.1814236111111111], [2559, 0.1828125], [2815, 0.18146306818181818], [3071, 0.18326822916666666], [3327, 0.19020432692307693], [3583, 0.19419642857142858], [3839, 0.19661458333333334], [4095, 0.19873046875], [4351, 0.20128676470588236], [4607, 0.20421006944444445], [4863, 0.20394736842105263], [5119, 0.2068359375], [5375, 0.2074032738095238], [5631, 0.20827414772727273], [5887, 0.20906929347826086], [6143, 0.20751953125], [6399, 0.2065625], [6655, 0.20928485576923078], [6911, 0.21195023148148148], [7167, 0.212890625], [7423, 0.21376616379310345], [7679, 0.21536458333333333], [7935, 0.21673387096774194], [8191, 0.2181396484375], [8447, 0.21863162878787878], [8703, 0.22035845588235295], [8959, 0.2200892857142857], [9215, 0.2202690972222222], [9471, 0.22149493243243243], [9727, 0.22193667763157895], [9983, 0.22225560897435898], [10239, 0.223046875], [10495, 0.2229420731707317], [10751, 0.22284226190476192], [11007, 0.22283793604651161], [11263, 0.22310014204545456], [11519, 0.22256944444444443], [11775, 0.22223165760869565], [12031, 0.22199135638297873], [12287, 0.22184244791666666], [12543, 0.22217793367346939], [12799, 0.21875], [13055, 0.21446078431372548], [13311, 0.21033653846153846], [13567, 0.20636792452830188], [13823, 0.2025462962962963], [14079, 0.19886363636363635], [14335, 0.19545200892857142], [14591, 0.19510690789473684], [14847, 0.19268588362068967], [15103, 0.18968485169491525], [15359, 0.1865234375], [15615, 0.1835297131147541], [15871, 0.18063256048387097], [16127, 0.17782738095238096], [16383, 0.17510986328125], [16639, 0.1724158653846154], [16895, 0.1698626893939394], [17151, 0.16732742537313433], [17407, 0.16498161764705882], [17663, 0.16315670289855072], [17919, 0.16361607142857143], [18175, 0.1664832746478873], [18431, 0.16813151041666666], [18687, 0.16925299657534246], [18943, 0.16944679054054054], [19199, 0.17036458333333335], [19455, 0.17336554276315788], [19711, 0.17496956168831168], [19967, 0.17538060897435898], [20223, 0.17543512658227847], [20479, 0.17587890625], [20735, 0.17602237654320987], [20991, 0.17620998475609756], [21247, 0.17625188253012047], [21503, 0.17619977678571427], [21759, 0.17614889705882353], [22015, 0.1763717296511628], [22271, 0.1764996408045977], [22527, 0.17689098011363635], [22783, 0.1776246488764045], [23039, 0.17881944444444445], [23295, 0.17964457417582416], [23551, 0.18117357336956522], [23807, 0.18296370967741934], [24063, 0.18450797872340424], [24319, 0.1854029605263158], [24575, 0.1861572265625], [24831, 0.18713756443298968], [25087, 0.18833705357142858], [25343, 0.1896701388888889], [25599, 0.1908203125], [25855, 0.19179300742574257], [26111, 0.19278492647058823], [26367, 0.1937575849514563], [26623, 0.19456129807692307], [26879, 0.19564732142857144], [27135, 0.19649174528301888], [27391, 0.19753942757009346], [27647, 0.1990379050925926], [27903, 0.2002938646788991], [28159, 0.1989346590909091], [28415, 0.19721283783783783], [28671, 0.19548688616071427], [28927, 0.19389518805309736], [29183, 0.1923314144736842], [29439, 0.19089673913043478], [29695, 0.18958782327586207], [29951, 0.18843482905982906], [30207, 0.1876655190677966], [30463, 0.18684348739495799], [30719, 0.18570963541666666], [30975, 0.1848205061983471], [31231, 0.18439421106557377], [31487, 0.18543572154471544], [31743, 0.18696446572580644], [31999, 0.18903125], [32255, 0.19109623015873015], [32511, 0.1931902066929134], [32767, 0.194976806640625], [33023, 0.1967357073643411], [33279, 0.1969951923076923], [33535, 0.1967139790076336], [33791, 0.19688091856060605], [34047, 0.19710408834586465], [34303, 0.19703241604477612], [34559, 0.19658564814814813], [34815, 0.1962603400735294], [35071, 0.1960253193430657], [35327, 0.196189990942029], [35583, 0.19660521582733814], [35839, 0.19673549107142857], [36095, 0.1965591755319149], [36351, 0.19677046654929578], [36607, 0.19686953671328672], [36863, 0.19694010416666666], [37119, 0.196875], [37375, 0.1970515839041096], [37631, 0.19719919217687074], [37887, 0.19766152871621623], [38143, 0.19772441275167785], [38399, 0.19640625], [38655, 0.1951055463576159], [38911, 0.19469572368421054], [39167, 0.19480187908496732], [39423, 0.19475446428571427], [39679, 0.1949092741935484], [39935, 0.19563802083333334], [40191, 0.19605891719745222], [40447, 0.1966228243670886], [40703, 0.19713050314465408], [40959, 0.1978759765625], [41215, 0.1984180900621118], [41471, 0.19912229938271606], [41727, 0.19998562116564417], [41983, 0.20069550304878048], [42239, 0.20201231060606062], [42495, 0.20314853162650603], [42751, 0.2042945359281437], [43007, 0.20510137648809523], [43263, 0.20631471893491124], [43519, 0.20744485294117648], [43775, 0.20849323830409358], [44031, 0.20973382994186046], [44287, 0.2104407514450867], [44543, 0.21107219827586207], [44799, 0.21185267857142856], [45055, 0.2128018465909091], [45311, 0.2135195974576271], [45567, 0.21431706460674158], [45823, 0.21497468575418993], [46079, 0.21595052083333333], [46335, 0.21676450276243095], [46591, 0.21748368818681318], [46847, 0.21753329918032788], [47103, 0.21635105298913043], [47359, 0.2152027027027027], [47615, 0.21406670026881722], [47871, 0.21292195855614973], [48127, 0.2117893949468085], [48383, 0.21075148809523808], [48639, 0.20986842105263157], [48895, 0.2090559554973822], [49151, 0.2083740234375], [49407, 0.20788131476683938], [49663, 0.20739368556701032], [49919, 0.2069911858974359], [50175, 0.20744977678571427], [50431, 0.2084192576142132], [50687, 0.20939867424242425], [50943, 0.21048602386934673], [51199, 0.211796875], [51455, 0.21299751243781095], [51711, 0.21432162747524752], [51967, 0.21563269704433496], [52223, 0.21507352941176472], [52479, 0.21402439024390243], [52735, 0.21298543689320387], [52846, 0.2125380816318807]], "candidate_count_total": 39, "confirmed_count_total": 39, "created_at": 1767888596.1400745}