{"dataset_name": "sine_nodrift", "dataset_type": "sine", "model_variant": "ts_drift_adapt", "seed": 5, "monitor_preset": "error_divergence_ph_meta@error.threshold=0.10,error.min_instances=5", "monitor_preset_base": "error_divergence_ph_meta", "monitor_ph_params": {"error_rate": {"delta": 0.005, "alpha": 0.15, "threshold": 0.1, "min_instances": 5}, "divergence": {"delta": 0.005, "alpha": 0.1, "threshold": 0.05, "min_instances": 30}}, "monitor_ph_overrides": {"error_rate": {"threshold": 0.1, "min_instances": 5}}, "trigger_mode": "two_stage", "trigger_k": 2, "trigger_threshold": 0.5, "trigger_weights": "__confirm_cooldown=200,__confirm_rule=perm_test,__perm_alpha=0.005,__perm_min_effect=0,__perm_n_perm=200,__perm_post_n=10,__perm_pre_n=200,__perm_rng_seed=0,__perm_stat=vote_score,divergence=0.3,error_rate=0.5,teacher_entropy=0.2", "confirm_window": 3, "confirm_cooldown": 0, "adaptive_cooldown_enabled": 0, "adaptive_window": 10000, "adaptive_lower_per10k": 10.0, "adaptive_upper_per10k": 25.0, "adaptive_cooldown_low": 200, "adaptive_cooldown_high": 500, "severity_scheduler_scale": 1.0, "use_severity_v2": 0, "severity_gate": "none", "severity_gate_min_streak": 1, "entropy_mode": "overconfident", "severity_decay": 0.95, "freeze_baseline_steps": 0, "n_steps": 800, "horizon": 10000, "acc_final": 0.9103, "mean_acc": 0.8394609861584111, "acc_min": 0.4375, "candidate_sample_idxs": [319, 639, 959, 1279, 1599, 1983, 2303, 2623, 3071, 3391, 3711, 4095, 4415, 4735, 5055, 5503, 5951, 6271, 6655, 6975, 7295, 7743, 8255, 8575, 8895, 9215], "confirmed_sample_idxs": [639, 959, 1279, 1599, 1983, 2303, 2623, 3071, 3391, 3711, 4095, 4415, 4735, 5055, 5503, 5951, 6271, 6655, 6975, 7295, 7743, 8255, 8575, 8895, 9215], "acc_series": [[63, 0.4375], [127, 0.5546875], [191, 0.59375], [255, 0.61328125], [319, 0.64375], [383, 0.6588541666666666], [447, 0.671875], [511, 0.673828125], [575, 0.6788194444444444], [639, 0.6859375], [703, 0.6988636363636364], [767, 0.7083333333333334], [831, 0.7127403846153846], [895, 0.7232142857142857], [959, 0.7208333333333333], [1023, 0.7275390625], [1087, 0.7261029411764706], [1151, 0.7300347222222222], [1215, 0.7327302631578947], [1279, 0.7390625], [1343, 0.7425595238095238], [1407, 0.75], [1471, 0.7574728260869565], [1535, 0.763671875], [1599, 0.770625], [1663, 0.7740384615384616], [1727, 0.7777777777777778], [1791, 0.7806919642857143], [1855, 0.7850215517241379], [1919, 0.7885416666666667], [1983, 0.7918346774193549], [2047, 0.7958984375], [2111, 0.7973484848484849], [2175, 0.7964154411764706], [2239, 0.7973214285714286], [2303, 0.7990451388888888], [2367, 0.8023648648648649], [2431, 0.8055098684210527], [2495, 0.8052884615384616], [2559, 0.805859375], [2623, 0.8098323170731707], [2687, 0.8117559523809523], [2751, 0.8146802325581395], [2815, 0.8178267045454546], [2879, 0.8197916666666667], [2943, 0.8233695652173914], [3007, 0.8257978723404256], [3071, 0.8274739583333334], [3135, 0.8303571428571429], [3199, 0.83125], [3263, 0.8339460784313726], [3327, 0.8356370192307693], [3391, 0.8369693396226415], [3455, 0.8388310185185185], [3519, 0.8397727272727272], [3583, 0.841796875], [3647, 0.8434758771929824], [3711, 0.8450969827586207], [3775, 0.846927966101695], [3839, 0.8479166666666667], [3903, 0.8493852459016393], [3967, 0.850554435483871], [4031, 0.8519345238095238], [4095, 0.85400390625], [4159, 0.8555288461538462], [4223, 0.8562973484848485], [4287, 0.8577425373134329], [4351, 0.8579963235294118], [4415, 0.8586956521739131], [4479, 0.8595982142857143], [4543, 0.8606954225352113], [4607, 0.8617621527777778], [4671, 0.8632277397260274], [4735, 0.8646537162162162], [4799, 0.8658333333333333], [4863, 0.8663651315789473], [4927, 0.8681006493506493], [4991, 0.8693910256410257], [5055, 0.870253164556962], [5119, 0.8708984375], [5183, 0.8719135802469136], [5247, 0.8723323170731707], [5311, 0.8729292168674698], [5375, 0.8733258928571429], [5439, 0.8740808823529411], [5503, 0.8753633720930233], [5567, 0.8764367816091954], [5631, 0.876953125], [5695, 0.8776334269662921], [5759, 0.8786458333333333], [5823, 0.8792925824175825], [5887, 0.880264945652174], [5951, 0.880880376344086], [6015, 0.8819813829787234], [6079, 0.8827302631578947], [6143, 0.8834635416666666], [6207, 0.884020618556701], [6271, 0.8845663265306123], [6335, 0.8846275252525253], [6399, 0.885], [6463, 0.885365099009901], [6527, 0.8861825980392157], [6591, 0.8871359223300971], [6655, 0.8874699519230769], [6719, 0.8876488095238095], [6783, 0.8887087264150944], [6847, 0.889018691588785], [6911, 0.8897569444444444], [6975, 0.8901949541284404], [7039, 0.8907670454545454], [7103, 0.8910472972972973], [7167, 0.8918805803571429], [7231, 0.8926991150442478], [7295, 0.8929550438596491], [7359, 0.89375], [7423, 0.8943965517241379], [7487, 0.8950320512820513], [7551, 0.8951271186440678], [7615, 0.8957457983193278], [7679, 0.8958333333333334], [7743, 0.8959194214876033], [7807, 0.8967725409836066], [7871, 0.8972306910569106], [7935, 0.8980594758064516], [7999, 0.89875], [8063, 0.8990575396825397], [8127, 0.8991141732283464], [8191, 0.8994140625], [8255, 0.8999515503875969], [8319, 0.9003605769230769], [8383, 0.9006440839694656], [8447, 0.9011600378787878], [8511, 0.9016682330827067], [8575, 0.902285447761194], [8639, 0.9026620370370371], [8703, 0.9026884191176471], [8767, 0.9031706204379562], [8831, 0.9034193840579711], [8895, 0.9035521582733813], [8959, 0.9040178571428571], [9023, 0.9045877659574468], [9087, 0.9052596830985915], [9151, 0.9055944055944056], [9215, 0.9060329861111112], [9279, 0.9064655172413794], [9343, 0.9069991438356164], [9407, 0.907312925170068], [9471, 0.9077280405405406], [9535, 0.9081375838926175], [9599, 0.9085416666666667], [9663, 0.9088369205298014], [9727, 0.9091282894736842], [9791, 0.9093137254901961], [9855, 0.9094967532467533], [9919, 0.9098790322580645], [9983, 0.9102564102564102], [9999, 0.9103]], "candidate_count_total": 26, "confirmed_count_total": 25, "created_at": 1768150841.6527522, "confirm_rule_effective": "perm_test", "last_perm_pvalue": 0.004975124378109453, "last_perm_effect": 0.5167728715363845, "perm_test_count_total": 25, "perm_accept_count_total": 25, "perm_reject_count_total": 0, "perm_alpha": 0.005, "perm_pvalue_p50": 0.004975124378109453, "perm_pvalue_p90": 0.004975124378109453, "perm_pvalue_p99": 0.004975124378109453, "perm_pvalue_le_alpha_ratio": 1.0, "perm_effect_p50": 0.4986339211809193, "perm_effect_p90": 0.5161532602125751, "perm_effect_p99": 0.5283483471305968}