{"dataset_name": "INSECTS_abrupt_balanced", "dataset_type": "insects_real", "model_variant": "ts_drift_adapt_severity", "seed": 7, "monitor_preset": "error_divergence_ph_meta@error.threshold=0.05,error.min_instances=5", "monitor_preset_base": "error_divergence_ph_meta", "monitor_ph_params": {"error_rate": {"delta": 0.005, "alpha": 0.15, "threshold": 0.05, "min_instances": 5}, "divergence": {"delta": 0.005, "alpha": 0.1, "threshold": 0.05, "min_instances": 30}}, "monitor_ph_overrides": {"error_rate": {"threshold": 0.05, "min_instances": 5}}, "trigger_mode": "two_stage", "trigger_k": 2, "trigger_threshold": 0.5, "trigger_weights": "confirm_cooldown=0,divergence=0.3,error_rate=0.5,teacher_entropy=0.2", "confirm_window": 1, "confirm_cooldown": 0, "severity_scheduler_scale": 1.0, "use_severity_v2": 1, "severity_gate": "confirmed_streak", "severity_gate_min_streak": 3, "entropy_mode": "overconfident", "severity_decay": 0.95, "freeze_baseline_steps": 0, "n_steps": 1200, "horizon": 52847, "acc_final": 0.19921660642988248, "mean_acc": 0.19675347975434052, "acc_min": 0.15625, "candidate_sample_idxs": [1279, 2559, 3839, 5119, 6399, 7679, 8959, 10239, 11519, 12799, 14335, 17919, 19199, 20479, 21759, 23039, 24319, 25599, 26879, 28159, 29439, 30719, 31999, 33279, 34559, 35839, 37119, 38399, 39679, 40959, 42239, 43519, 44799, 46079, 47359, 49919, 51199, 52479], "confirmed_sample_idxs": [1279, 2559, 3839, 5119, 6399, 7679, 8959, 10239, 11519, 12799, 14335, 17919, 19199, 20479, 21759, 23039, 24319, 25599, 26879, 28159, 29439, 30719, 31999, 33279, 34559, 35839, 37119, 38399, 39679, 40959, 42239, 43519, 44799, 46079, 47359, 49919, 51199, 52479], "acc_series": [[255, 0.15625], [511, 0.16796875], [767, 0.17057291666666666], [1023, 0.181640625], [1279, 0.18984375], [1535, 0.19010416666666666], [1791, 0.19140625], [2047, 0.189453125], [2303, 0.19270833333333334], [2559, 0.19609375], [2815, 0.19318181818181818], [3071, 0.19368489583333334], [3327, 0.19381009615384615], [3583, 0.19893973214285715], [3839, 0.19947916666666668], [4095, 0.202392578125], [4351, 0.20335477941176472], [4607, 0.2033420138888889], [4863, 0.20435855263157895], [5119, 0.201171875], [5375, 0.20089285714285715], [5631, 0.2020596590909091], [5887, 0.2027853260869565], [6143, 0.20361328125], [6399, 0.20484375], [6655, 0.20567908653846154], [6911, 0.20630787037037038], [7167, 0.20717075892857142], [7423, 0.20743534482758622], [7679, 0.206640625], [7935, 0.20652721774193547], [8191, 0.2091064453125], [8447, 0.20928030303030304], [8703, 0.21082261029411764], [8959, 0.21294642857142856], [9215, 0.21473524305555555], [9471, 0.21473817567567569], [9727, 0.21474095394736842], [9983, 0.2155448717948718], [10239, 0.21572265625], [10495, 0.21570121951219512], [10751, 0.216796875], [11007, 0.2167514534883721], [11263, 0.21661931818181818], [11519, 0.21597222222222223], [11775, 0.21628736413043478], [12031, 0.2166722074468085], [12287, 0.2158203125], [12543, 0.21627869897959184], [12799, 0.2128125], [13055, 0.20863970588235295], [13311, 0.20462740384615385], [13567, 0.20076650943396226], [13823, 0.19712094907407407], [14079, 0.1943181818181818], [14335, 0.19621930803571427], [14591, 0.19455866228070176], [14847, 0.19127155172413793], [15103, 0.1880958686440678], [15359, 0.1849609375], [15615, 0.18192879098360656], [15871, 0.17899445564516128], [16127, 0.1762152777777778], [16383, 0.1734619140625], [16639, 0.17079326923076923], [16895, 0.16820549242424243], [17151, 0.16569496268656717], [17407, 0.16331571691176472], [17663, 0.1610054347826087], [17919, 0.1611049107142857], [18175, 0.16642825704225353], [18431, 0.1704644097222222], [18687, 0.17455051369863014], [18943, 0.17868454391891891], [19199, 0.1825], [19455, 0.18693462171052633], [19711, 0.18892045454545456], [19967, 0.18915264423076922], [20223, 0.1891317246835443], [20479, 0.189453125], [20735, 0.18947723765432098], [20991, 0.18950076219512196], [21247, 0.18938253012048192], [21503, 0.18922061011904762], [21759, 0.18901654411764707], [22015, 0.1888626453488372], [22271, 0.18911637931034483], [22527, 0.18896484375], [22783, 0.1892995084269663], [23039, 0.1900607638888889], [23295, 0.19097699175824176], [23551, 0.19263756793478262], [23807, 0.19413642473118278], [24063, 0.19552027925531915], [24319, 0.19629934210526315], [24575, 0.1968994140625], [24831, 0.19776900773195877], [25087, 0.19826211734693877], [25343, 0.1994949494949495], [25599, 0.200234375], [25855, 0.20099783415841585], [26111, 0.20170802696078433], [26367, 0.20251820388349515], [26623, 0.20304987980769232], [26879, 0.20368303571428573], [27135, 0.2041568396226415], [27391, 0.2049868574766355], [27647, 0.2060546875], [27903, 0.20728211009174313], [28159, 0.20582386363636362], [28415, 0.20407516891891891], [28671, 0.20225306919642858], [28927, 0.20053235619469026], [29183, 0.19884183114035087], [29439, 0.19718070652173914], [29695, 0.19564924568965517], [29951, 0.19414396367521367], [30207, 0.19269729872881355], [30463, 0.1912749474789916], [30719, 0.18984375], [30975, 0.18859762396694216], [31231, 0.1874359631147541], [31487, 0.18638846544715448], [31743, 0.1858618951612903], [31999, 0.18625], [32255, 0.1875], [32511, 0.1896838090551181], [32767, 0.191864013671875], [33023, 0.19410125968992248], [33279, 0.19441105769230768], [33535, 0.19441793893129772], [33791, 0.19477982954545456], [34047, 0.19498942669172933], [34303, 0.19502098880597016], [34559, 0.19464699074074074], [34815, 0.19422104779411764], [35071, 0.19388686131386862], [35327, 0.19412364130434784], [35583, 0.1945818345323741], [35839, 0.19467075892857144], [36095, 0.19464760638297873], [36351, 0.19495488556338028], [36607, 0.1948208041958042], [36863, 0.19474283854166666], [37119, 0.19480064655172413], [37375, 0.1949111729452055], [37631, 0.195046768707483], [37887, 0.1953125], [38143, 0.1955746644295302], [38399, 0.19427083333333334], [38655, 0.19298427152317882], [38911, 0.19305098684210525], [39167, 0.19324448529411764], [39423, 0.19325791396103897], [39679, 0.1934475806451613], [39935, 0.1935596955128205], [40191, 0.1937450238853503], [40447, 0.19402689873417722], [40703, 0.1943052279874214], [40959, 0.194677734375], [41215, 0.19528823757763975], [41471, 0.19565007716049382], [41727, 0.1961512653374233], [41983, 0.19662252286585366], [42239, 0.19770359848484848], [42495, 0.19846573795180722], [42751, 0.1989380613772455], [43007, 0.19975353422619047], [43263, 0.2004900147928994], [43519, 0.20114889705882352], [43775, 0.2019142909356725], [44031, 0.20314771075581395], [44287, 0.2037798049132948], [44543, 0.2042699353448276], [44799, 0.20515625], [45055, 0.20601029829545456], [45311, 0.20663400423728814], [45567, 0.20751404494382023], [45823, 0.20842789804469275], [46079, 0.2095920138888889], [46335, 0.2103547997237569], [46591, 0.2111306662087912], [46847, 0.211150956284153], [47103, 0.21004585597826086], [47359, 0.2089527027027027], [47615, 0.20785030241935484], [47871, 0.20678058155080214], [48127, 0.20570146276595744], [48383, 0.20473710317460317], [48639, 0.20380345394736843], [48895, 0.20277732329842932], [49151, 0.20176188151041666], [49407, 0.20087840025906736], [49663, 0.20000402706185566], [49919, 0.19919871794871793], [50175, 0.19838169642857142], [50431, 0.19763245558375633], [50687, 0.19730508207070707], [50943, 0.1976287688442211], [51199, 0.1983984375], [51455, 0.19954912935323382], [51711, 0.2009011448019802], [51967, 0.20204741379310345], [52223, 0.20159313725490197], [52479, 0.200609756097561], [52735, 0.19963592233009708], [52846, 0.19921660642988248]], "candidate_count_total": 38, "confirmed_count_total": 38, "created_at": 1767841808.4534218}