{"dataset_name": "sine_nodrift", "dataset_type": "sine", "model_variant": "ts_drift_adapt", "seed": 4, "monitor_preset": "error_divergence_ph_meta@error.threshold=0.10,error.min_instances=5", "monitor_preset_base": "error_divergence_ph_meta", "monitor_ph_params": {"error_rate": {"delta": 0.005, "alpha": 0.15, "threshold": 0.1, "min_instances": 5}, "divergence": {"delta": 0.005, "alpha": 0.1, "threshold": 0.05, "min_instances": 30}}, "monitor_ph_overrides": {"error_rate": {"threshold": 0.1, "min_instances": 5}}, "trigger_mode": "two_stage", "trigger_k": 2, "trigger_threshold": 0.5, "trigger_weights": "__confirm_cooldown=200,__confirm_rule=perm_test,__perm_alpha=0.05,__perm_min_effect=0,__perm_n_perm=200,__perm_post_n=10,__perm_pre_n=200,__perm_rng_seed=0,__perm_stat=vote_score,divergence=0.3,error_rate=0.5,teacher_entropy=0.2", "confirm_window": 3, "confirm_cooldown": 0, "adaptive_cooldown_enabled": 0, "adaptive_window": 10000, "adaptive_lower_per10k": 10.0, "adaptive_upper_per10k": 25.0, "adaptive_cooldown_low": 200, "adaptive_cooldown_high": 500, "severity_scheduler_scale": 1.0, "use_severity_v2": 0, "severity_gate": "none", "severity_gate_min_streak": 1, "entropy_mode": "overconfident", "severity_decay": 0.95, "freeze_baseline_steps": 0, "n_steps": 800, "horizon": 10000, "acc_final": 0.9158, "mean_acc": 0.8372600151891534, "acc_min": 0.5390625, "candidate_sample_idxs": [319, 639, 959, 1279, 1599, 1919, 2239, 2559, 2879, 3199, 3519, 3839, 4159, 4479, 4799, 5119, 5503, 5823, 6143, 6463, 6975, 7295, 7679, 7999, 8319, 9535, 9855], "confirmed_sample_idxs": [639, 959, 1279, 1599, 1919, 2239, 2559, 2879, 3199, 3519, 3839, 4159, 4479, 4799, 5119, 5503, 5823, 6143, 6463, 6975, 7295, 7679, 7999, 8319, 9535, 9855], "acc_series": [[63, 0.546875], [127, 0.546875], [191, 0.5520833333333334], [255, 0.5390625], [319, 0.553125], [383, 0.5755208333333334], [447, 0.5959821428571429], [511, 0.61328125], [575, 0.6180555555555556], [639, 0.6328125], [703, 0.6491477272727273], [767, 0.6497395833333334], [831, 0.65625], [895, 0.671875], [959, 0.6864583333333333], [1023, 0.6962890625], [1087, 0.7077205882352942], [1151, 0.7144097222222222], [1215, 0.7179276315789473], [1279, 0.725], [1343, 0.7284226190476191], [1407, 0.7336647727272727], [1471, 0.7432065217391305], [1535, 0.748046875], [1599, 0.75375], [1663, 0.7572115384615384], [1727, 0.7615740740740741], [1791, 0.7650669642857143], [1855, 0.7677801724137931], [1919, 0.7703125], [1983, 0.7741935483870968], [2047, 0.7802734375], [2111, 0.7836174242424242], [2175, 0.7876838235294118], [2239, 0.7928571428571428], [2303, 0.7955729166666666], [2367, 0.7964527027027027], [2431, 0.8005756578947368], [2495, 0.8044871794871795], [2559, 0.80625], [2623, 0.8098323170731707], [2687, 0.8128720238095238], [2751, 0.8172238372093024], [2815, 0.8196022727272727], [2879, 0.8225694444444445], [2943, 0.8260869565217391], [3007, 0.8274601063829787], [3071, 0.8304036458333334], [3135, 0.8322704081632653], [3199, 0.8346875], [3263, 0.8373161764705882], [3327, 0.8395432692307693], [3391, 0.8422759433962265], [3455, 0.8446180555555556], [3519, 0.8463068181818182], [3583, 0.84765625], [3647, 0.8495065789473685], [3711, 0.8518318965517241], [3775, 0.8540783898305084], [3839, 0.85546875], [3903, 0.8560450819672131], [3967, 0.8571068548387096], [4031, 0.8581349206349206], [4095, 0.8603515625], [4159, 0.8615384615384616], [4223, 0.8617424242424242], [4287, 0.8628731343283582], [4351, 0.8644301470588235], [4415, 0.8654891304347826], [4479, 0.8669642857142857], [4543, 0.867737676056338], [4607, 0.8682725694444444], [4671, 0.8690068493150684], [4735, 0.8705658783783784], [4799, 0.8722916666666667], [4863, 0.8729440789473685], [4927, 0.8739853896103896], [4991, 0.8743990384615384], [5055, 0.8751977848101266], [5119, 0.8763671875], [5183, 0.876929012345679], [5247, 0.8780487804878049], [5311, 0.8785768072289156], [5375, 0.8792782738095238], [5439, 0.8799632352941177], [5503, 0.8809956395348837], [5567, 0.8823635057471264], [5631, 0.8835227272727273], [5695, 0.8843047752808989], [5759, 0.8850694444444445], [5823, 0.8861607142857143], [5887, 0.8868885869565217], [5951, 0.8876008064516129], [6015, 0.8877992021276596], [6079, 0.8883223684210526], [6143, 0.8889973958333334], [6207, 0.8898195876288659], [6271, 0.8904655612244898], [6335, 0.8910984848484849], [6399, 0.89203125], [6463, 0.8923267326732673], [6527, 0.8927696078431373], [6591, 0.8933555825242718], [6655, 0.8942307692307693], [6719, 0.8946428571428572], [6783, 0.8951945754716981], [6847, 0.8958820093457944], [6911, 0.8962673611111112], [6975, 0.8970756880733946], [7039, 0.8967329545454545], [7103, 0.8975225225225225], [7167, 0.8978794642857143], [7231, 0.8983683628318584], [7295, 0.8987116228070176], [7359, 0.899320652173913], [7423, 0.8997844827586207], [7487, 0.9003739316239316], [7551, 0.9010858050847458], [7615, 0.9017857142857143], [7679, 0.9020833333333333], [7743, 0.9028925619834711], [7807, 0.9035604508196722], [7871, 0.9043445121951219], [7935, 0.9048639112903226], [7999, 0.905125], [8063, 0.9055059523809523], [8127, 0.905880905511811], [8191, 0.90625], [8255, 0.9064922480620154], [8319, 0.9072115384615385], [8383, 0.9075620229007634], [8447, 0.9077888257575758], [8511, 0.9082471804511278], [8575, 0.9085820895522388], [8639, 0.9087962962962963], [8703, 0.9091222426470589], [8767, 0.9094434306569343], [8831, 0.909759963768116], [8895, 0.9100719424460432], [8959, 0.9104910714285714], [9023, 0.9106826241134752], [9087, 0.910981514084507], [9151, 0.9113854895104895], [9215, 0.9118923611111112], [9279, 0.912176724137931], [9343, 0.9126712328767124], [9407, 0.9127338435374149], [9471, 0.9133234797297297], [9535, 0.9136954697986577], [9599, 0.91375], [9663, 0.9139072847682119], [9727, 0.9143708881578947], [9791, 0.9145220588235294], [9855, 0.9149756493506493], [9919, 0.9151209677419355], [9983, 0.9156650641025641], [9999, 0.9158]], "candidate_count_total": 27, "confirmed_count_total": 26, "created_at": 1768152364.5114517, "confirm_rule_effective": "perm_test", "last_perm_pvalue": 0.004975124378109453, "last_perm_effect": 0.5223904299637261, "perm_test_count_total": 26, "perm_accept_count_total": 26, "perm_reject_count_total": 0, "perm_alpha": 0.05, "perm_pvalue_p50": 0.004975124378109453, "perm_pvalue_p90": 0.004975124378109453, "perm_pvalue_p99": 0.004975124378109453, "perm_pvalue_le_alpha_ratio": 1.0, "perm_effect_p50": 0.4973999390212036, "perm_effect_p90": 0.5172936278860276, "perm_effect_p99": 0.5220373915430777}