{"dataset_name": "INSECTS_abrupt_balanced", "dataset_type": "insects_real", "model_variant": "ts_drift_adapt_severity", "seed": 16, "monitor_preset": "error_divergence_ph_meta@error.threshold=0.05,error.min_instances=5", "monitor_preset_base": "error_divergence_ph_meta", "monitor_ph_params": {"error_rate": {"delta": 0.005, "alpha": 0.15, "threshold": 0.05, "min_instances": 5}, "divergence": {"delta": 0.005, "alpha": 0.1, "threshold": 0.05, "min_instances": 30}}, "monitor_ph_overrides": {"error_rate": {"threshold": 0.05, "min_instances": 5}}, "trigger_mode": "two_stage", "trigger_k": 2, "trigger_threshold": 0.5, "trigger_weights": "confirm_cooldown=200,divergence=0.3,error_rate=0.5,teacher_entropy=0.2", "confirm_window": 1, "confirm_cooldown": 0, "adaptive_cooldown_enabled": 0, "adaptive_window": 10000, "adaptive_lower_per10k": 10.0, "adaptive_upper_per10k": 25.0, "adaptive_cooldown_low": 200, "adaptive_cooldown_high": 500, "severity_scheduler_scale": 2.0, "use_severity_v2": 1, "severity_gate": "none", "severity_gate_min_streak": 1, "entropy_mode": "uncertain", "severity_decay": 0.95, "freeze_baseline_steps": 5, "n_steps": 1200, "horizon": 52847, "acc_final": 0.18587620867788143, "mean_acc": 0.182405738801254, "acc_min": 0.0859375, "candidate_sample_idxs": [1279, 2559, 3839, 5119, 6399, 7679, 8959, 10239, 11519, 12799, 14079, 15359, 17919, 19199, 20479, 21759, 23039, 24319, 25599, 26879, 28159, 29439, 30719, 31999, 33279, 34559, 35839, 37119, 38399, 39679, 40959, 42239, 43519, 44799, 46079, 47359, 50175, 51455, 52735], "confirmed_sample_idxs": [1279, 2559, 3839, 5119, 6399, 7679, 8959, 10239, 11519, 12799, 14079, 15359, 17919, 19199, 20479, 21759, 23039, 24319, 25599, 26879, 28159, 29439, 30719, 31999, 33279, 34559, 35839, 37119, 38399, 39679, 40959, 42239, 43519, 44799, 46079, 47359, 50175, 51455, 52735], "acc_series": [[255, 0.0859375], [511, 0.10546875], [767, 0.12239583333333333], [1023, 0.146484375], [1279, 0.15390625], [1535, 0.15364583333333334], [1791, 0.16183035714285715], [2047, 0.16064453125], [2303, 0.16319444444444445], [2559, 0.16875], [2815, 0.16867897727272727], [3071, 0.17252604166666666], [3327, 0.1739783653846154], [3583, 0.177734375], [3839, 0.18046875], [4095, 0.18505859375], [4351, 0.18543198529411764], [4607, 0.1853298611111111], [4863, 0.18996710526315788], [5119, 0.1890625], [5375, 0.19140625], [5631, 0.193359375], [5887, 0.1949728260869565], [6143, 0.1953125], [6399, 0.19671875], [6655, 0.19921875], [6911, 0.1997974537037037], [7167, 0.19963727678571427], [7423, 0.20191271551724138], [7679, 0.20260416666666667], [7935, 0.20299899193548387], [8191, 0.203125], [8447, 0.20336174242424243], [8703, 0.20438878676470587], [8959, 0.20424107142857142], [9215, 0.2058376736111111], [9471, 0.20734797297297297], [9727, 0.20713404605263158], [9983, 0.2065304487179487], [10239, 0.20673828125], [10495, 0.20760289634146342], [10751, 0.2074032738095238], [11007, 0.20757630813953487], [11263, 0.20676491477272727], [11519, 0.20703125], [11775, 0.20762567934782608], [12031, 0.20777925531914893], [12287, 0.208251953125], [12543, 0.20854591836734693], [12799, 0.205390625], [13055, 0.20136335784313725], [13311, 0.19749098557692307], [13567, 0.19376474056603774], [13823, 0.1902488425925926], [14079, 0.1872159090909091], [14335, 0.18729073660714285], [14591, 0.18537554824561403], [14847, 0.1822467672413793], [15103, 0.1792240466101695], [15359, 0.17623697916666667], [15615, 0.17334784836065573], [15871, 0.17055191532258066], [16127, 0.16790674603174602], [16383, 0.165283203125], [16639, 0.16274038461538462], [16895, 0.16027462121212122], [17151, 0.15788246268656717], [17407, 0.15561810661764705], [17663, 0.153419384057971], [17919, 0.15357142857142858], [18175, 0.1585057218309859], [18431, 0.162109375], [18687, 0.1658283390410959], [18943, 0.1690772804054054], [19199, 0.17229166666666668], [19455, 0.17567845394736842], [19711, 0.1773538961038961], [19967, 0.17728365384615385], [20223, 0.17751186708860758], [20479, 0.177880859375], [20735, 0.17799961419753085], [20991, 0.1780201981707317], [21247, 0.1780402861445783], [21503, 0.17796688988095238], [21759, 0.1778952205882353], [22015, 0.17791606104651161], [22271, 0.17820581896551724], [22527, 0.1778231534090909], [22783, 0.1779318820224719], [23039, 0.1783420138888889], [23295, 0.17848557692307693], [23551, 0.1788383152173913], [23807, 0.17867943548387097], [24063, 0.1789810505319149], [24319, 0.17911184210526315], [24575, 0.17948404947916666], [24831, 0.17948614690721648], [25087, 0.1796875], [25343, 0.17992424242424243], [25599, 0.1804296875], [25855, 0.18111850247524752], [26111, 0.18183210784313725], [26367, 0.18207675970873785], [26623, 0.18254206730769232], [26879, 0.1831845238095238], [27135, 0.18385170990566038], [27391, 0.1849810163551402], [27647, 0.1857277199074074], [27903, 0.1862098623853211], [28159, 0.18536931818181818], [28415, 0.18447353603603603], [28671, 0.18362862723214285], [28927, 0.1825566924778761], [29183, 0.18177768640350878], [29439, 0.18114809782608696], [29695, 0.18073141163793102], [29951, 0.1801883012820513], [30207, 0.1794226694915254], [30463, 0.17899816176470587], [30719, 0.17841796875], [30975, 0.17768595041322313], [31231, 0.17699795081967212], [31487, 0.17663871951219512], [31743, 0.17606476814516128], [31999, 0.17546875], [32255, 0.17506820436507936], [32511, 0.1750738188976378], [32767, 0.175201416015625], [33023, 0.17702277131782945], [33279, 0.17803485576923078], [33535, 0.1777791030534351], [33791, 0.17820785984848486], [34047, 0.17839520676691728], [34303, 0.17840485074626866], [34559, 0.178125], [34815, 0.17779181985294118], [35071, 0.17754904197080293], [35327, 0.17781929347826086], [35583, 0.17831047661870503], [35839, 0.178515625], [36095, 0.17849623226950354], [36351, 0.17866967429577466], [36607, 0.17864947552447552], [36863, 0.17860243055555555], [37119, 0.17882543103448276], [37375, 0.17872431506849315], [37631, 0.17886373299319727], [37887, 0.17915962837837837], [38143, 0.17958263422818793], [38399, 0.17838541666666666], [38655, 0.17720405629139072], [38911, 0.17737458881578946], [39167, 0.1776450163398693], [39423, 0.17801339285714285], [39679, 0.17837701612903226], [39935, 0.17866085737179488], [40191, 0.17879179936305734], [40447, 0.17909414556962025], [40703, 0.1793926886792453], [40959, 0.17978515625], [41215, 0.1799301242236025], [41471, 0.1804832175925926], [41727, 0.1806700536809816], [41983, 0.18111661585365854], [42239, 0.1819128787878788], [42495, 0.1828172063253012], [42751, 0.18371070359281438], [43007, 0.18487258184523808], [43263, 0.1859282544378698], [43519, 0.18699448529411763], [43775, 0.18797971491228072], [44031, 0.18915788517441862], [44287, 0.1898031069364162], [44543, 0.19044091235632185], [44799, 0.1913169642857143], [45055, 0.1924715909090909], [45311, 0.19308350988700565], [45567, 0.19401773174157302], [45823, 0.19511609636871508], [46079, 0.19626736111111112], [46335, 0.19727641574585636], [46591, 0.19808121565934067], [46847, 0.19808743169398907], [47103, 0.19701086956521738], [47359, 0.19594594594594594], [47615, 0.19489247311827956], [47871, 0.19385026737967914], [48127, 0.19281914893617022], [48383, 0.1917989417989418], [48639, 0.19078947368421054], [48895, 0.189811027486911], [49151, 0.18888346354166666], [49407, 0.18796551165803108], [49663, 0.18705702319587628], [49919, 0.18631810897435896], [50175, 0.1856066645408163], [50431, 0.18510072969543148], [50687, 0.18461963383838384], [50943, 0.18477151381909548], [51199, 0.18560546875], [51455, 0.1865282960199005], [51711, 0.18755801361386137], [51967, 0.18848137315270935], [52223, 0.18809359681372548], [52479, 0.18717606707317072], [52735, 0.18626744538834952], [52846, 0.18587620867788143]], "candidate_count_total": 39, "confirmed_count_total": 39, "created_at": 1767887311.2389922}