{"dataset_name": "sine_nodrift", "dataset_type": "sine", "model_variant": "ts_drift_adapt", "seed": 4, "monitor_preset": "error_divergence_ph_meta@error.threshold=0.10,error.min_instances=5", "monitor_preset_base": "error_divergence_ph_meta", "monitor_ph_params": {"error_rate": {"delta": 0.005, "alpha": 0.15, "threshold": 0.1, "min_instances": 5}, "divergence": {"delta": 0.005, "alpha": 0.1, "threshold": 0.05, "min_instances": 30}}, "monitor_ph_overrides": {"error_rate": {"threshold": 0.1, "min_instances": 5}}, "trigger_mode": "two_stage", "trigger_k": 2, "trigger_threshold": 0.5, "trigger_weights": "__confirm_cooldown=200,__confirm_rule=perm_test,__perm_alpha=0.01,__perm_min_effect=0,__perm_n_perm=200,__perm_post_n=50,__perm_pre_n=200,__perm_rng_seed=0,__perm_stat=fused_score,divergence=0.3,error_rate=0.5,teacher_entropy=0.2", "confirm_window": 3, "confirm_cooldown": 0, "adaptive_cooldown_enabled": 0, "adaptive_window": 10000, "adaptive_lower_per10k": 10.0, "adaptive_upper_per10k": 25.0, "adaptive_cooldown_low": 200, "adaptive_cooldown_high": 500, "severity_scheduler_scale": 1.0, "use_severity_v2": 0, "severity_gate": "none", "severity_gate_min_streak": 1, "entropy_mode": "overconfident", "severity_decay": 0.95, "freeze_baseline_steps": 0, "n_steps": 800, "horizon": 10000, "acc_final": 0.9194, "mean_acc": 0.8486848114025837, "acc_min": 0.4296875, "candidate_sample_idxs": [319, 639, 959, 1279, 1599, 1983, 2303, 2623, 2943, 3263, 3583, 4287, 4799, 5119, 5631, 6399, 6783, 7103, 7615, 7935, 8255, 9535], "confirmed_sample_idxs": [639, 1343, 1663, 2303, 2687, 3135, 4287, 4799, 5631, 6399, 6783, 7103, 7615, 7999, 8319, 9535], "acc_series": [[63, 0.4375], [127, 0.4296875], [191, 0.484375], [255, 0.51953125], [319, 0.53125], [383, 0.5625], [447, 0.59375], [511, 0.630859375], [575, 0.6440972222222222], [639, 0.6578125], [703, 0.6761363636363636], [767, 0.6809895833333334], [831, 0.6838942307692307], [895, 0.6908482142857143], [959, 0.7052083333333333], [1023, 0.71875], [1087, 0.7288602941176471], [1151, 0.7378472222222222], [1215, 0.7442434210526315], [1279, 0.75], [1343, 0.7574404761904762], [1407, 0.7642045454545454], [1471, 0.7737771739130435], [1535, 0.78125], [1599, 0.786875], [1663, 0.7914663461538461], [1727, 0.796875], [1791, 0.7991071428571429], [1855, 0.8017241379310345], [1919, 0.8020833333333334], [1983, 0.8029233870967742], [2047, 0.80712890625], [2111, 0.8091856060606061], [2175, 0.8138786764705882], [2239, 0.8183035714285715], [2303, 0.8207465277777778], [2367, 0.8234797297297297], [2431, 0.8256578947368421], [2495, 0.8293269230769231], [2559, 0.83125], [2623, 0.8346036585365854], [2687, 0.8381696428571429], [2751, 0.8412063953488372], [2815, 0.8433948863636364], [2879, 0.8458333333333333], [2943, 0.8481657608695652], [3007, 0.8497340425531915], [3071, 0.8522135416666666], [3135, 0.8539540816326531], [3199, 0.8559375], [3263, 0.8575367647058824], [3327, 0.8587740384615384], [3391, 0.8608490566037735], [3455, 0.8622685185185185], [3519, 0.8639204545454545], [3583, 0.8655133928571429], [3647, 0.8667763157894737], [3711, 0.8685344827586207], [3775, 0.8694385593220338], [3839, 0.87109375], [3903, 0.8716700819672131], [3967, 0.8724798387096774], [4031, 0.8742559523809523], [4095, 0.875732421875], [4159, 0.8769230769230769], [4223, 0.8776041666666666], [4287, 0.8777985074626866], [4351, 0.8782169117647058], [4415, 0.8797554347826086], [4479, 0.88125], [4543, 0.8820422535211268], [4607, 0.8830295138888888], [4671, 0.8837756849315068], [4735, 0.8853462837837838], [4799, 0.8854166666666666], [4863, 0.8861019736842105], [4927, 0.8867694805194806], [4991, 0.8874198717948718], [5055, 0.8884493670886076], [5119, 0.8890625], [5183, 0.8898533950617284], [5247, 0.8908155487804879], [5311, 0.891566265060241], [5375, 0.8917410714285714], [5439, 0.8915441176470589], [5503, 0.8924418604651163], [5567, 0.8933189655172413], [5631, 0.8936434659090909], [5695, 0.8937851123595506], [5759, 0.8946180555555555], [5823, 0.8956043956043956], [5887, 0.8963994565217391], [5951, 0.897513440860215], [6015, 0.8982712765957447], [6079, 0.8988486842105263], [6143, 0.8992513020833334], [6207, 0.8998067010309279], [6271, 0.9003507653061225], [6335, 0.9008838383838383], [6399, 0.90140625], [6463, 0.901299504950495], [6527, 0.9018075980392157], [6591, 0.9026092233009708], [6655, 0.9033954326923077], [6719, 0.9041666666666667], [6783, 0.9044811320754716], [6847, 0.9052278037383178], [6911, 0.9052372685185185], [6975, 0.9059633027522935], [7039, 0.90625], [7103, 0.9068130630630631], [7167, 0.9066685267857143], [7231, 0.906941371681416], [7295, 0.9069353070175439], [7359, 0.9072010869565217], [7423, 0.9077316810344828], [7487, 0.9075854700854701], [7551, 0.908103813559322], [7615, 0.9086134453781513], [7679, 0.9084635416666667], [7743, 0.9090909090909091], [7807, 0.9095799180327869], [7871, 0.9100609756097561], [7935, 0.9104082661290323], [7999, 0.910625], [8063, 0.9109623015873016], [8127, 0.9110482283464567], [8191, 0.9110107421875], [8255, 0.9112160852713178], [8319, 0.9117788461538462], [8383, 0.9122137404580153], [8447, 0.9122869318181818], [8511, 0.912828947368421], [8575, 0.9133628731343284], [8639, 0.9135416666666667], [8703, 0.9138327205882353], [8767, 0.9141195255474452], [8831, 0.9144021739130435], [8895, 0.9146807553956835], [8959, 0.9147321428571429], [9023, 0.9150044326241135], [9087, 0.9152728873239436], [9151, 0.9157561188811189], [9215, 0.9162326388888888], [9279, 0.9167025862068966], [9343, 0.917166095890411], [9407, 0.9175170068027211], [9471, 0.91796875], [9535, 0.9182046979865772], [9599, 0.9184375], [9663, 0.9181498344370861], [9727, 0.91796875], [9791, 0.9183006535947712], [9855, 0.9185267857142857], [9919, 0.9188508064516129], [9983, 0.9192708333333334], [9999, 0.9194]], "candidate_count_total": 21, "confirmed_count_total": 16, "created_at": 1768149337.979618, "confirm_rule_effective": "perm_test", "last_perm_pvalue": 0.004975124378109453, "last_perm_effect": 0.07812320052059177, "perm_test_count_total": 40, "perm_accept_count_total": 16, "perm_reject_count_total": 24, "perm_alpha": 0.01, "perm_pvalue_p50": 1.0, "perm_pvalue_p90": 1.0, "perm_pvalue_p99": 1.0, "perm_pvalue_le_alpha_ratio": 0.4, "perm_effect_p50": -0.012503658183820866, "perm_effect_p90": 0.08122198630990021, "perm_effect_p99": 0.14231355325390824}