{"dataset_name": "sine_nodrift", "dataset_type": "sine", "model_variant": "ts_drift_adapt", "seed": 1, "monitor_preset": "error_divergence_ph_meta@error.threshold=0.10,error.min_instances=5", "monitor_preset_base": "error_divergence_ph_meta", "monitor_ph_params": {"error_rate": {"delta": 0.005, "alpha": 0.15, "threshold": 0.1, "min_instances": 5}, "divergence": {"delta": 0.005, "alpha": 0.1, "threshold": 0.05, "min_instances": 30}}, "monitor_ph_overrides": {"error_rate": {"threshold": 0.1, "min_instances": 5}}, "trigger_mode": "two_stage", "trigger_k": 2, "trigger_threshold": 0.5, "trigger_weights": "__confirm_cooldown=200,__confirm_rule=perm_test,__perm_alpha=0.005,__perm_delta_k=25,__perm_min_effect=0,__perm_n_perm=200,__perm_post_n=20,__perm_pre_n=200,__perm_rng_seed=0,__perm_stat=delta_fused_score,divergence=0.3,error_rate=0.5,teacher_entropy=0.2", "confirm_window": 3, "confirm_cooldown": 0, "adaptive_cooldown_enabled": 0, "adaptive_window": 10000, "adaptive_lower_per10k": 10.0, "adaptive_upper_per10k": 25.0, "adaptive_cooldown_low": 200, "adaptive_cooldown_high": 500, "severity_scheduler_scale": 1.0, "use_severity_v2": 0, "severity_gate": "none", "severity_gate_min_streak": 1, "entropy_mode": "overconfident", "severity_decay": 0.95, "freeze_baseline_steps": 0, "n_steps": 800, "horizon": 10000, "acc_final": 0.9171, "mean_acc": 0.8441811143681794, "acc_min": 0.359375, "candidate_sample_idxs": [319, 639, 959, 1279, 1599, 1983, 2303, 2623, 2943, 3263, 3583, 3967, 4287, 4607, 4927, 5247, 5823, 6143, 6463, 6783, 7103, 7551, 7871, 8191, 8511, 8831, 9279, 9599, 9919], "confirmed_sample_idxs": [831, 1407, 2047, 2495, 2943, 3583, 3967, 4351, 4607, 5823, 6655, 7167, 7551, 7871, 8255, 8511, 8831, 9279, 9599], "acc_series": [[63, 0.359375], [127, 0.4921875], [191, 0.5416666666666666], [255, 0.55859375], [319, 0.575], [383, 0.5885416666666666], [447, 0.6116071428571429], [511, 0.6328125], [575, 0.6597222222222222], [639, 0.671875], [703, 0.6889204545454546], [767, 0.6979166666666666], [831, 0.7043269230769231], [895, 0.7109375], [959, 0.7229166666666667], [1023, 0.7314453125], [1087, 0.7334558823529411], [1151, 0.7447916666666666], [1215, 0.7541118421052632], [1279, 0.7609375], [1343, 0.7671130952380952], [1407, 0.7741477272727273], [1471, 0.7778532608695652], [1535, 0.78125], [1599, 0.783125], [1663, 0.7854567307692307], [1727, 0.7893518518518519], [1791, 0.7924107142857143], [1855, 0.7952586206896551], [1919, 0.7994791666666666], [1983, 0.8014112903225806], [2047, 0.80517578125], [2111, 0.8096590909090909], [2175, 0.8106617647058824], [2239, 0.8129464285714286], [2303, 0.8142361111111112], [2367, 0.816722972972973], [2431, 0.8211348684210527], [2495, 0.8221153846153846], [2559, 0.825390625], [2623, 0.828125], [2687, 0.8303571428571429], [2751, 0.8324854651162791], [2815, 0.8341619318181818], [2879, 0.8371527777777777], [2943, 0.8389945652173914], [3007, 0.8414228723404256], [3071, 0.84375], [3135, 0.8443877551020408], [3199, 0.8446875], [3263, 0.8465073529411765], [3327, 0.8473557692307693], [3391, 0.8484669811320755], [3455, 0.8498263888888888], [3519, 0.8505681818181818], [3583, 0.8512834821428571], [3647, 0.8522478070175439], [3711, 0.8523706896551724], [3775, 0.8535487288135594], [3839, 0.8546875], [3903, 0.8563012295081968], [3967, 0.8566028225806451], [4031, 0.8578869047619048], [4095, 0.857666015625], [4159, 0.8576923076923076], [4223, 0.8591382575757576], [4287, 0.8605410447761194], [4351, 0.8616727941176471], [4415, 0.8625452898550725], [4479, 0.8640625], [4543, 0.8650968309859155], [4607, 0.8665364583333334], [4671, 0.867722602739726], [4735, 0.8684543918918919], [4799, 0.8697916666666666], [4863, 0.8708881578947368], [4927, 0.872564935064935], [4991, 0.8737980769230769], [5055, 0.8751977848101266], [5119, 0.876171875], [5183, 0.876929012345679], [5247, 0.8784298780487805], [5311, 0.8795180722891566], [5375, 0.8805803571428571], [5439, 0.8816176470588235], [5503, 0.8829941860465116], [5567, 0.8841594827586207], [5631, 0.8852982954545454], [5695, 0.8858848314606742], [5759, 0.8868055555555555], [5823, 0.8875343406593407], [5887, 0.8885869565217391], [5951, 0.8891129032258065], [6015, 0.8892952127659575], [6079, 0.8894736842105263], [6143, 0.8899739583333334], [6207, 0.890625], [6271, 0.8914221938775511], [6335, 0.8915719696969697], [6399, 0.89265625], [6463, 0.8935643564356436], [6527, 0.8939950980392157], [6591, 0.8944174757281553], [6655, 0.8946814903846154], [6719, 0.8955357142857143], [6783, 0.8962264150943396], [6847, 0.8964661214953271], [6911, 0.8969907407407407], [6975, 0.8973623853211009], [7039, 0.8981534090909091], [7103, 0.8989301801801802], [7167, 0.8995535714285714], [7231, 0.9004424778761062], [7295, 0.9010416666666666], [7359, 0.9016304347826087], [7423, 0.9019396551724138], [7487, 0.9026442307692307], [7551, 0.9028072033898306], [7615, 0.9032300420168067], [7679, 0.9040364583333333], [7743, 0.9047004132231405], [7807, 0.9052254098360656], [7871, 0.905614837398374], [7935, 0.90625], [7999, 0.9065], [8063, 0.9068700396825397], [8127, 0.9076033464566929], [8191, 0.9080810546875], [8255, 0.9079457364341085], [8319, 0.9084134615384616], [8383, 0.908993320610687], [8447, 0.9090909090909091], [8511, 0.909421992481203], [8575, 0.909981343283582], [8639, 0.9105324074074074], [8703, 0.9108455882352942], [8767, 0.911382299270073], [8831, 0.9117980072463768], [8895, 0.9122077338129496], [8959, 0.9126116071428572], [9023, 0.9130097517730497], [9087, 0.9131822183098591], [9151, 0.9135708041958042], [9215, 0.9141710069444444], [9279, 0.9142241379310345], [9343, 0.9143835616438356], [9407, 0.9146471088435374], [9471, 0.9144847972972973], [9535, 0.9149538590604027], [9599, 0.9154166666666667], [9663, 0.9157698675496688], [9727, 0.9159128289473685], [9791, 0.9163602941176471], [9855, 0.9163961038961039], [9919, 0.916733870967742], [9983, 0.917167467948718], [9999, 0.9171]], "candidate_count_total": 25, "confirmed_count_total": 19, "created_at": 1768144749.5914423, "confirm_rule_effective": "perm_test", "last_perm_pvalue": 1.0, "last_perm_effect": -0.016952368984748823, "perm_test_count_total": 53, "perm_accept_count_total": 19, "perm_reject_count_total": 34, "perm_alpha": 0.005, "perm_pvalue_p50": 0.3333333333333333, "perm_pvalue_p90": 1.0, "perm_pvalue_p99": 1.0, "perm_pvalue_le_alpha_ratio": 0.3584905660377358, "perm_effect_p50": 0.003906968014723293, "perm_effect_p90": 0.07147778092887633, "perm_effect_p99": 0.1571539192107282}