{"dataset_name": "sine_nodrift", "dataset_type": "sine", "model_variant": "ts_drift_adapt", "seed": 1, "monitor_preset": "error_divergence_ph_meta@error.threshold=0.10,error.min_instances=5", "monitor_preset_base": "error_divergence_ph_meta", "monitor_ph_params": {"error_rate": {"delta": 0.005, "alpha": 0.15, "threshold": 0.1, "min_instances": 5}, "divergence": {"delta": 0.005, "alpha": 0.1, "threshold": 0.05, "min_instances": 30}}, "monitor_ph_overrides": {"error_rate": {"threshold": 0.1, "min_instances": 5}}, "trigger_mode": "two_stage", "trigger_k": 2, "trigger_threshold": 0.5, "trigger_weights": "__confirm_cooldown=200,__confirm_rule=perm_test,__perm_alpha=0.005,__perm_delta_k=50,__perm_min_effect=0,__perm_n_perm=200,__perm_post_n=50,__perm_pre_n=500,__perm_rng_seed=0,__perm_stat=delta_fused_score,divergence=0.3,error_rate=0.5,teacher_entropy=0.2", "confirm_window": 3, "confirm_cooldown": 0, "adaptive_cooldown_enabled": 0, "adaptive_window": 10000, "adaptive_lower_per10k": 10.0, "adaptive_upper_per10k": 25.0, "adaptive_cooldown_low": 200, "adaptive_cooldown_high": 500, "severity_scheduler_scale": 1.0, "use_severity_v2": 0, "severity_gate": "none", "severity_gate_min_streak": 1, "entropy_mode": "overconfident", "severity_decay": 0.95, "freeze_baseline_steps": 0, "n_steps": 800, "horizon": 10000, "acc_final": 0.9287, "mean_acc": 0.8645643265255675, "acc_min": 0.375, "candidate_sample_idxs": [319, 639, 959, 1279, 1599, 1919, 2239, 2559, 2943, 3263, 3583, 4031, 4351, 4671, 4991, 5311, 5887, 6335, 6847, 7167, 7679, 8063, 8639, 9087, 9663, 9983], "confirmed_sample_idxs": [1023, 1279, 1663, 1919, 2239, 2943, 3583, 4031, 4351, 4735, 5311, 5887, 6335, 6847, 7167, 7679, 8063, 8639, 9087, 9663], "acc_series": [[63, 0.375], [127, 0.546875], [191, 0.5989583333333334], [255, 0.62890625], [319, 0.6375], [383, 0.6458333333333334], [447, 0.6629464285714286], [511, 0.68359375], [575, 0.6996527777777778], [639, 0.7140625], [703, 0.7315340909090909], [767, 0.7395833333333334], [831, 0.7548076923076923], [895, 0.7589285714285714], [959, 0.76875], [1023, 0.7734375], [1087, 0.7766544117647058], [1151, 0.78125], [1215, 0.7870065789473685], [1279, 0.790625], [1343, 0.7938988095238095], [1407, 0.8011363636363636], [1471, 0.8036684782608695], [1535, 0.806640625], [1599, 0.81], [1663, 0.8100961538461539], [1727, 0.8125], [1791, 0.8158482142857143], [1855, 0.8178879310344828], [1919, 0.8213541666666667], [1983, 0.8261088709677419], [2047, 0.82763671875], [2111, 0.8304924242424242], [2175, 0.8331801470588235], [2239, 0.8357142857142857], [2303, 0.8368055555555556], [2367, 0.8391047297297297], [2431, 0.8421052631578947], [2495, 0.8449519230769231], [2559, 0.847265625], [2623, 0.8502286585365854], [2687, 0.8530505952380952], [2751, 0.8546511627906976], [2815, 0.8561789772727273], [2879, 0.8583333333333333], [2943, 0.8586956521739131], [3007, 0.8603723404255319], [3071, 0.8619791666666666], [3135, 0.8628826530612245], [3199, 0.86375], [3263, 0.866421568627451], [3327, 0.8674879807692307], [3391, 0.8682193396226415], [3455, 0.8697916666666666], [3519, 0.8713068181818182], [3583, 0.8716517857142857], [3647, 0.8730811403508771], [3711, 0.8744612068965517], [3775, 0.8760593220338984], [3839, 0.8776041666666666], [3903, 0.8793545081967213], [3967, 0.8797883064516129], [4031, 0.8797123015873016], [4095, 0.879638671875], [4159, 0.8786057692307693], [4223, 0.8794981060606061], [4287, 0.8805970149253731], [4351, 0.8816636029411765], [4415, 0.8822463768115942], [4479, 0.8832589285714286], [4543, 0.8842429577464789], [4607, 0.8851996527777778], [4671, 0.8865582191780822], [4735, 0.8874577702702703], [4799, 0.8883333333333333], [4863, 0.8889802631578947], [4927, 0.8898133116883117], [4991, 0.8908253205128205], [5055, 0.8920094936708861], [5119, 0.8927734375], [5183, 0.8935185185185185], [5247, 0.8946265243902439], [5311, 0.895519578313253], [5375, 0.8960193452380952], [5439, 0.8966911764705883], [5503, 0.8977107558139535], [5567, 0.8985272988505747], [5631, 0.8995028409090909], [5695, 0.8999297752808989], [5759, 0.9008680555555556], [5823, 0.9017857142857143], [5887, 0.9021739130434783], [5951, 0.9028897849462365], [6015, 0.9034242021276596], [6079, 0.9044407894736842], [6143, 0.9054361979166666], [6207, 0.9060889175257731], [6271, 0.90625], [6335, 0.9070391414141414], [6399, 0.9078125], [6463, 0.9082611386138614], [6527, 0.9088541666666666], [6591, 0.9095873786407767], [6655, 0.9098557692307693], [6719, 0.9102678571428572], [6783, 0.9109669811320755], [6847, 0.9112149532710281], [6911, 0.9113136574074074], [6975, 0.9118405963302753], [7039, 0.9120738636363637], [7103, 0.9124436936936937], [7167, 0.9129464285714286], [7231, 0.9133019911504425], [7295, 0.9140625], [7359, 0.9148097826086956], [7423, 0.9154094827586207], [7487, 0.9159989316239316], [7551, 0.9161811440677966], [7615, 0.9162289915966386], [7679, 0.9165364583333333], [7743, 0.9170971074380165], [7807, 0.9177766393442623], [7871, 0.9183180894308943], [7935, 0.918976814516129], [7999, 0.91925], [8063, 0.9196428571428571], [8127, 0.9200295275590551], [8191, 0.9205322265625], [8255, 0.9203003875968992], [8319, 0.9206730769230769], [8383, 0.9212786259541985], [8447, 0.9211647727272727], [8511, 0.9216400375939849], [8575, 0.921875], [8639, 0.9221064814814814], [8703, 0.9224494485294118], [8767, 0.9227874087591241], [8831, 0.9233469202898551], [8895, 0.9236735611510791], [8959, 0.9238839285714285], [9023, 0.9240913120567376], [9087, 0.9240757042253521], [9151, 0.9241695804195804], [9215, 0.9244791666666666], [9279, 0.9247844827586207], [9343, 0.9252996575342466], [9407, 0.9257015306122449], [9471, 0.926097972972973], [9535, 0.9265939597315436], [9599, 0.926875], [9663, 0.9270488410596026], [9727, 0.9274259868421053], [9791, 0.9277982026143791], [9855, 0.9280641233766234], [9919, 0.9284274193548387], [9983, 0.9286858974358975], [9999, 0.9287]], "candidate_count_total": 26, "confirmed_count_total": 20, "created_at": 1768134531.4770172, "confirm_rule_effective": "perm_test", "last_perm_pvalue": 1.0, "last_perm_effect": -0.01298012181709498, "perm_test_count_total": 41, "perm_accept_count_total": 20, "perm_reject_count_total": 21, "perm_alpha": 0.005, "perm_pvalue_p50": 0.014925373134328358, "perm_pvalue_p90": 1.0, "perm_pvalue_p99": 1.0, "perm_pvalue_le_alpha_ratio": 0.4878048780487805, "perm_effect_p50": 0.021491033721166133, "perm_effect_p90": 0.07310990469194892, "perm_effect_p99": 0.17299589021609524}