{"dataset_name": "INSECTS_abrupt_balanced", "dataset_type": "insects_real", "model_variant": "ts_drift_adapt_severity", "seed": 6, "monitor_preset": "error_divergence_ph_meta@error.threshold=0.03,error.min_instances=5", "monitor_preset_base": "error_divergence_ph_meta", "monitor_ph_params": {"error_rate": {"delta": 0.005, "alpha": 0.15, "threshold": 0.03, "min_instances": 5}, "divergence": {"delta": 0.005, "alpha": 0.1, "threshold": 0.05, "min_instances": 30}}, "monitor_ph_overrides": {"error_rate": {"threshold": 0.03, "min_instances": 5}}, "trigger_mode": "two_stage", "trigger_k": 2, "trigger_threshold": 0.5, "trigger_weights": "confirm_cooldown=200,divergence=0.3,error_rate=0.5,teacher_entropy=0.2", "confirm_window": 1, "confirm_cooldown": 0, "adaptive_cooldown_enabled": 0, "adaptive_window": 10000, "adaptive_lower_per10k": 10.0, "adaptive_upper_per10k": 25.0, "adaptive_cooldown_low": 200, "adaptive_cooldown_high": 500, "severity_scheduler_scale": 2.0, "use_severity_v2": 1, "severity_gate": "none", "severity_gate_min_streak": 1, "entropy_mode": "uncertain", "severity_decay": 0.95, "freeze_baseline_steps": 5, "n_steps": 1200, "horizon": 52847, "acc_final": 0.2169091906825364, "mean_acc": 0.20455920761416665, "acc_min": 0.16423233695652173, "candidate_sample_idxs": [1279, 2559, 3839, 5119, 6399, 7679, 8959, 10239, 11519, 12799, 14079, 15359, 17919, 19199, 20479, 21759, 23039, 24319, 25599, 26879, 28159, 29695, 30975, 32255, 33535, 34815, 36095, 37375, 38655, 39935, 41215, 42495, 43775, 45055, 46335, 47615, 48895, 50175, 51455, 52735], "confirmed_sample_idxs": [1279, 2559, 3839, 5119, 6399, 7679, 8959, 10239, 11519, 12799, 14079, 15359, 17919, 19199, 20479, 21759, 23039, 24319, 25599, 26879, 28159, 29695, 30975, 32255, 33535, 34815, 36095, 37375, 38655, 39935, 41215, 42495, 43775, 45055, 46335, 47615, 48895, 50175, 51455, 52735], "acc_series": [[255, 0.19140625], [511, 0.173828125], [767, 0.18098958333333334], [1023, 0.189453125], [1279, 0.1890625], [1535, 0.189453125], [1791, 0.19029017857142858], [2047, 0.19189453125], [2303, 0.19401041666666666], [2559, 0.194140625], [2815, 0.19495738636363635], [3071, 0.19303385416666666], [3327, 0.19621394230769232], [3583, 0.19810267857142858], [3839, 0.19713541666666667], [4095, 0.1962890625], [4351, 0.19852941176470587], [4607, 0.20030381944444445], [4863, 0.20148026315789475], [5119, 0.202734375], [5375, 0.20461309523809523], [5631, 0.20454545454545456], [5887, 0.20448369565217392], [6143, 0.20247395833333334], [6399, 0.201875], [6655, 0.20237379807692307], [6911, 0.2025462962962963], [7167, 0.20298549107142858], [7423, 0.20420258620689655], [7679, 0.20364583333333333], [7935, 0.2047631048387097], [8191, 0.2076416015625], [8447, 0.20916193181818182], [8703, 0.21013327205882354], [8959, 0.21216517857142858], [9215, 0.21299913194444445], [9471, 0.21241554054054054], [9727, 0.21371299342105263], [9983, 0.2146434294871795], [10239, 0.21552734375], [10495, 0.21627286585365854], [10751, 0.21856398809523808], [11007, 0.21929505813953487], [11263, 0.21954900568181818], [11519, 0.21953125], [11775, 0.21976902173913043], [12031, 0.2205784574468085], [12287, 0.220703125], [12543, 0.22138073979591838], [12799, 0.2178125], [13055, 0.21354166666666666], [13311, 0.20943509615384615], [13567, 0.2055571933962264], [13823, 0.20182291666666666], [14079, 0.19928977272727272], [14335, 0.20075334821428573], [14591, 0.19860197368421054], [14847, 0.19517780172413793], [15103, 0.19193591101694915], [15359, 0.18873697916666668], [15615, 0.18564293032786885], [15871, 0.18264868951612903], [16127, 0.17981150793650794], [16383, 0.177001953125], [16639, 0.17427884615384615], [16895, 0.17163825757575757], [17151, 0.16907649253731344], [17407, 0.16664751838235295], [17663, 0.16423233695652173], [17919, 0.16439732142857144], [18175, 0.16950924295774647], [18431, 0.17333984375], [18687, 0.17690496575342465], [18943, 0.18090160472972974], [19199, 0.18447916666666667], [19455, 0.18827097039473684], [19711, 0.19003652597402598], [19967, 0.19040464743589744], [20223, 0.19046677215189872], [20479, 0.190771484375], [20735, 0.19111689814814814], [20991, 0.19207317073170732], [21247, 0.19333584337349397], [21503, 0.19452194940476192], [21759, 0.19554227941176472], [22015, 0.19735646802325582], [22271, 0.1978717672413793], [22527, 0.19944069602272727], [22783, 0.2011499297752809], [23039, 0.20203993055555555], [23295, 0.20265281593406592], [23551, 0.20435631793478262], [23807, 0.20551915322580644], [24063, 0.2067403590425532], [24319, 0.20760690789473685], [24575, 0.2081298828125], [24831, 0.20880315721649484], [25087, 0.2099011479591837], [25343, 0.21168718434343434], [25599, 0.213046875], [25855, 0.2141862623762376], [26111, 0.21537990196078433], [26367, 0.21636074029126215], [26623, 0.2174353966346154], [26879, 0.21889880952380952], [27135, 0.22029775943396226], [27391, 0.2213785046728972], [27647, 0.22280092592592593], [27903, 0.2241614105504587], [28159, 0.22283380681818182], [28415, 0.22114301801801803], [28671, 0.21941266741071427], [28927, 0.2176438053097345], [29183, 0.2158717105263158], [29439, 0.2140625], [29695, 0.21241918103448276], [29951, 0.210803952991453], [30207, 0.20918299788135594], [30463, 0.20772058823529413], [30719, 0.20615234375], [30975, 0.20486828512396693], [31231, 0.20347720286885246], [31487, 0.20226753048780488], [31743, 0.20120337701612903], [31999, 0.20028125], [32255, 0.1995907738095238], [32511, 0.19943405511811024], [32767, 0.20068359375], [33023, 0.20276162790697674], [33279, 0.2032752403846154], [33535, 0.20303554389312978], [33791, 0.20333214962121213], [34047, 0.20350681390977443], [34303, 0.20335820895522388], [34559, 0.20315393518518518], [34815, 0.20292394301470587], [35071, 0.20264028284671534], [35327, 0.20275701992753623], [35583, 0.20320930755395683], [35839, 0.20334821428571428], [36095, 0.20329122340425532], [36351, 0.20362015845070422], [36607, 0.20367132867132867], [36863, 0.20369466145833334], [37119, 0.20377155172413794], [37375, 0.2035798373287671], [37631, 0.20360331632653061], [37887, 0.20389041385135134], [38143, 0.20425230704697986], [38399, 0.202890625], [38655, 0.2015728476821192], [38911, 0.20150596217105263], [39167, 0.2015420751633987], [39423, 0.20162844967532467], [39679, 0.2016633064516129], [39935, 0.2016476362179487], [40191, 0.20165704617834396], [40447, 0.20174050632911392], [40703, 0.20221599842767296], [40959, 0.202880859375], [41215, 0.20314926242236025], [41471, 0.20384837962962962], [41727, 0.20451495398773006], [41983, 0.20555449695121952], [42239, 0.20653409090909092], [42495, 0.20729009789156627], [42751, 0.20799026946107785], [43007, 0.20875186011904762], [43263, 0.20978180473372782], [43519, 0.2107766544117647], [43775, 0.21150858918128654], [44031, 0.21275436046511628], [44287, 0.21333092485549132], [44543, 0.21408045977011494], [44799, 0.2149330357142857], [45055, 0.21619762073863635], [45311, 0.21707274011299435], [45567, 0.21806969803370788], [45823, 0.21903369413407822], [46079, 0.2203125], [46335, 0.22123187154696133], [46591, 0.2221196771978022], [46847, 0.2221866461748634], [47103, 0.22097911005434784], [47359, 0.21984797297297298], [47615, 0.21879200268817203], [47871, 0.2176428810160428], [48127, 0.21660987367021275], [48383, 0.2158358134920635], [48639, 0.21513157894736842], [48895, 0.21465968586387435], [49151, 0.21437581380208334], [49407, 0.21407464378238342], [49663, 0.21373630798969073], [49919, 0.21350160256410255], [50175, 0.21364795918367346], [50431, 0.21426871827411167], [50687, 0.21502130681818182], [50943, 0.2157270728643216], [51199, 0.21669921875], [51455, 0.21766169154228857], [51711, 0.2188273514851485], [51967, 0.22003925492610837], [52223, 0.21949678308823528], [52479, 0.21842606707317072], [52735, 0.2173657463592233], [52846, 0.2169091906825364]], "candidate_count_total": 40, "confirmed_count_total": 40, "created_at": 1767889737.612826}