{"dataset_name": "INSECTS_abrupt_balanced", "dataset_type": "insects_real", "model_variant": "ts_drift_adapt_severity", "seed": 19, "monitor_preset": "error_divergence_ph_meta@error.threshold=0.03,error.min_instances=5", "monitor_preset_base": "error_divergence_ph_meta", "monitor_ph_params": {"error_rate": {"delta": 0.005, "alpha": 0.15, "threshold": 0.03, "min_instances": 5}, "divergence": {"delta": 0.005, "alpha": 0.1, "threshold": 0.05, "min_instances": 30}}, "monitor_ph_overrides": {"error_rate": {"threshold": 0.03, "min_instances": 5}}, "trigger_mode": "two_stage", "trigger_k": 2, "trigger_threshold": 0.5, "trigger_weights": "confirm_cooldown=200,divergence=0.3,error_rate=0.5,teacher_entropy=0.2", "confirm_window": 1, "confirm_cooldown": 0, "adaptive_cooldown_enabled": 0, "adaptive_window": 10000, "adaptive_lower_per10k": 10.0, "adaptive_upper_per10k": 25.0, "adaptive_cooldown_low": 200, "adaptive_cooldown_high": 500, "severity_scheduler_scale": 2.0, "use_severity_v2": 1, "severity_gate": "none", "severity_gate_min_streak": 1, "entropy_mode": "uncertain", "severity_decay": 0.95, "freeze_baseline_steps": 5, "n_steps": 1200, "horizon": 52847, "acc_final": 0.2064639430809696, "mean_acc": 0.19845184178438016, "acc_min": 0.16584821428571428, "candidate_sample_idxs": [1279, 2559, 3839, 5119, 6399, 7679, 8959, 10239, 11519, 12799, 14335, 15615, 18175, 19455, 20735, 22015, 23295, 24575, 25855, 27135, 28415, 29695, 30975, 32255, 33535, 34815, 36095, 37375, 38655, 39935, 41215, 42495, 43775, 45055, 46335, 47615, 48895, 50175, 51455, 52735], "confirmed_sample_idxs": [1279, 2559, 3839, 5119, 6399, 7679, 8959, 10239, 11519, 12799, 14335, 15615, 18175, 19455, 20735, 22015, 23295, 24575, 25855, 27135, 28415, 29695, 30975, 32255, 33535, 34815, 36095, 37375, 38655, 39935, 41215, 42495, 43775, 45055, 46335, 47615, 48895, 50175, 51455, 52735], "acc_series": [[255, 0.203125], [511, 0.220703125], [767, 0.22395833333333334], [1023, 0.2265625], [1279, 0.22421875], [1535, 0.228515625], [1791, 0.22935267857142858], [2047, 0.224609375], [2303, 0.2269965277777778], [2559, 0.225], [2815, 0.2276278409090909], [3071, 0.2265625], [3327, 0.2244591346153846], [3583, 0.22405133928571427], [3839, 0.22109375], [4095, 0.22265625], [4351, 0.2231158088235294], [4607, 0.2248263888888889], [4863, 0.22594572368421054], [5119, 0.226953125], [5375, 0.22767857142857142], [5631, 0.22709517045454544], [5887, 0.22877038043478262], [6143, 0.22705078125], [6399, 0.22828125], [6655, 0.22911658653846154], [6911, 0.22902199074074073], [7167, 0.23005022321428573], [7423, 0.2299299568965517], [7679, 0.229296875], [7935, 0.2282006048387097], [8191, 0.2281494140625], [8447, 0.22727272727272727], [8703, 0.22828584558823528], [8959, 0.22734375], [9215, 0.22786458333333334], [9471, 0.22793496621621623], [9727, 0.22779605263157895], [9983, 0.22746394230769232], [10239, 0.2279296875], [10495, 0.22703887195121952], [10751, 0.22702752976190477], [11007, 0.22638081395348839], [11263, 0.22602982954545456], [11519, 0.2269965277777778], [11775, 0.2262228260869565], [12031, 0.22631316489361702], [12287, 0.22648111979166666], [12543, 0.22767857142857142], [12799, 0.22421875], [13055, 0.21982230392156862], [13311, 0.21559495192307693], [13567, 0.21152712264150944], [13823, 0.20768229166666666], [14079, 0.2041903409090909], [14335, 0.20207868303571427], [14591, 0.20031524122807018], [14847, 0.19699622844827586], [15103, 0.19372351694915255], [15359, 0.19049479166666666], [15615, 0.18737192622950818], [15871, 0.18434979838709678], [16127, 0.1814856150793651], [16383, 0.17864990234375], [16639, 0.1759014423076923], [16895, 0.17329545454545456], [17151, 0.1707089552238806], [17407, 0.16825597426470587], [17663, 0.16587409420289856], [17919, 0.16584821428571428], [18175, 0.16906910211267606], [18431, 0.17003038194444445], [18687, 0.17085830479452055], [18943, 0.1707664695945946], [19199, 0.1715625], [19455, 0.17259457236842105], [19711, 0.17324472402597402], [19967, 0.1736278044871795], [20223, 0.17375395569620253], [20479, 0.17421875], [20735, 0.1744309413580247], [20991, 0.17463795731707318], [21247, 0.17465173192771086], [21503, 0.17466517857142858], [21759, 0.17463235294117646], [22015, 0.1746002906976744], [22271, 0.17492816091954022], [22527, 0.17467151988636365], [22783, 0.17494733146067415], [23039, 0.17569444444444443], [23295, 0.17603880494505494], [23551, 0.17692764945652173], [23807, 0.1775453629032258], [24063, 0.17835771276595744], [24319, 0.17948190789473684], [24575, 0.18017578125], [24831, 0.18117751288659795], [25087, 0.18243781887755103], [25343, 0.18363320707070707], [25599, 0.184453125], [25855, 0.18548886138613863], [26111, 0.18623621323529413], [26367, 0.1874241504854369], [26623, 0.18840144230769232], [26879, 0.1896577380952381], [27135, 0.19063237028301888], [27391, 0.19169830607476634], [27647, 0.1929615162037037], [27903, 0.19438073394495411], [28159, 0.19303977272727274], [28415, 0.19147663288288289], [28671, 0.19008091517857142], [28927, 0.18867533185840707], [29183, 0.18729440789473684], [29439, 0.1859375], [29695, 0.18453663793103448], [29951, 0.18319310897435898], [30207, 0.18203787076271186], [30463, 0.18067226890756302], [30719, 0.17942708333333332], [30975, 0.1782993285123967], [31231, 0.17735015368852458], [31487, 0.17689278455284552], [31743, 0.1779233870967742], [31999, 0.179625], [32255, 0.18170262896825398], [32511, 0.18362450787401574], [32767, 0.18548583984375], [33023, 0.18737887596899225], [33279, 0.18771033653846153], [33535, 0.18744036259541985], [33791, 0.18767755681818182], [34047, 0.1879405545112782], [34303, 0.18787896455223882], [34559, 0.1875], [34815, 0.18715533088235295], [35071, 0.18695825729927007], [35327, 0.18724524456521738], [35583, 0.18761241007194246], [35839, 0.18783482142857144], [36095, 0.18774933510638298], [36351, 0.1879676496478873], [36607, 0.18788243006993008], [36863, 0.18785264756944445], [37119, 0.18798491379310345], [37375, 0.18806185787671234], [37631, 0.18811118197278912], [37887, 0.18858213682432431], [38143, 0.18857487416107382], [38399, 0.18731770833333333], [38655, 0.18607719370860928], [38911, 0.18575246710526316], [39167, 0.18596813725490197], [39423, 0.18600344967532467], [39679, 0.18639112903225807], [39935, 0.1868739983974359], [40191, 0.18737559713375795], [40447, 0.1880439082278481], [40703, 0.18870381289308177], [40959, 0.1894775390625], [41215, 0.19012034161490685], [41471, 0.19092399691358025], [41727, 0.19178968558282208], [41983, 0.19259717987804878], [42239, 0.1937026515151515], [42495, 0.19488893072289157], [42751, 0.19599083083832336], [43007, 0.19700985863095238], [43263, 0.1979012573964497], [43519, 0.1990579044117647], [43775, 0.1998812134502924], [44031, 0.20105832122093023], [44287, 0.2016573338150289], [44543, 0.20218211206896552], [44799, 0.20283482142857143], [45055, 0.203857421875], [45311, 0.20471398305084745], [45567, 0.20578037219101122], [45823, 0.20659479748603352], [46079, 0.20753038194444445], [46335, 0.20834772099447513], [46591, 0.20924192994505494], [46847, 0.20916581284153005], [47103, 0.20802904211956522], [47359, 0.20690456081081082], [47615, 0.20579217069892472], [47871, 0.20469167780748662], [48127, 0.20360289228723405], [48383, 0.20260830026455026], [48639, 0.2018297697368421], [48895, 0.20107984293193717], [49151, 0.20048014322916666], [49407, 0.20012953367875647], [49663, 0.19998389175257733], [49919, 0.20028044871794873], [50175, 0.20113201530612246], [50431, 0.2022128807106599], [50687, 0.20338147095959597], [50943, 0.20436165201005024], [51199, 0.20546875], [51455, 0.20658426616915423], [51711, 0.2080368193069307], [51967, 0.2094365763546798], [52223, 0.20892693014705882], [52479, 0.2079077743902439], [52735, 0.20689851334951456], [52846, 0.2064639430809696]], "candidate_count_total": 40, "confirmed_count_total": 40, "created_at": 1767889819.7570114}