{"dataset_name": "INSECTS_abrupt_balanced", "dataset_type": "insects_real", "model_variant": "ts_drift_adapt", "seed": 1, "monitor_preset": "error_divergence_ph_meta", "trigger_mode": "weighted", "trigger_k": 2, "trigger_threshold": 0.5, "trigger_weights": "divergence=0.3,error_rate=0.5,teacher_entropy=0.2", "confirm_window": 200, "severity_scheduler_scale": 1.0, "use_severity_v2": 0, "severity_gate": "none", "severity_gate_min_streak": 1, "entropy_mode": "overconfident", "severity_decay": 0.95, "freeze_baseline_steps": 0, "n_steps": 1200, "horizon": 52847, "acc_final": 0.22029632713304445, "mean_acc": 0.2170106473894621, "acc_min": 0.17689732142857142, "candidate_sample_idxs": [6399, 12799, 18687, 19199, 25599, 32255, 38655, 45055, 51455], "confirmed_sample_idxs": [6399, 12799, 19199, 25599, 32255, 38655, 45055, 51455], "acc_series": [[255, 0.19921875], [511, 0.205078125], [767, 0.21744791666666666], [1023, 0.212890625], [1279, 0.21640625], [1535, 0.21484375], [1791, 0.21372767857142858], [2047, 0.2138671875], [2303, 0.22135416666666666], [2559, 0.2234375], [2815, 0.22194602272727273], [3071, 0.2236328125], [3327, 0.22265625], [3583, 0.22377232142857142], [3839, 0.22213541666666667], [4095, 0.221435546875], [4351, 0.22173713235294118], [4607, 0.2248263888888889], [4863, 0.22306743421052633], [5119, 0.2234375], [5375, 0.22209821428571427], [5631, 0.2235440340909091], [5887, 0.22554347826086957], [6143, 0.2255859375], [6399, 0.228125], [6655, 0.22536057692307693], [6911, 0.22554976851851852], [7167, 0.22698102678571427], [7423, 0.22696659482758622], [7679, 0.2265625], [7935, 0.2274445564516129], [8191, 0.22705078125], [8447, 0.22774621212121213], [8703, 0.22874540441176472], [8959, 0.2296875], [9215, 0.22884114583333334], [9471, 0.23004645270270271], [9727, 0.2294407894736842], [9983, 0.22946714743589744], [10239, 0.22978515625], [10495, 0.22980182926829268], [10751, 0.22981770833333334], [11007, 0.23019622093023256], [11263, 0.22966974431818182], [11519, 0.22934027777777777], [11775, 0.22843070652173914], [12031, 0.2283909574468085], [12287, 0.22819010416666666], [12543, 0.22927295918367346], [12799, 0.2259375], [13055, 0.22150735294117646], [13311, 0.21724759615384615], [13567, 0.21314858490566038], [13823, 0.2095630787037037], [14079, 0.20873579545454546], [14335, 0.21686662946428573], [14591, 0.21408991228070176], [14847, 0.2103987068965517], [15103, 0.2068988347457627], [15359, 0.20345052083333334], [15615, 0.20011526639344263], [15871, 0.19688760080645162], [16127, 0.19382440476190477], [16383, 0.1907958984375], [16639, 0.18786057692307692], [16895, 0.18501420454545456], [17151, 0.18225279850746268], [17407, 0.17963005514705882], [17663, 0.17702672101449277], [17919, 0.17689732142857142], [18175, 0.18155809859154928], [18431, 0.1845703125], [18687, 0.1876070205479452], [18943, 0.18987542229729729], [19199, 0.19265625], [19455, 0.19603207236842105], [19711, 0.19779829545454544], [19967, 0.19791666666666666], [20223, 0.19798259493670886], [20479, 0.198486328125], [20735, 0.1990258487654321], [20991, 0.20021913109756098], [21247, 0.2017601656626506], [21503, 0.20345052083333334], [21759, 0.20436580882352942], [22015, 0.20607739825581395], [22271, 0.20725574712643677], [22527, 0.20929509943181818], [22783, 0.21124473314606743], [23039, 0.2122829861111111], [23295, 0.2132125686813187], [23551, 0.21522588315217392], [23807, 0.21677587365591397], [24063, 0.21837599734042554], [24319, 0.21953125], [24575, 0.22029622395833334], [24831, 0.22164948453608246], [25087, 0.22285554846938777], [25343, 0.22431344696969696], [25599, 0.225390625], [25855, 0.22633044554455445], [26111, 0.22744332107843138], [26367, 0.22857251213592233], [26623, 0.22960486778846154], [26879, 0.2308407738095238], [27135, 0.23153744103773585], [27391, 0.23258615654205608], [27647, 0.23328993055555555], [27903, 0.23459002293577982], [28159, 0.23313210227272727], [28415, 0.23138372747747749], [28671, 0.22970145089285715], [28927, 0.22808351769911506], [29183, 0.22642543859649122], [29439, 0.2249320652173913], [29695, 0.22359913793103448], [29951, 0.22225560897435898], [30207, 0.22106726694915255], [30463, 0.21983324579831934], [30719, 0.21861979166666667], [30975, 0.21765237603305784], [31231, 0.2165407274590164], [31487, 0.21525660569105692], [31743, 0.21487525201612903], [31999, 0.2144375], [32255, 0.21453373015873015], [32511, 0.214720718503937], [32767, 0.21600341796875], [33023, 0.2173267926356589], [33279, 0.21766826923076923], [33535, 0.21746779580152673], [33791, 0.21744791666666666], [34047, 0.21716400375939848], [34303, 0.21708838619402984], [34559, 0.21712962962962962], [34815, 0.2168255974264706], [35071, 0.21672559306569342], [35327, 0.21628736413043478], [35583, 0.21627697841726617], [35839, 0.21612723214285715], [36095, 0.21600731382978725], [36351, 0.21619168133802816], [36607, 0.2162368881118881], [36863, 0.21617296006944445], [37119, 0.2159752155172414], [37375, 0.21596746575342465], [37631, 0.21585352891156462], [37887, 0.21629539695945946], [38143, 0.21631187080536912], [38399, 0.21486979166666667], [38655, 0.2134468129139073], [38911, 0.21314761513157895], [39167, 0.21305657679738563], [39423, 0.21286525974025974], [39679, 0.2128780241935484], [39935, 0.21299078525641027], [40191, 0.21292794585987262], [40447, 0.21316257911392406], [40703, 0.21324685534591195], [40959, 0.213720703125], [41215, 0.21370341614906832], [41471, 0.21414448302469136], [41727, 0.2142206671779141], [41983, 0.21453410823170732], [42239, 0.21491477272727272], [42495, 0.21557323042168675], [42751, 0.21598989520958084], [43007, 0.21656436011904762], [43263, 0.21745562130177515], [43519, 0.21833639705882352], [43775, 0.21879568713450293], [44031, 0.21995367005813954], [44287, 0.22044346098265896], [44543, 0.2210174209770115], [44799, 0.22171875], [45055, 0.2225674715909091], [45311, 0.2233845338983051], [45567, 0.224389922752809], [45823, 0.2254713687150838], [46079, 0.22654079861111112], [46335, 0.22729627071823205], [46591, 0.22808636675824176], [46847, 0.22801400273224043], [47103, 0.22683848505434784], [47359, 0.2256545608108108], [47615, 0.22458837365591397], [47871, 0.2234918114973262], [48127, 0.22249002659574468], [48383, 0.2216848544973545], [48639, 0.22101151315789475], [48895, 0.2202838678010471], [49151, 0.21966552734375], [49407, 0.2192762305699482], [49663, 0.2188305412371134], [49919, 0.2185496794871795], [50175, 0.21876992984693877], [50431, 0.21912674492385786], [50687, 0.2196969696969697], [50943, 0.22039886934673367], [51199, 0.22109375], [51455, 0.22191775497512436], [51711, 0.2227336014851485], [51967, 0.22361838054187191], [52223, 0.22292432598039216], [52479, 0.22183689024390243], [52735, 0.22076001213592233], [52846, 0.22029632713304445]], "candidate_count_total": 0, "confirmed_count_total": 0, "created_at": 1767803753.085405}