{"dataset_name": "sine_nodrift", "dataset_type": "sine", "model_variant": "ts_drift_adapt", "seed": 5, "monitor_preset": "error_divergence_ph_meta@error.threshold=0.10,error.min_instances=5", "monitor_preset_base": "error_divergence_ph_meta", "monitor_ph_params": {"error_rate": {"delta": 0.005, "alpha": 0.15, "threshold": 0.1, "min_instances": 5}, "divergence": {"delta": 0.005, "alpha": 0.1, "threshold": 0.05, "min_instances": 30}}, "monitor_ph_overrides": {"error_rate": {"threshold": 0.1, "min_instances": 5}}, "trigger_mode": "two_stage", "trigger_k": 2, "trigger_threshold": 0.5, "trigger_weights": "__confirm_cooldown=200,__confirm_rule=perm_test,__perm_alpha=0.01,__perm_min_effect=0,__perm_n_perm=200,__perm_post_n=20,__perm_pre_n=500,__perm_rng_seed=0,__perm_stat=fused_score,divergence=0.3,error_rate=0.5,teacher_entropy=0.2", "confirm_window": 3, "confirm_cooldown": 0, "adaptive_cooldown_enabled": 0, "adaptive_window": 10000, "adaptive_lower_per10k": 10.0, "adaptive_upper_per10k": 25.0, "adaptive_cooldown_low": 200, "adaptive_cooldown_high": 500, "severity_scheduler_scale": 1.0, "use_severity_v2": 0, "severity_gate": "none", "severity_gate_min_streak": 1, "entropy_mode": "overconfident", "severity_decay": 0.95, "freeze_baseline_steps": 0, "n_steps": 800, "horizon": 10000, "acc_final": 0.9026, "mean_acc": 0.8122748725505756, "acc_min": 0.4609375, "candidate_sample_idxs": [319, 639, 959, 1279, 1599, 1919, 2239, 2559, 2879, 3199, 3519, 3839, 4159, 4479, 4799, 5119, 5439, 6015, 6335, 6655, 6975, 7295, 7615, 7935, 8255, 8575, 9023, 9343, 9983], "confirmed_sample_idxs": [639, 1087, 1727, 2431, 2879, 3263, 3711, 4287, 5311, 6015, 6655, 6975, 7615, 8255, 9023, 9983], "acc_series": [[63, 0.578125], [127, 0.5234375], [191, 0.484375], [255, 0.4609375], [319, 0.471875], [383, 0.4921875], [447, 0.5334821428571429], [511, 0.56640625], [575, 0.5972222222222222], [639, 0.6234375], [703, 0.6463068181818182], [767, 0.6627604166666666], [831, 0.671875], [895, 0.6796875], [959, 0.6791666666666667], [1023, 0.6845703125], [1087, 0.6847426470588235], [1151, 0.6892361111111112], [1215, 0.6866776315789473], [1279, 0.68984375], [1343, 0.6875], [1407, 0.6946022727272727], [1471, 0.7004076086956522], [1535, 0.70703125], [1599, 0.7175], [1663, 0.7229567307692307], [1727, 0.7291666666666666], [1791, 0.734375], [1855, 0.7392241379310345], [1919, 0.74375], [1983, 0.7494959677419355], [2047, 0.75439453125], [2111, 0.7575757575757576], [2175, 0.7587316176470589], [2239, 0.7616071428571428], [2303, 0.7643229166666666], [2367, 0.7673141891891891], [2431, 0.7697368421052632], [2495, 0.7720352564102564], [2559, 0.774609375], [2623, 0.7778201219512195], [2687, 0.7805059523809523], [2751, 0.7823401162790697], [2815, 0.7848011363636364], [2879, 0.7864583333333334], [2943, 0.7883831521739131], [3007, 0.7918882978723404], [3071, 0.7939453125], [3135, 0.7971938775510204], [3199, 0.79875], [3263, 0.8011642156862745], [3327, 0.8028846153846154], [3391, 0.8039504716981132], [3455, 0.8061342592592593], [3519, 0.8076704545454545], [3583, 0.8094308035714286], [3647, 0.8127741228070176], [3711, 0.8151939655172413], [3775, 0.8167372881355932], [3839, 0.81875], [3903, 0.820952868852459], [3967, 0.8223286290322581], [4031, 0.8251488095238095], [4095, 0.82763671875], [4159, 0.8290865384615385], [4223, 0.8309659090909091], [4287, 0.8332555970149254], [4351, 0.8343290441176471], [4415, 0.8362771739130435], [4479, 0.8381696428571429], [4543, 0.8402288732394366], [4607, 0.8420138888888888], [4671, 0.8439640410958904], [4735, 0.8439611486486487], [4799, 0.8454166666666667], [4863, 0.8468338815789473], [4927, 0.8480113636363636], [4991, 0.8491586538461539], [5055, 0.8504746835443038], [5119, 0.8513671875], [5183, 0.8528163580246914], [5247, 0.854420731707317], [5311, 0.8550451807228916], [5375, 0.8560267857142857], [5439, 0.8573529411764705], [5503, 0.8586482558139535], [5567, 0.8602729885057471], [5631, 0.8615056818181818], [5695, 0.8627106741573034], [5759, 0.8637152777777778], [5823, 0.8648695054945055], [5887, 0.8661684782608695], [5951, 0.8671034946236559], [6015, 0.8678523936170213], [6079, 0.8685855263157894], [6143, 0.869140625], [6207, 0.8695231958762887], [6271, 0.8702168367346939], [6335, 0.8707386363636364], [6399, 0.8715625], [6463, 0.8717512376237624], [6527, 0.8727022058823529], [6591, 0.8733313106796117], [6655, 0.8736478365384616], [6719, 0.8741071428571429], [6783, 0.875], [6847, 0.8755841121495327], [6911, 0.8763020833333334], [6975, 0.877006880733945], [7039, 0.8772727272727273], [7103, 0.877956081081081], [7167, 0.8782087053571429], [7231, 0.8790099557522124], [7295, 0.879797149122807], [7359, 0.8804347826086957], [7423, 0.8813308189655172], [7487, 0.8820779914529915], [7551, 0.8820180084745762], [7615, 0.882484243697479], [7679, 0.8828125], [7743, 0.8827479338842975], [7807, 0.8835809426229508], [7871, 0.8841463414634146], [7935, 0.8847026209677419], [7999, 0.88525], [8063, 0.8860367063492064], [8127, 0.8865649606299213], [8191, 0.88720703125], [8255, 0.8879602713178295], [8319, 0.8887019230769231], [8383, 0.8888358778625954], [8447, 0.8896780303030303], [8511, 0.8902725563909775], [8575, 0.8909748134328358], [8639, 0.8913194444444444], [8703, 0.8913143382352942], [8767, 0.8918795620437956], [8831, 0.8926630434782609], [8895, 0.8933228417266187], [8959, 0.8940848214285714], [9023, 0.8947251773049646], [9087, 0.8954665492957746], [9151, 0.8961975524475524], [9215, 0.896484375], [9279, 0.896875], [9343, 0.8975813356164384], [9407, 0.8981717687074829], [9471, 0.8988597972972973], [9535, 0.8994337248322147], [9599, 0.9], [9663, 0.9004552980132451], [9727, 0.9008018092105263], [9791, 0.9014501633986928], [9855, 0.9018871753246753], [9919, 0.9022177419354839], [9983, 0.9025440705128205], [9999, 0.9026]], "candidate_count_total": 23, "confirmed_count_total": 16, "created_at": 1768149463.5268705, "confirm_rule_effective": "perm_test", "last_perm_pvalue": 0.004975124378109453, "last_perm_effect": 0.07511032087992332, "perm_test_count_total": 56, "perm_accept_count_total": 16, "perm_reject_count_total": 40, "perm_alpha": 0.01, "perm_pvalue_p50": 1.0, "perm_pvalue_p90": 1.0, "perm_pvalue_p99": 1.0, "perm_pvalue_le_alpha_ratio": 0.2857142857142857, "perm_effect_p50": -0.008047959759560947, "perm_effect_p90": 0.0686427972733373, "perm_effect_p99": 0.09605317718661396}