{"dataset_name": "sine_nodrift", "dataset_type": "sine", "model_variant": "ts_drift_adapt", "seed": 1, "monitor_preset": "error_divergence_ph_meta@error.threshold=0.10,error.min_instances=5", "monitor_preset_base": "error_divergence_ph_meta", "monitor_ph_params": {"error_rate": {"delta": 0.005, "alpha": 0.15, "threshold": 0.1, "min_instances": 5}, "divergence": {"delta": 0.005, "alpha": 0.1, "threshold": 0.05, "min_instances": 30}}, "monitor_ph_overrides": {"error_rate": {"threshold": 0.1, "min_instances": 5}}, "trigger_mode": "two_stage", "trigger_k": 2, "trigger_threshold": 0.5, "trigger_weights": "__confirm_cooldown=200,__confirm_rule=perm_test,__perm_alpha=0.05,__perm_min_effect=0,__perm_n_perm=200,__perm_post_n=30,__perm_pre_n=500,__perm_rng_seed=0,__perm_stat=fused_score,divergence=0.3,error_rate=0.5,teacher_entropy=0.2", "confirm_window": 3, "confirm_cooldown": 0, "adaptive_cooldown_enabled": 0, "adaptive_window": 10000, "adaptive_lower_per10k": 10.0, "adaptive_upper_per10k": 25.0, "adaptive_cooldown_low": 200, "adaptive_cooldown_high": 500, "severity_scheduler_scale": 1.0, "use_severity_v2": 0, "severity_gate": "none", "severity_gate_min_streak": 1, "entropy_mode": "overconfident", "severity_decay": 0.95, "freeze_baseline_steps": 0, "n_steps": 800, "horizon": 10000, "acc_final": 0.9166, "mean_acc": 0.8411764334109935, "acc_min": 0.359375, "candidate_sample_idxs": [319, 639, 959, 1279, 1599, 1919, 2239, 2559, 2943, 3263, 3583, 3903, 4223, 4543, 4863, 5183, 5503, 5823, 6143, 6463, 6783, 7103, 7423, 7743, 8703, 9087, 9407, 9727], "confirmed_sample_idxs": [639, 959, 1471, 1983, 2239, 2943, 3583, 3903, 4351, 4863, 5183, 5823, 6143, 6655, 7423, 8703, 9087, 9599], "acc_series": [[63, 0.359375], [127, 0.4453125], [191, 0.5416666666666666], [255, 0.5546875], [319, 0.559375], [383, 0.5703125], [447, 0.5870535714285714], [511, 0.607421875], [575, 0.6371527777777778], [639, 0.6546875], [703, 0.6704545454545454], [767, 0.6875], [831, 0.7055288461538461], [895, 0.7154017857142857], [959, 0.725], [1023, 0.724609375], [1087, 0.7279411764705882], [1151, 0.7335069444444444], [1215, 0.7425986842105263], [1279, 0.75234375], [1343, 0.7596726190476191], [1407, 0.7663352272727273], [1471, 0.7690217391304348], [1535, 0.7747395833333334], [1599, 0.778125], [1663, 0.7824519230769231], [1727, 0.7876157407407407], [1791, 0.7918526785714286], [1855, 0.7957974137931034], [1919, 0.8], [1983, 0.8034274193548387], [2047, 0.806640625], [2111, 0.8101325757575758], [2175, 0.8125], [2239, 0.8160714285714286], [2303, 0.8168402777777778], [2367, 0.8184121621621622], [2431, 0.8227796052631579], [2495, 0.8245192307692307], [2559, 0.8265625], [2623, 0.8300304878048781], [2687, 0.8322172619047619], [2751, 0.8339389534883721], [2815, 0.8359375], [2879, 0.8385416666666666], [2943, 0.8406929347826086], [3007, 0.8417553191489362], [3071, 0.8444010416666666], [3135, 0.8447066326530612], [3199, 0.844375], [3263, 0.8462009803921569], [3327, 0.84765625], [3391, 0.8487617924528302], [3455, 0.8501157407407407], [3519, 0.8517045454545454], [3583, 0.8521205357142857], [3647, 0.8533442982456141], [3711, 0.8539870689655172], [3775, 0.855667372881356], [3839, 0.85703125], [3903, 0.8588627049180327], [3967, 0.8591229838709677], [4031, 0.859375], [4095, 0.859130859375], [4159, 0.8596153846153847], [4223, 0.8612689393939394], [4287, 0.8619402985074627], [4351, 0.8630514705882353], [4415, 0.863677536231884], [4479, 0.8647321428571428], [4543, 0.8650968309859155], [4607, 0.8663194444444444], [4671, 0.867722602739726], [4735, 0.8692989864864865], [4799, 0.8695833333333334], [4863, 0.8702713815789473], [4927, 0.8709415584415584], [4991, 0.8705929487179487], [5055, 0.8722310126582279], [5119, 0.873046875], [5183, 0.8738425925925926], [5247, 0.875], [5311, 0.8757530120481928], [5375, 0.8763020833333334], [5439, 0.877389705882353], [5503, 0.8782703488372093], [5567, 0.8793103448275862], [5631, 0.8799715909090909], [5695, 0.8811446629213483], [5759, 0.8817708333333333], [5823, 0.8827266483516484], [5887, 0.8833220108695652], [5951, 0.8839045698924731], [6015, 0.8849734042553191], [6079, 0.8856907894736842], [6143, 0.88623046875], [6207, 0.8865979381443299], [6271, 0.8875956632653061], [6335, 0.8880997474747475], [6399, 0.88859375], [6463, 0.8890779702970297], [6527, 0.8897058823529411], [6591, 0.8903216019417476], [6655, 0.8907752403846154], [6719, 0.8915178571428571], [6783, 0.8925412735849056], [6847, 0.8928154205607477], [6911, 0.8935185185185185], [6975, 0.8940653669724771], [7039, 0.8946022727272728], [7103, 0.895411036036036], [7167, 0.8960658482142857], [7231, 0.896570796460177], [7295, 0.897203947368421], [7359, 0.8978260869565218], [7423, 0.8983028017241379], [7487, 0.8990384615384616], [7551, 0.899364406779661], [7615, 0.8998161764705882], [7679, 0.900390625], [7743, 0.9010847107438017], [7807, 0.9016393442622951], [7871, 0.9020579268292683], [7935, 0.9027217741935484], [7999, 0.90325], [8063, 0.9040178571428571], [8127, 0.9047736220472441], [8191, 0.9051513671875], [8255, 0.905281007751938], [8319, 0.9060096153846153], [8383, 0.9064885496183206], [8447, 0.9069602272727273], [8511, 0.9074248120300752], [8575, 0.9081156716417911], [8639, 0.9085648148148148], [8703, 0.9085477941176471], [8767, 0.9091012773722628], [8831, 0.909759963768116], [8895, 0.9101843525179856], [8959, 0.9107142857142857], [9023, 0.910904255319149], [9087, 0.910981514084507], [9151, 0.9114947552447552], [9215, 0.9120008680555556], [9279, 0.912176724137931], [9343, 0.912457191780822], [9407, 0.9126275510204082], [9471, 0.913112331081081], [9535, 0.9134857382550335], [9599, 0.9138541666666666], [9663, 0.9144246688741722], [9727, 0.9149876644736842], [9791, 0.9155433006535948], [9855, 0.9157873376623377], [9919, 0.9160282258064516], [9983, 0.9164663461538461], [9999, 0.9166]], "candidate_count_total": 24, "confirmed_count_total": 18, "created_at": 1768128257.1362925, "confirm_rule_effective": "perm_test", "last_perm_pvalue": 0.004975124378109453, "last_perm_effect": 0.03387637900951479, "perm_test_count_total": 50, "perm_accept_count_total": 18, "perm_reject_count_total": 32, "perm_alpha": 0.05, "perm_pvalue_p50": 1.0, "perm_pvalue_p90": 1.0, "perm_pvalue_p99": 1.0, "perm_pvalue_le_alpha_ratio": 0.36, "perm_effect_p50": -0.009670841083257577, "perm_effect_p90": 0.07204243642136039, "perm_effect_p99": 0.11323370717496743}