{"dataset_name": "INSECTS_abrupt_balanced", "dataset_type": "insects_real", "model_variant": "ts_drift_adapt_severity", "seed": 4, "monitor_preset": "error_divergence_ph_meta@error.threshold=0.05,error.min_instances=5", "monitor_preset_base": "error_divergence_ph_meta", "monitor_ph_params": {"error_rate": {"delta": 0.005, "alpha": 0.15, "threshold": 0.05, "min_instances": 5}, "divergence": {"delta": 0.005, "alpha": 0.1, "threshold": 0.05, "min_instances": 30}}, "monitor_ph_overrides": {"error_rate": {"threshold": 0.05, "min_instances": 5}}, "trigger_mode": "two_stage", "trigger_k": 2, "trigger_threshold": 0.5, "trigger_weights": "confirm_cooldown=0,divergence=0.3,error_rate=0.5,teacher_entropy=0.2", "confirm_window": 1, "confirm_cooldown": 0, "adaptive_cooldown_enabled": 0, "adaptive_window": 10000, "adaptive_lower_per10k": 10.0, "adaptive_upper_per10k": 25.0, "adaptive_cooldown_low": 200, "adaptive_cooldown_high": 500, "severity_scheduler_scale": 1.0, "use_severity_v2": 0, "severity_gate": "none", "severity_gate_min_streak": 1, "entropy_mode": "overconfident", "severity_decay": 0.95, "freeze_baseline_steps": 0, "n_steps": 1200, "horizon": 52847, "acc_final": 0.19130698052869605, "mean_acc": 0.18785151275111237, "acc_min": 0.13671875, "candidate_sample_idxs": [1279, 2559, 3839, 5119, 6399, 7679, 8959, 10239, 11519, 12799, 14335, 16127, 17663, 18943, 20223, 21503, 22783, 24063, 25343, 26623, 27903, 29183, 30463, 31743, 33023, 34303, 35583, 36863, 38143, 39423, 40703, 41983, 43263, 44543, 45823, 47103, 49407, 50687, 51967], "confirmed_sample_idxs": [1279, 2559, 3839, 5119, 6399, 7679, 8959, 10239, 11519, 12799, 14335, 16127, 17663, 18943, 20223, 21503, 22783, 24063, 25343, 26623, 27903, 29183, 30463, 31743, 33023, 34303, 35583, 36863, 38143, 39423, 40703, 41983, 43263, 44543, 45823, 47103, 49407, 50687, 51967], "acc_series": [[255, 0.13671875], [511, 0.166015625], [767, 0.16276041666666666], [1023, 0.1591796875], [1279, 0.16484375], [1535, 0.166015625], [1791, 0.171875], [2047, 0.171875], [2303, 0.17708333333333334], [2559, 0.180859375], [2815, 0.18536931818181818], [3071, 0.18912760416666666], [3327, 0.19200721153846154], [3583, 0.18917410714285715], [3839, 0.18958333333333333], [4095, 0.188720703125], [4351, 0.19002757352941177], [4607, 0.1911892361111111], [4863, 0.19387335526315788], [5119, 0.195703125], [5375, 0.19624255952380953], [5631, 0.19655539772727273], [5887, 0.19769021739130435], [6143, 0.19856770833333334], [6399, 0.19921875], [6655, 0.20252403846153846], [6911, 0.20341435185185186], [7167, 0.20242745535714285], [7423, 0.20325969827586207], [7679, 0.20260416666666667], [7935, 0.20362903225806453], [8191, 0.2044677734375], [8447, 0.20371685606060605], [8703, 0.205078125], [8959, 0.2056919642857143], [9215, 0.2060546875], [9471, 0.20703125], [9727, 0.20579769736842105], [9983, 0.20783253205128205], [10239, 0.2087890625], [10495, 0.20931783536585366], [10751, 0.2109375], [11007, 0.2115734011627907], [11263, 0.21315696022727273], [11519, 0.21276041666666667], [11775, 0.21246603260869565], [12031, 0.21343085106382978], [12287, 0.213623046875], [12543, 0.2146843112244898], [12799, 0.211015625], [13055, 0.2068780637254902], [13311, 0.20289963942307693], [13567, 0.19907134433962265], [13823, 0.19538483796296297], [14079, 0.19232954545454545], [14335, 0.19098772321428573], [14591, 0.19051535087719298], [14847, 0.1880387931034483], [15103, 0.18498411016949154], [15359, 0.18190104166666668], [15615, 0.1789190573770492], [15871, 0.17615927419354838], [16127, 0.17342509920634921], [16383, 0.17071533203125], [16639, 0.1680889423076923], [16895, 0.16560132575757575], [17151, 0.1631296641791045], [17407, 0.16084558823529413], [17663, 0.15896739130434784], [17919, 0.15892857142857142], [18175, 0.1621368838028169], [18431, 0.1638454861111111], [18687, 0.16491866438356165], [18943, 0.16506545608108109], [19199, 0.16578125], [19455, 0.16658100328947367], [19711, 0.16852678571428573], [19967, 0.16907051282051283], [20223, 0.169501582278481], [20479, 0.17001953125], [20735, 0.17004243827160495], [20991, 0.17068407012195122], [21247, 0.1707925451807229], [21503, 0.17136346726190477], [21759, 0.17159926470588235], [22015, 0.17219295058139536], [22271, 0.17304238505747127], [22527, 0.1747159090909091], [22783, 0.17604459269662923], [23039, 0.176953125], [23295, 0.1773695054945055], [23551, 0.1788383152173913], [23807, 0.17972950268817203], [24063, 0.18089261968085107], [24319, 0.18199013157894736], [24575, 0.182861328125], [24831, 0.1835132087628866], [25087, 0.18443080357142858], [25343, 0.18540877525252525], [25599, 0.18625], [25855, 0.18707456683168316], [26111, 0.18815104166666666], [26367, 0.1892066140776699], [26623, 0.19005408653846154], [26879, 0.19110863095238095], [27135, 0.19203272405660377], [27391, 0.19312207943925233], [27647, 0.19397424768518517], [27903, 0.1952049885321101], [28159, 0.1944247159090909], [28415, 0.19306024774774774], [28671, 0.19178989955357142], [28927, 0.19064574115044247], [29183, 0.18959018640350878], [29439, 0.18862092391304347], [29695, 0.18776939655172414], [29951, 0.18713274572649571], [30207, 0.1864406779661017], [30463, 0.18562893907563024], [30719, 0.18486328125], [30975, 0.1840134297520661], [31231, 0.1830814549180328], [31487, 0.18219639227642276], [31743, 0.18186113911290322], [31999, 0.1815625], [32255, 0.18219866071428573], [32511, 0.18343996062992127], [32767, 0.18524169921875], [33023, 0.18689437984496124], [33279, 0.187109375], [33535, 0.18735090648854963], [33791, 0.18773674242424243], [34047, 0.1880874060150376], [34303, 0.18814132462686567], [34559, 0.18813657407407408], [34815, 0.18790211397058823], [35071, 0.18775661496350365], [35327, 0.18789628623188406], [35583, 0.18831497302158273], [35839, 0.1884765625], [36095, 0.18855274822695037], [36351, 0.18890294894366197], [36607, 0.18886582167832167], [36863, 0.1886664496527778], [37119, 0.1888469827586207], [37375, 0.18891802226027396], [37631, 0.18901466836734693], [37887, 0.18929476351351351], [38143, 0.18946623322147652], [38399, 0.188203125], [38655, 0.1869567466887417], [38911, 0.18665193256578946], [39167, 0.1867595996732026], [39423, 0.18663758116883117], [39679, 0.18674395161290322], [39935, 0.18659855769230768], [40191, 0.1862310907643312], [40447, 0.18604133702531644], [40703, 0.18587853773584906], [40959, 0.1859375], [41215, 0.18580163043478262], [41471, 0.18627025462962962], [41727, 0.1866612346625767], [41983, 0.1868092606707317], [42239, 0.1874526515151515], [42495, 0.18811182228915663], [42751, 0.1886695359281437], [43007, 0.18942987351190477], [43263, 0.1904585798816568], [43519, 0.19131433823529412], [43775, 0.19204586988304093], [44031, 0.19324582122093023], [44287, 0.1936416184971098], [44543, 0.19430226293103448], [44799, 0.19486607142857143], [45055, 0.19568980823863635], [45311, 0.19630561440677965], [45567, 0.197046172752809], [45823, 0.1978657472067039], [46079, 0.19880642361111112], [46335, 0.19932665745856354], [46591, 0.20016311813186813], [46847, 0.20017930327868852], [47103, 0.1990913722826087], [47359, 0.1980152027027027], [47615, 0.1969506048387097], [47871, 0.19589739304812834], [48127, 0.19485538563829788], [48383, 0.19382440476190477], [48639, 0.19280427631578947], [48895, 0.19179482984293195], [49151, 0.19083658854166666], [49407, 0.18992875647668395], [49663, 0.18911082474226804], [49919, 0.18836137820512822], [50175, 0.18781887755102042], [50431, 0.18773794416243655], [50687, 0.18840751262626262], [50943, 0.189325533919598], [51199, 0.1902734375], [51455, 0.1916005907960199], [51711, 0.1928759282178218], [51967, 0.19408097290640394], [52223, 0.19358915441176472], [52479, 0.19264481707317074], [52735, 0.19170964805825244], [52846, 0.19130698052869605]], "candidate_count_total": 39, "confirmed_count_total": 39, "created_at": 1767871433.8579695}