{"dataset_name": "sine_nodrift", "dataset_type": "sine", "model_variant": "ts_drift_adapt", "seed": 5, "monitor_preset": "error_divergence_ph_meta@error.threshold=0.10,error.min_instances=5", "monitor_preset_base": "error_divergence_ph_meta", "monitor_ph_params": {"error_rate": {"delta": 0.005, "alpha": 0.15, "threshold": 0.1, "min_instances": 5}, "divergence": {"delta": 0.005, "alpha": 0.1, "threshold": 0.05, "min_instances": 30}}, "monitor_ph_overrides": {"error_rate": {"threshold": 0.1, "min_instances": 5}}, "trigger_mode": "two_stage", "trigger_k": 2, "trigger_threshold": 0.5, "trigger_weights": "__confirm_cooldown=200,__confirm_rule=perm_test,__perm_alpha=0.005,__perm_delta_k=50,__perm_min_effect=0,__perm_n_perm=200,__perm_post_n=30,__perm_pre_n=200,__perm_rng_seed=0,__perm_stat=delta_fused_score,divergence=0.3,error_rate=0.5,teacher_entropy=0.2", "confirm_window": 3, "confirm_cooldown": 0, "adaptive_cooldown_enabled": 0, "adaptive_window": 10000, "adaptive_lower_per10k": 10.0, "adaptive_upper_per10k": 25.0, "adaptive_cooldown_low": 200, "adaptive_cooldown_high": 500, "severity_scheduler_scale": 1.0, "use_severity_v2": 0, "severity_gate": "none", "severity_gate_min_streak": 1, "entropy_mode": "overconfident", "severity_decay": 0.95, "freeze_baseline_steps": 0, "n_steps": 800, "horizon": 10000, "acc_final": 0.9034, "mean_acc": 0.8215670225626196, "acc_min": 0.4375, "candidate_sample_idxs": [319, 639, 959, 1279, 1727, 2111, 2431, 2751, 3071, 3391, 3711, 4031, 4351, 4671, 4991, 5311, 5759, 6079, 6399, 6719, 7167, 7487, 8319, 9023, 9343, 9663], "confirmed_sample_idxs": [639, 1343, 1727, 2175, 2879, 3391, 3711, 4223, 4671, 4991, 5759, 6271, 7167, 8319, 9023, 9535], "acc_series": [[63, 0.4375], [127, 0.4765625], [191, 0.5], [255, 0.5078125], [319, 0.521875], [383, 0.5598958333333334], [447, 0.5825892857142857], [511, 0.58984375], [575, 0.6128472222222222], [639, 0.625], [703, 0.6463068181818182], [767, 0.6640625], [831, 0.6646634615384616], [895, 0.6841517857142857], [959, 0.69375], [1023, 0.703125], [1087, 0.7049632352941176], [1151, 0.7109375], [1215, 0.709703947368421], [1279, 0.7140625], [1343, 0.7180059523809523], [1407, 0.7272727272727273], [1471, 0.7377717391304348], [1535, 0.74609375], [1599, 0.75375], [1663, 0.7590144230769231], [1727, 0.7621527777777778], [1791, 0.7661830357142857], [1855, 0.7677801724137931], [1919, 0.7697916666666667], [1983, 0.7721774193548387], [2047, 0.775390625], [2111, 0.7774621212121212], [2175, 0.7775735294117647], [2239, 0.7794642857142857], [2303, 0.7816840277777778], [2367, 0.7850506756756757], [2431, 0.7886513157894737], [2495, 0.7896634615384616], [2559, 0.7921875], [2623, 0.796875], [2687, 0.7987351190476191], [2751, 0.8015988372093024], [2815, 0.8043323863636364], [2879, 0.8052083333333333], [2943, 0.8077445652173914], [3007, 0.8105053191489362], [3071, 0.8115234375], [3135, 0.814094387755102], [3199, 0.815], [3263, 0.8180147058823529], [3327, 0.8191105769230769], [3391, 0.8204599056603774], [3455, 0.8229166666666666], [3519, 0.8247159090909091], [3583, 0.8275669642857143], [3647, 0.8300438596491229], [3711, 0.8316271551724138], [3775, 0.8336864406779662], [3839, 0.8346354166666666], [3903, 0.836577868852459], [3967, 0.8374495967741935], [4031, 0.8390376984126984], [4095, 0.8408203125], [4159, 0.8413461538461539], [4223, 0.842092803030303], [4287, 0.84375], [4351, 0.8444393382352942], [4415, 0.8448822463768116], [4479, 0.8462053571428572], [4543, 0.8483714788732394], [4607, 0.8500434027777778], [4671, 0.8516695205479452], [4735, 0.8519847972972973], [4799, 0.8533333333333334], [4863, 0.854235197368421], [4927, 0.8557224025974026], [4991, 0.8571714743589743], [5055, 0.8581882911392406], [5119, 0.85859375], [5183, 0.8597608024691358], [5247, 0.860327743902439], [5311, 0.8610692771084337], [5375, 0.8612351190476191], [5439, 0.8621323529411765], [5503, 0.8630087209302325], [5567, 0.8640445402298851], [5631, 0.8647017045454546], [5695, 0.8658707865168539], [5759, 0.8668402777777777], [5823, 0.8677884615384616], [5887, 0.8688858695652174], [5951, 0.869119623655914], [6015, 0.8701795212765957], [6079, 0.8707236842105263], [6143, 0.8712565104166666], [6207, 0.8721005154639175], [6271, 0.8730867346938775], [6335, 0.8732638888888888], [6399, 0.87375], [6463, 0.8743811881188119], [6527, 0.8751531862745098], [6591, 0.8760618932038835], [6655, 0.8765024038461539], [6719, 0.8763392857142858], [6783, 0.8770636792452831], [6847, 0.8771904205607477], [6911, 0.8778935185185185], [6975, 0.8790137614678899], [7039, 0.8796875], [7103, 0.8800675675675675], [7167, 0.8805803571428571], [7231, 0.8814988938053098], [7295, 0.8822642543859649], [7359, 0.8831521739130435], [7423, 0.8838900862068966], [7487, 0.8843482905982906], [7551, 0.8849311440677966], [7615, 0.8855042016806722], [7679, 0.885546875], [7743, 0.8857179752066116], [7807, 0.8866547131147541], [7871, 0.8870680894308943], [7935, 0.8874747983870968], [7999, 0.888375], [8063, 0.8890128968253969], [8127, 0.8890255905511811], [8191, 0.8896484375], [8255, 0.8905038759689923], [8319, 0.8909855769230769], [8383, 0.8914599236641222], [8447, 0.892282196969697], [8511, 0.8927396616541353], [8575, 0.8933069029850746], [8639, 0.89375], [8703, 0.8936121323529411], [8767, 0.8942746350364964], [8831, 0.8947010869565217], [8895, 0.8953462230215827], [8959, 0.8957589285714286], [9023, 0.8962765957446809], [9087, 0.8970070422535211], [9151, 0.897618006993007], [9215, 0.8980034722222222], [9279, 0.8983836206896552], [9343, 0.8988655821917808], [9407, 0.8992346938775511], [9471, 0.8997043918918919], [9535, 0.9001677852348994], [9599, 0.900625], [9663, 0.9011796357615894], [9727, 0.9017269736842105], [9791, 0.9022671568627451], [9855, 0.9024959415584416], [9919, 0.9027217741935484], [9983, 0.9033453525641025], [9999, 0.9034]], "candidate_count_total": 22, "confirmed_count_total": 16, "created_at": 1768133719.0908973, "confirm_rule_effective": "perm_test", "last_perm_pvalue": 0.004975124378109453, "last_perm_effect": 0.046812618793753084, "perm_test_count_total": 49, "perm_accept_count_total": 16, "perm_reject_count_total": 33, "perm_alpha": 0.005, "perm_pvalue_p50": 1.0, "perm_pvalue_p90": 1.0, "perm_pvalue_p99": 1.0, "perm_pvalue_le_alpha_ratio": 0.32653061224489793, "perm_effect_p50": -0.004218447131276013, "perm_effect_p90": 0.07688862973795281, "perm_effect_p99": 0.21710490225701268}