{"dataset_name": "INSECTS_abrupt_balanced", "dataset_type": "insects_real", "model_variant": "ts_drift_adapt_severity", "seed": 9, "monitor_preset": "error_divergence_ph_meta@error.threshold=0.05,error.min_instances=5", "monitor_preset_base": "error_divergence_ph_meta", "monitor_ph_params": {"error_rate": {"delta": 0.005, "alpha": 0.15, "threshold": 0.05, "min_instances": 5}, "divergence": {"delta": 0.005, "alpha": 0.1, "threshold": 0.05, "min_instances": 30}}, "monitor_ph_overrides": {"error_rate": {"threshold": 0.05, "min_instances": 5}}, "trigger_mode": "two_stage", "trigger_k": 2, "trigger_threshold": 0.5, "trigger_weights": "confirm_cooldown=200,divergence=0.3,error_rate=0.5,teacher_entropy=0.2", "confirm_window": 1, "confirm_cooldown": 0, "severity_scheduler_scale": 1.0, "use_severity_v2": 1, "severity_gate": "confirmed_streak", "severity_gate_min_streak": 5, "entropy_mode": "overconfident", "severity_decay": 0.95, "freeze_baseline_steps": 0, "n_steps": 1200, "horizon": 52847, "acc_final": 0.19181788937877267, "mean_acc": 0.1887875316286784, "acc_min": 0.08203125, "candidate_sample_idxs": [1279, 2559, 3839, 5119, 6399, 7679, 8959, 10239, 11519, 12799, 14591, 17919, 19199, 20479, 21759, 23039, 24319, 25599, 26879, 28159, 31743, 33023, 34303, 35583, 36863, 38143, 39423, 40703, 41983, 43519, 44799, 46079, 47359, 48639, 49919, 51199, 52479], "confirmed_sample_idxs": [1279, 2559, 3839, 5119, 6399, 7679, 8959, 10239, 11519, 12799, 14591, 17919, 19199, 20479, 21759, 23039, 24319, 25599, 26879, 28159, 31743, 33023, 34303, 35583, 36863, 38143, 39423, 40703, 41983, 43519, 44799, 46079, 47359, 48639, 49919, 51199, 52479], "acc_series": [[255, 0.08203125], [511, 0.125], [767, 0.1484375], [1023, 0.15234375], [1279, 0.15546875], [1535, 0.16731770833333334], [1791, 0.17131696428571427], [2047, 0.17333984375], [2303, 0.1792534722222222], [2559, 0.17890625], [2815, 0.1768465909090909], [3071, 0.18001302083333334], [3327, 0.18088942307692307], [3583, 0.181640625], [3839, 0.18255208333333334], [4095, 0.185546875], [4351, 0.18681066176470587], [4607, 0.1890190972222222], [4863, 0.19120065789473684], [5119, 0.1923828125], [5375, 0.19270833333333334], [5631, 0.19300426136363635], [5887, 0.19344429347826086], [6143, 0.19514973958333334], [6399, 0.19625], [6655, 0.1974158653846154], [6911, 0.19733796296296297], [7167, 0.19810267857142858], [7423, 0.20016163793103448], [7679, 0.201953125], [7935, 0.20299899193548387], [8191, 0.203369140625], [8447, 0.203125], [8703, 0.2046185661764706], [8959, 0.20546875], [9215, 0.20594618055555555], [9471, 0.20703125], [9727, 0.20692845394736842], [9983, 0.2068309294871795], [10239, 0.20791015625], [10495, 0.2073170731707317], [10751, 0.2086123511904762], [11007, 0.2083938953488372], [11263, 0.20827414772727273], [11519, 0.2074652777777778], [11775, 0.20822010869565216], [12031, 0.2081117021276596], [12287, 0.20914713541666666], [12543, 0.20958227040816327], [12799, 0.20640625], [13055, 0.20235906862745098], [13311, 0.19846754807692307], [13567, 0.19472287735849056], [13823, 0.19111689814814814], [14079, 0.18771306818181818], [14335, 0.1845703125], [14591, 0.18448464912280702], [14847, 0.1814385775862069], [15103, 0.17842955508474576], [15359, 0.17545572916666666], [15615, 0.17257940573770492], [15871, 0.16979586693548387], [16127, 0.1671626984126984], [16383, 0.16455078125], [16639, 0.16201923076923078], [16895, 0.15956439393939395], [17151, 0.1572411380597015], [17407, 0.15504365808823528], [17663, 0.15279664855072464], [17919, 0.15301339285714285], [18175, 0.1580105633802817], [18431, 0.16162109375], [18687, 0.16523972602739725], [18943, 0.16870777027027026], [19199, 0.17182291666666666], [19455, 0.17614103618421054], [19711, 0.17796266233766234], [19967, 0.17838541666666666], [20223, 0.1785996835443038], [20479, 0.179052734375], [20735, 0.1792534722222222], [20991, 0.1794969512195122], [21247, 0.17940512048192772], [21503, 0.17954799107142858], [21759, 0.18019301470588237], [22015, 0.18123183139534885], [22271, 0.1822467672413793], [22527, 0.18421519886363635], [22783, 0.18600772471910113], [23039, 0.18680555555555556], [23295, 0.1873282967032967], [23551, 0.18894361413043478], [23807, 0.19023017473118278], [24063, 0.19161402925531915], [24319, 0.19276315789473683], [24575, 0.19364420572916666], [24831, 0.19462789948453607], [25087, 0.19563137755102042], [25343, 0.1970486111111111], [25599, 0.1980859375], [25855, 0.19921875], [26111, 0.20002297794117646], [26367, 0.20069781553398058], [26623, 0.20135967548076922], [26879, 0.20208333333333334], [27135, 0.20286704009433962], [27391, 0.20363609813084113], [27647, 0.20446325231481483], [27903, 0.20545441513761467], [28159, 0.2037997159090909], [28415, 0.20199887387387389], [28671, 0.20026506696428573], [28927, 0.19849280973451328], [29183, 0.19682017543859648], [29439, 0.19510869565217392], [29695, 0.19342672413793102], [29951, 0.1919070512820513], [30207, 0.1903469279661017], [30463, 0.18874737394957983], [30719, 0.1873046875], [30975, 0.18588584710743802], [31231, 0.18465035860655737], [31487, 0.1834667174796748], [31743, 0.18337323588709678], [31999, 0.18403125], [32255, 0.18498883928571427], [32511, 0.18623892716535434], [32767, 0.1873779296875], [33023, 0.1886203972868217], [33279, 0.18861177884615385], [33535, 0.1886331106870229], [33791, 0.18895004734848486], [34047, 0.188968515037594], [34303, 0.1888701026119403], [34559, 0.18909143518518517], [34815, 0.18910845588235295], [35071, 0.1891537408759124], [35327, 0.18877377717391305], [35583, 0.18901753597122303], [35839, 0.18900669642857143], [36095, 0.18927304964539007], [36351, 0.1891230193661972], [36607, 0.18916630244755245], [36863, 0.1893988715277778], [37119, 0.1890625], [37375, 0.1890517979452055], [37631, 0.18912096088435373], [37887, 0.18947951858108109], [38143, 0.18959731543624161], [38399, 0.18833333333333332], [38655, 0.1870860927152318], [38911, 0.18662623355263158], [39167, 0.1866064133986928], [39423, 0.18646002435064934], [39679, 0.1866179435483871], [39935, 0.1866736778846154], [40191, 0.1865296576433121], [40447, 0.18665941455696203], [40703, 0.18661556603773585], [40959, 0.187158203125], [41215, 0.1874514751552795], [41471, 0.1882957175925926], [41727, 0.18900977760736196], [41983, 0.18942930640243902], [42239, 0.19036458333333334], [42495, 0.19107680722891565], [42751, 0.19171032934131738], [43007, 0.19256882440476192], [43263, 0.1934633875739645], [43519, 0.19439338235294118], [43775, 0.19501553362573099], [44031, 0.19606195494186046], [44287, 0.19639631502890173], [44543, 0.19699622844827586], [44799, 0.19776785714285713], [45055, 0.19841974431818182], [45311, 0.19897598870056496], [45567, 0.19994294241573032], [45823, 0.20063722067039105], [46079, 0.20145399305555556], [46335, 0.202240158839779], [46591, 0.203125], [46847, 0.2032957650273224], [47103, 0.20221212635869565], [47359, 0.20116131756756755], [47615, 0.20007980510752688], [47871, 0.19900985962566844], [48127, 0.1979512965425532], [48383, 0.19694527116402116], [48639, 0.1959703947368421], [48895, 0.19504662958115182], [49151, 0.19423421223958334], [49407, 0.19330877590673576], [49663, 0.19251369201030927], [49919, 0.1918669871794872], [50175, 0.19154575892857142], [50431, 0.19130710659898478], [50687, 0.19109059343434343], [50943, 0.19115106783919597], [51199, 0.19177734375], [51455, 0.1925917288557214], [51711, 0.1936881188118812], [51967, 0.19469673645320196], [52223, 0.19410615808823528], [52479, 0.1931592987804878], [52735, 0.1922216322815534], [52846, 0.19181788937877267]], "candidate_count_total": 37, "confirmed_count_total": 37, "created_at": 1767842104.7879086}