{"dataset_name": "INSECTS_abrupt_balanced", "dataset_type": "insects_real", "model_variant": "ts_drift_adapt_severity", "seed": 12, "monitor_preset": "error_divergence_ph_meta@error.threshold=0.03,error.min_instances=5", "monitor_preset_base": "error_divergence_ph_meta", "monitor_ph_params": {"error_rate": {"delta": 0.005, "alpha": 0.15, "threshold": 0.03, "min_instances": 5}, "divergence": {"delta": 0.005, "alpha": 0.1, "threshold": 0.05, "min_instances": 30}}, "monitor_ph_overrides": {"error_rate": {"threshold": 0.03, "min_instances": 5}}, "trigger_mode": "two_stage", "trigger_k": 2, "trigger_threshold": 0.5, "trigger_weights": "confirm_cooldown=200,divergence=0.3,error_rate=0.5,teacher_entropy=0.2", "confirm_window": 1, "confirm_cooldown": 0, "adaptive_cooldown_enabled": 0, "adaptive_window": 10000, "adaptive_lower_per10k": 10.0, "adaptive_upper_per10k": 25.0, "adaptive_cooldown_low": 200, "adaptive_cooldown_high": 500, "severity_scheduler_scale": 2.0, "use_severity_v2": 1, "severity_gate": "confirmed_streak", "severity_gate_min_streak": 1, "entropy_mode": "uncertain", "severity_decay": 0.95, "freeze_baseline_steps": 5, "n_steps": 1200, "horizon": 52847, "acc_final": 0.2033606448805041, "mean_acc": 0.1917099248695608, "acc_min": 0.14453125, "candidate_sample_idxs": [1279, 2559, 3839, 5119, 6399, 7679, 8959, 10239, 11775, 13055, 14335, 17919, 19199, 20479, 21759, 23039, 24319, 25599, 26879, 28159, 29439, 30719, 31999, 33279, 34559, 35839, 37119, 38399, 39679, 40959, 42239, 43519, 44799, 46079, 47359, 49151, 50431, 51711, 52846], "confirmed_sample_idxs": [1279, 2559, 3839, 5119, 6399, 7679, 8959, 10239, 11775, 13055, 14335, 17919, 19199, 20479, 21759, 23039, 24319, 25599, 26879, 28159, 29439, 30719, 31999, 33279, 34559, 35839, 37119, 38399, 39679, 40959, 42239, 43519, 44799, 46079, 47359, 49151, 50431, 51711, 52846], "acc_series": [[255, 0.14453125], [511, 0.154296875], [767, 0.15494791666666666], [1023, 0.158203125], [1279, 0.16171875], [1535, 0.17057291666666666], [1791, 0.17243303571428573], [2047, 0.1728515625], [2303, 0.17317708333333334], [2559, 0.176171875], [2815, 0.17436079545454544], [3071, 0.17610677083333334], [3327, 0.17638221153846154], [3583, 0.17522321428571427], [3839, 0.17786458333333333], [4095, 0.1787109375], [4351, 0.17945772058823528], [4607, 0.18272569444444445], [4863, 0.18236019736842105], [5119, 0.1826171875], [5375, 0.18526785714285715], [5631, 0.18678977272727273], [5887, 0.18699048913043478], [6143, 0.18896484375], [6399, 0.19171875], [6655, 0.19290865384615385], [6911, 0.1935763888888889], [7167, 0.19377790178571427], [7423, 0.19571659482758622], [7679, 0.19609375], [7935, 0.19569052419354838], [8191, 0.1993408203125], [8447, 0.19992897727272727], [8703, 0.20232077205882354], [8959, 0.20491071428571428], [9215, 0.20638020833333334], [9471, 0.20608108108108109], [9727, 0.20672286184210525], [9983, 0.20993589743589744], [10239, 0.21064453125], [10495, 0.2108422256097561], [10751, 0.21298363095238096], [11007, 0.21393531976744187], [11263, 0.21448863636363635], [11519, 0.21510416666666668], [11775, 0.21535326086956522], [12031, 0.2154255319148936], [12287, 0.21525065104166666], [12543, 0.2158801020408163], [12799, 0.212421875], [13055, 0.20825674019607843], [13311, 0.2042518028846154], [13567, 0.20039799528301888], [13823, 0.1968315972222222], [14079, 0.19602272727272727], [14335, 0.20417131696428573], [14591, 0.20189144736842105], [14847, 0.1984105603448276], [15103, 0.19511387711864406], [15359, 0.19186197916666667], [15615, 0.18871670081967212], [15871, 0.18567288306451613], [16127, 0.1827876984126984], [16383, 0.179931640625], [16639, 0.17716346153846155], [16895, 0.17447916666666666], [17151, 0.171875], [17407, 0.1694048713235294], [17663, 0.16700634057971014], [17919, 0.1670200892857143], [18175, 0.1715448943661972], [18431, 0.1745334201388889], [18687, 0.1772795376712329], [18943, 0.17937077702702703], [19199, 0.18140625], [19455, 0.18302837171052633], [19711, 0.18374594155844157], [19967, 0.1833934294871795], [20223, 0.18334651898734178], [20479, 0.18330078125], [20735, 0.18325617283950618], [20991, 0.18335556402439024], [21247, 0.1832172439759036], [21503, 0.18303571428571427], [21759, 0.18285845588235294], [22015, 0.18263989825581395], [22271, 0.1827855603448276], [22527, 0.18230646306818182], [22783, 0.18218925561797752], [23039, 0.18259548611111112], [23295, 0.18252060439560439], [23551, 0.18270210597826086], [23807, 0.18241767473118278], [24063, 0.18267952127659576], [24319, 0.1826891447368421], [24575, 0.18302408854166666], [24831, 0.183191043814433], [25087, 0.18387276785714285], [25343, 0.1848169191919192], [25599, 0.185859375], [25855, 0.18699721534653466], [26111, 0.18799785539215685], [26367, 0.1887894417475728], [26623, 0.18982872596153846], [26879, 0.19088541666666667], [27135, 0.19218012971698112], [27391, 0.19356016355140188], [27647, 0.19502314814814814], [27903, 0.19645928899082568], [28159, 0.19517045454545454], [28415, 0.1936233108108108], [28671, 0.192138671875], [28927, 0.19071487831858408], [29183, 0.18924753289473684], [29439, 0.1877717391304348], [29695, 0.18638873922413793], [29951, 0.18499599358974358], [30207, 0.1837592690677966], [30463, 0.18251050420168066], [30719, 0.18121744791666666], [30975, 0.18023631198347106], [31231, 0.1794313524590164], [31487, 0.1794334349593496], [31743, 0.17993951612903225], [31999, 0.18128125], [32255, 0.1828187003968254], [32511, 0.18470103346456693], [32767, 0.1859130859375], [33023, 0.18746971899224807], [33279, 0.1876201923076923], [33535, 0.18752981870229007], [33791, 0.18821022727272727], [34047, 0.18849859022556392], [34303, 0.1886660447761194], [34559, 0.18888888888888888], [34815, 0.18884995404411764], [35071, 0.188954151459854], [35327, 0.18908514492753623], [35583, 0.18943907374100719], [35839, 0.1896484375], [36095, 0.18968860815602837], [36351, 0.19005831866197184], [36607, 0.1902589597902098], [36863, 0.19032118055555555], [37119, 0.19046336206896552], [37375, 0.19057684075342465], [37631, 0.1909013605442177], [37887, 0.19148543074324326], [38143, 0.1917994966442953], [38399, 0.19052083333333333], [38655, 0.1892591059602649], [38911, 0.18919613486842105], [39167, 0.18944035947712418], [39423, 0.1897067775974026], [39679, 0.19007056451612903], [39935, 0.19030448717948717], [40191, 0.19058519108280256], [40447, 0.19110957278481014], [40703, 0.19165192610062892], [40959, 0.1924560546875], [41215, 0.19339576863354038], [41471, 0.19410686728395063], [41727, 0.1950728527607362], [41983, 0.19605087652439024], [42239, 0.1972537878787879], [42495, 0.1983480798192771], [42751, 0.19945265718562874], [43007, 0.2003115699404762], [43263, 0.2013221153846154], [43519, 0.20236672794117647], [43775, 0.2031935307017544], [44031, 0.2044422238372093], [44287, 0.20515715317919075], [44543, 0.20584141522988506], [44799, 0.20667410714285714], [45055, 0.20798561789772727], [45311, 0.20884092514124294], [45567, 0.20968662219101122], [45823, 0.21069745111731844], [46079, 0.21184895833333334], [46335, 0.2127503453038674], [46591, 0.21366328983516483], [46847, 0.21394723360655737], [47103, 0.21278447690217392], [47359, 0.21163429054054053], [47615, 0.21051747311827956], [47871, 0.20939171122994651], [48127, 0.2082779255319149], [48383, 0.20725859788359788], [48639, 0.2062705592105263], [48895, 0.20535422120418848], [49151, 0.20456949869791666], [49407, 0.20387386658031087], [49663, 0.20322567654639176], [49919, 0.20280448717948718], [50175, 0.20250717474489796], [50431, 0.2022921954314721], [50687, 0.2021188446969697], [50943, 0.20243797110552764], [51199, 0.20306640625], [51455, 0.20396066542288557], [51711, 0.20503944925742573], [51967, 0.2063192733990148], [52223, 0.20578661151960784], [52479, 0.2047827743902439], [52735, 0.2037886832524272], [52846, 0.2033606448805041]], "candidate_count_total": 39, "confirmed_count_total": 39, "created_at": 1767889898.7929268}