{"dataset_name": "INSECTS_abrupt_balanced", "dataset_type": "insects_real", "model_variant": "ts_drift_adapt_severity", "seed": 11, "monitor_preset": "error_divergence_ph_meta@error.threshold=0.02,error.min_instances=5", "monitor_preset_base": "error_divergence_ph_meta", "monitor_ph_params": {"error_rate": {"delta": 0.005, "alpha": 0.15, "threshold": 0.02, "min_instances": 5}, "divergence": {"delta": 0.005, "alpha": 0.1, "threshold": 0.05, "min_instances": 30}}, "monitor_ph_overrides": {"error_rate": {"threshold": 0.02, "min_instances": 5}}, "trigger_mode": "two_stage", "trigger_k": 2, "trigger_threshold": 0.5, "trigger_weights": "confirm_cooldown=200,divergence=0.3,error_rate=0.5,teacher_entropy=0.2", "confirm_window": 1, "confirm_cooldown": 0, "adaptive_cooldown_enabled": 0, "adaptive_window": 10000, "adaptive_lower_per10k": 10.0, "adaptive_upper_per10k": 25.0, "adaptive_cooldown_low": 200, "adaptive_cooldown_high": 500, "severity_scheduler_scale": 2.0, "use_severity_v2": 1, "severity_gate": "none", "severity_gate_min_streak": 1, "entropy_mode": "uncertain", "severity_decay": 0.95, "freeze_baseline_steps": 5, "n_steps": 1200, "horizon": 52847, "acc_final": 0.21465740723219862, "mean_acc": 0.20379534969235272, "acc_min": 0.15630661231884058, "candidate_sample_idxs": [1279, 2559, 3839, 5119, 6399, 7679, 8959, 10239, 11519, 12799, 14335, 18175, 19455, 20735, 22015, 23295, 24575, 25855, 27135, 28415, 30207, 31487, 32767, 34047, 35327, 36607, 37887, 39167, 40447, 41727, 43007, 44287, 45567, 46847, 48639, 49919, 51199, 52479], "confirmed_sample_idxs": [1279, 2559, 3839, 5119, 6399, 7679, 8959, 10239, 11519, 12799, 14335, 18175, 19455, 20735, 22015, 23295, 24575, 25855, 27135, 28415, 30207, 31487, 32767, 34047, 35327, 36607, 37887, 39167, 40447, 41727, 43007, 44287, 45567, 46847, 48639, 49919, 51199, 52479], "acc_series": [[255, 0.20703125], [511, 0.201171875], [767, 0.1953125], [1023, 0.19140625], [1279, 0.190625], [1535, 0.19401041666666666], [1791, 0.19363839285714285], [2047, 0.19677734375], [2303, 0.2009548611111111], [2559, 0.20234375], [2815, 0.20454545454545456], [3071, 0.205078125], [3327, 0.20733173076923078], [3583, 0.208984375], [3839, 0.20885416666666667], [4095, 0.20849609375], [4351, 0.20955882352941177], [4607, 0.21006944444444445], [4863, 0.21011513157894737], [5119, 0.2115234375], [5375, 0.21205357142857142], [5631, 0.21218039772727273], [5887, 0.2112771739130435], [6143, 0.20930989583333334], [6399, 0.21015625], [6655, 0.20868389423076922], [6911, 0.2092013888888889], [7167, 0.20814732142857142], [7423, 0.2091864224137931], [7679, 0.2078125], [7935, 0.20803931451612903], [8191, 0.207275390625], [8447, 0.20738636363636365], [8703, 0.20714613970588236], [8959, 0.20758928571428573], [9215, 0.20865885416666666], [9471, 0.20967060810810811], [9727, 0.2100123355263158], [9983, 0.2102363782051282], [10239, 0.21005859375], [10495, 0.21008003048780488], [10751, 0.21065848214285715], [11007, 0.21048328488372092], [11263, 0.20951704545454544], [11519, 0.2105034722222222], [11775, 0.21153192934782608], [12031, 0.21210106382978725], [12287, 0.21297200520833334], [12543, 0.2138073979591837], [12799, 0.211015625], [13055, 0.2068780637254902], [13311, 0.20289963942307693], [13567, 0.19907134433962265], [13823, 0.19545717592592593], [14079, 0.19197443181818183], [14335, 0.19001116071428573], [14591, 0.1884594298245614], [14847, 0.18568157327586207], [15103, 0.18260063559322035], [15359, 0.17955729166666667], [15615, 0.17661372950819673], [15871, 0.17376512096774194], [16127, 0.1710689484126984], [16383, 0.16839599609375], [16639, 0.16580528846153847], [16895, 0.16329308712121213], [17151, 0.16085587686567165], [17407, 0.15860523897058823], [17663, 0.15630661231884058], [17919, 0.15647321428571428], [18175, 0.16169674295774647], [18431, 0.16552734375], [18687, 0.16925299657534246], [18943, 0.1729835304054054], [19199, 0.17661458333333332], [19455, 0.18107524671052633], [19711, 0.18323863636363635], [19967, 0.18369391025641027], [20223, 0.18384098101265822], [20479, 0.18447265625], [20735, 0.18470293209876543], [20991, 0.1852610518292683], [21247, 0.1859469126506024], [21503, 0.18643043154761904], [21759, 0.18731617647058824], [22015, 0.18836300872093023], [22271, 0.18920617816091953], [22527, 0.19047407670454544], [22783, 0.19210849719101122], [23039, 0.19331597222222222], [23295, 0.19432520604395603], [23551, 0.1964164402173913], [23807, 0.19791666666666666], [24063, 0.19959275265957446], [24319, 0.2009046052631579], [24575, 0.20231119791666666], [24831, 0.20384987113402062], [25087, 0.20479910714285715], [25343, 0.20663667929292928], [25599, 0.208125], [25855, 0.21008663366336633], [26111, 0.21120557598039216], [26367, 0.21218901699029127], [26623, 0.21341646634615385], [26879, 0.21469494047619048], [27135, 0.2162441037735849], [27391, 0.21750876168224298], [27647, 0.21878616898148148], [27903, 0.21986095183486237], [28159, 0.21828835227272728], [28415, 0.21642736486486486], [28671, 0.21463448660714285], [28927, 0.2128733407079646], [29183, 0.21117735745614036], [29439, 0.20954483695652174], [29695, 0.2080078125], [29951, 0.2065972222222222], [30207, 0.2052105402542373], [30463, 0.2037158613445378], [30719, 0.20227864583333333], [30975, 0.20128486570247933], [31231, 0.20017930327868852], [31487, 0.1989646849593496], [31743, 0.19846270161290322], [31999, 0.19834375], [32255, 0.19915674603174602], [32511, 0.2011257381889764], [32767, 0.2034912109375], [33023, 0.2058502906976744], [33279, 0.20609975961538463], [33535, 0.20598759541984732], [33791, 0.20655776515151514], [34047, 0.20662006578947367], [34303, 0.2068271921641791], [34559, 0.2066550925925926], [34815, 0.20660041360294118], [35071, 0.2066320711678832], [35327, 0.20660665760869565], [35583, 0.20672212230215828], [35839, 0.20686383928571428], [36095, 0.20692043439716312], [36351, 0.20711377640845072], [36607, 0.2071951486013986], [36863, 0.2070855034722222], [37119, 0.20705818965517242], [37375, 0.2071115154109589], [37631, 0.2072704081632653], [37887, 0.20750633445945946], [38143, 0.20760801174496643], [38399, 0.20622395833333335], [38655, 0.2048582367549669], [38911, 0.20440995065789475], [39167, 0.20445261437908496], [39423, 0.204393262987013], [39679, 0.2045110887096774], [39935, 0.20482772435897437], [40191, 0.20484175955414013], [40447, 0.20478144778481014], [40703, 0.20536065251572327], [40959, 0.2058349609375], [41215, 0.20613354037267081], [41471, 0.2068383487654321], [41727, 0.2077741564417178], [41983, 0.20884146341463414], [42239, 0.2100378787878788], [42495, 0.21103162650602408], [42751, 0.21196669161676646], [43007, 0.21284412202380953], [43263, 0.21364182692307693], [43519, 0.21449908088235295], [43775, 0.2152777777777778], [44031, 0.21638808139534885], [44287, 0.21689848265895953], [44543, 0.21767241379310345], [44799, 0.21848214285714285], [45055, 0.21952681107954544], [45311, 0.22033898305084745], [45567, 0.22122981039325842], [45823, 0.2221106843575419], [46079, 0.22337239583333332], [46335, 0.22421011740331492], [46591, 0.22501717032967034], [46847, 0.22511099726775957], [47103, 0.22388756793478262], [47359, 0.22267736486486486], [47615, 0.2215011760752688], [47871, 0.22033756684491979], [48127, 0.21918633643617022], [48383, 0.2181506283068783], [48639, 0.21708470394736842], [48895, 0.2160094895287958], [49151, 0.2149658203125], [49407, 0.21407464378238342], [49663, 0.2132127899484536], [49919, 0.21243990384615385], [50175, 0.2119937818877551], [50431, 0.21179013324873097], [50687, 0.21192392676767677], [50943, 0.21246859296482412], [51199, 0.2133203125], [51455, 0.21453280472636815], [51711, 0.2161393873762376], [51967, 0.21765317118226601], [52223, 0.21721813725490197], [52479, 0.21615853658536585], [52735, 0.21510922330097088], [52846, 0.21465740723219862]], "candidate_count_total": 38, "confirmed_count_total": 38, "created_at": 1767890212.860608}