{"dataset_name": "sine_nodrift", "dataset_type": "sine", "model_variant": "ts_drift_adapt", "seed": 8, "monitor_preset": "error_divergence_ph_meta@error.threshold=0.10,error.min_instances=5", "monitor_preset_base": "error_divergence_ph_meta", "monitor_ph_params": {"error_rate": {"delta": 0.005, "alpha": 0.15, "threshold": 0.1, "min_instances": 5}, "divergence": {"delta": 0.005, "alpha": 0.1, "threshold": 0.05, "min_instances": 30}}, "monitor_ph_overrides": {"error_rate": {"threshold": 0.1, "min_instances": 5}}, "trigger_mode": "two_stage", "trigger_k": 2, "trigger_threshold": 0.5, "trigger_weights": "__confirm_cooldown=200,__confirm_rule=perm_test,__perm_alpha=0.025,__perm_min_effect=0,__perm_n_perm=200,__perm_post_n=10,__perm_pre_n=500,__perm_rng_seed=0,__perm_stat=vote_score,divergence=0.3,error_rate=0.5,teacher_entropy=0.2", "confirm_window": 3, "confirm_cooldown": 0, "adaptive_cooldown_enabled": 0, "adaptive_window": 10000, "adaptive_lower_per10k": 10.0, "adaptive_upper_per10k": 25.0, "adaptive_cooldown_low": 200, "adaptive_cooldown_high": 500, "severity_scheduler_scale": 1.0, "use_severity_v2": 0, "severity_gate": "none", "severity_gate_min_streak": 1, "entropy_mode": "overconfident", "severity_decay": 0.95, "freeze_baseline_steps": 0, "n_steps": 800, "horizon": 10000, "acc_final": 0.9213, "mean_acc": 0.8486592335009715, "acc_min": 0.4921875, "candidate_sample_idxs": [319, 639, 959, 1279, 1599, 2111, 2495, 2815, 3135, 3455, 3903, 4351, 5311, 5631, 5951, 6335, 6655, 6975, 7423, 7743, 8063, 8383, 8703, 9023, 9343, 9663, 9983], "confirmed_sample_idxs": [639, 959, 1279, 1599, 2111, 2495, 2815, 3135, 3455, 3903, 4351, 5311, 5631, 5951, 6335, 6655, 6975, 7423, 7743, 8063, 8383, 8703, 9023, 9343, 9663, 9983], "acc_series": [[63, 0.546875], [127, 0.4921875], [191, 0.4947916666666667], [255, 0.53515625], [319, 0.559375], [383, 0.5755208333333334], [447, 0.6071428571428571], [511, 0.63671875], [575, 0.6527777777777778], [639, 0.6640625], [703, 0.6789772727272727], [767, 0.6979166666666666], [831, 0.7127403846153846], [895, 0.7220982142857143], [959, 0.7291666666666666], [1023, 0.7275390625], [1087, 0.7279411764705882], [1151, 0.7248263888888888], [1215, 0.7286184210526315], [1279, 0.734375], [1343, 0.7366071428571429], [1407, 0.7436079545454546], [1471, 0.7520380434782609], [1535, 0.7604166666666666], [1599, 0.766875], [1663, 0.7740384615384616], [1727, 0.7795138888888888], [1791, 0.78515625], [1855, 0.7920258620689655], [1919, 0.796875], [1983, 0.8009072580645161], [2047, 0.8046875], [2111, 0.8072916666666666], [2175, 0.8111213235294118], [2239, 0.8147321428571429], [2303, 0.8168402777777778], [2367, 0.8196790540540541], [2431, 0.8219572368421053], [2495, 0.8241185897435898], [2559, 0.826953125], [2623, 0.8300304878048781], [2687, 0.8318452380952381], [2751, 0.8343023255813954], [2815, 0.8366477272727273], [2879, 0.8392361111111111], [2943, 0.8417119565217391], [3007, 0.8444148936170213], [3071, 0.8463541666666666], [3135, 0.8485331632653061], [3199, 0.850625], [3263, 0.8532475490196079], [3327, 0.8548677884615384], [3391, 0.8570165094339622], [3455, 0.859375], [3519, 0.8605113636363636], [3583, 0.8621651785714286], [3647, 0.8637609649122807], [3711, 0.8650323275862069], [3775, 0.8667902542372882], [3839, 0.8682291666666667], [3903, 0.8691086065573771], [3967, 0.8697076612903226], [4031, 0.8712797619047619], [4095, 0.873291015625], [4159, 0.8747596153846153], [4223, 0.8754734848484849], [4287, 0.8773320895522388], [4351, 0.8779871323529411], [4415, 0.8779438405797102], [4479, 0.8790178571428572], [4543, 0.8802816901408451], [4607, 0.880859375], [4671, 0.880779109589041], [4735, 0.8811233108108109], [4799, 0.881875], [4863, 0.8830180921052632], [4927, 0.8841314935064936], [4991, 0.8850160256410257], [5055, 0.8860759493670886], [5119, 0.88671875], [5183, 0.8877314814814815], [5247, 0.8885289634146342], [5311, 0.8883659638554217], [5375, 0.8893229166666666], [5439, 0.8893382352941176], [5503, 0.8902616279069767], [5567, 0.8911637931034483], [5631, 0.8920454545454546], [5695, 0.8927317415730337], [5759, 0.8928819444444445], [5823, 0.8940590659340659], [5887, 0.8941915760869565], [5951, 0.8953293010752689], [6015, 0.8961103723404256], [6079, 0.8965460526315789], [6143, 0.8971354166666666], [6207, 0.8981958762886598], [6271, 0.8990752551020408], [6335, 0.8994633838383839], [6399, 0.9003125], [6463, 0.900990099009901], [6527, 0.9015012254901961], [6591, 0.9016990291262136], [6655, 0.9024939903846154], [6719, 0.9032738095238095], [6783, 0.9038915094339622], [6847, 0.9039135514018691], [6911, 0.9042245370370371], [6975, 0.9045298165137615], [7039, 0.9051136363636364], [7103, 0.9058277027027027], [7167, 0.90625], [7231, 0.9066648230088495], [7295, 0.9070723684210527], [7359, 0.9073369565217392], [7423, 0.9077316810344828], [7487, 0.9082532051282052], [7551, 0.9088983050847458], [7615, 0.9091386554621849], [7679, 0.9095052083333334], [7743, 0.9097365702479339], [7807, 0.9100922131147541], [7871, 0.9105691056910569], [7935, 0.9107862903225806], [7999, 0.911125], [8063, 0.9115823412698413], [8127, 0.9121555118110236], [8191, 0.912109375], [8255, 0.9125484496124031], [8319, 0.9129807692307692], [8383, 0.9131679389312977], [8447, 0.9137073863636364], [8511, 0.9142387218045113], [8575, 0.9145289179104478], [8639, 0.9148148148148149], [8703, 0.9152113970588235], [8767, 0.9151459854014599], [8831, 0.9151947463768116], [8895, 0.9153552158273381], [8959, 0.915625], [9023, 0.9158909574468085], [9087, 0.9162632042253521], [9151, 0.9168487762237763], [9215, 0.9169921875], [9279, 0.9174568965517241], [9343, 0.9179152397260274], [9407, 0.9182610544217688], [9471, 0.9188133445945946], [9535, 0.91935822147651], [9599, 0.9197916666666667], [9663, 0.9201158940397351], [9727, 0.9205386513157895], [9791, 0.920751633986928], [9855, 0.9206574675324676], [9919, 0.920866935483871], [9983, 0.9211738782051282], [9999, 0.9213]], "candidate_count_total": 27, "confirmed_count_total": 26, "created_at": 1768232344.5553992, "confirm_rule_effective": "perm_test", "last_perm_pvalue": 0.004975124378109453, "last_perm_effect": 0.42226370993923745, "perm_test_count_total": 26, "perm_accept_count_total": 26, "perm_reject_count_total": 0, "perm_alpha": 0.025, "perm_pvalue_p50": 0.004975124378109453, "perm_pvalue_p90": 0.004975124378109453, "perm_pvalue_p99": 0.004975124378109453, "perm_pvalue_le_alpha_ratio": 1.0, "perm_effect_p50": 0.43054841060261634, "perm_effect_p90": 0.4377576359447393, "perm_effect_p99": 0.4864623605341206}