{"dataset_name": "sine_nodrift", "dataset_type": "sine", "model_variant": "ts_drift_adapt", "seed": 2, "monitor_preset": "error_divergence_ph_meta@error.threshold=0.10,error.min_instances=5", "monitor_preset_base": "error_divergence_ph_meta", "monitor_ph_params": {"error_rate": {"delta": 0.005, "alpha": 0.15, "threshold": 0.1, "min_instances": 5}, "divergence": {"delta": 0.005, "alpha": 0.1, "threshold": 0.05, "min_instances": 30}}, "monitor_ph_overrides": {"error_rate": {"threshold": 0.1, "min_instances": 5}}, "trigger_mode": "two_stage", "trigger_k": 2, "trigger_threshold": 0.5, "trigger_weights": "__confirm_cooldown=200,__confirm_rule=perm_test,__perm_alpha=0.005,__perm_min_effect=0,__perm_n_perm=200,__perm_post_n=20,__perm_pre_n=200,__perm_rng_seed=0,__perm_stat=fused_score,divergence=0.3,error_rate=0.5,teacher_entropy=0.2", "confirm_window": 3, "confirm_cooldown": 0, "adaptive_cooldown_enabled": 0, "adaptive_window": 10000, "adaptive_lower_per10k": 10.0, "adaptive_upper_per10k": 25.0, "adaptive_cooldown_low": 200, "adaptive_cooldown_high": 500, "severity_scheduler_scale": 1.0, "use_severity_v2": 0, "severity_gate": "none", "severity_gate_min_streak": 1, "entropy_mode": "overconfident", "severity_decay": 0.95, "freeze_baseline_steps": 0, "n_steps": 800, "horizon": 10000, "acc_final": 0.9233, "mean_acc": 0.8581985042969889, "acc_min": 0.46875, "candidate_sample_idxs": [319, 639, 959, 1279, 1599, 1919, 2239, 2559, 2879, 3263, 3711, 4031, 4351, 5119, 5439, 5759, 6079, 7039, 7359, 8063, 8447, 8767, 9535, 9919], "confirmed_sample_idxs": [959, 1727, 2559, 3263, 3711, 4031, 5119, 6079, 7039, 7359, 8063, 8447, 8767, 9535, 9919], "acc_series": [[63, 0.46875], [127, 0.4921875], [191, 0.5416666666666666], [255, 0.61328125], [319, 0.634375], [383, 0.6458333333333334], [447, 0.6629464285714286], [511, 0.68359375], [575, 0.6909722222222222], [639, 0.715625], [703, 0.7315340909090909], [767, 0.7421875], [831, 0.7524038461538461], [895, 0.7611607142857143], [959, 0.7635416666666667], [1023, 0.7587890625], [1087, 0.7509191176470589], [1151, 0.7517361111111112], [1215, 0.7557565789473685], [1279, 0.75625], [1343, 0.7641369047619048], [1407, 0.7670454545454546], [1471, 0.7730978260869565], [1535, 0.779296875], [1599, 0.78625], [1663, 0.7908653846153846], [1727, 0.7939814814814815], [1791, 0.7991071428571429], [1855, 0.8022629310344828], [1919, 0.8067708333333333], [1983, 0.8099798387096774], [2047, 0.81494140625], [2111, 0.8162878787878788], [2175, 0.8198529411764706], [2239, 0.8241071428571428], [2303, 0.8285590277777778], [2367, 0.831081081081081], [2431, 0.8355263157894737], [2495, 0.8389423076923077], [2559, 0.84140625], [2623, 0.84375], [2687, 0.8448660714285714], [2751, 0.8448401162790697], [2815, 0.8469460227272727], [2879, 0.8486111111111111], [2943, 0.8488451086956522], [3007, 0.8507313829787234], [3071, 0.8528645833333334], [3135, 0.8539540816326531], [3199, 0.85625], [3263, 0.8581495098039216], [3327, 0.8605769230769231], [3391, 0.8623231132075472], [3455, 0.8642939814814815], [3519, 0.8661931818181818], [3583, 0.8671875], [3647, 0.8686951754385965], [3711, 0.8698814655172413], [3775, 0.8704978813559322], [3839, 0.8713541666666667], [3903, 0.8721823770491803], [3967, 0.8737399193548387], [4031, 0.875], [4095, 0.87646484375], [4159, 0.8771634615384616], [4223, 0.8768939393939394], [4287, 0.8782649253731343], [4351, 0.8793658088235294], [4415, 0.8802083333333334], [4479, 0.8816964285714286], [4543, 0.8827024647887324], [4607, 0.8836805555555556], [4671, 0.8839897260273972], [4735, 0.8838682432432432], [4799, 0.8847916666666666], [4863, 0.8861019736842105], [4927, 0.8869724025974026], [4991, 0.8880208333333334], [5055, 0.8894382911392406], [5119, 0.8904296875], [5183, 0.8915895061728395], [5247, 0.8925304878048781], [5311, 0.8932605421686747], [5375, 0.8941592261904762], [5439, 0.8946691176470588], [5503, 0.8951671511627907], [5567, 0.8960129310344828], [5631, 0.8968394886363636], [5695, 0.8976474719101124], [5759, 0.8980902777777777], [5823, 0.8985233516483516], [5887, 0.8994565217391305], [5951, 0.900369623655914], [6015, 0.9007646276595744], [6079, 0.9013157894736842], [6143, 0.9020182291666666], [6207, 0.9027061855670103], [6271, 0.9033801020408163], [6335, 0.9040404040404041], [6399, 0.90484375], [6463, 0.9053217821782178], [6527, 0.9060968137254902], [6591, 0.9065533980582524], [6655, 0.9070012019230769], [6719, 0.9075892857142858], [6783, 0.9083136792452831], [6847, 0.9085864485981309], [6911, 0.9089988425925926], [6975, 0.9094036697247706], [7039, 0.9095170454545455], [7103, 0.9097691441441441], [7167, 0.9102957589285714], [7231, 0.9103982300884956], [7295, 0.9109100877192983], [7359, 0.9110054347826086], [7423, 0.9117726293103449], [7487, 0.9123931623931624], [7551, 0.9127383474576272], [7615, 0.9132090336134454], [7679, 0.913671875], [7743, 0.9141270661157025], [7807, 0.914702868852459], [7871, 0.9152693089430894], [7935, 0.9153225806451613], [7999, 0.91575], [8063, 0.9157986111111112], [8127, 0.9158464566929134], [8191, 0.91650390625], [8255, 0.9170300387596899], [8319, 0.9171875], [8383, 0.9169847328244275], [8447, 0.9170217803030303], [8511, 0.9174107142857143], [8575, 0.9175606343283582], [8639, 0.9178240740740741], [8703, 0.91796875], [8767, 0.9179972627737226], [8831, 0.917572463768116], [8895, 0.9180530575539568], [8959, 0.9181919642857143], [9023, 0.9186613475177305], [9087, 0.9191241197183099], [9151, 0.9195804195804196], [9215, 0.9200303819444444], [9279, 0.9202586206896551], [9343, 0.9203767123287672], [9407, 0.920812074829932], [9471, 0.920924831081081], [9535, 0.9212458053691275], [9599, 0.9216666666666666], [9663, 0.9221854304635762], [9727, 0.9226973684210527], [9791, 0.9228962418300654], [9855, 0.9229910714285714], [9919, 0.9232862903225807], [9983, 0.9232772435897436], [9999, 0.9233]], "candidate_count_total": 23, "confirmed_count_total": 15, "created_at": 1768148763.8793597, "confirm_rule_effective": "perm_test", "last_perm_pvalue": 0.004975124378109453, "last_perm_effect": 0.06846537535164718, "perm_test_count_total": 45, "perm_accept_count_total": 15, "perm_reject_count_total": 30, "perm_alpha": 0.005, "perm_pvalue_p50": 0.2935323383084577, "perm_pvalue_p90": 1.0, "perm_pvalue_p99": 1.0, "perm_pvalue_le_alpha_ratio": 0.3333333333333333, "perm_effect_p50": 0.003889286114902645, "perm_effect_p90": 0.07733905265763484, "perm_effect_p99": 0.13727715448089045}