{"dataset_name": "INSECTS_abrupt_balanced", "dataset_type": "insects_real", "model_variant": "ts_drift_adapt", "seed": 4, "monitor_preset": "error_divergence_ph_meta@error.threshold=0.05,error.min_instances=5", "monitor_preset_base": "error_divergence_ph_meta", "monitor_ph_params": {"error_rate": {"delta": 0.005, "alpha": 0.15, "threshold": 0.05, "min_instances": 5}, "divergence": {"delta": 0.005, "alpha": 0.1, "threshold": 0.05, "min_instances": 30}}, "monitor_ph_overrides": {"error_rate": {"threshold": 0.05, "min_instances": 5}}, "trigger_mode": "two_stage", "trigger_k": 2, "trigger_threshold": 0.5, "trigger_weights": "confirm_cooldown=0,divergence=0.3,error_rate=0.5,teacher_entropy=0.2", "confirm_window": 1, "confirm_cooldown": 0, "severity_scheduler_scale": 1.0, "use_severity_v2": 0, "severity_gate": "none", "severity_gate_min_streak": 1, "entropy_mode": "overconfident", "severity_decay": 0.95, "freeze_baseline_steps": 0, "n_steps": 1200, "horizon": 52847, "acc_final": 0.1999167407799875, "mean_acc": 0.20417814643142593, "acc_min": 0.178515625, "candidate_sample_idxs": [1279, 2559, 3839, 5119, 6399, 7679, 8959, 10239, 11519, 12799, 14591, 15871, 18175, 19455, 20735, 22015, 23295, 24575, 25855, 27135, 28415, 29695, 30975, 32255, 33535, 34815, 36095, 37375, 38655, 39935, 41215, 42495, 43775, 45055, 46335, 47615, 49919, 51199, 52479], "confirmed_sample_idxs": [1279, 2559, 3839, 5119, 6399, 7679, 8959, 10239, 11519, 12799, 14591, 15871, 18175, 19455, 20735, 22015, 23295, 24575, 25855, 27135, 28415, 29695, 30975, 32255, 33535, 34815, 36095, 37375, 38655, 39935, 41215, 42495, 43775, 45055, 46335, 47615, 49919, 51199, 52479], "acc_series": [[255, 0.23046875], [511, 0.2109375], [767, 0.203125], [1023, 0.2001953125], [1279, 0.1984375], [1535, 0.197265625], [1791, 0.19866071428571427], [2047, 0.2080078125], [2303, 0.21006944444444445], [2559, 0.216796875], [2815, 0.2198153409090909], [3071, 0.22037760416666666], [3327, 0.22325721153846154], [3583, 0.22377232142857142], [3839, 0.22526041666666666], [4095, 0.224365234375], [4351, 0.22633272058823528], [4607, 0.22786458333333334], [4863, 0.22820723684210525], [5119, 0.23125], [5375, 0.23214285714285715], [5631, 0.23100142045454544], [5887, 0.2301290760869565], [6143, 0.23014322916666666], [6399, 0.2290625], [6655, 0.22941706730769232], [6911, 0.2282986111111111], [7167, 0.22809709821428573], [7423, 0.2310075431034483], [7679, 0.23020833333333332], [7935, 0.22996471774193547], [8191, 0.2296142578125], [8447, 0.22869318181818182], [8703, 0.22966452205882354], [8959, 0.23102678571428573], [9215, 0.2318793402777778], [9471, 0.23226351351351351], [9727, 0.23170230263157895], [9983, 0.2320713141025641], [10239, 0.23349609375], [10495, 0.2345655487804878], [10751, 0.23614211309523808], [11007, 0.23601017441860464], [11263, 0.23774857954545456], [11519, 0.23689236111111112], [11775, 0.2371773097826087], [12031, 0.2376994680851064], [12287, 0.23844401041666666], [12543, 0.23947704081632654], [12799, 0.235078125], [13055, 0.23046875], [13311, 0.22603665865384615], [13567, 0.22177181603773585], [13823, 0.21766493055555555], [14079, 0.21370738636363637], [14335, 0.21010044642857142], [14591, 0.20942982456140352], [14847, 0.2095231681034483], [15103, 0.20709745762711865], [15359, 0.204296875], [15615, 0.20101178278688525], [15871, 0.1978326612903226], [16127, 0.19481646825396826], [16383, 0.1917724609375], [16639, 0.18882211538461538], [16895, 0.18596117424242425], [17151, 0.18330223880597016], [17407, 0.18089384191176472], [17663, 0.17872509057971014], [17919, 0.178515625], [18175, 0.18007262323943662], [18431, 0.18050130208333334], [18687, 0.18107876712328766], [18943, 0.18132390202702703], [19199, 0.18208333333333335], [19455, 0.18400493421052633], [19711, 0.1851663961038961], [19967, 0.1853966346153846], [20223, 0.1854232594936709], [20479, 0.185693359375], [20735, 0.1857156635802469], [20991, 0.18588033536585366], [21247, 0.1859469126506024], [21503, 0.18573288690476192], [21759, 0.18566176470588236], [22015, 0.18581940406976744], [22271, 0.1861530172413793], [22527, 0.18696732954545456], [22783, 0.18864115168539325], [23039, 0.18993055555555555], [23295, 0.19050480769230768], [23551, 0.19221297554347827], [23807, 0.19321236559139784], [24063, 0.1944398271276596], [24319, 0.1958059210526316], [24575, 0.19645182291666666], [24831, 0.19724548969072164], [25087, 0.19806281887755103], [25343, 0.19913983585858586], [25599, 0.199921875], [25855, 0.2008431311881188], [26111, 0.20197610294117646], [26367, 0.203125], [26623, 0.20387620192307693], [26879, 0.20483630952380952], [27135, 0.2056308962264151], [27391, 0.20681220794392524], [27647, 0.20768229166666666], [27903, 0.20932482798165136], [28159, 0.20795454545454545], [28415, 0.20643299549549549], [28671, 0.20476422991071427], [28927, 0.20319413716814158], [29183, 0.20178865131578946], [29439, 0.20037364130434782], [29695, 0.19908405172413793], [29951, 0.19788327991452992], [30207, 0.1968021716101695], [30463, 0.19567358193277312], [30719, 0.19446614583333333], [30975, 0.19334323347107438], [31231, 0.19230276639344263], [31487, 0.1911521849593496], [31743, 0.19058719758064516], [31999, 0.1905], [32255, 0.19112723214285715], [32511, 0.19257504921259844], [32767, 0.1943359375], [33023, 0.19628149224806202], [33279, 0.19630408653846154], [33535, 0.19599833015267176], [33791, 0.1963482481060606], [34047, 0.19645794172932332], [34303, 0.19636194029850745], [34559, 0.19600694444444444], [34815, 0.19559972426470587], [35071, 0.19534101277372262], [35327, 0.19556725543478262], [35583, 0.19590265287769784], [35839, 0.19601004464285715], [36095, 0.19581117021276595], [36351, 0.19605523767605634], [36607, 0.1959680944055944], [36863, 0.1958279079861111], [37119, 0.19582435344827587], [37375, 0.1957940924657534], [37631, 0.1959502551020408], [37887, 0.19623627533783783], [38143, 0.1963349412751678], [38399, 0.19502604166666668], [38655, 0.19373447847682118], [38911, 0.19343647203947367], [39167, 0.19352532679738563], [39423, 0.19346083603896103], [39679, 0.1936743951612903], [39935, 0.1937099358974359], [40191, 0.19347133757961785], [40447, 0.19330992879746836], [40703, 0.19329795597484276], [40959, 0.193408203125], [41215, 0.19368691770186336], [41471, 0.19442033179012347], [41727, 0.19478527607361965], [41983, 0.19533631859756098], [42239, 0.19616477272727273], [42495, 0.1968655873493976], [42751, 0.19751122754491018], [43007, 0.19828869047619047], [43263, 0.19919563609467456], [43519, 0.19997702205882353], [43775, 0.20065789473684212], [44031, 0.20169422238372092], [44287, 0.2019960260115607], [44543, 0.2025188577586207], [44799, 0.20316964285714287], [45055, 0.20412375710227273], [45311, 0.20462570621468926], [45567, 0.20551702949438203], [45823, 0.2062019902234637], [46079, 0.2072265625], [46335, 0.207916091160221], [46591, 0.20853365384615385], [46847, 0.20848275273224043], [47103, 0.20734969429347827], [47359, 0.20622888513513513], [47615, 0.20512012768817203], [47871, 0.20402322860962566], [48127, 0.20293799867021275], [48383, 0.20186425264550265], [48639, 0.20080180921052632], [48895, 0.19975049083769633], [49151, 0.19871012369791666], [49407, 0.19778173575129535], [49663, 0.19690318943298968], [49919, 0.19639423076923077], [50175, 0.19601004464285715], [50431, 0.19620479060913706], [50687, 0.19696969696969696], [50943, 0.19782506281407036], [51199, 0.198984375], [51455, 0.20009328358208955], [51711, 0.20138459158415842], [51967, 0.20275939039408866], [52223, 0.2023016237745098], [52479, 0.20131478658536586], [52735, 0.20033753033980584], [52846, 0.1999167407799875]], "candidate_count_total": 39, "confirmed_count_total": 39, "created_at": 1767841021.2550495}