{"dataset_name": "sine_nodrift", "dataset_type": "sine", "model_variant": "ts_drift_adapt", "seed": 4, "monitor_preset": "error_divergence_ph_meta@error.threshold=0.10,error.min_instances=5", "monitor_preset_base": "error_divergence_ph_meta", "monitor_ph_params": {"error_rate": {"delta": 0.005, "alpha": 0.15, "threshold": 0.1, "min_instances": 5}, "divergence": {"delta": 0.005, "alpha": 0.1, "threshold": 0.05, "min_instances": 30}}, "monitor_ph_overrides": {"error_rate": {"threshold": 0.1, "min_instances": 5}}, "trigger_mode": "two_stage", "trigger_k": 2, "trigger_threshold": 0.5, "trigger_weights": "__confirm_cooldown=200,__confirm_rule=perm_test,__perm_alpha=0.01,__perm_min_effect=0,__perm_n_perm=200,__perm_post_n=10,__perm_pre_n=200,__perm_rng_seed=0,__perm_stat=vote_score,divergence=0.3,error_rate=0.5,teacher_entropy=0.2", "confirm_window": 3, "confirm_cooldown": 0, "adaptive_cooldown_enabled": 0, "adaptive_window": 10000, "adaptive_lower_per10k": 10.0, "adaptive_upper_per10k": 25.0, "adaptive_cooldown_low": 200, "adaptive_cooldown_high": 500, "severity_scheduler_scale": 1.0, "use_severity_v2": 0, "severity_gate": "none", "severity_gate_min_streak": 1, "entropy_mode": "overconfident", "severity_decay": 0.95, "freeze_baseline_steps": 0, "n_steps": 800, "horizon": 10000, "acc_final": 0.9139, "mean_acc": 0.8372148274531687, "acc_min": 0.515625, "candidate_sample_idxs": [319, 639, 959, 1279, 1599, 1919, 2239, 2559, 2879, 3199, 3647, 3967, 4351, 4671, 4991, 5311, 5631, 6783, 7167, 7487, 7807, 8127, 8511, 8831, 9151, 9471, 9791], "confirmed_sample_idxs": [639, 959, 1279, 1599, 1919, 2239, 2559, 2879, 3199, 3647, 3967, 4351, 4671, 4991, 5311, 5631, 6783, 7167, 7487, 7807, 8127, 8511, 8831, 9151, 9471, 9791], "acc_series": [[63, 0.515625], [127, 0.59375], [191, 0.5885416666666666], [255, 0.56640625], [319, 0.5625], [383, 0.5651041666666666], [447, 0.5825892857142857], [511, 0.60546875], [575, 0.6163194444444444], [639, 0.6328125], [703, 0.6377840909090909], [767, 0.640625], [831, 0.6430288461538461], [895, 0.65625], [959, 0.6697916666666667], [1023, 0.6845703125], [1087, 0.6957720588235294], [1151, 0.7039930555555556], [1215, 0.7080592105263158], [1279, 0.71171875], [1343, 0.7150297619047619], [1407, 0.7237215909090909], [1471, 0.7323369565217391], [1535, 0.7369791666666666], [1599, 0.741875], [1663, 0.7493990384615384], [1727, 0.7546296296296297], [1791, 0.76171875], [1855, 0.765625], [1919, 0.7697916666666667], [1983, 0.7757056451612904], [2047, 0.77978515625], [2111, 0.7840909090909091], [2175, 0.7895220588235294], [2239, 0.7933035714285714], [2303, 0.7960069444444444], [2367, 0.7994087837837838], [2431, 0.8022203947368421], [2495, 0.8060897435897436], [2559, 0.80859375], [2623, 0.8121189024390244], [2687, 0.8158482142857143], [2751, 0.8186773255813954], [2815, 0.8213778409090909], [2879, 0.825], [2943, 0.8284646739130435], [3007, 0.8307845744680851], [3071, 0.8330078125], [3135, 0.8351403061224489], [3199, 0.8375], [3263, 0.8400735294117647], [3327, 0.8428485576923077], [3391, 0.8443396226415094], [3455, 0.8466435185185185], [3519, 0.8488636363636364], [3583, 0.8504464285714286], [3647, 0.8525219298245614], [3711, 0.8542564655172413], [3775, 0.855667372881356], [3839, 0.8572916666666667], [3903, 0.8588627049180327], [3967, 0.8601310483870968], [4031, 0.8616071428571429], [4095, 0.863037109375], [4159, 0.8639423076923077], [4223, 0.8645833333333334], [4287, 0.8656716417910447], [4351, 0.8669577205882353], [4415, 0.8682065217391305], [4479, 0.86875], [4543, 0.8697183098591549], [4607, 0.8708767361111112], [4671, 0.8720034246575342], [4735, 0.8735219594594594], [4799, 0.8739583333333333], [4863, 0.8752055921052632], [4927, 0.8762175324675324], [4991, 0.8774038461538461], [5055, 0.8783623417721519], [5119, 0.8798828125], [5183, 0.8804012345679012], [5247, 0.8810975609756098], [5311, 0.8815888554216867], [5375, 0.8818824404761905], [5439, 0.8814338235294118], [5503, 0.8817223837209303], [5567, 0.8827227011494253], [5631, 0.8831676136363636], [5695, 0.8844803370786517], [5759, 0.8855902777777778], [5823, 0.8868475274725275], [5887, 0.8873980978260869], [5951, 0.8881048387096774], [6015, 0.8887965425531915], [6079, 0.8898026315789473], [6143, 0.8904622395833334], [6207, 0.8911082474226805], [6271, 0.8919005102040817], [6335, 0.8925189393939394], [6399, 0.89328125], [6463, 0.8940284653465347], [6527, 0.8944546568627451], [6591, 0.8951759708737864], [6655, 0.8958834134615384], [6719, 0.8965773809523809], [6783, 0.8969634433962265], [6847, 0.8977803738317757], [6911, 0.8980034722222222], [6975, 0.898795871559633], [7039, 0.8992897727272727], [7103, 0.9001970720720721], [7167, 0.9002511160714286], [7231, 0.900304203539823], [7295, 0.9009046052631579], [7359, 0.9014945652173914], [7423, 0.9018049568965517], [7487, 0.9018429487179487], [7551, 0.902145127118644], [7615, 0.9027048319327731], [7679, 0.9029947916666666], [7743, 0.9036673553719008], [7807, 0.9040727459016393], [7871, 0.9044715447154471], [7935, 0.9049899193548387], [7999, 0.905], [8063, 0.9052579365079365], [8127, 0.90501968503937], [8191, 0.905517578125], [8255, 0.9061288759689923], [8319, 0.9064903846153847], [8383, 0.9067270992366412], [8447, 0.9064867424242424], [8511, 0.9067199248120301], [8575, 0.9069496268656716], [8639, 0.9070601851851852], [8703, 0.9073988970588235], [8767, 0.9078467153284672], [8831, 0.9081748188405797], [8895, 0.9083857913669064], [8959, 0.9090401785714286], [9023, 0.9095744680851063], [9087, 0.9097711267605634], [9151, 0.9102928321678322], [9215, 0.9105902777777778], [9279, 0.9109913793103448], [9343, 0.9113869863013698], [9407, 0.9115646258503401], [9471, 0.9121621621621622], [9535, 0.9125419463087249], [9599, 0.9125], [9663, 0.9127690397350994], [9727, 0.9131373355263158], [9791, 0.9131944444444444], [9855, 0.9134537337662337], [9919, 0.913508064516129], [9983, 0.9137620192307693], [9999, 0.9139]], "candidate_count_total": 27, "confirmed_count_total": 26, "created_at": 1768151316.7970684, "confirm_rule_effective": "perm_test", "last_perm_pvalue": 0.004975124378109453, "last_perm_effect": 0.5091552523379501, "perm_test_count_total": 26, "perm_accept_count_total": 26, "perm_reject_count_total": 0, "perm_alpha": 0.01, "perm_pvalue_p50": 0.004975124378109453, "perm_pvalue_p90": 0.004975124378109453, "perm_pvalue_p99": 0.004975124378109453, "perm_pvalue_le_alpha_ratio": 1.0, "perm_effect_p50": 0.49714662838280244, "perm_effect_p90": 0.5109759614065372, "perm_effect_p99": 0.5282568110898925}