{"dataset_name": "sine_nodrift", "dataset_type": "sine", "model_variant": "ts_drift_adapt", "seed": 1, "monitor_preset": "error_divergence_ph_meta@error.threshold=0.10,error.min_instances=5", "monitor_preset_base": "error_divergence_ph_meta", "monitor_ph_params": {"error_rate": {"delta": 0.005, "alpha": 0.15, "threshold": 0.1, "min_instances": 5}, "divergence": {"delta": 0.005, "alpha": 0.1, "threshold": 0.05, "min_instances": 30}}, "monitor_ph_overrides": {"error_rate": {"threshold": 0.1, "min_instances": 5}}, "trigger_mode": "two_stage", "trigger_k": 2, "trigger_threshold": 0.5, "trigger_weights": "__confirm_cooldown=200,__confirm_rule=perm_test,__perm_alpha=0.01,__perm_delta_k=25,__perm_min_effect=0,__perm_n_perm=200,__perm_post_n=30,__perm_pre_n=500,__perm_rng_seed=0,__perm_stat=delta_fused_score,divergence=0.3,error_rate=0.5,teacher_entropy=0.2", "confirm_window": 3, "confirm_cooldown": 0, "adaptive_cooldown_enabled": 0, "adaptive_window": 10000, "adaptive_lower_per10k": 10.0, "adaptive_upper_per10k": 25.0, "adaptive_cooldown_low": 200, "adaptive_cooldown_high": 500, "severity_scheduler_scale": 1.0, "use_severity_v2": 0, "severity_gate": "none", "severity_gate_min_streak": 1, "entropy_mode": "overconfident", "severity_decay": 0.95, "freeze_baseline_steps": 0, "n_steps": 800, "horizon": 10000, "acc_final": 0.935, "mean_acc": 0.8752225083511662, "acc_min": 0.375, "candidate_sample_idxs": [319, 639, 959, 1279, 1599, 1919, 2239, 2559, 2879, 3199, 3519, 3839, 4159, 4607, 5311, 5951, 6271, 6591, 6911, 7423, 8063, 8703, 9343, 9663, 9983], "confirmed_sample_idxs": [639, 1023, 1279, 1663, 1983, 2239, 3007, 3903, 4159, 4607, 5311, 5951, 6591, 6975, 7423, 8063, 8703, 9343], "acc_series": [[63, 0.375], [127, 0.453125], [191, 0.546875], [255, 0.58203125], [319, 0.6], [383, 0.6171875], [447, 0.6428571428571429], [511, 0.65625], [575, 0.6875], [639, 0.7015625], [703, 0.7215909090909091], [767, 0.734375], [831, 0.75], [895, 0.7611607142857143], [959, 0.7739583333333333], [1023, 0.783203125], [1087, 0.7886029411764706], [1151, 0.7951388888888888], [1215, 0.803453947368421], [1279, 0.809375], [1343, 0.8139880952380952], [1407, 0.8196022727272727], [1471, 0.8226902173913043], [1535, 0.828125], [1599, 0.83125], [1663, 0.8335336538461539], [1727, 0.8391203703703703], [1791, 0.8420758928571429], [1855, 0.8453663793103449], [1919, 0.85], [1983, 0.8543346774193549], [2047, 0.857421875], [2111, 0.8607954545454546], [2175, 0.8635110294117647], [2239, 0.865625], [2303, 0.8650173611111112], [2367, 0.8669763513513513], [2431, 0.8696546052631579], [2495, 0.8701923076923077], [2559, 0.871875], [2623, 0.8738567073170732], [2687, 0.8768601190476191], [2751, 0.8789970930232558], [2815, 0.8806818181818182], [2879, 0.8819444444444444], [2943, 0.8834918478260869], [3007, 0.8839760638297872], [3071, 0.8854166666666666], [3135, 0.8855229591836735], [3199, 0.8853125], [3263, 0.8860294117647058], [3327, 0.88671875], [3391, 0.8879716981132075], [3455, 0.8894675925925926], [3519, 0.8897727272727273], [3583, 0.8897879464285714], [3647, 0.8903508771929824], [3711, 0.8903556034482759], [3775, 0.8911546610169492], [3839, 0.8921875], [3903, 0.8936987704918032], [3967, 0.8946572580645161], [4031, 0.8958333333333334], [4095, 0.896240234375], [4159, 0.8959134615384615], [4223, 0.8963068181818182], [4287, 0.8971548507462687], [4351, 0.8975183823529411], [4415, 0.8985507246376812], [4479, 0.9], [4543, 0.9003080985915493], [4607, 0.9012586805555556], [4671, 0.9023972602739726], [4735, 0.9030827702702703], [4799, 0.90375], [4863, 0.9046052631578947], [4927, 0.9058441558441559], [4991, 0.9068509615384616], [5055, 0.9074367088607594], [5119, 0.9083984375], [5183, 0.9089506172839507], [5247, 0.9094893292682927], [5311, 0.9098268072289156], [5375, 0.91015625], [5439, 0.9110294117647059], [5503, 0.9117005813953488], [5567, 0.9123563218390804], [5631, 0.9124644886363636], [5695, 0.9125702247191011], [5759, 0.9128472222222223], [5823, 0.9134615384615384], [5887, 0.9142323369565217], [5951, 0.9144825268817204], [6015, 0.9147273936170213], [6079, 0.9148026315789474], [6143, 0.91552734375], [6207, 0.9154317010309279], [6271, 0.9159757653061225], [6335, 0.91635101010101], [6399, 0.916875], [6463, 0.9176980198019802], [6527, 0.9181985294117647], [6591, 0.9182342233009708], [6655, 0.9178185096153846], [6719, 0.9181547619047619], [6783, 0.9189268867924528], [6847, 0.9192464953271028], [6911, 0.9197048611111112], [6975, 0.9202981651376146], [7039, 0.920596590909091], [7103, 0.9213119369369369], [7167, 0.921875], [7231, 0.9224280973451328], [7295, 0.923108552631579], [7359, 0.9237771739130435], [7423, 0.923760775862069], [7487, 0.9242788461538461], [7551, 0.924655720338983], [7615, 0.9248949579831933], [7679, 0.925390625], [7743, 0.9254907024793388], [7807, 0.9258452868852459], [7871, 0.9263211382113821], [7935, 0.9269153225806451], [7999, 0.927125], [8063, 0.9274553571428571], [8127, 0.9277805118110236], [8191, 0.92822265625], [8255, 0.9281734496124031], [8319, 0.9284855769230769], [8383, 0.9289122137404581], [8447, 0.9290956439393939], [8511, 0.9295112781954887], [8575, 0.9300373134328358], [8639, 0.9304398148148149], [8703, 0.9304917279411765], [8767, 0.9307709854014599], [8831, 0.9311594202898551], [8895, 0.9315422661870504], [8959, 0.9318080357142857], [9023, 0.9318484042553191], [9087, 0.9321082746478874], [9151, 0.9323645104895105], [9215, 0.9328342013888888], [9279, 0.9330818965517241], [9343, 0.9332191780821918], [9407, 0.9332482993197279], [9471, 0.9334881756756757], [9535, 0.9337248322147651], [9599, 0.9340625], [9663, 0.9342922185430463], [9727, 0.9346217105263158], [9791, 0.9347426470588235], [9855, 0.9345576298701299], [9919, 0.9345766129032258], [9983, 0.9348958333333334], [9999, 0.935]], "candidate_count_total": 24, "confirmed_count_total": 18, "created_at": 1768146363.823893, "confirm_rule_effective": "perm_test", "last_perm_pvalue": 1.0, "last_perm_effect": -0.01039214017768494, "perm_test_count_total": 43, "perm_accept_count_total": 18, "perm_reject_count_total": 25, "perm_alpha": 0.01, "perm_pvalue_p50": 0.1691542288557214, "perm_pvalue_p90": 1.0, "perm_pvalue_p99": 1.0, "perm_pvalue_le_alpha_ratio": 0.4186046511627907, "perm_effect_p50": 0.008234332471450896, "perm_effect_p90": 0.08670794204369522, "perm_effect_p99": 0.16226673114101917}