{"dataset_name": "sine_nodrift", "dataset_type": "sine", "model_variant": "ts_drift_adapt", "seed": 3, "monitor_preset": "error_divergence_ph_meta@error.threshold=0.10,error.min_instances=5", "monitor_preset_base": "error_divergence_ph_meta", "monitor_ph_params": {"error_rate": {"delta": 0.005, "alpha": 0.15, "threshold": 0.1, "min_instances": 5}, "divergence": {"delta": 0.005, "alpha": 0.1, "threshold": 0.05, "min_instances": 30}}, "monitor_ph_overrides": {"error_rate": {"threshold": 0.1, "min_instances": 5}}, "trigger_mode": "two_stage", "trigger_k": 2, "trigger_threshold": 0.5, "trigger_weights": "__confirm_cooldown=200,__confirm_rule=perm_test,__perm_alpha=0.01,__perm_delta_k=50,__perm_min_effect=0,__perm_n_perm=200,__perm_post_n=10,__perm_pre_n=200,__perm_rng_seed=0,__perm_stat=delta_fused_score,divergence=0.3,error_rate=0.5,teacher_entropy=0.2", "confirm_window": 3, "confirm_cooldown": 0, "adaptive_cooldown_enabled": 0, "adaptive_window": 10000, "adaptive_lower_per10k": 10.0, "adaptive_upper_per10k": 25.0, "adaptive_cooldown_low": 200, "adaptive_cooldown_high": 500, "severity_scheduler_scale": 1.0, "use_severity_v2": 0, "severity_gate": "none", "severity_gate_min_streak": 1, "entropy_mode": "overconfident", "severity_decay": 0.95, "freeze_baseline_steps": 0, "n_steps": 800, "horizon": 10000, "acc_final": 0.91, "mean_acc": 0.8263512079409951, "acc_min": 0.5703125, "candidate_sample_idxs": [319, 639, 959, 1279, 1599, 1919, 2367, 2687, 3135, 3455, 3775, 4095, 4415, 4735, 5055, 5695, 6271, 6591, 6975, 7423, 7743, 8511, 9535, 9855], "confirmed_sample_idxs": [1023, 1279, 1599, 1919, 2367, 2751, 3135, 3455, 5119, 5695, 6271, 6975, 7423, 7743, 8511, 9535], "acc_series": [[63, 0.59375], [127, 0.5703125], [191, 0.5833333333333334], [255, 0.58203125], [319, 0.609375], [383, 0.6458333333333334], [447, 0.6607142857142857], [511, 0.662109375], [575, 0.6475694444444444], [639, 0.6390625], [703, 0.6349431818181818], [767, 0.6276041666666666], [831, 0.6322115384615384], [895, 0.6361607142857143], [959, 0.6427083333333333], [1023, 0.640625], [1087, 0.6479779411764706], [1151, 0.6588541666666666], [1215, 0.671875], [1279, 0.68046875], [1343, 0.6882440476190477], [1407, 0.6938920454545454], [1471, 0.7038043478260869], [1535, 0.7115885416666666], [1599, 0.720625], [1663, 0.7289663461538461], [1727, 0.7355324074074074], [1791, 0.7433035714285714], [1855, 0.7505387931034483], [1919, 0.75625], [1983, 0.7600806451612904], [2047, 0.76513671875], [2111, 0.7708333333333334], [2175, 0.7752757352941176], [2239, 0.7790178571428571], [2303, 0.7834201388888888], [2367, 0.7863175675675675], [2431, 0.787828947368421], [2495, 0.7896634615384616], [2559, 0.791796875], [2623, 0.7945884146341463], [2687, 0.7983630952380952], [2751, 0.8012354651162791], [2815, 0.8046875], [2879, 0.8086805555555555], [2943, 0.8104619565217391], [3007, 0.8141622340425532], [3071, 0.8160807291666666], [3135, 0.8191964285714286], [3199, 0.8215625], [3263, 0.8232230392156863], [3327, 0.8251201923076923], [3391, 0.8269457547169812], [3455, 0.828125], [3519, 0.8303977272727273], [3583, 0.8314732142857143], [3647, 0.8336074561403509], [3711, 0.8345905172413793], [3775, 0.836864406779661], [3839, 0.8388020833333333], [3903, 0.8391393442622951], [3967, 0.8412298387096774], [4031, 0.841765873015873], [4095, 0.843505859375], [4159, 0.8451923076923077], [4223, 0.8461174242424242], [4287, 0.8479477611940298], [4351, 0.8483455882352942], [4415, 0.8498641304347826], [4479, 0.8511160714285714], [4543, 0.8518926056338029], [4607, 0.8537326388888888], [4671, 0.8544520547945206], [4735, 0.8559966216216216], [4799, 0.8575], [4863, 0.858141447368421], [4927, 0.8589691558441559], [4991, 0.8603766025641025], [5055, 0.8619462025316456], [5119, 0.8630859375], [5183, 0.8643904320987654], [5247, 0.8649009146341463], [5311, 0.8655873493975904], [5375, 0.8670014880952381], [5439, 0.8676470588235294], [5503, 0.8680959302325582], [5567, 0.869073275862069], [5631, 0.8702059659090909], [5695, 0.871313202247191], [5759, 0.8722222222222222], [5823, 0.8736263736263736], [5887, 0.8741508152173914], [5951, 0.8753360215053764], [6015, 0.8764960106382979], [6079, 0.8776315789473684], [6143, 0.87841796875], [6207, 0.8793492268041238], [6271, 0.8797831632653061], [6335, 0.8800505050505051], [6399, 0.8803125], [6463, 0.8807240099009901], [6527, 0.8812806372549019], [6591, 0.882129854368932], [6655, 0.8828125], [6719, 0.8836309523809524], [6783, 0.8844339622641509], [6847, 0.8850759345794392], [6911, 0.8855613425925926], [6975, 0.8861811926605505], [7039, 0.8869318181818182], [7103, 0.8873873873873874], [7167, 0.8882533482142857], [7231, 0.8891039823008849], [7295, 0.8895285087719298], [7359, 0.8899456521739131], [7423, 0.8903556034482759], [7487, 0.891159188034188], [7551, 0.8918167372881356], [7615, 0.8924632352941176], [7679, 0.893359375], [7743, 0.893853305785124], [7807, 0.8945952868852459], [7871, 0.8950711382113821], [7935, 0.8956653225806451], [7999, 0.8965], [8063, 0.8971974206349206], [8127, 0.8978838582677166], [8191, 0.8985595703125], [8255, 0.8992248062015504], [8319, 0.8998798076923077], [8383, 0.9000477099236641], [8447, 0.900686553030303], [8511, 0.9009633458646616], [8575, 0.9013526119402985], [8639, 0.9019675925925926], [8703, 0.9026884191176471], [8767, 0.9031706204379562], [8831, 0.9038722826086957], [8895, 0.904226618705036], [8959, 0.9047991071428572], [9023, 0.9052526595744681], [9087, 0.905149647887324], [9151, 0.9051573426573427], [9215, 0.9053819444444444], [9279, 0.9059267241379311], [9343, 0.9064640410958904], [9407, 0.9069940476190477], [9471, 0.9076224662162162], [9535, 0.9079278523489933], [9599, 0.9082291666666666], [9663, 0.9086299668874173], [9727, 0.908922697368421], [9791, 0.9088031045751634], [9855, 0.9090909090909091], [9919, 0.9095766129032258], [9983, 0.9099559294871795], [9999, 0.91]], "candidate_count_total": 24, "confirmed_count_total": 16, "created_at": 1768145852.842432, "confirm_rule_effective": "perm_test", "last_perm_pvalue": 1.0, "last_perm_effect": -0.019725315874942084, "perm_test_count_total": 47, "perm_accept_count_total": 16, "perm_reject_count_total": 31, "perm_alpha": 0.01, "perm_pvalue_p50": 0.16417910447761194, "perm_pvalue_p90": 1.0, "perm_pvalue_p99": 1.0, "perm_pvalue_le_alpha_ratio": 0.3404255319148936, "perm_effect_p50": 0.01382422126877687, "perm_effect_p90": 0.07661376805845213, "perm_effect_p99": 0.15334327892818445}