{"dataset_name": "sine_nodrift", "dataset_type": "sine", "model_variant": "ts_drift_adapt", "seed": 9, "monitor_preset": "error_divergence_ph_meta@error.threshold=0.10,error.min_instances=5", "monitor_preset_base": "error_divergence_ph_meta", "monitor_ph_params": {"error_rate": {"delta": 0.005, "alpha": 0.15, "threshold": 0.1, "min_instances": 5}, "divergence": {"delta": 0.005, "alpha": 0.1, "threshold": 0.05, "min_instances": 30}}, "monitor_ph_overrides": {"error_rate": {"threshold": 0.1, "min_instances": 5}}, "trigger_mode": "two_stage", "trigger_k": 2, "trigger_threshold": 0.5, "trigger_weights": "__confirm_cooldown=200,__confirm_rule=perm_test,__perm_alpha=0.03,__perm_min_effect=0,__perm_n_perm=200,__perm_post_n=10,__perm_pre_n=500,__perm_rng_seed=0,__perm_stat=vote_score,divergence=0.3,error_rate=0.5,teacher_entropy=0.2", "confirm_window": 3, "confirm_cooldown": 0, "adaptive_cooldown_enabled": 0, "adaptive_window": 10000, "adaptive_lower_per10k": 10.0, "adaptive_upper_per10k": 25.0, "adaptive_cooldown_low": 200, "adaptive_cooldown_high": 500, "severity_scheduler_scale": 1.0, "use_severity_v2": 0, "severity_gate": "none", "severity_gate_min_streak": 1, "entropy_mode": "overconfident", "severity_decay": 0.95, "freeze_baseline_steps": 0, "n_steps": 800, "horizon": 10000, "acc_final": 0.9253, "mean_acc": 0.838294047998072, "acc_min": 0.28125, "candidate_sample_idxs": [319, 639, 959, 1279, 1599, 1919, 2239, 2623, 2943, 3263, 4031, 4351, 4671, 5183, 5503, 5823, 6399, 6719, 7039, 7359, 7935, 8255, 8959, 9471, 9855], "confirmed_sample_idxs": [639, 959, 1279, 1599, 1919, 2239, 2623, 2943, 3263, 4031, 4351, 4671, 5183, 5503, 5823, 6399, 6719, 7039, 7359, 7935, 8255, 8959, 9471, 9855], "acc_series": [[63, 0.28125], [127, 0.375], [191, 0.4270833333333333], [255, 0.453125], [319, 0.48125], [383, 0.5364583333333334], [447, 0.5491071428571429], [511, 0.5703125], [575, 0.5833333333333334], [639, 0.59375], [703, 0.6136363636363636], [767, 0.6341145833333334], [831, 0.6454326923076923], [895, 0.6607142857142857], [959, 0.6677083333333333], [1023, 0.677734375], [1087, 0.6884191176470589], [1151, 0.6996527777777778], [1215, 0.7138157894736842], [1279, 0.71953125], [1343, 0.7284226190476191], [1407, 0.734375], [1471, 0.7432065217391305], [1535, 0.75], [1599, 0.754375], [1663, 0.7614182692307693], [1727, 0.7667824074074074], [1791, 0.7723214285714286], [1855, 0.7774784482758621], [1919, 0.7822916666666667], [1983, 0.7832661290322581], [2047, 0.7880859375], [2111, 0.7916666666666666], [2175, 0.7977941176470589], [2239, 0.8022321428571428], [2303, 0.8059895833333334], [2367, 0.8108108108108109], [2431, 0.8149671052631579], [2495, 0.8185096153846154], [2559, 0.821875], [2623, 0.8243140243902439], [2687, 0.8277529761904762], [2751, 0.8306686046511628], [2815, 0.8338068181818182], [2879, 0.8368055555555556], [2943, 0.8386548913043478], [3007, 0.840093085106383], [3071, 0.841796875], [3135, 0.8427933673469388], [3199, 0.84375], [3263, 0.8449754901960784], [3327, 0.8479567307692307], [3391, 0.8496462264150944], [3455, 0.8518518518518519], [3519, 0.852840909090909], [3583, 0.8532366071428571], [3647, 0.8555372807017544], [3711, 0.8572198275862069], [3775, 0.8588453389830508], [3839, 0.8604166666666667], [3903, 0.8619364754098361], [3967, 0.8634072580645161], [4031, 0.8653273809523809], [4095, 0.86572265625], [4159, 0.8663461538461539], [4223, 0.8678977272727273], [4287, 0.8691697761194029], [4351, 0.8706341911764706], [4415, 0.8725090579710145], [4479, 0.8738839285714286], [4543, 0.8752200704225352], [4607, 0.8767361111111112], [4671, 0.8779965753424658], [4735, 0.8790118243243243], [4799, 0.8804166666666666], [4863, 0.8811677631578947], [4927, 0.8823051948051948], [4991, 0.883613782051282], [5055, 0.884493670886076], [5119, 0.8857421875], [5183, 0.8865740740740741], [5247, 0.8875762195121951], [5311, 0.8887424698795181], [5375, 0.8896949404761905], [5439, 0.8904411764705882], [5503, 0.8909883720930233], [5567, 0.8922413793103449], [5631, 0.892578125], [5695, 0.8930828651685393], [5759, 0.8939236111111111], [5823, 0.8947458791208791], [5887, 0.8957201086956522], [5951, 0.896505376344086], [6015, 0.8976063829787234], [6079, 0.8980263157894737], [6143, 0.89892578125], [6207, 0.8993234536082474], [6271, 0.8997130102040817], [6335, 0.8999368686868687], [6399, 0.90046875], [6463, 0.901299504950495], [6527, 0.9018075980392157], [6591, 0.9026092233009708], [6655, 0.9030949519230769], [6719, 0.9035714285714286], [6783, 0.9044811320754716], [6847, 0.9049357476635514], [6911, 0.9053819444444444], [6975, 0.90625], [7039, 0.9068181818181819], [7103, 0.9073761261261262], [7167, 0.9079241071428571], [7231, 0.9084623893805309], [7295, 0.9087171052631579], [7359, 0.909375], [7423, 0.9100215517241379], [7487, 0.9106570512820513], [7551, 0.911281779661017], [7615, 0.9117647058823529], [7679, 0.9123697916666667], [7743, 0.9130940082644629], [7807, 0.9135502049180327], [7871, 0.9141260162601627], [7935, 0.9144405241935484], [7999, 0.915], [8063, 0.9151785714285714], [8127, 0.9156003937007874], [8191, 0.9158935546875], [8255, 0.9163032945736435], [8319, 0.9167067307692308], [8383, 0.9171040076335878], [8447, 0.9173768939393939], [8511, 0.9177631578947368], [8575, 0.9182602611940298], [8639, 0.91875], [8703, 0.9191176470588235], [8767, 0.9195939781021898], [8831, 0.9200634057971014], [8895, 0.9201888489208633], [8959, 0.9203125], [9023, 0.9207668439716312], [9087, 0.921324823943662], [9151, 0.9217657342657343], [9215, 0.9222005208333334], [9279, 0.9226293103448275], [9343, 0.9226241438356164], [9407, 0.922937925170068], [9471, 0.9229307432432432], [9535, 0.9234479865771812], [9599, 0.9233333333333333], [9663, 0.9235306291390728], [9727, 0.9237253289473685], [9791, 0.9241217320261438], [9855, 0.924310064935065], [9919, 0.9247983870967742], [9983, 0.9251802884615384], [9999, 0.9253]], "candidate_count_total": 25, "confirmed_count_total": 24, "created_at": 1768237210.433206, "confirm_rule_effective": "perm_test", "last_perm_pvalue": 0.004975124378109453, "last_perm_effect": 0.43464703205975114, "perm_test_count_total": 24, "perm_accept_count_total": 24, "perm_reject_count_total": 0, "perm_alpha": 0.03, "perm_pvalue_p50": 0.004975124378109453, "perm_pvalue_p90": 0.004975124378109453, "perm_pvalue_p99": 0.004975124378109453, "perm_pvalue_le_alpha_ratio": 1.0, "perm_effect_p50": 0.43657024541889167, "perm_effect_p90": 0.4994155739984148, "perm_effect_p99": 0.506415090964957}