{"dataset_name": "INSECTS_abrupt_balanced", "dataset_type": "insects_real", "model_variant": "ts_drift_adapt_severity", "seed": 8, "monitor_preset": "error_divergence_ph_meta@error.threshold=0.03,error.min_instances=5", "monitor_preset_base": "error_divergence_ph_meta", "monitor_ph_params": {"error_rate": {"delta": 0.005, "alpha": 0.15, "threshold": 0.03, "min_instances": 5}, "divergence": {"delta": 0.005, "alpha": 0.1, "threshold": 0.05, "min_instances": 30}}, "monitor_ph_overrides": {"error_rate": {"threshold": 0.03, "min_instances": 5}}, "trigger_mode": "two_stage", "trigger_k": 2, "trigger_threshold": 0.5, "trigger_weights": "confirm_cooldown=200,divergence=0.3,error_rate=0.5,teacher_entropy=0.2", "confirm_window": 1, "confirm_cooldown": 0, "adaptive_cooldown_enabled": 0, "adaptive_window": 10000, "adaptive_lower_per10k": 10.0, "adaptive_upper_per10k": 25.0, "adaptive_cooldown_low": 200, "adaptive_cooldown_high": 500, "severity_scheduler_scale": 2.0, "use_severity_v2": 1, "severity_gate": "none", "severity_gate_min_streak": 1, "entropy_mode": "uncertain", "severity_decay": 0.95, "freeze_baseline_steps": 5, "n_steps": 1200, "horizon": 52847, "acc_final": 0.20496906163074535, "mean_acc": 0.1997036635059854, "acc_min": 0.16417572463768115, "candidate_sample_idxs": [1279, 2559, 3839, 5119, 6399, 7679, 8959, 10239, 11519, 12799, 14079, 15359, 16895, 18175, 19455, 20735, 22015, 23295, 24575, 25855, 27135, 28415, 29695, 30975, 32255, 33535, 34815, 36095, 37375, 38655, 39935, 41215, 42495, 43775, 45055, 46335, 47615, 48895, 50175, 51455, 52735], "confirmed_sample_idxs": [1279, 2559, 3839, 5119, 6399, 7679, 8959, 10239, 11519, 12799, 14079, 15359, 16895, 18175, 19455, 20735, 22015, 23295, 24575, 25855, 27135, 28415, 29695, 30975, 32255, 33535, 34815, 36095, 37375, 38655, 39935, 41215, 42495, 43775, 45055, 46335, 47615, 48895, 50175, 51455, 52735], "acc_series": [[255, 0.21875], [511, 0.185546875], [767, 0.19010416666666666], [1023, 0.1904296875], [1279, 0.20390625], [1535, 0.20703125], [1791, 0.20424107142857142], [2047, 0.2060546875], [2303, 0.20572916666666666], [2559, 0.20390625], [2815, 0.20774147727272727], [3071, 0.20735677083333334], [3327, 0.20853365384615385], [3583, 0.21121651785714285], [3839, 0.21067708333333332], [4095, 0.21142578125], [4351, 0.20886948529411764], [4607, 0.2074652777777778], [4863, 0.20744243421052633], [5119, 0.2060546875], [5375, 0.20442708333333334], [5631, 0.2040127840909091], [5887, 0.20448369565217392], [6143, 0.20556640625], [6399, 0.205], [6655, 0.2049278846153846], [6911, 0.20384837962962962], [7167, 0.20340401785714285], [7423, 0.203125], [7679, 0.20104166666666667], [7935, 0.20161290322580644], [8191, 0.203369140625], [8447, 0.20395359848484848], [8703, 0.20565257352941177], [8959, 0.20870535714285715], [9215, 0.2105034722222222], [9471, 0.21104307432432431], [9727, 0.21155427631578946], [9983, 0.21233974358974358], [10239, 0.212109375], [10495, 0.21208079268292682], [10751, 0.21437872023809523], [11007, 0.21538880813953487], [11263, 0.21635298295454544], [11519, 0.21614583333333334], [11775, 0.21722146739130435], [12031, 0.21791888297872342], [12287, 0.219482421875], [12543, 0.22146045918367346], [12799, 0.218046875], [13055, 0.21377144607843138], [13311, 0.20966045673076922], [13567, 0.20570459905660377], [13823, 0.2019675925925926], [14079, 0.19872159090909092], [14335, 0.19761439732142858], [14591, 0.19647752192982457], [14847, 0.19322467672413793], [15103, 0.19001588983050846], [15359, 0.1869140625], [15615, 0.1838498975409836], [15871, 0.18088457661290322], [16127, 0.17807539682539683], [16383, 0.17529296875], [16639, 0.17259615384615384], [16895, 0.17004024621212122], [17151, 0.16761893656716417], [17407, 0.16578584558823528], [17663, 0.16417572463768115], [17919, 0.16473214285714285], [18175, 0.1676386443661972], [18431, 0.16845703125], [18687, 0.16909246575342465], [18943, 0.1696579391891892], [19199, 0.17010416666666667], [19455, 0.17100123355263158], [19711, 0.1721286525974026], [19967, 0.17267628205128205], [20223, 0.1735067246835443], [20479, 0.17373046875], [20735, 0.1739969135802469], [20991, 0.17473323170731708], [21247, 0.1759695030120482], [21503, 0.17699032738095238], [21759, 0.1778033088235294], [22015, 0.17923328488372092], [22271, 0.18067528735632185], [22527, 0.18283913352272727], [22783, 0.18451544943820225], [23039, 0.18658854166666666], [23295, 0.1875], [23551, 0.18907099184782608], [23807, 0.19039818548387097], [24063, 0.19157247340425532], [24319, 0.1930921052631579], [24575, 0.19425455729166666], [24831, 0.1951514175257732], [25087, 0.19646843112244897], [25343, 0.19819286616161616], [25599, 0.199453125], [25855, 0.2006884282178218], [26111, 0.2016314338235294], [26367, 0.2029733009708738], [26623, 0.20421424278846154], [26879, 0.2060267857142857], [27135, 0.20710495283018868], [27391, 0.20805344626168223], [27647, 0.20927372685185186], [27903, 0.21118836009174313], [28159, 0.21001420454545455], [28415, 0.20833333333333334], [28671, 0.20675223214285715], [28927, 0.2051991150442478], [29183, 0.20370751096491227], [29439, 0.2022758152173913], [29695, 0.2008014547413793], [29951, 0.19931891025641027], [30207, 0.19776218220338984], [30463, 0.19642857142857142], [30719, 0.19488932291666666], [30975, 0.19366606404958678], [31231, 0.1925909323770492], [31487, 0.19204141260162602], [31743, 0.19162676411290322], [31999, 0.19221875], [32255, 0.1925843253968254], [32511, 0.19386687992125984], [32767, 0.195068359375], [33023, 0.19661458333333334], [33279, 0.1968449519230769], [33535, 0.19686307251908397], [33791, 0.19744318181818182], [34047, 0.19772086466165414], [34303, 0.19776119402985073], [34559, 0.19791666666666666], [34815, 0.1977826286764706], [35071, 0.1975935218978102], [35327, 0.1978034420289855], [35583, 0.1982632643884892], [35839, 0.19857700892857144], [36095, 0.1985261524822695], [36351, 0.1988886443661972], [36607, 0.19902753496503497], [36863, 0.19908311631944445], [37119, 0.19916487068965516], [37375, 0.1993525256849315], [37631, 0.1997236394557823], [37887, 0.2001953125], [38143, 0.20068687080536912], [38399, 0.19934895833333333], [38655, 0.1980287665562914], [38911, 0.19811369243421054], [39167, 0.1982485702614379], [39423, 0.1983309659090909], [39679, 0.19841229838709679], [39935, 0.19864282852564102], [40191, 0.19869625796178345], [40447, 0.19894679588607594], [40703, 0.1988993710691824], [40959, 0.19912109375], [41215, 0.1995584239130435], [41471, 0.20042438271604937], [41727, 0.20144746932515337], [41983, 0.20248189786585366], [42239, 0.2037878787878788], [42495, 0.20472515060240964], [42751, 0.20555763473053892], [43007, 0.20619419642857142], [43263, 0.20714681952662722], [43519, 0.2079044117647059], [43775, 0.20847039473684212], [44031, 0.20914335029069767], [44287, 0.2099440028901734], [44543, 0.21019665948275862], [44799, 0.2110267857142857], [45055, 0.21198064630681818], [45311, 0.2128575211864407], [45567, 0.21372454353932585], [45823, 0.2147564594972067], [46079, 0.21571180555555555], [46335, 0.216613432320442], [46591, 0.2175051510989011], [46847, 0.21766137295081966], [47103, 0.21647843070652173], [47359, 0.21535050675675677], [47615, 0.2142557123655914], [47871, 0.2131308489304813], [48127, 0.2120387300531915], [48383, 0.21106150793650794], [48639, 0.2101768092105263], [48895, 0.20944453534031413], [49151, 0.20869954427083334], [49407, 0.20822538860103626], [49663, 0.20773598582474226], [49919, 0.20729166666666668], [50175, 0.20705117984693877], [50431, 0.2068527918781726], [50687, 0.20665640782828282], [50943, 0.20657977386934673], [51199, 0.2064453125], [51455, 0.2066620024875622], [51711, 0.20732131806930693], [51967, 0.2080318657635468], [52223, 0.2073950674019608], [52479, 0.20640243902439023], [52735, 0.2054004854368932], [52846, 0.20496906163074535]], "candidate_count_total": 41, "confirmed_count_total": 41, "created_at": 1767889750.3198528}