{"dataset_name": "sine_nodrift", "dataset_type": "sine", "model_variant": "ts_drift_adapt", "seed": 2, "monitor_preset": "error_divergence_ph_meta@error.threshold=0.10,error.min_instances=5", "monitor_preset_base": "error_divergence_ph_meta", "monitor_ph_params": {"error_rate": {"delta": 0.005, "alpha": 0.15, "threshold": 0.1, "min_instances": 5}, "divergence": {"delta": 0.005, "alpha": 0.1, "threshold": 0.05, "min_instances": 30}}, "monitor_ph_overrides": {"error_rate": {"threshold": 0.1, "min_instances": 5}}, "trigger_mode": "two_stage", "trigger_k": 2, "trigger_threshold": 0.5, "trigger_weights": "__confirm_cooldown=200,__confirm_rule=perm_test,__perm_alpha=0.01,__perm_min_effect=0,__perm_n_perm=200,__perm_post_n=50,__perm_pre_n=500,__perm_rng_seed=0,__perm_stat=fused_score,divergence=0.3,error_rate=0.5,teacher_entropy=0.2", "confirm_window": 3, "confirm_cooldown": 0, "adaptive_cooldown_enabled": 0, "adaptive_window": 10000, "adaptive_lower_per10k": 10.0, "adaptive_upper_per10k": 25.0, "adaptive_cooldown_low": 200, "adaptive_cooldown_high": 500, "severity_scheduler_scale": 1.0, "use_severity_v2": 0, "severity_gate": "none", "severity_gate_min_streak": 1, "entropy_mode": "overconfident", "severity_decay": 0.95, "freeze_baseline_steps": 0, "n_steps": 800, "horizon": 10000, "acc_final": 0.9195, "mean_acc": 0.8471868390058499, "acc_min": 0.5390625, "candidate_sample_idxs": [319, 639, 959, 1279, 1599, 1919, 2239, 2559, 2879, 3199, 3967, 4287, 4607, 4927, 5247, 5567, 5887, 6207, 6527, 6911, 7423, 7743, 8063, 8447, 8767, 9791], "confirmed_sample_idxs": [1087, 1599, 1983, 2239, 2559, 3007, 3967, 4287, 4607, 5119, 5631, 5887, 6399, 6911, 7423, 7935, 8447, 9791], "acc_series": [[63, 0.546875], [127, 0.5390625], [191, 0.5729166666666666], [255, 0.61328125], [319, 0.628125], [383, 0.6484375], [447, 0.6584821428571429], [511, 0.677734375], [575, 0.6840277777777778], [639, 0.696875], [703, 0.6960227272727273], [767, 0.7005208333333334], [831, 0.7103365384615384], [895, 0.7176339285714286], [959, 0.7291666666666666], [1023, 0.7265625], [1087, 0.7251838235294118], [1151, 0.7300347222222222], [1215, 0.7335526315789473], [1279, 0.73828125], [1343, 0.7455357142857143], [1407, 0.7521306818181818], [1471, 0.7595108695652174], [1535, 0.765625], [1599, 0.769375], [1663, 0.7704326923076923], [1727, 0.7760416666666666], [1791, 0.7806919642857143], [1855, 0.7844827586206896], [1919, 0.7890625], [1983, 0.7918346774193549], [2047, 0.79736328125], [2111, 0.8001893939393939], [2175, 0.8033088235294118], [2239, 0.80625], [2303, 0.8098958333333334], [2367, 0.8129222972972973], [2431, 0.8157894736842105], [2495, 0.8193108974358975], [2559, 0.819921875], [2623, 0.8235518292682927], [2687, 0.8258928571428571], [2751, 0.8263081395348837], [2815, 0.8299005681818182], [2879, 0.8315972222222222], [2943, 0.8325407608695652], [3007, 0.8337765957446809], [3071, 0.8362630208333334], [3135, 0.8373724489795918], [3199, 0.84], [3263, 0.8419117647058824], [3327, 0.8440504807692307], [3391, 0.8466981132075472], [3455, 0.8489583333333334], [3519, 0.850284090909091], [3583, 0.8515625], [3647, 0.8530701754385965], [3711, 0.8553340517241379], [3775, 0.8567266949152542], [3839, 0.8580729166666666], [3903, 0.8596311475409836], [3967, 0.8608870967741935], [4031, 0.8623511904761905], [4095, 0.8642578125], [4159, 0.8649038461538462], [4223, 0.8662405303030303], [4287, 0.8675373134328358], [4351, 0.8681066176470589], [4415, 0.8695652173913043], [4479, 0.8703125], [4543, 0.8716989436619719], [4607, 0.8726128472222222], [4671, 0.8737157534246576], [4735, 0.8741554054054054], [4799, 0.875], [4863, 0.876233552631579], [4927, 0.877435064935065], [4991, 0.8780048076923077], [5055, 0.8791534810126582], [5119, 0.880078125], [5183, 0.8811728395061729], [5247, 0.8820503048780488], [5311, 0.8821536144578314], [5375, 0.8833705357142857], [5439, 0.8838235294117647], [5503, 0.8846293604651163], [5567, 0.8857758620689655], [5631, 0.8860085227272727], [5695, 0.886938202247191], [5759, 0.8875], [5823, 0.8880494505494505], [5887, 0.8889266304347826], [5951, 0.8899529569892473], [6015, 0.8904587765957447], [6079, 0.8907894736842106], [6143, 0.8914388020833334], [6207, 0.8919136597938144], [6271, 0.8928571428571429], [6335, 0.8931502525252525], [6399, 0.8940625], [6463, 0.8949566831683168], [6527, 0.8955269607843137], [6591, 0.8960861650485437], [6655, 0.8963341346153846], [6719, 0.896875], [6783, 0.8972582547169812], [6847, 0.8979264018691588], [6911, 0.8985821759259259], [6975, 0.8990825688073395], [7039, 0.9], [7103, 0.9003378378378378], [7167, 0.9006696428571429], [7231, 0.9014103982300885], [7295, 0.9021381578947368], [7359, 0.902445652173913], [7423, 0.9030172413793104], [7487, 0.9037126068376068], [7551, 0.9041313559322034], [7615, 0.9048056722689075], [7679, 0.905078125], [7743, 0.9056043388429752], [7807, 0.9061219262295082], [7871, 0.9066310975609756], [7935, 0.9068800403225806], [7999, 0.907125], [8063, 0.9074900793650794], [8127, 0.9082185039370079], [8191, 0.90869140625], [8255, 0.9090358527131783], [8319, 0.9096153846153846], [8383, 0.9100667938931297], [8447, 0.9103929924242424], [8511, 0.9105968045112782], [8575, 0.9107975746268657], [8639, 0.9113425925925925], [8703, 0.9114200367647058], [8767, 0.911838503649635], [8831, 0.9121376811594203], [8895, 0.9127697841726619], [8959, 0.9133928571428571], [9023, 0.9136746453900709], [9087, 0.9139524647887324], [9151, 0.9144449300699301], [9215, 0.9149305555555556], [9279, 0.9154094827586207], [9343, 0.9154537671232876], [9407, 0.9158163265306123], [9471, 0.9161739864864865], [9535, 0.9166317114093959], [9599, 0.9170833333333334], [9663, 0.9175289735099338], [9727, 0.91796875], [9791, 0.9183006535947712], [9855, 0.9188311688311688], [9919, 0.9191532258064516], [9983, 0.9193709935897436], [9999, 0.9195]], "candidate_count_total": 21, "confirmed_count_total": 18, "created_at": 1768149573.6095343, "confirm_rule_effective": "perm_test", "last_perm_pvalue": 0.004975124378109453, "last_perm_effect": 0.08059145846993167, "perm_test_count_total": 41, "perm_accept_count_total": 18, "perm_reject_count_total": 23, "perm_alpha": 0.01, "perm_pvalue_p50": 1.0, "perm_pvalue_p90": 1.0, "perm_pvalue_p99": 1.0, "perm_pvalue_le_alpha_ratio": 0.43902439024390244, "perm_effect_p50": -0.009865310095361287, "perm_effect_p90": 0.06726322328868725, "perm_effect_p99": 0.11308247098637934}