{"dataset_name": "INSECTS_abrupt_balanced", "dataset_type": "insects_real", "model_variant": "ts_drift_adapt_severity", "seed": 10, "monitor_preset": "error_divergence_ph_meta@error.threshold=0.05,error.min_instances=5", "monitor_preset_base": "error_divergence_ph_meta", "monitor_ph_params": {"error_rate": {"delta": 0.005, "alpha": 0.15, "threshold": 0.05, "min_instances": 5}, "divergence": {"delta": 0.005, "alpha": 0.1, "threshold": 0.05, "min_instances": 30}}, "monitor_ph_overrides": {"error_rate": {"threshold": 0.05, "min_instances": 5}}, "trigger_mode": "two_stage", "trigger_k": 2, "trigger_threshold": 0.5, "trigger_weights": "confirm_cooldown=200,divergence=0.3,error_rate=0.5,teacher_entropy=0.2", "confirm_window": 1, "confirm_cooldown": 0, "adaptive_cooldown_enabled": 0, "adaptive_window": 10000, "adaptive_lower_per10k": 10.0, "adaptive_upper_per10k": 25.0, "adaptive_cooldown_low": 200, "adaptive_cooldown_high": 500, "severity_scheduler_scale": 1.0, "use_severity_v2": 0, "severity_gate": "none", "severity_gate_min_streak": 1, "entropy_mode": "overconfident", "severity_decay": 0.95, "freeze_baseline_steps": 0, "n_steps": 1200, "horizon": 52847, "acc_final": 0.2038147860805722, "mean_acc": 0.19957059646829053, "acc_min": 0.14453125, "candidate_sample_idxs": [1279, 2559, 3839, 5119, 6399, 7679, 8959, 10239, 11519, 12799, 14079, 15359, 17919, 19199, 20479, 21759, 23039, 24319, 25599, 26879, 28159, 29439, 30719, 31999, 33279, 34559, 35839, 37119, 38399, 39679, 40959, 42239, 43519, 44799, 46079, 47359, 49663, 50943, 52223], "confirmed_sample_idxs": [1279, 2559, 3839, 5119, 6399, 7679, 8959, 10239, 11519, 12799, 14079, 15359, 17919, 19199, 20479, 21759, 23039, 24319, 25599, 26879, 28159, 29439, 30719, 31999, 33279, 34559, 35839, 37119, 38399, 39679, 40959, 42239, 43519, 44799, 46079, 47359, 49663, 50943, 52223], "acc_series": [[255, 0.14453125], [511, 0.177734375], [767, 0.17447916666666666], [1023, 0.1904296875], [1279, 0.18828125], [1535, 0.18880208333333334], [1791, 0.1875], [2047, 0.1845703125], [2303, 0.18446180555555555], [2559, 0.182421875], [2815, 0.18607954545454544], [3071, 0.18782552083333334], [3327, 0.1893028846153846], [3583, 0.19168526785714285], [3839, 0.1921875], [4095, 0.19091796875], [4351, 0.19140625], [4607, 0.19401041666666666], [4863, 0.19305098684210525], [5119, 0.1931640625], [5375, 0.19438244047619047], [5631, 0.19655539772727273], [5887, 0.19735054347826086], [6143, 0.19791666666666666], [6399, 0.19859375], [6655, 0.19876802884615385], [6911, 0.19994212962962962], [7167, 0.19893973214285715], [7423, 0.19800646551724138], [7679, 0.19869791666666667], [7935, 0.19921875], [8191, 0.201416015625], [8447, 0.20194128787878787], [8703, 0.2026654411764706], [8959, 0.2044642857142857], [9215, 0.20518663194444445], [9471, 0.20565878378378377], [9727, 0.20662006578947367], [9983, 0.2077323717948718], [10239, 0.209765625], [10495, 0.2108422256097561], [10751, 0.21233258928571427], [11007, 0.21257267441860464], [11263, 0.21360085227272727], [11519, 0.21388888888888888], [11775, 0.2145040760869565], [12031, 0.21617353723404256], [12287, 0.21736653645833334], [12543, 0.21819196428571427], [12799, 0.215234375], [13055, 0.21101409313725492], [13311, 0.20695612980769232], [13567, 0.20305129716981132], [13823, 0.19950810185185186], [14079, 0.19744318181818182], [14335, 0.20152064732142858], [14591, 0.19935581140350878], [14847, 0.19605334051724138], [15103, 0.19279661016949154], [15359, 0.18958333333333333], [15615, 0.1864754098360656], [15871, 0.18346774193548387], [16127, 0.18061755952380953], [16383, 0.17779541015625], [16639, 0.17506009615384616], [16895, 0.17240767045454544], [17151, 0.16983442164179105], [17407, 0.16739430147058823], [17663, 0.16496829710144928], [17919, 0.1650111607142857], [18175, 0.17016945422535212], [18431, 0.17393663194444445], [18687, 0.1773330479452055], [18943, 0.1807960304054054], [19199, 0.18411458333333333], [19455, 0.18760279605263158], [19711, 0.1890726461038961], [19967, 0.1899539262820513], [20223, 0.18997231012658228], [20479, 0.190283203125], [20735, 0.19073109567901234], [20991, 0.19107278963414634], [21247, 0.19135918674698796], [21503, 0.1917782738095238], [21759, 0.19223345588235294], [22015, 0.19317768895348839], [22271, 0.19392061781609196], [22527, 0.19535688920454544], [22783, 0.1971120084269663], [23039, 0.19761284722222222], [23295, 0.19844608516483517], [23551, 0.20045006793478262], [23807, 0.20178091397849462], [24063, 0.2032496675531915], [24319, 0.20444078947368421], [24575, 0.20540364583333334], [24831, 0.20610502577319587], [25087, 0.20750956632653061], [25343, 0.20884627525252525], [25599, 0.210078125], [25855, 0.21132425742574257], [26111, 0.21220128676470587], [26367, 0.21275788834951456], [26623, 0.21341646634615385], [26879, 0.21413690476190475], [27135, 0.21488060141509435], [27391, 0.21571991822429906], [27647, 0.21686921296296297], [27903, 0.2175315366972477], [28159, 0.2159090909090909], [28415, 0.21403434684684686], [28671, 0.21226283482142858], [28927, 0.21059181415929204], [29183, 0.2090529057017544], [29439, 0.20750679347826087], [29695, 0.20612203663793102], [29951, 0.2046607905982906], [30207, 0.20352224576271186], [30463, 0.20243566176470587], [30719, 0.20130208333333333], [30975, 0.20031637396694216], [31231, 0.19937884221311475], [31487, 0.19832952235772358], [31743, 0.19732862903225806], [31999, 0.19709375], [32255, 0.1974206349206349], [32511, 0.19841904527559054], [32767, 0.199432373046875], [33023, 0.20049055232558138], [33279, 0.200390625], [33535, 0.2003518606870229], [33791, 0.20052083333333334], [34047, 0.20036419172932332], [34303, 0.20029734141791045], [34559, 0.20049189814814813], [34815, 0.20033892463235295], [35071, 0.20021669708029197], [35327, 0.19958673007246377], [35583, 0.19935926258992806], [35839, 0.1991908482142857], [36095, 0.19916334219858156], [36351, 0.1989161531690141], [36607, 0.19910948426573427], [36863, 0.19930013020833334], [37119, 0.19889547413793104], [37375, 0.1988709332191781], [37631, 0.1985809948979592], [37887, 0.19882284628378377], [38143, 0.19848468959731544], [38399, 0.19716145833333334], [38655, 0.1958557533112583], [38911, 0.19538959703947367], [39167, 0.19536356209150327], [39423, 0.19533786525974026], [39679, 0.1954889112903226], [39935, 0.1960136217948718], [40191, 0.19638236464968153], [40447, 0.19696894778481014], [40703, 0.1974744496855346], [40959, 0.1980712890625], [41215, 0.1984180900621118], [41471, 0.19919463734567902], [41727, 0.19965011503067484], [41983, 0.20012385670731708], [42239, 0.20104166666666667], [42495, 0.20190135542168675], [42751, 0.20268057634730538], [43007, 0.20352027529761904], [43263, 0.20453494822485208], [43519, 0.2055606617647059], [43775, 0.20632309941520469], [44031, 0.20732648982558138], [44287, 0.20797958815028902], [44543, 0.20869252873563218], [44799, 0.20941964285714285], [45055, 0.2106045809659091], [45311, 0.21133474576271186], [45567, 0.21229810393258428], [45823, 0.2130106494413408], [46079, 0.21397569444444445], [46335, 0.21473584254143646], [46591, 0.21561641483516483], [46847, 0.21571892076502733], [47103, 0.21454653532608695], [47359, 0.21338682432432432], [47615, 0.21223958333333334], [47871, 0.21110461229946523], [48127, 0.21000249335106383], [48383, 0.20889136904761904], [48639, 0.2078125], [48895, 0.20672447643979058], [49151, 0.20570882161458334], [49407, 0.20468345207253885], [49663, 0.20382973582474226], [49919, 0.2031650641025641], [50175, 0.20282605229591838], [50431, 0.20280774111675126], [50687, 0.20320391414141414], [50943, 0.20373351130653267], [51199, 0.2043359375], [51455, 0.20520444651741293], [51711, 0.20604501856435645], [51967, 0.20685806650246305], [52223, 0.20624617034313725], [52479, 0.20524009146341463], [52735, 0.20424378033980584], [52846, 0.2038147860805722]], "candidate_count_total": 39, "confirmed_count_total": 39, "created_at": 1767871505.703064}