{"dataset_name": "INSECTS_abrupt_balanced", "dataset_type": "insects_real", "model_variant": "ts_drift_adapt_severity", "seed": 7, "monitor_preset": "error_divergence_ph_meta@error.threshold=0.05,error.min_instances=5", "monitor_preset_base": "error_divergence_ph_meta", "monitor_ph_params": {"error_rate": {"delta": 0.005, "alpha": 0.15, "threshold": 0.05, "min_instances": 5}, "divergence": {"delta": 0.005, "alpha": 0.1, "threshold": 0.05, "min_instances": 30}}, "monitor_ph_overrides": {"error_rate": {"threshold": 0.05, "min_instances": 5}}, "trigger_mode": "two_stage", "trigger_k": 2, "trigger_threshold": 0.5, "trigger_weights": "confirm_cooldown=200,divergence=0.3,error_rate=0.5,teacher_entropy=0.2", "confirm_window": 1, "confirm_cooldown": 0, "severity_scheduler_scale": 1.0, "use_severity_v2": 1, "severity_gate": "confirmed_streak", "severity_gate_min_streak": 1, "entropy_mode": "overconfident", "severity_decay": 0.95, "freeze_baseline_steps": 0, "n_steps": 1200, "horizon": 52847, "acc_final": 0.21357882188203683, "mean_acc": 0.20483875594838122, "acc_min": 0.078125, "candidate_sample_idxs": [1279, 2559, 3839, 5119, 6399, 7679, 8959, 10239, 11519, 12799, 14335, 15615, 16895, 18175, 19455, 20735, 22015, 23295, 24575, 25855, 27135, 28415, 29951, 31231, 32511, 33791, 35071, 36351, 37631, 38911, 40191, 41471, 42751, 44031, 45311, 46591, 48383, 49663, 50943, 52223], "confirmed_sample_idxs": [1279, 2559, 3839, 5119, 6399, 7679, 8959, 10239, 11519, 12799, 14335, 15615, 16895, 18175, 19455, 20735, 22015, 23295, 24575, 25855, 27135, 28415, 29951, 31231, 32511, 33791, 35071, 36351, 37631, 38911, 40191, 41471, 42751, 44031, 45311, 46591, 48383, 49663, 50943, 52223], "acc_series": [[255, 0.078125], [511, 0.091796875], [767, 0.109375], [1023, 0.138671875], [1279, 0.15625], [1535, 0.177734375], [1791, 0.18359375], [2047, 0.1875], [2303, 0.19140625], [2559, 0.196875], [2815, 0.20063920454545456], [3071, 0.20442708333333334], [3327, 0.20763221153846154], [3583, 0.21344866071428573], [3839, 0.2140625], [4095, 0.21533203125], [4351, 0.2153033088235294], [4607, 0.2146267361111111], [4863, 0.21443256578947367], [5119, 0.2111328125], [5375, 0.21261160714285715], [5631, 0.21218039772727273], [5887, 0.21263586956521738], [6143, 0.21337890625], [6399, 0.21484375], [6655, 0.21544471153846154], [6911, 0.21556712962962962], [7167, 0.21721540178571427], [7423, 0.21767241379310345], [7679, 0.2171875], [7935, 0.2173639112903226], [8191, 0.2171630859375], [8447, 0.21721117424242425], [8703, 0.2182904411764706], [8959, 0.21919642857142857], [9215, 0.22081163194444445], [9471, 0.2209670608108108], [9727, 0.22101151315789475], [9983, 0.21995192307692307], [10239, 0.22158203125], [10495, 0.2222751524390244], [10751, 0.22293526785714285], [11007, 0.2233829941860465], [11263, 0.22381036931818182], [11519, 0.22274305555555557], [11775, 0.22240149456521738], [12031, 0.22315492021276595], [12287, 0.222900390625], [12543, 0.22377232142857142], [12799, 0.220625], [13055, 0.21629901960784315], [13311, 0.21213942307692307], [13567, 0.20813679245283018], [13823, 0.20435474537037038], [14079, 0.20248579545454545], [14335, 0.20584542410714285], [14591, 0.20360471491228072], [14847, 0.20076778017241378], [15103, 0.19749735169491525], [15359, 0.19440104166666666], [15615, 0.1912141393442623], [15871, 0.1883820564516129], [16127, 0.18557787698412698], [16383, 0.18280029296875], [16639, 0.18016826923076923], [16895, 0.17761600378787878], [17151, 0.1751982276119403], [17407, 0.1733685661764706], [17663, 0.171875], [17919, 0.17204241071428572], [18175, 0.17616637323943662], [18431, 0.17881944444444445], [18687, 0.1817208904109589], [18943, 0.18523015202702703], [19199, 0.18828125], [19455, 0.19217722039473684], [19711, 0.19409496753246752], [19967, 0.19426081730769232], [20223, 0.19427412974683544], [20479, 0.19462890625], [20735, 0.19449266975308643], [20991, 0.19450266768292682], [21247, 0.19451242469879518], [21503, 0.19475446428571427], [21759, 0.1947610294117647], [22015, 0.1952670784883721], [22271, 0.19540229885057472], [22527, 0.19602272727272727], [22783, 0.1971558988764045], [23039, 0.19835069444444445], [23295, 0.19917582417582416], [23551, 0.2010444972826087], [23807, 0.20241095430107528], [24063, 0.20408078457446807], [24319, 0.20489309210526316], [24575, 0.20560709635416666], [24831, 0.2067090850515464], [25087, 0.20790816326530612], [25343, 0.20947758838383837], [25599, 0.2105859375], [25855, 0.21151763613861385], [26111, 0.21250765931372548], [26367, 0.2136301577669903], [26623, 0.21431790865384615], [26879, 0.21551339285714285], [27135, 0.21639150943396226], [27391, 0.21750876168224298], [27647, 0.21911168981481483], [27903, 0.22047018348623854], [28159, 0.21885653409090908], [28415, 0.2168848536036036], [28671, 0.21494838169642858], [28927, 0.21308075221238937], [29183, 0.21131441885964913], [29439, 0.20961277173913043], [29695, 0.20790678879310345], [29951, 0.2065304487179487], [30207, 0.20514433262711865], [30463, 0.20384716386554622], [30719, 0.20237630208333332], [30975, 0.20115573347107438], [31231, 0.19989113729508196], [31487, 0.1993775406504065], [31743, 0.20006930443548387], [31999, 0.200875], [32255, 0.2016059027777778], [32511, 0.20290969488188976], [32767, 0.203948974609375], [33023, 0.20515382751937986], [33279, 0.20501802884615383], [33535, 0.20485448473282442], [33791, 0.2050485321969697], [34047, 0.20491658834586465], [34303, 0.20493236940298507], [34559, 0.20480324074074074], [34815, 0.2046185661764706], [35071, 0.20449361313868614], [35327, 0.20456861413043478], [35583, 0.20486735611510792], [35839, 0.20513392857142856], [36095, 0.20517508865248227], [36351, 0.2052706866197183], [36607, 0.20541958041958042], [36863, 0.20543077256944445], [37119, 0.20536099137931035], [37375, 0.2054794520547945], [37631, 0.20564944727891157], [37887, 0.2060546875], [38143, 0.2065069211409396], [38399, 0.20513020833333334], [38655, 0.20377173013245034], [38911, 0.20384457236842105], [39167, 0.20414624183006536], [39423, 0.20426643668831168], [39679, 0.20446068548387097], [39935, 0.20427684294871795], [40191, 0.2040953423566879], [40447, 0.20379252373417722], [40703, 0.20364091981132076], [40959, 0.20361328125], [41215, 0.20411975931677018], [41471, 0.20454764660493827], [41727, 0.20549750766871167], [41983, 0.20629287347560976], [42239, 0.20755208333333333], [42495, 0.20874905873493976], [42751, 0.2098381362275449], [43007, 0.2108212425595238], [43263, 0.21170025887573965], [43519, 0.21263786764705883], [43775, 0.21356451023391812], [44031, 0.21448037790697674], [44287, 0.21513728323699421], [44543, 0.21562948994252873], [44799, 0.21625], [45055, 0.21717418323863635], [45311, 0.2176465395480226], [45567, 0.21844276685393257], [45823, 0.21918645251396648], [46079, 0.2201171875], [46335, 0.220886567679558], [46591, 0.22162603021978022], [46847, 0.22180242486338797], [47103, 0.22059697690217392], [47359, 0.2194679054054054], [47615, 0.21837197580645162], [47871, 0.21728776737967914], [48127, 0.2162150930851064], [48383, 0.2152571097883598], [48639, 0.214453125], [48895, 0.21365755890052357], [49151, 0.21293131510416666], [49407, 0.21241499352331605], [49663, 0.21184358891752578], [49919, 0.2113581730769231], [50175, 0.2110969387755102], [50431, 0.2111556154822335], [50687, 0.2116674558080808], [50943, 0.212763033919598], [51199, 0.213515625], [51455, 0.21455223880597016], [51711, 0.21555925123762376], [51967, 0.21665255541871922], [52223, 0.2161266850490196], [52479, 0.21507240853658535], [52735, 0.2140283677184466], [52846, 0.21357882188203683]], "candidate_count_total": 40, "confirmed_count_total": 40, "created_at": 1767841990.5552127}