{"dataset_name": "sine_nodrift", "dataset_type": "sine", "model_variant": "ts_drift_adapt", "seed": 2, "monitor_preset": "error_divergence_ph_meta@error.threshold=0.10,error.min_instances=5", "monitor_preset_base": "error_divergence_ph_meta", "monitor_ph_params": {"error_rate": {"delta": 0.005, "alpha": 0.15, "threshold": 0.1, "min_instances": 5}, "divergence": {"delta": 0.005, "alpha": 0.1, "threshold": 0.05, "min_instances": 30}}, "monitor_ph_overrides": {"error_rate": {"threshold": 0.1, "min_instances": 5}}, "trigger_mode": "two_stage", "trigger_k": 2, "trigger_threshold": 0.5, "trigger_weights": "__confirm_cooldown=200,__confirm_rule=perm_test,__perm_alpha=0.05,__perm_delta_k=25,__perm_min_effect=0,__perm_n_perm=200,__perm_post_n=20,__perm_pre_n=500,__perm_rng_seed=0,__perm_stat=delta_fused_score,divergence=0.3,error_rate=0.5,teacher_entropy=0.2", "confirm_window": 3, "confirm_cooldown": 0, "adaptive_cooldown_enabled": 0, "adaptive_window": 10000, "adaptive_lower_per10k": 10.0, "adaptive_upper_per10k": 25.0, "adaptive_cooldown_low": 200, "adaptive_cooldown_high": 500, "severity_scheduler_scale": 1.0, "use_severity_v2": 0, "severity_gate": "none", "severity_gate_min_streak": 1, "entropy_mode": "overconfident", "severity_decay": 0.95, "freeze_baseline_steps": 0, "n_steps": 800, "horizon": 10000, "acc_final": 0.9378, "mean_acc": 0.8859699894180582, "acc_min": 0.578125, "candidate_sample_idxs": [319, 639, 959, 1279, 1599, 2111, 2431, 2751, 3071, 3391, 3711, 4031, 4351, 4671, 4991, 5311, 5631, 5951, 6271, 6911, 7295, 8447, 8767, 9727], "confirmed_sample_idxs": [703, 959, 1279, 1599, 2111, 2559, 3199, 3903, 4415, 4735, 4991, 5311, 5695, 6079, 6911, 7295, 8447, 9727], "acc_series": [[63, 0.578125], [127, 0.6015625], [191, 0.6666666666666666], [255, 0.69921875], [319, 0.7125], [383, 0.7239583333333334], [447, 0.7433035714285714], [511, 0.755859375], [575, 0.7586805555555556], [639, 0.7703125], [703, 0.78125], [767, 0.7903645833333334], [831, 0.7920673076923077], [895, 0.796875], [959, 0.803125], [1023, 0.8037109375], [1087, 0.8005514705882353], [1151, 0.8012152777777778], [1215, 0.8075657894736842], [1279, 0.8125], [1343, 0.8184523809523809], [1407, 0.8210227272727273], [1471, 0.8274456521739131], [1535, 0.8326822916666666], [1599, 0.83625], [1663, 0.8371394230769231], [1727, 0.8408564814814815], [1791, 0.8420758928571429], [1855, 0.8442887931034483], [1919, 0.8463541666666666], [1983, 0.8497983870967742], [2047, 0.8544921875], [2111, 0.8565340909090909], [2175, 0.8598345588235294], [2239, 0.8625], [2303, 0.8650173611111112], [2367, 0.8673986486486487], [2431, 0.8696546052631579], [2495, 0.8725961538461539], [2559, 0.874609375], [2623, 0.8753810975609756], [2687, 0.8776041666666666], [2751, 0.8775436046511628], [2815, 0.8792613636363636], [2879, 0.8802083333333334], [2943, 0.8797554347826086], [3007, 0.8806515957446809], [3071, 0.880859375], [3135, 0.8832908163265306], [3199, 0.884375], [3263, 0.8857230392156863], [3327, 0.8870192307692307], [3391, 0.8888561320754716], [3455, 0.890625], [3519, 0.8920454545454546], [3583, 0.8914620535714286], [3647, 0.8925438596491229], [3711, 0.8938577586206896], [3775, 0.8945974576271186], [3839, 0.89609375], [3903, 0.8962602459016393], [3967, 0.8971774193548387], [4031, 0.8985615079365079], [4095, 0.899658203125], [4159, 0.9], [4223, 0.9010416666666666], [4287, 0.9018190298507462], [4351, 0.9030330882352942], [4415, 0.9037590579710145], [4479, 0.9044642857142857], [4543, 0.9055897887323944], [4607, 0.90625], [4671, 0.9071061643835616], [4735, 0.9068834459459459], [4799, 0.9077083333333333], [4863, 0.9085115131578947], [4927, 0.9090909090909091], [4991, 0.9092548076923077], [5055, 0.9102056962025317], [5119, 0.9111328125], [5183, 0.9114583333333334], [5247, 0.9115853658536586], [5311, 0.9117093373493976], [5375, 0.9125744047619048], [5439, 0.9126838235294118], [5503, 0.9127906976744186], [5567, 0.9136135057471264], [5631, 0.9140625], [5695, 0.9150280898876404], [5759, 0.915625], [5823, 0.9162087912087912], [5887, 0.9169497282608695], [5951, 0.9178427419354839], [6015, 0.918218085106383], [6079, 0.9184210526315789], [6143, 0.91845703125], [6207, 0.9188144329896907], [6271, 0.9193239795918368], [6335, 0.9199810606060606], [6399, 0.920625], [6463, 0.9214108910891089], [6527, 0.9217218137254902], [6591, 0.9221783980582524], [6655, 0.9221754807692307], [6719, 0.9224702380952381], [6783, 0.9229068396226415], [6847, 0.9233352803738317], [6911, 0.9234664351851852], [6975, 0.9237385321100917], [7039, 0.9241477272727273], [7103, 0.9242680180180181], [7167, 0.9245256696428571], [7231, 0.9247787610619469], [7295, 0.924890350877193], [7359, 0.9254076086956522], [7423, 0.9256465517241379], [7487, 0.9258814102564102], [7551, 0.9263771186440678], [7615, 0.9266018907563025], [7679, 0.926953125], [7743, 0.9272985537190083], [7807, 0.9276383196721312], [7871, 0.9282266260162602], [7935, 0.9288054435483871], [7999, 0.92925], [8063, 0.9294394841269841], [8127, 0.9299950787401575], [8191, 0.9302978515625], [8255, 0.9305959302325582], [8319, 0.9305288461538461], [8383, 0.9305820610687023], [8447, 0.9306344696969697], [8511, 0.9310385338345865], [8575, 0.9313199626865671], [8639, 0.9318287037037037], [8703, 0.9319852941176471], [8767, 0.9321395985401459], [8831, 0.9320652173913043], [8895, 0.9325539568345323], [8959, 0.9330357142857143], [9023, 0.9333998226950354], [9087, 0.933868838028169], [9151, 0.9343312937062938], [9215, 0.9346788194444444], [9279, 0.9350215517241379], [9343, 0.9352525684931506], [9407, 0.9355867346938775], [9471, 0.9359163851351351], [9535, 0.936136744966443], [9599, 0.9364583333333333], [9663, 0.9367756622516556], [9727, 0.9368832236842105], [9791, 0.9369893790849673], [9855, 0.9371956168831169], [9919, 0.9375], [9983, 0.9377003205128205], [9999, 0.9378]], "candidate_count_total": 20, "confirmed_count_total": 18, "created_at": 1768148304.5425816, "confirm_rule_effective": "perm_test", "last_perm_pvalue": 0.004975124378109453, "last_perm_effect": 0.07782775804603527, "perm_test_count_total": 35, "perm_accept_count_total": 18, "perm_reject_count_total": 17, "perm_alpha": 0.05, "perm_pvalue_p50": 0.04477611940298507, "perm_pvalue_p90": 1.0, "perm_pvalue_p99": 1.0, "perm_pvalue_le_alpha_ratio": 0.5142857142857142, "perm_effect_p50": 0.015774654933384827, "perm_effect_p90": 0.07256310866599673, "perm_effect_p99": 0.1287698238454303}