{"dataset_name": "sine_nodrift", "dataset_type": "sine", "model_variant": "ts_drift_adapt", "seed": 6, "monitor_preset": "error_divergence_ph_meta@error.threshold=0.10,error.min_instances=5", "monitor_preset_base": "error_divergence_ph_meta", "monitor_ph_params": {"error_rate": {"delta": 0.005, "alpha": 0.15, "threshold": 0.1, "min_instances": 5}, "divergence": {"delta": 0.005, "alpha": 0.1, "threshold": 0.05, "min_instances": 30}}, "monitor_ph_overrides": {"error_rate": {"threshold": 0.1, "min_instances": 5}}, "trigger_mode": "two_stage", "trigger_k": 2, "trigger_threshold": 0.5, "trigger_weights": "__confirm_cooldown=200,__confirm_rule=perm_test,__perm_alpha=0.02,__perm_min_effect=0,__perm_n_perm=200,__perm_post_n=10,__perm_pre_n=500,__perm_rng_seed=0,__perm_stat=vote_score,divergence=0.3,error_rate=0.5,teacher_entropy=0.2", "confirm_window": 3, "confirm_cooldown": 0, "adaptive_cooldown_enabled": 0, "adaptive_window": 10000, "adaptive_lower_per10k": 10.0, "adaptive_upper_per10k": 25.0, "adaptive_cooldown_low": 200, "adaptive_cooldown_high": 500, "severity_scheduler_scale": 1.0, "use_severity_v2": 0, "severity_gate": "none", "severity_gate_min_streak": 1, "entropy_mode": "overconfident", "severity_decay": 0.95, "freeze_baseline_steps": 0, "n_steps": 800, "horizon": 10000, "acc_final": 0.9093, "mean_acc": 0.815951543048223, "acc_min": 0.47265625, "candidate_sample_idxs": [319, 639, 959, 1279, 1599, 1919, 2239, 2559, 2879, 3391, 3711, 4031, 4927, 5311, 5631, 5951, 6335, 6655, 7551, 7871, 8191, 8511, 8831, 9151, 9471, 9791, 9999], "confirmed_sample_idxs": [639, 959, 1279, 1599, 1919, 2239, 2559, 2879, 3391, 3711, 4031, 4927, 5311, 5631, 5951, 6335, 6655, 7551, 7871, 8191, 8511, 8831, 9151, 9471, 9791, 9999], "acc_series": [[63, 0.484375], [127, 0.5078125], [191, 0.4791666666666667], [255, 0.47265625], [319, 0.475], [383, 0.4973958333333333], [447, 0.5111607142857143], [511, 0.533203125], [575, 0.5520833333333334], [639, 0.5765625], [703, 0.5951704545454546], [767, 0.6119791666666666], [831, 0.6225961538461539], [895, 0.6361607142857143], [959, 0.6385416666666667], [1023, 0.65234375], [1087, 0.6663602941176471], [1151, 0.6796875], [1215, 0.6907894736842105], [1279, 0.696875], [1343, 0.7038690476190477], [1407, 0.7066761363636364], [1471, 0.7099184782608695], [1535, 0.7141927083333334], [1599, 0.71625], [1663, 0.7199519230769231], [1727, 0.7239583333333334], [1791, 0.7299107142857143], [1855, 0.7359913793103449], [1919, 0.7411458333333333], [1983, 0.7479838709677419], [2047, 0.75244140625], [2111, 0.7556818181818182], [2175, 0.7573529411764706], [2239, 0.759375], [2303, 0.7621527777777778], [2367, 0.7660472972972973], [2431, 0.7705592105263158], [2495, 0.7744391025641025], [2559, 0.778125], [2623, 0.7816310975609756], [2687, 0.7849702380952381], [2751, 0.7874273255813954], [2815, 0.7908380681818182], [2879, 0.7940972222222222], [2943, 0.7958559782608695], [3007, 0.7978723404255319], [3071, 0.8017578125], [3135, 0.8054846938775511], [3199, 0.808125], [3263, 0.8103553921568627], [3327, 0.8125], [3391, 0.8145636792452831], [3455, 0.8159722222222222], [3519, 0.8181818181818182], [3583, 0.8203125], [3647, 0.8226425438596491], [3711, 0.8248922413793104], [3775, 0.8275953389830508], [3839, 0.8302083333333333], [3903, 0.8319672131147541], [3967, 0.8346774193548387], [4031, 0.8365575396825397], [4095, 0.8388671875], [4159, 0.8408653846153846], [4223, 0.8423295454545454], [4287, 0.8442164179104478], [4351, 0.8462775735294118], [4415, 0.8485054347826086], [4479, 0.8504464285714286], [4543, 0.851012323943662], [4607, 0.8528645833333334], [4671, 0.8538099315068494], [4735, 0.8553631756756757], [4799, 0.8572916666666667], [4863, 0.8589638157894737], [4927, 0.8601866883116883], [4991, 0.8613782051282052], [5055, 0.8625395569620253], [5119, 0.8630859375], [5183, 0.8636188271604939], [5247, 0.8649009146341463], [5311, 0.8650225903614458], [5375, 0.8662574404761905], [5439, 0.8670955882352941], [5503, 0.8682776162790697], [5567, 0.869073275862069], [5631, 0.8702059659090909], [5695, 0.8709620786516854], [5759, 0.8713541666666667], [5823, 0.8722527472527473], [5887, 0.8733016304347826], [5951, 0.8741599462365591], [6015, 0.875], [6079, 0.8758223684210527], [6143, 0.876953125], [6207, 0.8777384020618557], [6271, 0.8783482142857143], [6335, 0.8787878787878788], [6399, 0.87953125], [6463, 0.879950495049505], [6527, 0.8808210784313726], [6591, 0.8812196601941747], [6655, 0.8819110576923077], [6719, 0.8828869047619048], [6783, 0.8834021226415094], [6847, 0.8841997663551402], [6911, 0.8849826388888888], [6975, 0.8856077981651376], [7039, 0.8862215909090909], [7103, 0.8869650900900901], [7167, 0.8875558035714286], [7231, 0.8882743362831859], [7295, 0.8892543859649122], [7359, 0.8902173913043478], [7423, 0.8908943965517241], [7487, 0.891426282051282], [7551, 0.8922139830508474], [7615, 0.8928571428571429], [7679, 0.8930989583333333], [7743, 0.8939824380165289], [7807, 0.8948514344262295], [7871, 0.895579268292683], [7935, 0.8960433467741935], [7999, 0.896625], [8063, 0.8969494047619048], [8127, 0.8975147637795275], [8191, 0.8978271484375], [8255, 0.8981346899224806], [8319, 0.8985576923076923], [8383, 0.898854961832061], [8447, 0.8991477272727273], [8511, 0.8997885338345865], [8575, 0.9003031716417911], [8639, 0.9009259259259259], [8703, 0.9014246323529411], [8767, 0.9019160583941606], [8831, 0.9020606884057971], [8895, 0.9025404676258992], [8959, 0.903125], [9023, 0.9032579787234043], [9087, 0.9037191901408451], [9151, 0.904173951048951], [9215, 0.9048394097222222], [9279, 0.9050646551724137], [9343, 0.9055008561643836], [9407, 0.9058248299319728], [9471, 0.90625], [9535, 0.9065645973154363], [9599, 0.9069791666666667], [9663, 0.9074917218543046], [9727, 0.9081003289473685], [9791, 0.9085988562091504], [9855, 0.908887987012987], [9919, 0.9091733870967742], [9983, 0.9094551282051282], [9999, 0.9093]], "candidate_count_total": 27, "confirmed_count_total": 26, "created_at": 1768236710.7009854, "confirm_rule_effective": "perm_test", "last_perm_pvalue": 0.004975124378109453, "last_perm_effect": 0.23237476194779283, "perm_test_count_total": 26, "perm_accept_count_total": 26, "perm_reject_count_total": 0, "perm_alpha": 0.02, "perm_pvalue_p50": 0.004975124378109453, "perm_pvalue_p90": 0.004975124378109453, "perm_pvalue_p99": 0.004975124378109453, "perm_pvalue_le_alpha_ratio": 1.0, "perm_effect_p50": 0.4315827374180694, "perm_effect_p90": 0.4413887440145702, "perm_effect_p99": 0.5}