{"dataset_name": "INSECTS_abrupt_balanced", "dataset_type": "insects_real", "model_variant": "ts_drift_adapt_severity", "seed": 7, "monitor_preset": "error_divergence_ph_meta@error.threshold=0.05,error.min_instances=5", "monitor_preset_base": "error_divergence_ph_meta", "monitor_ph_params": {"error_rate": {"delta": 0.005, "alpha": 0.15, "threshold": 0.05, "min_instances": 5}, "divergence": {"delta": 0.005, "alpha": 0.1, "threshold": 0.05, "min_instances": 30}}, "monitor_ph_overrides": {"error_rate": {"threshold": 0.05, "min_instances": 5}}, "trigger_mode": "two_stage", "trigger_k": 2, "trigger_threshold": 0.5, "trigger_weights": "confirm_cooldown=200,divergence=0.3,error_rate=0.5,teacher_entropy=0.2", "confirm_window": 1, "confirm_cooldown": 0, "adaptive_cooldown_enabled": 0, "adaptive_window": 10000, "adaptive_lower_per10k": 10.0, "adaptive_upper_per10k": 25.0, "adaptive_cooldown_low": 200, "adaptive_cooldown_high": 500, "severity_scheduler_scale": 2.0, "use_severity_v2": 1, "severity_gate": "none", "severity_gate_min_streak": 1, "entropy_mode": "uncertain", "severity_decay": 0.95, "freeze_baseline_steps": 5, "n_steps": 1200, "horizon": 52847, "acc_final": 0.19590516017938578, "mean_acc": 0.19624705499484021, "acc_min": 0.15925045289855072, "candidate_sample_idxs": [1279, 2559, 3839, 5119, 6399, 7679, 8959, 10239, 11519, 12799, 14335, 17407, 18687, 19967, 21247, 22527, 23807, 25087, 26367, 27647, 28927, 30207, 31487, 32767, 34047, 35327, 36607, 37887, 39167, 40447, 41727, 43007, 44287, 45567, 46847, 48127, 49407, 50687, 51967], "confirmed_sample_idxs": [1279, 2559, 3839, 5119, 6399, 7679, 8959, 10239, 11519, 12799, 14335, 17407, 18687, 19967, 21247, 22527, 23807, 25087, 26367, 27647, 28927, 30207, 31487, 32767, 34047, 35327, 36607, 37887, 39167, 40447, 41727, 43007, 44287, 45567, 46847, 48127, 49407, 50687, 51967], "acc_series": [[255, 0.24609375], [511, 0.22265625], [767, 0.20572916666666666], [1023, 0.203125], [1279, 0.20234375], [1535, 0.20052083333333334], [1791, 0.19698660714285715], [2047, 0.203125], [2303, 0.2009548611111111], [2559, 0.20390625], [2815, 0.20845170454545456], [3071, 0.20963541666666666], [3327, 0.2088341346153846], [3583, 0.21400669642857142], [3839, 0.21692708333333333], [4095, 0.216796875], [4351, 0.2153033088235294], [4607, 0.21375868055555555], [4863, 0.21463815789473684], [5119, 0.2125], [5375, 0.21075148809523808], [5631, 0.2100497159090909], [5887, 0.2100883152173913], [6143, 0.2109375], [6399, 0.211875], [6655, 0.2091346153846154], [6911, 0.20934606481481483], [7167, 0.20940290178571427], [7423, 0.2091864224137931], [7679, 0.20833333333333334], [7935, 0.20829133064516128], [8191, 0.209228515625], [8447, 0.20833333333333334], [8703, 0.20955882352941177], [8959, 0.21138392857142857], [9215, 0.2126736111111111], [9471, 0.21241554054054054], [9727, 0.21299342105263158], [9983, 0.2127403846153846], [10239, 0.21357421875], [10495, 0.21350990853658536], [10751, 0.21372767857142858], [11007, 0.2134811046511628], [11263, 0.21360085227272727], [11519, 0.21362847222222223], [11775, 0.2139945652173913], [12031, 0.21500997340425532], [12287, 0.214111328125], [12543, 0.21428571428571427], [12799, 0.211171875], [13055, 0.20703125], [13311, 0.20304987980769232], [13567, 0.19921875], [13823, 0.1955295138888889], [14079, 0.1921875], [14335, 0.19412667410714285], [14591, 0.19222861842105263], [14847, 0.1889143318965517], [15103, 0.18577860169491525], [15359, 0.18268229166666666], [15615, 0.1796875], [15871, 0.17678931451612903], [16127, 0.1740451388888889], [16383, 0.17132568359375], [16639, 0.16875], [16895, 0.16619318181818182], [17151, 0.16371268656716417], [17407, 0.16147748161764705], [17663, 0.15925045289855072], [17919, 0.159765625], [18175, 0.1638974471830986], [18431, 0.16650390625], [18687, 0.1684503424657534], [18943, 0.17139991554054054], [19199, 0.1740625], [19455, 0.17809416118421054], [19711, 0.18009334415584416], [19967, 0.18063902243589744], [20223, 0.18072587025316456], [20479, 0.18115234375], [20735, 0.18127893518518517], [20991, 0.1815453506097561], [21247, 0.18166415662650603], [21503, 0.18182663690476192], [21759, 0.18216911764705881], [22015, 0.1829578488372093], [22271, 0.18359375], [22527, 0.18523615056818182], [22783, 0.18675386235955055], [23039, 0.18780381944444444], [23295, 0.18848729395604397], [23551, 0.19000509510869565], [23807, 0.19115423387096775], [24063, 0.19244514627659576], [24319, 0.19354440789473684], [24575, 0.19425455729166666], [24831, 0.1951514175257732], [25087, 0.19591039540816327], [25343, 0.1970486111111111], [25599, 0.197734375], [25855, 0.19844523514851486], [26111, 0.1990655637254902], [26367, 0.20001516990291263], [26623, 0.20049579326923078], [26879, 0.2015625], [27135, 0.20242482311320756], [27391, 0.2031980140186916], [27647, 0.2044994212962963], [27903, 0.20588446100917432], [28159, 0.2044744318181818], [28415, 0.20263231981981983], [28671, 0.20082310267857142], [28927, 0.19911504424778761], [29183, 0.19740268640350878], [29439, 0.19575407608695652], [29695, 0.19430226293103448], [29951, 0.19337606837606838], [30207, 0.19249867584745764], [30463, 0.19176733193277312], [30719, 0.19085286458333334], [30975, 0.19021177685950413], [31231, 0.18954918032786885], [31487, 0.18867505081300814], [31743, 0.1882875504032258], [31999, 0.1875625], [32255, 0.18753100198412698], [32511, 0.1875], [32767, 0.18896484375], [33023, 0.19001332364341086], [33279, 0.19056490384615385], [33535, 0.19030295801526717], [33791, 0.19054805871212122], [34047, 0.19070136278195488], [34303, 0.19067747201492538], [34559, 0.1904224537037037], [34815, 0.19005629595588236], [35071, 0.1897810218978102], [35327, 0.18990602355072464], [35583, 0.19028214928057555], [35839, 0.19051339285714286], [36095, 0.19043661347517732], [36351, 0.19058098591549297], [36607, 0.19036822552447552], [36863, 0.19026692708333334], [37119, 0.1902747844827586], [37375, 0.19020226883561644], [37631, 0.19015731292517007], [37887, 0.19045608108108109], [38143, 0.1906197567114094], [38399, 0.18934895833333334], [38655, 0.18809499172185432], [38911, 0.18778268914473684], [39167, 0.18798508986928106], [39423, 0.18800730519480519], [39679, 0.18828125], [39935, 0.18865184294871795], [40191, 0.1891421178343949], [40447, 0.18952729430379747], [40703, 0.1900058962264151], [40959, 0.1906982421875], [41215, 0.19113936335403728], [41471, 0.1919849537037037], [41727, 0.192604486196319], [41983, 0.193359375], [42239, 0.1942471590909091], [42495, 0.19495952560240964], [42751, 0.19554640718562874], [43007, 0.19635881696428573], [43263, 0.19730029585798817], [43519, 0.19839154411764706], [43775, 0.1991502192982456], [44031, 0.20021802325581395], [44287, 0.20107026734104047], [44543, 0.2014861709770115], [44799, 0.20198660714285716], [45055, 0.20294744318181818], [45311, 0.2036325918079096], [45567, 0.20446365870786518], [45823, 0.20517632681564246], [46079, 0.2058810763888889], [46335, 0.2067722720994475], [46591, 0.2075678228021978], [46847, 0.20769296448087432], [47103, 0.20658542798913043], [47359, 0.20546875], [47615, 0.20438508064516128], [47871, 0.20333389037433156], [48127, 0.2022523271276596], [48383, 0.20120287698412698], [48639, 0.20022615131578947], [48895, 0.19928010471204188], [49151, 0.19834391276041666], [49407, 0.19747814119170984], [49663, 0.19664143041237114], [49919, 0.19583333333333333], [50175, 0.19529257015306123], [50431, 0.19489609771573604], [50687, 0.19462200126262627], [50943, 0.19503768844221106], [51199, 0.19572265625], [51455, 0.19655628109452736], [51711, 0.19769105816831684], [51967, 0.19864147167487683], [52223, 0.1982421875], [52479, 0.19727515243902438], [52735, 0.19631750606796117], [52846, 0.19590516017938578]], "candidate_count_total": 39, "confirmed_count_total": 39, "created_at": 1767880859.9629507}