{"dataset_name": "sine_nodrift", "dataset_type": "sine", "model_variant": "ts_drift_adapt", "seed": 4, "monitor_preset": "error_divergence_ph_meta@error.threshold=0.10,error.min_instances=5", "monitor_preset_base": "error_divergence_ph_meta", "monitor_ph_params": {"error_rate": {"delta": 0.005, "alpha": 0.15, "threshold": 0.1, "min_instances": 5}, "divergence": {"delta": 0.005, "alpha": 0.1, "threshold": 0.05, "min_instances": 30}}, "monitor_ph_overrides": {"error_rate": {"threshold": 0.1, "min_instances": 5}}, "trigger_mode": "two_stage", "trigger_k": 2, "trigger_threshold": 0.5, "trigger_weights": "__confirm_cooldown=200,__confirm_rule=perm_test,__perm_alpha=0.025,__perm_min_effect=0,__perm_n_perm=200,__perm_post_n=30,__perm_pre_n=500,__perm_rng_seed=0,__perm_stat=vote_score,divergence=0.3,error_rate=0.5,teacher_entropy=0.2", "confirm_window": 3, "confirm_cooldown": 0, "adaptive_cooldown_enabled": 0, "adaptive_window": 10000, "adaptive_lower_per10k": 10.0, "adaptive_upper_per10k": 25.0, "adaptive_cooldown_low": 200, "adaptive_cooldown_high": 500, "severity_scheduler_scale": 1.0, "use_severity_v2": 0, "severity_gate": "none", "severity_gate_min_streak": 1, "entropy_mode": "overconfident", "severity_decay": 0.95, "freeze_baseline_steps": 0, "n_steps": 800, "horizon": 10000, "acc_final": 0.927, "mean_acc": 0.8686888046956254, "acc_min": 0.5625, "candidate_sample_idxs": [319, 639, 959, 1279, 1599, 1919, 2239, 2559, 2879, 3199, 3519, 3839, 4223, 4543, 4991, 5311, 5631, 5951, 6271, 7167, 7487, 7807, 8191, 9279, 9599, 9919], "confirmed_sample_idxs": [639, 959, 1279, 1599, 1919, 2239, 2559, 2879, 3199, 3519, 3839, 4223, 4543, 4991, 5311, 5631, 5951, 6271, 7167, 7487, 7807, 8191, 9279, 9599, 9919], "acc_series": [[63, 0.5625], [127, 0.65625], [191, 0.6614583333333334], [255, 0.63671875], [319, 0.64375], [383, 0.6666666666666666], [447, 0.6919642857142857], [511, 0.708984375], [575, 0.7135416666666666], [639, 0.7265625], [703, 0.7414772727272727], [767, 0.7395833333333334], [831, 0.7475961538461539], [895, 0.7600446428571429], [959, 0.7645833333333333], [1023, 0.7744140625], [1087, 0.7803308823529411], [1151, 0.7855902777777778], [1215, 0.7828947368421053], [1279, 0.78359375], [1343, 0.7834821428571429], [1407, 0.7869318181818182], [1471, 0.7941576086956522], [1535, 0.7994791666666666], [1599, 0.804375], [1663, 0.8082932692307693], [1727, 0.8119212962962963], [1791, 0.8158482142857143], [1855, 0.8173491379310345], [1919, 0.8182291666666667], [1983, 0.8185483870967742], [2047, 0.822265625], [2111, 0.8252840909090909], [2175, 0.8290441176470589], [2239, 0.8334821428571428], [2303, 0.8350694444444444], [2367, 0.8369932432432432], [2431, 0.8388157894736842], [2495, 0.8421474358974359], [2559, 0.84296875], [2623, 0.8452743902439024], [2687, 0.8482142857142857], [2751, 0.8513808139534884], [2815, 0.8522727272727273], [2879, 0.8545138888888889], [2943, 0.8559782608695652], [3007, 0.8583776595744681], [3071, 0.861328125], [3135, 0.8619260204081632], [3199, 0.864375], [3263, 0.8661151960784313], [3327, 0.8677884615384616], [3391, 0.8696933962264151], [3455, 0.8715277777777778], [3519, 0.8735795454545454], [3583, 0.8758370535714286], [3647, 0.8774671052631579], [3711, 0.8790409482758621], [3775, 0.8805614406779662], [3839, 0.88203125], [3903, 0.8824282786885246], [3967, 0.8835685483870968], [4031, 0.8846726190476191], [4095, 0.88623046875], [4159, 0.8872596153846154], [4223, 0.8875473484848485], [4287, 0.8882929104477612], [4351, 0.8897058823529411], [4415, 0.8913043478260869], [4479, 0.8928571428571429], [4543, 0.8932658450704225], [4607, 0.8943142361111112], [4671, 0.8940496575342466], [4735, 0.8952702702702703], [4799, 0.895625], [4863, 0.8965871710526315], [4927, 0.8973214285714286], [4991, 0.8978365384615384], [5055, 0.8979430379746836], [5119, 0.898828125], [5183, 0.8996913580246914], [5247, 0.9001524390243902], [5311, 0.9002259036144579], [5375, 0.9004836309523809], [5439, 0.9003676470588236], [5503, 0.9011627906976745], [5567, 0.9019396551724138], [5631, 0.9021661931818182], [5695, 0.9029143258426966], [5759, 0.9034722222222222], [5823, 0.9043612637362637], [5887, 0.9050611413043478], [5951, 0.9060819892473119], [6015, 0.9070811170212766], [6079, 0.9074013157894737], [6143, 0.9083658854166666], [6207, 0.9088273195876289], [6271, 0.9094387755102041], [6335, 0.9101957070707071], [6399, 0.91046875], [6463, 0.9108910891089109], [6527, 0.9113051470588235], [6591, 0.9120145631067961], [6655, 0.9127103365384616], [6719, 0.912797619047619], [6783, 0.9133254716981132], [6847, 0.9138434579439252], [6911, 0.9142071759259259], [6975, 0.9148509174311926], [7039, 0.9147727272727273], [7103, 0.9155405405405406], [7167, 0.9157366071428571], [7231, 0.9162057522123894], [7295, 0.9162554824561403], [7359, 0.9163043478260869], [7423, 0.9167564655172413], [7487, 0.9170673076923077], [7551, 0.9175052966101694], [7615, 0.9179359243697479], [7679, 0.9184895833333333], [7743, 0.9190340909090909], [7807, 0.9195696721311475], [7871, 0.9202235772357723], [7935, 0.9203629032258065], [7999, 0.920375], [8063, 0.9205109126984127], [8127, 0.92064468503937], [8191, 0.9208984375], [8255, 0.9211482558139535], [8319, 0.9215144230769231], [8383, 0.9219942748091603], [8447, 0.9219933712121212], [8511, 0.9224624060150376], [8575, 0.9225746268656716], [8639, 0.9228009259259259], [8703, 0.9230238970588235], [8767, 0.9233576642335767], [8831, 0.9231204710144928], [8895, 0.9233363309352518], [8959, 0.9236607142857143], [9023, 0.9238696808510638], [9087, 0.9240757042253521], [9151, 0.9241695804195804], [9215, 0.9246961805555556], [9279, 0.925], [9343, 0.9252996575342466], [9407, 0.9257015306122449], [9471, 0.9259923986486487], [9535, 0.9263842281879194], [9599, 0.9264583333333334], [9663, 0.9264279801324503], [9727, 0.9263980263157895], [9791, 0.9262663398692811], [9855, 0.9265422077922078], [9919, 0.9266129032258065], [9983, 0.9268830128205128], [9999, 0.927]], "candidate_count_total": 26, "confirmed_count_total": 25, "created_at": 1768220195.511962, "confirm_rule_effective": "perm_test", "last_perm_pvalue": 0.004975124378109453, "last_perm_effect": 0.42636661512704105, "perm_test_count_total": 25, "perm_accept_count_total": 25, "perm_reject_count_total": 0, "perm_alpha": 0.025, "perm_pvalue_p50": 0.004975124378109453, "perm_pvalue_p90": 0.004975124378109453, "perm_pvalue_p99": 0.004975124378109453, "perm_pvalue_le_alpha_ratio": 1.0, "perm_effect_p50": 0.436, "perm_effect_p90": 0.4512417288171155, "perm_effect_p99": 0.5}