{"dataset_name": "INSECTS_abrupt_balanced", "dataset_type": "insects_real", "model_variant": "ts_drift_adapt_severity", "seed": 9, "monitor_preset": "error_divergence_ph_meta@error.threshold=0.05,error.min_instances=5", "monitor_preset_base": "error_divergence_ph_meta", "monitor_ph_params": {"error_rate": {"delta": 0.005, "alpha": 0.15, "threshold": 0.05, "min_instances": 5}, "divergence": {"delta": 0.005, "alpha": 0.1, "threshold": 0.05, "min_instances": 30}}, "monitor_ph_overrides": {"error_rate": {"threshold": 0.05, "min_instances": 5}}, "trigger_mode": "two_stage", "trigger_k": 2, "trigger_threshold": 0.5, "trigger_weights": "confirm_cooldown=200,divergence=0.3,error_rate=0.5,teacher_entropy=0.2", "confirm_window": 1, "confirm_cooldown": 0, "adaptive_cooldown_enabled": 0, "adaptive_window": 10000, "adaptive_lower_per10k": 10.0, "adaptive_upper_per10k": 25.0, "adaptive_cooldown_low": 200, "adaptive_cooldown_high": 500, "severity_scheduler_scale": 2.0, "use_severity_v2": 1, "severity_gate": "confirmed_streak", "severity_gate_min_streak": 3, "entropy_mode": "uncertain", "severity_decay": 0.95, "freeze_baseline_steps": 5, "n_steps": 1200, "horizon": 52847, "acc_final": 0.19047438832857116, "mean_acc": 0.18719607373041813, "acc_min": 0.16119791666666666, "candidate_sample_idxs": [1279, 2559, 3839, 5119, 6399, 7679, 8959, 10239, 11519, 12799, 14591, 15871, 17151, 18431, 19711, 20991, 22271, 23551, 24831, 26111, 27391, 28671, 30975, 32255, 33535, 34815, 36095, 37375, 38655, 39935, 41215, 42495, 43775, 45055, 46335, 47615, 49407, 50687, 51967], "confirmed_sample_idxs": [1279, 2559, 3839, 5119, 6399, 7679, 8959, 10239, 11519, 12799, 14591, 15871, 17151, 18431, 19711, 20991, 22271, 23551, 24831, 26111, 27391, 28671, 30975, 32255, 33535, 34815, 36095, 37375, 38655, 39935, 41215, 42495, 43775, 45055, 46335, 47615, 49407, 50687, 51967], "acc_series": [[255, 0.234375], [511, 0.208984375], [767, 0.21223958333333334], [1023, 0.208984375], [1279, 0.2078125], [1535, 0.201171875], [1791, 0.20089285714285715], [2047, 0.1953125], [2303, 0.1974826388888889], [2559, 0.19453125], [2815, 0.19140625], [3071, 0.19075520833333334], [3327, 0.19140625], [3583, 0.193359375], [3839, 0.19583333333333333], [4095, 0.196044921875], [4351, 0.19761029411764705], [4607, 0.19856770833333334], [4863, 0.19777960526315788], [5119, 0.1998046875], [5375, 0.19791666666666666], [5631, 0.19886363636363635], [5887, 0.19904891304347827], [6143, 0.19873046875], [6399, 0.1996875], [6655, 0.20012019230769232], [6911, 0.2026909722222222], [7167, 0.20256696428571427], [7423, 0.20339439655172414], [7679, 0.20208333333333334], [7935, 0.2017389112903226], [8191, 0.2021484375], [8447, 0.20229640151515152], [8703, 0.2035845588235294], [8959, 0.20502232142857144], [9215, 0.2060546875], [9471, 0.20724239864864866], [9727, 0.20713404605263158], [9983, 0.2065304487179487], [10239, 0.2072265625], [10495, 0.2074123475609756], [10751, 0.20675223214285715], [11007, 0.20657703488372092], [11263, 0.2060546875], [11519, 0.20607638888888888], [11775, 0.20609714673913043], [12031, 0.20694813829787234], [12287, 0.20751953125], [12543, 0.20838647959183673], [12799, 0.205078125], [13055, 0.20105698529411764], [13311, 0.19719050480769232], [13567, 0.19346992924528303], [13823, 0.1898871527777778], [14079, 0.1864346590909091], [14335, 0.18310546875], [14591, 0.18379934210526316], [14847, 0.18453663793103448], [15103, 0.18365995762711865], [15359, 0.18151041666666667], [15615, 0.17930327868852458], [15871, 0.17691532258064516], [16127, 0.1744171626984127], [16383, 0.17193603515625], [16639, 0.1696514423076923], [16895, 0.16749526515151514], [17151, 0.1658115671641791], [17407, 0.16411994485294118], [17663, 0.16310009057971014], [17919, 0.16322544642857142], [18175, 0.1640625], [18431, 0.16324869791666666], [18687, 0.1625107020547945], [18943, 0.16152871621621623], [19199, 0.16119791666666666], [19455, 0.16144120065789475], [19711, 0.1617796266233766], [19967, 0.16180889423076922], [20223, 0.16173852848101267], [20479, 0.162353515625], [20735, 0.16251929012345678], [20991, 0.16268102134146342], [21247, 0.1628859186746988], [21503, 0.16322544642857142], [21759, 0.16355698529411763], [22015, 0.16424418604651161], [22271, 0.16496048850574713], [22527, 0.16668146306818182], [22783, 0.1680565308988764], [23039, 0.16935763888888888], [23295, 0.17015796703296704], [23551, 0.17204483695652173], [23807, 0.17397513440860216], [24063, 0.17557347074468085], [24319, 0.17705592105263157], [24575, 0.17814127604166666], [24831, 0.1794458762886598], [25087, 0.18068399234693877], [25343, 0.18209438131313133], [25599, 0.1834765625], [25855, 0.18463799504950495], [26111, 0.18566176470588236], [26367, 0.18647603155339806], [26623, 0.1875], [26879, 0.18828125], [27135, 0.18930571933962265], [27391, 0.1901285046728972], [27647, 0.19147858796296297], [27903, 0.19237385321100917], [28159, 0.19090909090909092], [28415, 0.1891891891891892], [28671, 0.1875], [28927, 0.18584070796460178], [29183, 0.18421052631578946], [29439, 0.1826086956521739], [29695, 0.1810344827586207], [29951, 0.1794871794871795], [30207, 0.17796610169491525], [30463, 0.17647058823529413], [30719, 0.17503255208333332], [30975, 0.17387654958677687], [31231, 0.17321977459016394], [31487, 0.17368521341463414], [31743, 0.17483618951612903], [31999, 0.17646875], [32255, 0.1775793650793651], [32511, 0.1791646161417323], [32767, 0.180450439453125], [33023, 0.18177688953488372], [33279, 0.18182091346153847], [33535, 0.1819537213740458], [33791, 0.18243963068181818], [34047, 0.18236019736842105], [34303, 0.18271921641791045], [34559, 0.1830150462962963], [34815, 0.18290441176470587], [35071, 0.1829664689781022], [35327, 0.18282948369565216], [35583, 0.18303169964028776], [35839, 0.18337053571428572], [36095, 0.18326130319148937], [36351, 0.1836487676056338], [36607, 0.1838395979020979], [36863, 0.18416341145833334], [37119, 0.1843480603448276], [37375, 0.18461044520547945], [37631, 0.18460352891156462], [37887, 0.18501900337837837], [38143, 0.18511430369127516], [38399, 0.18388020833333332], [38655, 0.18266245860927152], [38911, 0.18236019736842105], [39167, 0.18249591503267973], [39423, 0.1822747564935065], [39679, 0.18235887096774195], [39935, 0.18269230769230768], [40191, 0.18269804936305734], [40447, 0.18290150316455697], [40703, 0.18312696540880502], [40959, 0.183740234375], [41215, 0.18400621118012422], [41471, 0.18484760802469136], [41727, 0.1855348926380368], [41983, 0.18602324695121952], [42239, 0.1868371212121212], [42495, 0.1875], [42751, 0.18815494011976047], [43007, 0.18901134672619047], [43263, 0.18995007396449703], [43519, 0.1907858455882353], [43775, 0.19149762426900585], [44031, 0.19254178779069767], [44287, 0.19291907514450868], [44543, 0.19351652298850575], [44799, 0.19424107142857142], [45055, 0.19486860795454544], [45311, 0.1953125], [45567, 0.19592696629213482], [45823, 0.1965782122905028], [46079, 0.19756944444444444], [46335, 0.19844181629834254], [46591, 0.19913289835164835], [46847, 0.1991547131147541], [47103, 0.19807235054347827], [47359, 0.1970016891891892], [47615, 0.19594254032258066], [47871, 0.1948947192513369], [48127, 0.19387882313829788], [48383, 0.19285300925925927], [48639, 0.19187911184210527], [48895, 0.19099721858638743], [49151, 0.190185546875], [49407, 0.18944300518134716], [49663, 0.18890947164948454], [49919, 0.18850160256410256], [50175, 0.1885363520408163], [50431, 0.18857074873096447], [50687, 0.18884154040404041], [50943, 0.18922738693467336], [51199, 0.19013671875], [51455, 0.19105643656716417], [51711, 0.1923538056930693], [51967, 0.19323429802955666], [52223, 0.1927466299019608], [52479, 0.1918064024390244], [52735, 0.19087530339805825], [52846, 0.19047438832857116]], "candidate_count_total": 39, "confirmed_count_total": 39, "created_at": 1767888448.5737915}