{"dataset_name": "INSECTS_abrupt_balanced", "dataset_type": "insects_real", "model_variant": "ts_drift_adapt_severity", "seed": 28, "monitor_preset": "error_divergence_ph_meta@error.threshold=0.05,error.min_instances=5", "monitor_preset_base": "error_divergence_ph_meta", "monitor_ph_params": {"error_rate": {"delta": 0.005, "alpha": 0.15, "threshold": 0.05, "min_instances": 5}, "divergence": {"delta": 0.005, "alpha": 0.1, "threshold": 0.05, "min_instances": 30}}, "monitor_ph_overrides": {"error_rate": {"threshold": 0.05, "min_instances": 5}}, "trigger_mode": "two_stage", "trigger_k": 2, "trigger_threshold": 0.5, "trigger_weights": "confirm_cooldown=200,divergence=0.3,error_rate=0.5,teacher_entropy=0.2", "confirm_window": 1, "confirm_cooldown": 0, "adaptive_cooldown_enabled": 0, "adaptive_window": 10000, "adaptive_lower_per10k": 10.0, "adaptive_upper_per10k": 25.0, "adaptive_cooldown_low": 200, "adaptive_cooldown_high": 500, "severity_scheduler_scale": 2.0, "use_severity_v2": 1, "severity_gate": "confirmed_streak", "severity_gate_min_streak": 1, "entropy_mode": "uncertain", "severity_decay": 0.95, "freeze_baseline_steps": 5, "n_steps": 1200, "horizon": 52847, "acc_final": 0.1932181580789827, "mean_acc": 0.1859800312771521, "acc_min": 0.15952280405405406, "candidate_sample_idxs": [1279, 2559, 3839, 5119, 6399, 7679, 8959, 10239, 11519, 12799, 14591, 15871, 17663, 18943, 20223, 21503, 22783, 24063, 25343, 26623, 27903, 29183, 30463, 31743, 33023, 34303, 35583, 36863, 38143, 39423, 40703, 41983, 43263, 44543, 45823, 47103, 48639, 49919, 51199, 52479], "confirmed_sample_idxs": [1279, 2559, 3839, 5119, 6399, 7679, 8959, 10239, 11519, 12799, 14591, 15871, 17663, 18943, 20223, 21503, 22783, 24063, 25343, 26623, 27903, 29183, 30463, 31743, 33023, 34303, 35583, 36863, 38143, 39423, 40703, 41983, 43263, 44543, 45823, 47103, 48639, 49919, 51199, 52479], "acc_series": [[255, 0.171875], [511, 0.18359375], [767, 0.1875], [1023, 0.1865234375], [1279, 0.18828125], [1535, 0.19401041666666666], [1791, 0.19252232142857142], [2047, 0.19384765625], [2303, 0.1987847222222222], [2559, 0.198828125], [2815, 0.19992897727272727], [3071, 0.2001953125], [3327, 0.2010216346153846], [3583, 0.20089285714285715], [3839, 0.20260416666666667], [4095, 0.202880859375], [4351, 0.20381433823529413], [4607, 0.2052951388888889], [4863, 0.20394736842105263], [5119, 0.2025390625], [5375, 0.20145089285714285], [5631, 0.20348011363636365], [5887, 0.20482336956521738], [6143, 0.20670572916666666], [6399, 0.2078125], [6655, 0.2071814903846154], [6911, 0.2048611111111111], [7167, 0.20368303571428573], [7423, 0.20325969827586207], [7679, 0.20247395833333334], [7935, 0.20299899193548387], [8191, 0.2034912109375], [8447, 0.20348011363636365], [8703, 0.20323988970588236], [8959, 0.20334821428571428], [9215, 0.2033420138888889], [9471, 0.20291385135135134], [9727, 0.20271381578947367], [9983, 0.20232371794871795], [10239, 0.201953125], [10495, 0.20245807926829268], [10751, 0.20265997023809523], [11007, 0.2038517441860465], [11263, 0.20383522727272727], [11519, 0.20416666666666666], [11775, 0.20499320652173914], [12031, 0.2057845744680851], [12287, 0.20694986979166666], [12543, 0.20750956632653061], [12799, 0.20390625], [13055, 0.19990808823529413], [13311, 0.19606370192307693], [13567, 0.19236438679245282], [13823, 0.18880208333333334], [14079, 0.18536931818181818], [14335, 0.18205915178571427], [14591, 0.18338815789473684], [14847, 0.1849407327586207], [15103, 0.18445444915254236], [15359, 0.18216145833333333], [15615, 0.1797515368852459], [15871, 0.17697832661290322], [16127, 0.1744171626984127], [16383, 0.17169189453125], [16639, 0.16911057692307693], [16895, 0.16660748106060605], [17151, 0.16452891791044777], [17407, 0.16279871323529413], [17663, 0.16140172101449277], [17919, 0.16171875], [18175, 0.1616417253521127], [18431, 0.1605902777777778], [18687, 0.1596746575342466], [18943, 0.15952280405405406], [19199, 0.15963541666666667], [19455, 0.16103001644736842], [19711, 0.16259131493506493], [19967, 0.16326121794871795], [20223, 0.16366693037974683], [20479, 0.164404296875], [20735, 0.16468942901234568], [20991, 0.16506288109756098], [21247, 0.16519201807228914], [21503, 0.16550409226190477], [21759, 0.16548713235294119], [22015, 0.16560683139534885], [22271, 0.1661278735632184], [22527, 0.16623757102272727], [22783, 0.16630091292134833], [23039, 0.16688368055555555], [23295, 0.16728193681318682], [23551, 0.16843580163043478], [23807, 0.16956485215053763], [24063, 0.17083610372340424], [24319, 0.17203947368421052], [24575, 0.17342122395833334], [24831, 0.17485502577319587], [25087, 0.1766980229591837], [25343, 0.17834595959595959], [25599, 0.1800390625], [25855, 0.18193069306930693], [26111, 0.18324908088235295], [26367, 0.18431432038834952], [26623, 0.185546875], [26879, 0.18694196428571427], [27135, 0.18812647405660377], [27391, 0.18925233644859812], [27647, 0.1904296875], [27903, 0.19194380733944955], [28159, 0.19094460227272728], [28415, 0.18961148648648649], [28671, 0.18851143973214285], [28927, 0.187327157079646], [29183, 0.18602658991228072], [29439, 0.1850203804347826], [29695, 0.1839641702586207], [29951, 0.18285924145299146], [30207, 0.1819716631355932], [30463, 0.18080357142857142], [30719, 0.17972005208333333], [30975, 0.17891270661157024], [31231, 0.17811859631147542], [31487, 0.17752794715447154], [31743, 0.1768523185483871], [31999, 0.176375], [32255, 0.17618427579365079], [32511, 0.17658095472440946], [32767, 0.177642822265625], [33023, 0.17899103682170542], [33279, 0.1794170673076923], [33535, 0.17953840648854963], [33791, 0.17986505681818182], [34047, 0.18009868421052633], [34303, 0.18029967350746268], [34559, 0.1802951388888889], [34815, 0.18037683823529413], [35071, 0.1805143704379562], [35327, 0.18033854166666666], [35583, 0.18053057553956833], [35839, 0.18080357142857142], [36095, 0.18087876773049646], [36351, 0.1813380281690141], [36607, 0.18159965034965034], [36863, 0.1816677517361111], [37119, 0.1818426724137931], [37375, 0.1819616866438356], [37631, 0.18218537414965985], [37887, 0.1827491554054054], [38143, 0.1830956375838926], [38399, 0.18190104166666668], [38655, 0.18069639900662252], [38911, 0.18058696546052633], [39167, 0.18091299019607843], [39423, 0.18113331980519481], [39679, 0.18142641129032258], [39935, 0.18161558493589744], [40191, 0.18185210987261147], [40447, 0.18215981012658228], [40703, 0.18246363993710693], [40959, 0.1827392578125], [41215, 0.1828901397515528], [41471, 0.18366608796296297], [41727, 0.18426476226993865], [41983, 0.18459413109756098], [42239, 0.18503787878787878], [42495, 0.18559393825301204], [42751, 0.18607316616766467], [43007, 0.18675595238095238], [43263, 0.1875], [43519, 0.18814338235294117], [43775, 0.18877923976608188], [44031, 0.18977107558139536], [44287, 0.1900966401734104], [44543, 0.19071030890804597], [44799, 0.1914955357142857], [45055, 0.19207208806818182], [45311, 0.19248764124293785], [45567, 0.193139922752809], [45823, 0.19369762569832402], [46079, 0.19459635416666668], [46335, 0.19516142955801105], [46591, 0.19580614697802198], [46847, 0.1958034494535519], [47103, 0.19476052989130435], [47359, 0.19375], [47615, 0.1927713373655914], [47871, 0.19176136363636365], [48127, 0.19080369015957446], [48383, 0.18991815476190477], [48639, 0.18924753289473684], [48895, 0.1884407722513089], [49151, 0.18776448567708334], [49407, 0.1872166450777202], [49663, 0.1870167525773196], [49919, 0.18727964743589742], [50175, 0.18815768494897958], [50431, 0.18930440989847716], [50687, 0.19032118055555555], [50943, 0.19138662060301506], [51199, 0.19228515625], [51455, 0.1935828669154229], [51711, 0.1947710396039604], [51967, 0.19600523399014777], [52223, 0.19552313112745098], [52479, 0.19456935975609757], [52735, 0.19362484830097088], [52846, 0.1932181580789827]], "candidate_count_total": 40, "confirmed_count_total": 40, "created_at": 1767888164.5419416}