{"dataset_name": "sine_nodrift", "dataset_type": "sine", "model_variant": "ts_drift_adapt", "seed": 5, "monitor_preset": "error_divergence_ph_meta@error.threshold=0.10,error.min_instances=5", "monitor_preset_base": "error_divergence_ph_meta", "monitor_ph_params": {"error_rate": {"delta": 0.005, "alpha": 0.15, "threshold": 0.1, "min_instances": 5}, "divergence": {"delta": 0.005, "alpha": 0.1, "threshold": 0.05, "min_instances": 30}}, "monitor_ph_overrides": {"error_rate": {"threshold": 0.1, "min_instances": 5}}, "trigger_mode": "two_stage", "trigger_k": 2, "trigger_threshold": 0.5, "trigger_weights": "__confirm_cooldown=200,__confirm_rule=perm_test,__perm_alpha=0.02,__perm_min_effect=0,__perm_n_perm=200,__perm_post_n=10,__perm_pre_n=500,__perm_rng_seed=0,__perm_stat=vote_score,divergence=0.3,error_rate=0.5,teacher_entropy=0.2", "confirm_window": 3, "confirm_cooldown": 0, "adaptive_cooldown_enabled": 0, "adaptive_window": 10000, "adaptive_lower_per10k": 10.0, "adaptive_upper_per10k": 25.0, "adaptive_cooldown_low": 200, "adaptive_cooldown_high": 500, "severity_scheduler_scale": 1.0, "use_severity_v2": 0, "severity_gate": "none", "severity_gate_min_streak": 1, "entropy_mode": "overconfident", "severity_decay": 0.95, "freeze_baseline_steps": 0, "n_steps": 800, "horizon": 10000, "acc_final": 0.9167, "mean_acc": 0.8331386593606006, "acc_min": 0.40625, "candidate_sample_idxs": [319, 639, 959, 1279, 1599, 1983, 2303, 2623, 3071, 3391, 3711, 4095, 4415, 4735, 5055, 5375, 5759, 6079, 6399, 6719, 7039, 7359, 7679, 7999, 8383], "confirmed_sample_idxs": [639, 959, 1279, 1599, 1983, 2303, 2623, 3071, 3391, 3711, 4095, 4415, 4735, 5055, 5375, 5759, 6079, 6399, 6719, 7039, 7359, 7679, 7999, 8383], "acc_series": [[63, 0.40625], [127, 0.4609375], [191, 0.4791666666666667], [255, 0.4921875], [319, 0.546875], [383, 0.5859375], [447, 0.6026785714285714], [511, 0.607421875], [575, 0.625], [639, 0.6328125], [703, 0.6477272727272727], [767, 0.65625], [831, 0.6550480769230769], [895, 0.6707589285714286], [959, 0.6822916666666666], [1023, 0.6943359375], [1087, 0.6948529411764706], [1151, 0.7013888888888888], [1215, 0.7055921052631579], [1279, 0.7140625], [1343, 0.7209821428571429], [1407, 0.7294034090909091], [1471, 0.7384510869565217], [1535, 0.7454427083333334], [1599, 0.75125], [1663, 0.7584134615384616], [1727, 0.7638888888888888], [1791, 0.7684151785714286], [1855, 0.7737068965517241], [1919, 0.7755208333333333], [1983, 0.7787298387096774], [2047, 0.78271484375], [2111, 0.7850378787878788], [2175, 0.7863051470588235], [2239, 0.7883928571428571], [2303, 0.7907986111111112], [2367, 0.7951858108108109], [2431, 0.7989309210526315], [2495, 0.8008814102564102], [2559, 0.80390625], [2623, 0.8083079268292683], [2687, 0.8110119047619048], [2751, 0.8135901162790697], [2815, 0.8160511363636364], [2879, 0.81875], [2943, 0.8209918478260869], [3007, 0.823470744680851], [3071, 0.8248697916666666], [3135, 0.828125], [3199, 0.829375], [3263, 0.8321078431372549], [3327, 0.8341346153846154], [3391, 0.8354952830188679], [3455, 0.8373842592592593], [3519, 0.8380681818181818], [3583, 0.8404017857142857], [3647, 0.8423793859649122], [3711, 0.8442887931034483], [3775, 0.8463983050847458], [3839, 0.8471354166666667], [3903, 0.8488729508196722], [3967, 0.850554435483871], [4031, 0.8521825396825397], [4095, 0.853759765625], [4159, 0.8552884615384615], [4223, 0.8567708333333334], [4287, 0.8584421641791045], [4351, 0.8596047794117647], [4415, 0.8609601449275363], [4479, 0.8620535714285714], [4543, 0.8633362676056338], [4607, 0.8645833333333334], [4671, 0.8664383561643836], [4735, 0.8667652027027027], [4799, 0.868125], [4863, 0.868421052631579], [4927, 0.869724025974026], [4991, 0.8709935897435898], [5055, 0.8724287974683544], [5119, 0.8734375], [5183, 0.8746141975308642], [5247, 0.8751905487804879], [5311, 0.8753765060240963], [5375, 0.8764880952380952], [5439, 0.8772058823529412], [5503, 0.8786337209302325], [5567, 0.8798491379310345], [5631, 0.8812144886363636], [5695, 0.8820224719101124], [5759, 0.8831597222222223], [5823, 0.8839285714285714], [5887, 0.8851902173913043], [5951, 0.8854166666666666], [6015, 0.885970744680851], [6079, 0.8866776315789474], [6143, 0.8868815104166666], [6207, 0.8877255154639175], [6271, 0.8887117346938775], [6335, 0.8888888888888888], [6399, 0.88984375], [6463, 0.890625], [6527, 0.8915441176470589], [6591, 0.8921419902912622], [6655, 0.8927283653846154], [6719, 0.8936011904761905], [6783, 0.8944575471698113], [6847, 0.8947137850467289], [6911, 0.8953993055555556], [6975, 0.8963589449541285], [7039, 0.8970170454545454], [7103, 0.8975225225225225], [7167, 0.8978794642857143], [7231, 0.8983683628318584], [7295, 0.8989857456140351], [7359, 0.8995923913043479], [7423, 0.900323275862069], [7487, 0.9007745726495726], [7551, 0.9010858050847458], [7615, 0.9015231092436975], [7679, 0.9020833333333333], [7743, 0.9025051652892562], [7807, 0.9031762295081968], [7871, 0.9035823170731707], [7935, 0.9039818548387096], [7999, 0.904375], [8063, 0.9051339285714286], [8127, 0.9056348425196851], [8191, 0.90576171875], [8255, 0.9063711240310077], [8319, 0.9067307692307692], [8383, 0.9069656488549618], [8447, 0.9075520833333334], [8511, 0.9081296992481203], [8575, 0.9088152985074627], [8639, 0.9091435185185185], [8703, 0.9090073529411765], [8767, 0.9095574817518248], [8831, 0.909759963768116], [8895, 0.9102967625899281], [8959, 0.9107142857142857], [9023, 0.9112367021276596], [9087, 0.9118617957746479], [9151, 0.9123688811188811], [9215, 0.9127604166666666], [9279, 0.9132543103448276], [9343, 0.9136344178082192], [9407, 0.9137967687074829], [9471, 0.9141680743243243], [9535, 0.9143246644295302], [9599, 0.9145833333333333], [9663, 0.9148385761589404], [9727, 0.9150904605263158], [9791, 0.9154411764705882], [9855, 0.9158887987012987], [9919, 0.9162298387096774], [9983, 0.9166666666666666], [9999, 0.9167]], "candidate_count_total": 25, "confirmed_count_total": 24, "created_at": 1768236709.5568924, "confirm_rule_effective": "perm_test", "last_perm_pvalue": 0.004975124378109453, "last_perm_effect": 0.4383021814880458, "perm_test_count_total": 24, "perm_accept_count_total": 24, "perm_reject_count_total": 0, "perm_alpha": 0.02, "perm_pvalue_p50": 0.004975124378109453, "perm_pvalue_p90": 0.004975124378109453, "perm_pvalue_p99": 0.004975124378109453, "perm_pvalue_le_alpha_ratio": 1.0, "perm_effect_p50": 0.4342167409860507, "perm_effect_p90": 0.44093110276256614, "perm_effect_p99": 0.44424348620741466}