{"dataset_name": "sine_nodrift", "dataset_type": "sine", "model_variant": "ts_drift_adapt", "seed": 5, "monitor_preset": "error_divergence_ph_meta@error.threshold=0.10,error.min_instances=5", "monitor_preset_base": "error_divergence_ph_meta", "monitor_ph_params": {"error_rate": {"delta": 0.005, "alpha": 0.15, "threshold": 0.1, "min_instances": 5}, "divergence": {"delta": 0.005, "alpha": 0.1, "threshold": 0.05, "min_instances": 30}}, "monitor_ph_overrides": {"error_rate": {"threshold": 0.1, "min_instances": 5}}, "trigger_mode": "two_stage", "trigger_k": 2, "trigger_threshold": 0.5, "trigger_weights": "__confirm_cooldown=200,__confirm_rule=perm_test,__perm_alpha=0.01,__perm_min_effect=0,__perm_n_perm=200,__perm_post_n=10,__perm_pre_n=500,__perm_rng_seed=0,__perm_stat=vote_score,divergence=0.3,error_rate=0.5,teacher_entropy=0.2", "confirm_window": 3, "confirm_cooldown": 0, "adaptive_cooldown_enabled": 0, "adaptive_window": 10000, "adaptive_lower_per10k": 10.0, "adaptive_upper_per10k": 25.0, "adaptive_cooldown_low": 200, "adaptive_cooldown_high": 500, "severity_scheduler_scale": 1.0, "use_severity_v2": 0, "severity_gate": "none", "severity_gate_min_streak": 1, "entropy_mode": "overconfident", "severity_decay": 0.95, "freeze_baseline_steps": 0, "n_steps": 800, "horizon": 10000, "acc_final": 0.9097, "mean_acc": 0.8228500875270116, "acc_min": 0.40625, "candidate_sample_idxs": [319, 639, 959, 1279, 1727, 2047, 2367, 2687, 3007, 3327, 3711, 4031, 4351, 4671, 4991, 5311, 5887, 6207, 6527, 6847, 7231, 7551, 8255, 8639, 8959, 9279], "confirmed_sample_idxs": [639, 959, 1279, 1727, 2047, 2367, 2687, 3007, 3327, 3711, 4031, 4351, 4671, 4991, 5311, 5887, 6207, 6527, 6847, 7231, 7551, 8255, 8639, 8959, 9279], "acc_series": [[63, 0.40625], [127, 0.4140625], [191, 0.4375], [255, 0.4375], [319, 0.45], [383, 0.4921875], [447, 0.5267857142857143], [511, 0.55859375], [575, 0.5902777777777778], [639, 0.60625], [703, 0.6292613636363636], [767, 0.6484375], [831, 0.65625], [895, 0.6774553571428571], [959, 0.6854166666666667], [1023, 0.6953125], [1087, 0.6957720588235294], [1151, 0.7022569444444444], [1215, 0.7023026315789473], [1279, 0.70703125], [1343, 0.7120535714285714], [1407, 0.7194602272727273], [1471, 0.7275815217391305], [1535, 0.7356770833333334], [1599, 0.7425], [1663, 0.7487980769230769], [1727, 0.7540509259259259], [1791, 0.7594866071428571], [1855, 0.7645474137931034], [1919, 0.76875], [1983, 0.7726814516129032], [2047, 0.7763671875], [2111, 0.7779356060606061], [2175, 0.7780330882352942], [2239, 0.7790178571428571], [2303, 0.7825520833333334], [2367, 0.7863175675675675], [2431, 0.7882401315789473], [2495, 0.7908653846153846], [2559, 0.79375], [2623, 0.7987804878048781], [2687, 0.8013392857142857], [2751, 0.8045058139534884], [2815, 0.8075284090909091], [2879, 0.8097222222222222], [2943, 0.8125], [3007, 0.8154920212765957], [3071, 0.8170572916666666], [3135, 0.8198341836734694], [3199, 0.820625], [3263, 0.8226102941176471], [3327, 0.8245192307692307], [3391, 0.8260613207547169], [3455, 0.8284143518518519], [3519, 0.8301136363636363], [3583, 0.8325892857142857], [3647, 0.8349780701754386], [3711, 0.8370150862068966], [3775, 0.8384533898305084], [3839, 0.8395833333333333], [3903, 0.8414446721311475], [3967, 0.8422379032258065], [4031, 0.8439980158730159], [4095, 0.845703125], [4159, 0.8475961538461538], [4223, 0.8491950757575758], [4287, 0.8509794776119403], [4351, 0.8513327205882353], [4415, 0.8521286231884058], [4479, 0.8535714285714285], [4543, 0.8547535211267606], [4607, 0.8561197916666666], [4671, 0.8578767123287672], [4735, 0.8585304054054054], [4799, 0.8595833333333334], [4863, 0.8604029605263158], [4927, 0.8616071428571429], [4991, 0.8629807692307693], [5055, 0.8643196202531646], [5119, 0.8650390625], [5183, 0.8667052469135802], [5247, 0.8677591463414634], [5311, 0.8680346385542169], [5375, 0.8694196428571429], [5439, 0.8705882352941177], [5503, 0.8715479651162791], [5567, 0.8726652298850575], [5631, 0.8734019886363636], [5695, 0.8746488764044944], [5759, 0.8755208333333333], [5823, 0.8762019230769231], [5887, 0.8772078804347826], [5951, 0.8773521505376344], [6015, 0.8784906914893617], [6079, 0.8791118421052632], [6143, 0.8795572916666666], [6207, 0.8804768041237113], [6271, 0.881218112244898], [6335, 0.8817866161616161], [6399, 0.88265625], [6463, 0.8831992574257426], [6527, 0.8840379901960784], [6591, 0.8851638349514563], [6655, 0.8856670673076923], [6719, 0.8860119047619047], [6783, 0.8866450471698113], [6847, 0.8874123831775701], [6911, 0.8881655092592593], [6975, 0.8889048165137615], [7039, 0.8896306818181818], [7103, 0.890625], [7167, 0.8910435267857143], [7231, 0.8917311946902655], [7295, 0.8924067982456141], [7359, 0.8932065217391304], [7423, 0.8938577586206896], [7487, 0.8942307692307693], [7551, 0.8945974576271186], [7615, 0.8952205882352942], [7679, 0.8955729166666667], [7743, 0.8956611570247934], [7807, 0.8965163934426229], [7871, 0.8969766260162602], [7935, 0.8973034274193549], [7999, 0.897875], [8063, 0.8983134920634921], [8127, 0.8986220472440944], [8191, 0.89892578125], [8255, 0.8995881782945736], [8319, 0.9001201923076924], [8383, 0.9005248091603053], [8447, 0.9008049242424242], [8511, 0.9009633458646616], [8575, 0.9013526119402985], [8639, 0.9012731481481482], [8703, 0.9010799632352942], [8767, 0.901345802919708], [8831, 0.9016077898550725], [8895, 0.9022032374100719], [8959, 0.9025669642857143], [9023, 0.9030363475177305], [9087, 0.9037191901408451], [9151, 0.9042832167832168], [9215, 0.9046223958333334], [9279, 0.9051724137931034], [9343, 0.9053938356164384], [9407, 0.9059311224489796], [9471, 0.90625], [9535, 0.9065645973154363], [9599, 0.9070833333333334], [9663, 0.9075951986754967], [9727, 0.9081003289473685], [9791, 0.9085988562091504], [9855, 0.908685064935065], [9919, 0.9090725806451613], [9983, 0.9096554487179487], [9999, 0.9097]], "candidate_count_total": 26, "confirmed_count_total": 25, "created_at": 1768219960.028865, "confirm_rule_effective": "perm_test", "last_perm_pvalue": 0.004975124378109453, "last_perm_effect": 0.43653067597878703, "perm_test_count_total": 25, "perm_accept_count_total": 25, "perm_reject_count_total": 0, "perm_alpha": 0.01, "perm_pvalue_p50": 0.004975124378109453, "perm_pvalue_p90": 0.004975124378109453, "perm_pvalue_p99": 0.004975124378109453, "perm_pvalue_le_alpha_ratio": 1.0, "perm_effect_p50": 0.436, "perm_effect_p90": 0.45281440418772106, "perm_effect_p99": 0.4993813986392858}