{"dataset_name": "sine_nodrift", "dataset_type": "sine", "model_variant": "ts_drift_adapt", "seed": 4, "monitor_preset": "error_divergence_ph_meta@error.threshold=0.10,error.min_instances=5", "monitor_preset_base": "error_divergence_ph_meta", "monitor_ph_params": {"error_rate": {"delta": 0.005, "alpha": 0.15, "threshold": 0.1, "min_instances": 5}, "divergence": {"delta": 0.005, "alpha": 0.1, "threshold": 0.05, "min_instances": 30}}, "monitor_ph_overrides": {"error_rate": {"threshold": 0.1, "min_instances": 5}}, "trigger_mode": "two_stage", "trigger_k": 2, "trigger_threshold": 0.5, "trigger_weights": "__confirm_cooldown=200,__confirm_rule=perm_test,__perm_alpha=0.005,__perm_delta_k=50,__perm_min_effect=0,__perm_n_perm=200,__perm_post_n=30,__perm_pre_n=200,__perm_rng_seed=0,__perm_stat=delta_fused_score,divergence=0.3,error_rate=0.5,teacher_entropy=0.2", "confirm_window": 3, "confirm_cooldown": 0, "adaptive_cooldown_enabled": 0, "adaptive_window": 10000, "adaptive_lower_per10k": 10.0, "adaptive_upper_per10k": 25.0, "adaptive_cooldown_low": 200, "adaptive_cooldown_high": 500, "severity_scheduler_scale": 1.0, "use_severity_v2": 0, "severity_gate": "none", "severity_gate_min_streak": 1, "entropy_mode": "overconfident", "severity_decay": 0.95, "freeze_baseline_steps": 0, "n_steps": 800, "horizon": 10000, "acc_final": 0.9087, "mean_acc": 0.843066157451691, "acc_min": 0.515625, "candidate_sample_idxs": [319, 639, 959, 1279, 1599, 1919, 2239, 2559, 2879, 3199, 3519, 3903, 4223, 4607, 4927, 5247, 5567, 5887, 6207, 6591, 6911, 7231, 7551, 7871, 8191, 9023, 9343, 9663], "confirmed_sample_idxs": [639, 1023, 1663, 2303, 2559, 3007, 3519, 3903, 4223, 4607, 5119, 5631, 5887, 6207, 6591, 7039, 7551, 7935, 9023, 9535], "acc_series": [[63, 0.515625], [127, 0.625], [191, 0.65625], [255, 0.6328125], [319, 0.61875], [383, 0.6067708333333334], [447, 0.6316964285714286], [511, 0.65625], [575, 0.6631944444444444], [639, 0.66875], [703, 0.6803977272727273], [767, 0.6770833333333334], [831, 0.6730769230769231], [895, 0.6819196428571429], [959, 0.696875], [1023, 0.708984375], [1087, 0.7196691176470589], [1151, 0.7282986111111112], [1215, 0.734375], [1279, 0.73671875], [1343, 0.7388392857142857], [1407, 0.7450284090909091], [1471, 0.7527173913043478], [1535, 0.7591145833333334], [1599, 0.765], [1663, 0.7680288461538461], [1727, 0.7748842592592593], [1791, 0.7779017857142857], [1855, 0.7790948275862069], [1919, 0.7802083333333333], [1983, 0.7847782258064516], [2047, 0.7900390625], [2111, 0.7949810606060606], [2175, 0.7987132352941176], [2239, 0.803125], [2303, 0.8055555555555556], [2367, 0.8086993243243243], [2431, 0.8120888157894737], [2495, 0.8165064102564102], [2559, 0.816796875], [2623, 0.8208841463414634], [2687, 0.8236607142857143], [2751, 0.8263081395348837], [2815, 0.8274147727272727], [2879, 0.8305555555555556], [2943, 0.8325407608695652], [3007, 0.8347739361702128], [3071, 0.8365885416666666], [3135, 0.8383290816326531], [3199, 0.8415625], [3263, 0.8440563725490197], [3327, 0.8467548076923077], [3391, 0.8484669811320755], [3455, 0.8509837962962963], [3519, 0.852840909090909], [3583, 0.8546316964285714], [3647, 0.856359649122807], [3711, 0.8580280172413793], [3775, 0.8599046610169492], [3839, 0.8614583333333333], [3903, 0.8616803278688525], [3967, 0.8634072580645161], [4031, 0.8643353174603174], [4095, 0.865478515625], [4159, 0.8670673076923077], [4223, 0.8674242424242424], [4287, 0.8675373134328358], [4351, 0.8681066176470589], [4415, 0.869338768115942], [4479, 0.8705357142857143], [4543, 0.8712588028169014], [4607, 0.8715277777777778], [4671, 0.8726455479452054], [4735, 0.8737331081081081], [4799, 0.8747916666666666], [4863, 0.8760279605263158], [4927, 0.8770292207792207], [4991, 0.8778044871794872], [5055, 0.8785601265822784], [5119, 0.8794921875], [5183, 0.8805941358024691], [5247, 0.8809070121951219], [5311, 0.8814006024096386], [5375, 0.8816964285714286], [5439, 0.8816176470588235], [5503, 0.8822674418604651], [5567, 0.8829022988505747], [5631, 0.8835227272727273], [5695, 0.8839536516853933], [5759, 0.8848958333333333], [5823, 0.8861607142857143], [5887, 0.8870584239130435], [5951, 0.8879368279569892], [6015, 0.8887965425531915], [6079, 0.8894736842105263], [6143, 0.89013671875], [6207, 0.8907860824742269], [6271, 0.8914221938775511], [6335, 0.8923611111111112], [6399, 0.89296875], [6463, 0.8934096534653465], [6527, 0.8939950980392157], [6591, 0.8944174757281553], [6655, 0.8951322115384616], [6719, 0.8956845238095238], [6783, 0.8962264150943396], [6847, 0.8970502336448598], [6911, 0.8967013888888888], [6975, 0.8975057339449541], [7039, 0.8974431818181818], [7103, 0.8976632882882883], [7167, 0.8976004464285714], [7231, 0.8975387168141593], [7295, 0.8977521929824561], [7359, 0.8982336956521739], [7423, 0.8985721982758621], [7487, 0.8983707264957265], [7551, 0.8987023305084746], [7615, 0.8991596638655462], [7679, 0.8985677083333333], [7743, 0.8991477272727273], [7807, 0.8995901639344263], [7871, 0.9001524390243902], [7935, 0.9005796370967742], [7999, 0.90075], [8063, 0.9006696428571429], [8127, 0.9000984251968503], [8191, 0.900146484375], [8255, 0.9005571705426356], [8319, 0.901201923076923], [8383, 0.9015982824427481], [8447, 0.9021070075757576], [8511, 0.9027255639097744], [8575, 0.9031016791044776], [8639, 0.9034722222222222], [8703, 0.9037224264705882], [8767, 0.9038549270072993], [8831, 0.904098731884058], [8895, 0.904226618705036], [8959, 0.9043526785714285], [9023, 0.9043661347517731], [9087, 0.9047095070422535], [9151, 0.9050480769230769], [9215, 0.9053819444444444], [9279, 0.9057112068965517], [9343, 0.9060359589041096], [9407, 0.9064625850340136], [9471, 0.9068834459459459], [9535, 0.9072986577181208], [9599, 0.9075], [9663, 0.9076986754966887], [9727, 0.9075863486842105], [9791, 0.9078839869281046], [9855, 0.9080762987012987], [9919, 0.9082661290322581], [9983, 0.9085536858974359], [9999, 0.9087]], "candidate_count_total": 24, "confirmed_count_total": 20, "created_at": 1768145071.387631, "confirm_rule_effective": "perm_test", "last_perm_pvalue": 0.004975124378109453, "last_perm_effect": 0.04651671672491471, "perm_test_count_total": 47, "perm_accept_count_total": 20, "perm_reject_count_total": 27, "perm_alpha": 0.005, "perm_pvalue_p50": 0.03482587064676617, "perm_pvalue_p90": 1.0, "perm_pvalue_p99": 1.0, "perm_pvalue_le_alpha_ratio": 0.425531914893617, "perm_effect_p50": 0.017969616071005723, "perm_effect_p90": 0.08290132674445728, "perm_effect_p99": 0.14811647732064073}