{"dataset_name": "INSECTS_abrupt_balanced", "dataset_type": "insects_real", "model_variant": "ts_drift_adapt_severity", "seed": 1, "monitor_preset": "error_divergence_ph_meta@error.threshold=0.05,error.min_instances=5", "monitor_preset_base": "error_divergence_ph_meta", "monitor_ph_params": {"error_rate": {"delta": 0.005, "alpha": 0.15, "threshold": 0.05, "min_instances": 5}, "divergence": {"delta": 0.005, "alpha": 0.1, "threshold": 0.05, "min_instances": 30}}, "monitor_ph_overrides": {"error_rate": {"threshold": 0.05, "min_instances": 5}}, "trigger_mode": "two_stage", "trigger_k": 2, "trigger_threshold": 0.5, "trigger_weights": "confirm_cooldown=200,divergence=0.3,error_rate=0.5,teacher_entropy=0.2", "confirm_window": 1, "confirm_cooldown": 0, "severity_scheduler_scale": 1.0, "use_severity_v2": 1, "severity_gate": "confirmed_streak", "severity_gate_min_streak": 5, "entropy_mode": "overconfident", "severity_decay": 0.95, "freeze_baseline_steps": 0, "n_steps": 1200, "horizon": 52847, "acc_final": 0.20988892463148334, "mean_acc": 0.20147201861043865, "acc_min": 0.1607223731884058, "candidate_sample_idxs": [1279, 2559, 3839, 5119, 6399, 7679, 8959, 10239, 11519, 12799, 14335, 16127, 17919, 19199, 20479, 21759, 23039, 24319, 25599, 26879, 28159, 29439, 30719, 31999, 33279, 34559, 35839, 37119, 38399, 39679, 40959, 42239, 43519, 44799, 46079, 47359, 48639, 49919, 51199, 52479], "confirmed_sample_idxs": [1279, 2559, 3839, 5119, 6399, 7679, 8959, 10239, 11519, 12799, 14335, 16127, 17919, 19199, 20479, 21759, 23039, 24319, 25599, 26879, 28159, 29439, 30719, 31999, 33279, 34559, 35839, 37119, 38399, 39679, 40959, 42239, 43519, 44799, 46079, 47359, 48639, 49919, 51199, 52479], "acc_series": [[255, 0.171875], [511, 0.1875], [767, 0.16927083333333334], [1023, 0.1787109375], [1279, 0.1859375], [1535, 0.193359375], [1791, 0.20089285714285715], [2047, 0.20068359375], [2303, 0.19921875], [2559, 0.198828125], [2815, 0.19886363636363635], [3071, 0.19986979166666666], [3327, 0.2010216346153846], [3583, 0.203125], [3839, 0.2046875], [4095, 0.204345703125], [4351, 0.20450367647058823], [4607, 0.20421006944444445], [4863, 0.2041529605263158], [5119, 0.2044921875], [5375, 0.20535714285714285], [5631, 0.20632102272727273], [5887, 0.20838994565217392], [6143, 0.20751953125], [6399, 0.2090625], [6655, 0.20823317307692307], [6911, 0.21006944444444445], [7167, 0.21107700892857142], [7423, 0.21053340517241378], [7679, 0.21067708333333332], [7935, 0.21194556451612903], [8191, 0.2125244140625], [8447, 0.21271306818181818], [8703, 0.21415441176470587], [8959, 0.21439732142857143], [9215, 0.21549479166666666], [9471, 0.21621621621621623], [9727, 0.21494654605263158], [9983, 0.2155448717948718], [10239, 0.21611328125], [10495, 0.21665396341463414], [10751, 0.21763392857142858], [11007, 0.21865915697674418], [11263, 0.2186612215909091], [11519, 0.2183159722222222], [11775, 0.21798573369565216], [12031, 0.21850066489361702], [12287, 0.21834309895833334], [12543, 0.21954719387755103], [12799, 0.215859375], [13055, 0.21162683823529413], [13311, 0.20755709134615385], [13567, 0.20364091981132076], [13823, 0.19986979166666666], [14079, 0.1965909090909091], [14335, 0.19573102678571427], [14591, 0.19387335526315788], [14847, 0.19093480603448276], [15103, 0.1878310381355932], [15359, 0.18470052083333333], [15615, 0.18167264344262296], [15871, 0.17874243951612903], [16127, 0.17596726190476192], [16383, 0.1732177734375], [16639, 0.17055288461538462], [16895, 0.16796875], [17151, 0.16546175373134328], [17407, 0.1630859375], [17663, 0.1607223731884058], [17919, 0.16088169642857142], [18175, 0.1659881161971831], [18431, 0.16943359375], [18687, 0.17273116438356165], [18943, 0.17588682432432431], [19199, 0.17822916666666666], [19455, 0.1815892269736842], [19711, 0.18313717532467533], [19967, 0.18354366987179488], [20223, 0.18359375], [20479, 0.184033203125], [20735, 0.1839795524691358], [20991, 0.18416539634146342], [21247, 0.18491152108433734], [21503, 0.18540736607142858], [21759, 0.18644301470588234], [22015, 0.18790879360465115], [22271, 0.18898168103448276], [22527, 0.19127308238636365], [22783, 0.19303019662921347], [23039, 0.19401041666666666], [23295, 0.19492616758241757], [23551, 0.19671365489130435], [23807, 0.1985467069892473], [24063, 0.20038231382978725], [24319, 0.20176809210526317], [24575, 0.20320638020833334], [24831, 0.20441365979381443], [25087, 0.20563616071428573], [25343, 0.20734690656565657], [25599, 0.20828125], [25855, 0.2096612004950495], [26111, 0.21036305147058823], [26367, 0.21180976941747573], [26623, 0.21285306490384615], [26879, 0.2142485119047619], [27135, 0.21524911556603774], [27391, 0.2161580023364486], [27647, 0.216796875], [27903, 0.21799741972477063], [28159, 0.21665482954545454], [28415, 0.21494932432432431], [28671, 0.21330915178571427], [28927, 0.2117325774336283], [29183, 0.21011513157894737], [29439, 0.20859375], [29695, 0.20716594827586207], [29951, 0.20552884615384615], [30207, 0.20421742584745764], [30463, 0.20282956932773108], [30719, 0.20139973958333332], [30975, 0.20051007231404958], [31231, 0.1992827868852459], [31487, 0.19807545731707318], [31743, 0.1973601310483871], [31999, 0.196625], [32255, 0.19673859126984128], [32511, 0.1976193405511811], [32767, 0.19927978515625], [33023, 0.20085392441860464], [33279, 0.2015625], [33535, 0.20124642175572519], [33791, 0.20134943181818182], [34047, 0.20148026315789475], [34303, 0.20131763059701493], [34559, 0.20107060185185185], [34815, 0.2007123161764706], [35071, 0.20050182481751824], [35327, 0.2006057518115942], [35583, 0.2009330035971223], [35839, 0.2011439732142857], [36095, 0.20099179964539007], [36351, 0.20081426056338028], [36607, 0.2009396853146853], [36863, 0.2008734809027778], [37119, 0.2005657327586207], [37375, 0.20058326198630136], [37631, 0.20052083333333334], [37887, 0.20069679054054054], [38143, 0.200503355704698], [38399, 0.19916666666666666], [38655, 0.1978476821192053], [38911, 0.19749691611842105], [39167, 0.1974826388888889], [39423, 0.19734172077922077], [39679, 0.19765625], [39935, 0.1982421875], [40191, 0.19867137738853502], [40447, 0.19924347310126583], [40703, 0.19978380503144655], [40959, 0.20048828125], [41215, 0.20084433229813664], [41471, 0.20150945216049382], [41727, 0.20197469325153375], [41983, 0.20238662347560976], [42239, 0.203125], [42495, 0.2038074171686747], [42751, 0.2043880988023952], [43007, 0.20512462797619047], [43263, 0.20603735207100593], [43519, 0.20684742647058824], [43775, 0.20723684210526316], [44031, 0.2082576308139535], [44287, 0.2086569725433526], [44543, 0.20916397270114942], [44799, 0.20995535714285715], [45055, 0.2110262784090909], [45311, 0.2116657838983051], [45567, 0.21240783005617977], [45823, 0.21322887569832402], [46079, 0.21427951388888888], [46335, 0.2151890538674033], [46591, 0.21606713598901098], [46847, 0.21601775956284153], [47103, 0.21484375], [47359, 0.21368243243243243], [47615, 0.21253360215053763], [47871, 0.2114388368983957], [48127, 0.21033494015957446], [48383, 0.20930472883597884], [48639, 0.20840871710526315], [48895, 0.20766524869109948], [49151, 0.20699055989583334], [49407, 0.20644430051813473], [49663, 0.20594394329896906], [49919, 0.20556891025641025], [50175, 0.20579559948979592], [50431, 0.20635707487309646], [50687, 0.20712989267676768], [50943, 0.20803234924623115], [51199, 0.20912109375], [51455, 0.2103544776119403], [51711, 0.21171101485148514], [51967, 0.21293873152709358], [52223, 0.21239276960784315], [52479, 0.21135670731707318], [52735, 0.21033070388349515], [52846, 0.20988892463148334]], "candidate_count_total": 40, "confirmed_count_total": 40, "created_at": 1767841496.029955}