{"dataset_name": "sine_nodrift", "dataset_type": "sine", "model_variant": "ts_drift_adapt", "seed": 3, "monitor_preset": "error_divergence_ph_meta@error.threshold=0.10,error.min_instances=5", "monitor_preset_base": "error_divergence_ph_meta", "monitor_ph_params": {"error_rate": {"delta": 0.005, "alpha": 0.15, "threshold": 0.1, "min_instances": 5}, "divergence": {"delta": 0.005, "alpha": 0.1, "threshold": 0.05, "min_instances": 30}}, "monitor_ph_overrides": {"error_rate": {"threshold": 0.1, "min_instances": 5}}, "trigger_mode": "two_stage", "trigger_k": 2, "trigger_threshold": 0.5, "trigger_weights": "__confirm_cooldown=200,__confirm_rule=perm_test,__perm_alpha=0.02,__perm_min_effect=0,__perm_n_perm=200,__perm_post_n=50,__perm_pre_n=200,__perm_rng_seed=0,__perm_stat=fused_score,divergence=0.3,error_rate=0.5,teacher_entropy=0.2", "confirm_window": 3, "confirm_cooldown": 0, "adaptive_cooldown_enabled": 0, "adaptive_window": 10000, "adaptive_lower_per10k": 10.0, "adaptive_upper_per10k": 25.0, "adaptive_cooldown_low": 200, "adaptive_cooldown_high": 500, "severity_scheduler_scale": 1.0, "use_severity_v2": 0, "severity_gate": "none", "severity_gate_min_streak": 1, "entropy_mode": "overconfident", "severity_decay": 0.95, "freeze_baseline_steps": 0, "n_steps": 800, "horizon": 10000, "acc_final": 0.9131, "mean_acc": 0.8216593557071366, "acc_min": 0.40625, "candidate_sample_idxs": [319, 639, 959, 1279, 1599, 1919, 2239, 2559, 2879, 3199, 3519, 3967, 4287, 4735, 5055, 5375, 6143, 6463, 6783, 7103, 7935, 8511, 8959, 9407, 9727], "confirmed_sample_idxs": [703, 1023, 1279, 1663, 2303, 2559, 3199, 3967, 4863, 6143, 6655, 7167, 7935, 8511, 8959, 9407], "acc_series": [[63, 0.40625], [127, 0.421875], [191, 0.4739583333333333], [255, 0.51171875], [319, 0.525], [383, 0.5703125], [447, 0.5892857142857143], [511, 0.6171875], [575, 0.6197916666666666], [639, 0.6265625], [703, 0.625], [767, 0.62109375], [831, 0.6310096153846154], [895, 0.640625], [959, 0.653125], [1023, 0.66015625], [1087, 0.6737132352941176], [1151, 0.6866319444444444], [1215, 0.6981907894736842], [1279, 0.70390625], [1343, 0.7090773809523809], [1407, 0.7116477272727273], [1471, 0.7153532608695652], [1535, 0.720703125], [1599, 0.725], [1663, 0.7277644230769231], [1727, 0.7280092592592593], [1791, 0.7265625], [1855, 0.728448275862069], [1919, 0.7307291666666667], [1983, 0.7348790322580645], [2047, 0.74072265625], [2111, 0.7476325757575758], [2175, 0.7536764705882353], [2239, 0.759375], [2303, 0.7647569444444444], [2367, 0.7702702702702703], [2431, 0.7742598684210527], [2495, 0.7776442307692307], [2559, 0.781640625], [2623, 0.7850609756097561], [2687, 0.7901785714285714], [2751, 0.7936046511627907], [2815, 0.7961647727272727], [2879, 0.8006944444444445], [2943, 0.8043478260869565], [3007, 0.8081781914893617], [3071, 0.8115234375], [3135, 0.8150510204081632], [3199, 0.8184375], [3263, 0.8207720588235294], [3327, 0.8233173076923077], [3391, 0.8260613207547169], [3455, 0.828125], [3519, 0.8295454545454546], [3583, 0.8317522321428571], [3647, 0.8341557017543859], [3711, 0.8359375], [3775, 0.8384533898305084], [3839, 0.840625], [3903, 0.8422131147540983], [3967, 0.8440020161290323], [4031, 0.8447420634920635], [4095, 0.84619140625], [4159, 0.8475961538461538], [4223, 0.8491950757575758], [4287, 0.8505130597014925], [4351, 0.8515625], [4415, 0.8521286231884058], [4479, 0.8537946428571429], [4543, 0.8547535211267606], [4607, 0.8559027777777778], [4671, 0.8565924657534246], [4735, 0.8574746621621622], [4799, 0.8585416666666666], [4863, 0.8599917763157895], [4927, 0.8607954545454546], [4991, 0.8619791666666666], [5055, 0.8631329113924051], [5119, 0.8640625], [5183, 0.8649691358024691], [5247, 0.866234756097561], [5311, 0.8674698795180723], [5375, 0.8688616071428571], [5439, 0.8700367647058823], [5503, 0.8704578488372093], [5567, 0.8714080459770115], [5631, 0.8719815340909091], [5695, 0.8730688202247191], [5759, 0.8744791666666667], [5823, 0.8758585164835165], [5887, 0.8768682065217391], [5951, 0.8776881720430108], [6015, 0.8788231382978723], [6079, 0.8799342105263158], [6143, 0.8805338541666666], [6207, 0.881604381443299], [6271, 0.8824936224489796], [6335, 0.8828914141414141], [6399, 0.88296875], [6463, 0.8838180693069307], [6527, 0.8843443627450981], [6591, 0.8853155339805825], [6655, 0.8852163461538461], [6719, 0.8860119047619047], [6783, 0.8866450471698113], [6847, 0.8872663551401869], [6911, 0.8880208333333334], [6975, 0.8884747706422018], [7039, 0.8890625], [7103, 0.8897804054054054], [7167, 0.890625], [7231, 0.8915929203539823], [7295, 0.8922697368421053], [7359, 0.8929347826086956], [7423, 0.8937230603448276], [7487, 0.8942307692307693], [7551, 0.894729872881356], [7615, 0.8953518907563025], [7679, 0.8959635416666667], [7743, 0.8964359504132231], [7807, 0.897156762295082], [7871, 0.8979928861788617], [7935, 0.8985635080645161], [7999, 0.89925], [8063, 0.8999255952380952], [8127, 0.9005905511811023], [8191, 0.9013671875], [8255, 0.9017684108527132], [8319, 0.9021634615384615], [8383, 0.9027910305343512], [8447, 0.9034090909090909], [8511, 0.9037828947368421], [8575, 0.9041511194029851], [8639, 0.9048611111111111], [8703, 0.9052159926470589], [8767, 0.905565693430657], [8831, 0.9060235507246377], [8895, 0.90625], [8959, 0.9066964285714286], [9023, 0.9072473404255319], [9087, 0.9072403169014085], [9151, 0.9075611888111889], [9215, 0.9078776041666666], [9279, 0.9084051724137931], [9343, 0.9089255136986302], [9407, 0.9094387755102041], [9471, 0.9100506756756757], [9535, 0.910234899328859], [9599, 0.9105208333333333], [9663, 0.9109064569536424], [9727, 0.9111842105263158], [9791, 0.9116625816993464], [9855, 0.9120332792207793], [9919, 0.9125], [9983, 0.9129607371794872], [9999, 0.9131]], "candidate_count_total": 23, "confirmed_count_total": 16, "created_at": 1768128687.7362087, "confirm_rule_effective": "perm_test", "last_perm_pvalue": 1.0, "last_perm_effect": -0.018476266765246413, "perm_test_count_total": 50, "perm_accept_count_total": 16, "perm_reject_count_total": 34, "perm_alpha": 0.02, "perm_pvalue_p50": 1.0, "perm_pvalue_p90": 1.0, "perm_pvalue_p99": 1.0, "perm_pvalue_le_alpha_ratio": 0.32, "perm_effect_p50": -0.006044512299485294, "perm_effect_p90": 0.07351125022230508, "perm_effect_p99": 0.12177709623308938}