{"dataset_name": "sine_nodrift", "dataset_type": "sine", "model_variant": "ts_drift_adapt", "seed": 1, "monitor_preset": "error_divergence_ph_meta@error.threshold=0.10,error.min_instances=5", "monitor_preset_base": "error_divergence_ph_meta", "monitor_ph_params": {"error_rate": {"delta": 0.005, "alpha": 0.15, "threshold": 0.1, "min_instances": 5}, "divergence": {"delta": 0.005, "alpha": 0.1, "threshold": 0.05, "min_instances": 30}}, "monitor_ph_overrides": {"error_rate": {"threshold": 0.1, "min_instances": 5}}, "trigger_mode": "two_stage", "trigger_k": 2, "trigger_threshold": 0.5, "trigger_weights": "__confirm_cooldown=200,__confirm_rule=perm_test,__perm_alpha=0.05,__perm_min_effect=0,__perm_n_perm=200,__perm_post_n=30,__perm_pre_n=500,__perm_rng_seed=0,__perm_stat=fused_score,divergence=0.3,error_rate=0.5,teacher_entropy=0.2", "confirm_window": 3, "confirm_cooldown": 0, "adaptive_cooldown_enabled": 0, "adaptive_window": 10000, "adaptive_lower_per10k": 10.0, "adaptive_upper_per10k": 25.0, "adaptive_cooldown_low": 200, "adaptive_cooldown_high": 500, "severity_scheduler_scale": 1.0, "use_severity_v2": 0, "severity_gate": "none", "severity_gate_min_streak": 1, "entropy_mode": "overconfident", "severity_decay": 0.95, "freeze_baseline_steps": 0, "n_steps": 800, "horizon": 10000, "acc_final": 0.9257, "mean_acc": 0.8516694771867255, "acc_min": 0.5703125, "candidate_sample_idxs": [319, 639, 959, 1279, 1599, 1919, 2239, 2559, 2879, 3199, 3519, 3839, 4159, 4863, 5183, 5503, 6015, 6335, 6655, 6975, 7295, 7679, 7999, 8639, 9087, 9407, 9919], "confirmed_sample_idxs": [639, 959, 1471, 2239, 2559, 3199, 3839, 4159, 4863, 5183, 6015, 6655, 7167, 7679, 8639, 9087, 9919], "acc_series": [[63, 0.609375], [127, 0.5703125], [191, 0.5989583333333334], [255, 0.58203125], [319, 0.59375], [383, 0.5963541666666666], [447, 0.6026785714285714], [511, 0.611328125], [575, 0.6388888888888888], [639, 0.653125], [703, 0.6548295454545454], [767, 0.6627604166666666], [831, 0.671875], [895, 0.6886160714285714], [959, 0.696875], [1023, 0.7109375], [1087, 0.71875], [1151, 0.7326388888888888], [1215, 0.7417763157894737], [1279, 0.74921875], [1343, 0.7552083333333334], [1407, 0.7620738636363636], [1471, 0.7676630434782609], [1535, 0.7740885416666666], [1599, 0.779375], [1663, 0.7860576923076923], [1727, 0.7922453703703703], [1791, 0.7974330357142857], [1855, 0.8001077586206896], [1919, 0.8057291666666667], [1983, 0.8099798387096774], [2047, 0.8134765625], [2111, 0.8162878787878788], [2175, 0.8180147058823529], [2239, 0.8200892857142857], [2303, 0.8198784722222222], [2367, 0.8213682432432432], [2431, 0.8244243421052632], [2495, 0.8261217948717948], [2559, 0.82734375], [2623, 0.8296493902439024], [2687, 0.8318452380952381], [2751, 0.8332122093023255], [2815, 0.8362926136363636], [2879, 0.8395833333333333], [2943, 0.8417119565217391], [3007, 0.8444148936170213], [3071, 0.8466796875], [3135, 0.8485331632653061], [3199, 0.8496875], [3263, 0.8526348039215687], [3327, 0.8548677884615384], [3391, 0.8561320754716981], [3455, 0.8576388888888888], [3519, 0.8579545454545454], [3583, 0.8590959821428571], [3647, 0.8610197368421053], [3711, 0.8617995689655172], [3775, 0.8628177966101694], [3839, 0.8643229166666667], [3903, 0.866547131147541], [3967, 0.8671875], [4031, 0.8680555555555556], [4095, 0.867919921875], [4159, 0.8677884615384616], [4223, 0.8693181818181818], [4287, 0.871035447761194], [4351, 0.8722426470588235], [4415, 0.8734148550724637], [4479, 0.8747767857142857], [4543, 0.8758802816901409], [4607, 0.8776041666666666], [4671, 0.8788527397260274], [4735, 0.8796452702702703], [4799, 0.880625], [4863, 0.881578947368421], [4927, 0.8825081168831169], [4991, 0.8838141025641025], [5055, 0.8848892405063291], [5119, 0.8859375], [5183, 0.8865740740740741], [5247, 0.8875762195121951], [5311, 0.8885542168674698], [5375, 0.8895089285714286], [5439, 0.8900735294117647], [5503, 0.8913517441860465], [5567, 0.8924209770114943], [5631, 0.8934659090909091], [5695, 0.8939606741573034], [5759, 0.8947916666666667], [5823, 0.8959478021978022], [5887, 0.8967391304347826], [5951, 0.897513440860215], [6015, 0.8981050531914894], [6079, 0.8988486842105263], [6143, 0.8997395833333334], [6207, 0.8998067010309279], [6271, 0.9003507653061225], [6335, 0.9010416666666666], [6399, 0.90203125], [6463, 0.9028465346534653], [6527, 0.9036458333333334], [6591, 0.904126213592233], [6655, 0.9039963942307693], [6719, 0.9046130952380952], [6783, 0.9050707547169812], [6847, 0.9056658878504673], [6911, 0.9063946759259259], [6975, 0.9068233944954128], [7039, 0.9073863636363636], [7103, 0.9079391891891891], [7167, 0.9084821428571429], [7231, 0.9091537610619469], [7295, 0.9099506578947368], [7359, 0.9104619565217391], [7423, 0.9110991379310345], [7487, 0.9118589743589743], [7551, 0.9123411016949152], [7615, 0.9128151260504201], [7679, 0.91328125], [7743, 0.9137396694214877], [7807, 0.9141905737704918], [7871, 0.9146341463414634], [7935, 0.9151965725806451], [7999, 0.915375], [8063, 0.916046626984127], [8127, 0.9165846456692913], [8191, 0.9169921875], [8255, 0.9171511627906976], [8319, 0.9177884615384615], [8383, 0.9180582061068703], [8447, 0.9182054924242424], [8511, 0.918703007518797], [8575, 0.9191930970149254], [8639, 0.9195601851851852], [8703, 0.9198069852941176], [8767, 0.9203923357664233], [8831, 0.9209692028985508], [8895, 0.9213129496402878], [8959, 0.9216517857142857], [9023, 0.9215425531914894], [9087, 0.921324823943662], [9151, 0.9214379370629371], [9215, 0.9216579861111112], [9279, 0.9220905172413794], [9343, 0.922410102739726], [9407, 0.9226190476190477], [9471, 0.9227195945945946], [9535, 0.923238255033557], [9599, 0.92375], [9663, 0.9241514900662252], [9727, 0.9246504934210527], [9791, 0.9249387254901961], [9855, 0.9252232142857143], [9919, 0.9254032258064516], [9983, 0.92578125], [9999, 0.9257]], "candidate_count_total": 25, "confirmed_count_total": 17, "created_at": 1768150723.1081462, "confirm_rule_effective": "perm_test", "last_perm_pvalue": 0.004975124378109453, "last_perm_effect": 0.07272798927630206, "perm_test_count_total": 51, "perm_accept_count_total": 17, "perm_reject_count_total": 34, "perm_alpha": 0.05, "perm_pvalue_p50": 1.0, "perm_pvalue_p90": 1.0, "perm_pvalue_p99": 1.0, "perm_pvalue_le_alpha_ratio": 0.3333333333333333, "perm_effect_p50": -0.0019305102325263763, "perm_effect_p90": 0.06981669728548626, "perm_effect_p99": 0.1133857651565313}