{"dataset_name": "INSECTS_abrupt_balanced", "dataset_type": "insects_real", "model_variant": "ts_drift_adapt_severity", "seed": 18, "monitor_preset": "error_divergence_ph_meta@error.threshold=0.02,error.min_instances=5", "monitor_preset_base": "error_divergence_ph_meta", "monitor_ph_params": {"error_rate": {"delta": 0.005, "alpha": 0.15, "threshold": 0.02, "min_instances": 5}, "divergence": {"delta": 0.005, "alpha": 0.1, "threshold": 0.05, "min_instances": 30}}, "monitor_ph_overrides": {"error_rate": {"threshold": 0.02, "min_instances": 5}}, "trigger_mode": "two_stage", "trigger_k": 2, "trigger_threshold": 0.5, "trigger_weights": "confirm_cooldown=200,divergence=0.3,error_rate=0.5,teacher_entropy=0.2", "confirm_window": 1, "confirm_cooldown": 0, "adaptive_cooldown_enabled": 0, "adaptive_window": 10000, "adaptive_lower_per10k": 10.0, "adaptive_upper_per10k": 25.0, "adaptive_cooldown_low": 200, "adaptive_cooldown_high": 500, "severity_scheduler_scale": 2.0, "use_severity_v2": 1, "severity_gate": "confirmed_streak", "severity_gate_min_streak": 1, "entropy_mode": "uncertain", "severity_decay": 0.95, "freeze_baseline_steps": 5, "n_steps": 1200, "horizon": 52847, "acc_final": 0.18854428822828165, "mean_acc": 0.18549100015913766, "acc_min": 0.15613677536231885, "candidate_sample_idxs": [1279, 2559, 3839, 5119, 6399, 7679, 8959, 10239, 11519, 12799, 14335, 15615, 18175, 19455, 20735, 22015, 23295, 24575, 25855, 27135, 28415, 30463, 31999, 33279, 34559, 35839, 37119, 38399, 39679, 40959, 42239, 43519, 44799, 46079, 47359, 49663, 50943, 52223], "confirmed_sample_idxs": [1279, 2559, 3839, 5119, 6399, 7679, 8959, 10239, 11519, 12799, 14335, 15615, 18175, 19455, 20735, 22015, 23295, 24575, 25855, 27135, 28415, 30463, 31999, 33279, 34559, 35839, 37119, 38399, 39679, 40959, 42239, 43519, 44799, 46079, 47359, 49663, 50943, 52223], "acc_series": [[255, 0.1640625], [511, 0.166015625], [767, 0.17838541666666666], [1023, 0.1767578125], [1279, 0.18125], [1535, 0.18033854166666666], [1791, 0.17801339285714285], [2047, 0.177734375], [2303, 0.1792534722222222], [2559, 0.174609375], [2815, 0.17613636363636365], [3071, 0.17708333333333334], [3327, 0.17938701923076922], [3583, 0.17912946428571427], [3839, 0.18619791666666666], [4095, 0.18701171875], [4351, 0.18841911764705882], [4607, 0.189453125], [4863, 0.19099506578947367], [5119, 0.1935546875], [5375, 0.19438244047619047], [5631, 0.19549005681818182], [5887, 0.19752038043478262], [6143, 0.19710286458333334], [6399, 0.19734375], [6655, 0.19816706730769232], [6911, 0.19849537037037038], [7167, 0.19754464285714285], [7423, 0.19760237068965517], [7679, 0.19635416666666666], [7935, 0.1969506048387097], [8191, 0.197509765625], [8447, 0.19850852272727273], [8703, 0.20140165441176472], [8959, 0.20279017857142856], [9215, 0.2026909722222222], [9471, 0.20418074324324326], [9727, 0.20487253289473684], [9983, 0.2052283653846154], [10239, 0.20595703125], [10495, 0.20617378048780488], [10751, 0.20656622023809523], [11007, 0.20875726744186046], [11263, 0.20871803977272727], [11519, 0.21006944444444445], [11775, 0.21000339673913043], [12031, 0.21160239361702127], [12287, 0.21256510416666666], [12543, 0.21324936224489796], [12799, 0.209921875], [13055, 0.20580575980392157], [13311, 0.20184795673076922], [13567, 0.19803950471698112], [13823, 0.19437210648148148], [14079, 0.19098011363636364], [14335, 0.18966238839285715], [14591, 0.18832236842105263], [14847, 0.18521012931034483], [15103, 0.18213718220338984], [15359, 0.1791015625], [15615, 0.17616547131147542], [15871, 0.17332409274193547], [16127, 0.17063492063492064], [16383, 0.16796875], [16639, 0.16544471153846155], [16895, 0.16293797348484848], [17151, 0.16050606343283583], [17407, 0.15831801470588236], [17663, 0.15613677536231885], [17919, 0.15630580357142856], [18175, 0.1601012323943662], [18431, 0.1621636284722222], [18687, 0.1636879280821918], [18943, 0.16480152027027026], [19199, 0.1659375], [19455, 0.16837993421052633], [19711, 0.16999797077922077], [19967, 0.17037259615384615], [20223, 0.17073773734177214], [20479, 0.171484375], [20735, 0.17182677469135801], [20991, 0.17211318597560976], [21247, 0.17211031626506024], [21503, 0.17196800595238096], [21759, 0.17196691176470588], [22015, 0.17228379360465115], [22271, 0.1725933908045977], [22527, 0.1727627840909091], [22783, 0.17323560393258428], [23039, 0.17473958333333334], [23295, 0.17548076923076922], [23551, 0.17701256793478262], [23807, 0.1780493951612903], [24063, 0.17873171542553193], [24319, 0.17944078947368422], [24575, 0.18021647135416666], [24831, 0.18117751288659795], [25087, 0.18235809948979592], [25343, 0.18379103535353536], [25599, 0.18453125], [25855, 0.1856822400990099], [26111, 0.18669577205882354], [26367, 0.18780339805825244], [26623, 0.18892728365384615], [26879, 0.19032738095238094], [27135, 0.19144310141509435], [27391, 0.19286653037383178], [27647, 0.1945529513888889], [27903, 0.19620842889908258], [28159, 0.19485085227272728], [28415, 0.19313063063063063], [28671, 0.19151088169642858], [28927, 0.18981609513274336], [29183, 0.18818530701754385], [29439, 0.1865828804347826], [29695, 0.18497440732758622], [29951, 0.18342681623931623], [30207, 0.18187235169491525], [30463, 0.18047531512605042], [30719, 0.17900390625], [30975, 0.17758910123966942], [31231, 0.17632556352459017], [31487, 0.17520960365853658], [31743, 0.17455267137096775], [31999, 0.175125], [32255, 0.17686631944444445], [32511, 0.1789185531496063], [32767, 0.180877685546875], [33023, 0.1828670058139535], [33279, 0.18326322115384616], [33535, 0.18299737595419846], [33791, 0.18320904356060605], [34047, 0.1834468984962406], [34303, 0.18333138992537312], [34559, 0.1829861111111111], [34815, 0.1826171875], [35071, 0.18242472627737227], [35327, 0.182716259057971], [35583, 0.18300359712230216], [35839, 0.18317522321428573], [36095, 0.18306737588652483], [36351, 0.1832911531690141], [36607, 0.18340253496503497], [36863, 0.1834038628472222], [37119, 0.1833782327586207], [37375, 0.1834599743150685], [37631, 0.1837000425170068], [37887, 0.18380489864864866], [38143, 0.18382969798657717], [38399, 0.18260416666666668], [38655, 0.18139486754966888], [38911, 0.18099814967105263], [39167, 0.1808874591503268], [39423, 0.18082893668831168], [39679, 0.1811491935483871], [39935, 0.18091446314102563], [40191, 0.18075736464968153], [40447, 0.1804539161392405], [40703, 0.18047366352201258], [40959, 0.180908203125], [41215, 0.18102193322981366], [41471, 0.18152006172839505], [41727, 0.18182036042944785], [41983, 0.18230754573170732], [42239, 0.18302556818181817], [42495, 0.18368787650602408], [42751, 0.18438903443113772], [43007, 0.1851748511904762], [43263, 0.1862287352071006], [43519, 0.18724724264705883], [43775, 0.18791118421052633], [44031, 0.18904433139534885], [44287, 0.18969020953757226], [44543, 0.19030621408045978], [44799, 0.1911607142857143], [45055, 0.19220525568181818], [45311, 0.1929731638418079], [45567, 0.19399578651685392], [45823, 0.19500698324022347], [46079, 0.1960720486111111], [46335, 0.19693111187845305], [46591, 0.1977807348901099], [46847, 0.19810877732240437], [47103, 0.19705332880434784], [47359, 0.19598817567567567], [47615, 0.19493447580645162], [47871, 0.1939129344919786], [48127, 0.19288148271276595], [48383, 0.19188161375661375], [48639, 0.1909128289473684], [48895, 0.19007689790575916], [49151, 0.18927001953125], [49407, 0.18865365932642486], [49663, 0.18836581829896906], [49919, 0.18818108974358974], [50175, 0.18851642219387754], [50431, 0.18880869289340102], [50687, 0.18895991161616163], [50943, 0.18930590452261306], [51199, 0.1896875], [51455, 0.19012360074626866], [51711, 0.19069074876237624], [51967, 0.19134852216748768], [52223, 0.1907935049019608], [52479, 0.18986280487804877], [52735, 0.18894114077669902], [52846, 0.18854428822828165]], "candidate_count_total": 38, "confirmed_count_total": 38, "created_at": 1767890565.902989}