{"dataset_name": "sine_nodrift", "dataset_type": "sine", "model_variant": "ts_drift_adapt", "seed": 5, "monitor_preset": "error_divergence_ph_meta@error.threshold=0.10,error.min_instances=5", "monitor_preset_base": "error_divergence_ph_meta", "monitor_ph_params": {"error_rate": {"delta": 0.005, "alpha": 0.15, "threshold": 0.1, "min_instances": 5}, "divergence": {"delta": 0.005, "alpha": 0.1, "threshold": 0.05, "min_instances": 30}}, "monitor_ph_overrides": {"error_rate": {"threshold": 0.1, "min_instances": 5}}, "trigger_mode": "two_stage", "trigger_k": 2, "trigger_threshold": 0.5, "trigger_weights": "__confirm_cooldown=200,__confirm_rule=perm_test,__perm_alpha=0.05,__perm_min_effect=0,__perm_n_perm=200,__perm_post_n=50,__perm_pre_n=500,__perm_rng_seed=0,__perm_stat=vote_score,divergence=0.3,error_rate=0.5,teacher_entropy=0.2", "confirm_window": 3, "confirm_cooldown": 0, "adaptive_cooldown_enabled": 0, "adaptive_window": 10000, "adaptive_lower_per10k": 10.0, "adaptive_upper_per10k": 25.0, "adaptive_cooldown_low": 200, "adaptive_cooldown_high": 500, "severity_scheduler_scale": 1.0, "use_severity_v2": 0, "severity_gate": "none", "severity_gate_min_streak": 1, "entropy_mode": "overconfident", "severity_decay": 0.95, "freeze_baseline_steps": 0, "n_steps": 800, "horizon": 10000, "acc_final": 0.9099, "mean_acc": 0.8252198726725408, "acc_min": 0.4375, "candidate_sample_idxs": [319, 639, 959, 1279, 1599, 1919, 2239, 2559, 2879, 3199, 3519, 3839, 4159, 4479, 4799, 5119, 5439, 5887, 6207, 7423, 7743, 8255, 8575, 8895, 9215], "confirmed_sample_idxs": [639, 959, 1279, 1599, 1919, 2239, 2559, 2879, 3199, 3519, 3839, 4159, 4479, 4799, 5119, 5439, 5887, 6207, 7423, 7743, 8255, 8575, 8895, 9215], "acc_series": [[63, 0.4375], [127, 0.4765625], [191, 0.4895833333333333], [255, 0.49609375], [319, 0.515625], [383, 0.5494791666666666], [447, 0.5848214285714286], [511, 0.607421875], [575, 0.6215277777777778], [639, 0.6359375], [703, 0.6548295454545454], [767, 0.671875], [831, 0.6766826923076923], [895, 0.6919642857142857], [959, 0.6979166666666666], [1023, 0.7060546875], [1087, 0.7077205882352942], [1151, 0.7126736111111112], [1215, 0.7162828947368421], [1279, 0.71796875], [1343, 0.7194940476190477], [1407, 0.7258522727272727], [1471, 0.7316576086956522], [1535, 0.7389322916666666], [1599, 0.74625], [1663, 0.7518028846153846], [1727, 0.7563657407407407], [1791, 0.7589285714285714], [1855, 0.7629310344827587], [1919, 0.7661458333333333], [1983, 0.7686491935483871], [2047, 0.77197265625], [2111, 0.7746212121212122], [2175, 0.7761948529411765], [2239, 0.7767857142857143], [2303, 0.7799479166666666], [2367, 0.784206081081081], [2431, 0.7874177631578947], [2495, 0.7900641025641025], [2559, 0.7921875], [2623, 0.7949695121951219], [2687, 0.796875], [2751, 0.8005087209302325], [2815, 0.8039772727272727], [2879, 0.8065972222222222], [2943, 0.8087635869565217], [3007, 0.8111702127659575], [3071, 0.8121744791666666], [3135, 0.8150510204081632], [3199, 0.81625], [3263, 0.8192401960784313], [3327, 0.8197115384615384], [3391, 0.8204599056603774], [3455, 0.8229166666666666], [3519, 0.8252840909090909], [3583, 0.8284040178571429], [3647, 0.8305921052631579], [3711, 0.8329741379310345], [3775, 0.8344809322033898], [3839, 0.8361979166666667], [3903, 0.8383709016393442], [3967, 0.8402217741935484], [4031, 0.8420138888888888], [4095, 0.843994140625], [4159, 0.8444711538461539], [4223, 0.8451704545454546], [4287, 0.8470149253731343], [4351, 0.8478860294117647], [4415, 0.849411231884058], [4479, 0.8513392857142857], [4543, 0.8529929577464789], [4607, 0.8541666666666666], [4671, 0.8559503424657534], [4735, 0.8572635135135135], [4799, 0.8583333333333333], [4863, 0.8591694078947368], [4927, 0.8605925324675324], [4991, 0.8617788461538461], [5055, 0.8633306962025317], [5119, 0.86328125], [5183, 0.8645833333333334], [5247, 0.8654725609756098], [5311, 0.8661521084337349], [5375, 0.8668154761904762], [5439, 0.8676470588235294], [5503, 0.8690043604651163], [5567, 0.8703304597701149], [5631, 0.8709161931818182], [5695, 0.8720154494382022], [5759, 0.8732638888888888], [5823, 0.8739697802197802], [5887, 0.8748301630434783], [5951, 0.8751680107526881], [6015, 0.8761635638297872], [6079, 0.8771381578947368], [6143, 0.8777669270833334], [6207, 0.8785438144329897], [6271, 0.8789859693877551], [6335, 0.8795770202020202], [6399, 0.88015625], [6463, 0.8807240099009901], [6527, 0.8812806372549019], [6591, 0.882129854368932], [6655, 0.8829627403846154], [6719, 0.8834821428571429], [6783, 0.8842865566037735], [6847, 0.8846378504672897], [6911, 0.8854166666666666], [6975, 0.8864678899082569], [7039, 0.8867897727272728], [7103, 0.8869650900900901], [7167, 0.8874162946428571], [7231, 0.8879977876106194], [7295, 0.8885690789473685], [7359, 0.889266304347826], [7423, 0.8898168103448276], [7487, 0.890357905982906], [7551, 0.8911546610169492], [7615, 0.8916754201680672], [7679, 0.8920572916666667], [7743, 0.8923037190082644], [7807, 0.8931864754098361], [7871, 0.8938008130081301], [7935, 0.8941532258064516], [7999, 0.895], [8063, 0.8954613095238095], [8127, 0.8957923228346457], [8191, 0.8963623046875], [8255, 0.8969234496124031], [8319, 0.8974759615384615], [8383, 0.8977814885496184], [8447, 0.8985558712121212], [8511, 0.8990836466165414], [8575, 0.8996035447761194], [8639, 0.8998842592592593], [8703, 0.9000459558823529], [8767, 0.9005474452554745], [8831, 0.9010416666666666], [8895, 0.9015287769784173], [8959, 0.9021205357142857], [9023, 0.9027039007092199], [9087, 0.9033890845070423], [9151, 0.9040646853146853], [9215, 0.904296875], [9279, 0.9049568965517242], [9343, 0.9056078767123288], [9407, 0.9061437074829932], [9471, 0.906566722972973], [9535, 0.9069840604026845], [9599, 0.9073958333333333], [9663, 0.9078021523178808], [9727, 0.908203125], [9791, 0.9085988562091504], [9855, 0.908887987012987], [9919, 0.9092741935483871], [9983, 0.9098557692307693], [9999, 0.9099]], "candidate_count_total": 25, "confirmed_count_total": 24, "created_at": 1768152849.1574929, "confirm_rule_effective": "perm_test", "last_perm_pvalue": 0.004975124378109453, "last_perm_effect": 0.4330541995571564, "perm_test_count_total": 24, "perm_accept_count_total": 24, "perm_reject_count_total": 0, "perm_alpha": 0.05, "perm_pvalue_p50": 0.004975124378109453, "perm_pvalue_p90": 0.004975124378109453, "perm_pvalue_p99": 0.004975124378109453, "perm_pvalue_le_alpha_ratio": 1.0, "perm_effect_p50": 0.4310466865066148, "perm_effect_p90": 0.4406021285294912, "perm_effect_p99": 0.4892869961273114}