{"dataset_name": "INSECTS_abrupt_balanced", "dataset_type": "insects_real", "model_variant": "ts_drift_adapt_severity", "seed": 4, "monitor_preset": "error_divergence_ph_meta@error.threshold=0.05,error.min_instances=5", "monitor_preset_base": "error_divergence_ph_meta", "monitor_ph_params": {"error_rate": {"delta": 0.005, "alpha": 0.15, "threshold": 0.05, "min_instances": 5}, "divergence": {"delta": 0.005, "alpha": 0.1, "threshold": 0.05, "min_instances": 30}}, "monitor_ph_overrides": {"error_rate": {"threshold": 0.05, "min_instances": 5}}, "trigger_mode": "two_stage", "trigger_k": 2, "trigger_threshold": 0.5, "trigger_weights": "confirm_cooldown=0,divergence=0.3,error_rate=0.5,teacher_entropy=0.2", "confirm_window": 1, "confirm_cooldown": 0, "severity_scheduler_scale": 1.0, "use_severity_v2": 1, "severity_gate": "confirmed_streak", "severity_gate_min_streak": 5, "entropy_mode": "overconfident", "severity_decay": 0.95, "freeze_baseline_steps": 0, "n_steps": 1200, "horizon": 52847, "acc_final": 0.19880031032982004, "mean_acc": 0.1970379374198887, "acc_min": 0.16457201086956522, "candidate_sample_idxs": [1279, 2559, 3839, 5119, 6399, 7679, 8959, 10239, 11519, 12799, 14335, 15615, 16895, 18175, 19455, 20735, 22015, 23295, 24575, 25855, 27135, 28415, 30463, 31743, 33023, 34303, 35583, 36863, 38143, 39423, 40703, 41983, 43263, 44543, 45823, 47103, 50687, 51967], "confirmed_sample_idxs": [1279, 2559, 3839, 5119, 6399, 7679, 8959, 10239, 11519, 12799, 14335, 15615, 16895, 18175, 19455, 20735, 22015, 23295, 24575, 25855, 27135, 28415, 30463, 31743, 33023, 34303, 35583, 36863, 38143, 39423, 40703, 41983, 43263, 44543, 45823, 47103, 50687, 51967], "acc_series": [[255, 0.1796875], [511, 0.19140625], [767, 0.18880208333333334], [1023, 0.1904296875], [1279, 0.190625], [1535, 0.18489583333333334], [1791, 0.18973214285714285], [2047, 0.1865234375], [2303, 0.19010416666666666], [2559, 0.19296875], [2815, 0.19460227272727273], [3071, 0.1982421875], [3327, 0.19861778846153846], [3583, 0.19810267857142858], [3839, 0.19921875], [4095, 0.197998046875], [4351, 0.20174632352941177], [4607, 0.20399305555555555], [4863, 0.20764802631578946], [5119, 0.209375], [5375, 0.21186755952380953], [5631, 0.21164772727272727], [5887, 0.21229619565217392], [6143, 0.21044921875], [6399, 0.21046875], [6655, 0.2109375], [6911, 0.21166087962962962], [7167, 0.21163504464285715], [7423, 0.21201508620689655], [7679, 0.21119791666666668], [7935, 0.21106350806451613], [8191, 0.209716796875], [8447, 0.20821496212121213], [8703, 0.20886948529411764], [8959, 0.21071428571428572], [9215, 0.2103949652777778], [9471, 0.21062077702702703], [9727, 0.2099095394736842], [9983, 0.21053685897435898], [10239, 0.21181640625], [10495, 0.21255716463414634], [10751, 0.21549479166666666], [11007, 0.21638808139534885], [11263, 0.21803977272727273], [11519, 0.21822916666666667], [11775, 0.2184103260869565], [12031, 0.21866688829787234], [12287, 0.219482421875], [12543, 0.22034438775510204], [12799, 0.216484375], [13055, 0.21223958333333334], [13311, 0.2081580528846154], [13567, 0.20423054245283018], [13823, 0.20044849537037038], [14079, 0.196875], [14335, 0.19489397321428573], [14591, 0.19503837719298245], [14847, 0.19302262931034483], [15103, 0.19054555084745764], [15359, 0.1875], [15615, 0.18455430327868852], [15871, 0.181640625], [16127, 0.1788814484126984], [16383, 0.17620849609375], [16639, 0.17349759615384616], [16895, 0.1708688446969697], [17151, 0.16861007462686567], [17407, 0.16636029411764705], [17663, 0.16457201086956522], [17919, 0.16495535714285714], [18175, 0.16741857394366197], [18431, 0.1691623263888889], [18687, 0.17043022260273974], [18943, 0.17166385135135134], [19199, 0.17291666666666666], [19455, 0.17516447368421054], [19711, 0.17715097402597402], [19967, 0.17778445512820512], [20223, 0.17835245253164558], [20479, 0.178857421875], [20735, 0.17934992283950618], [20991, 0.1798780487804878], [21247, 0.18067582831325302], [21503, 0.18159412202380953], [21759, 0.18216911764705881], [22015, 0.18359375], [22271, 0.18476113505747127], [22527, 0.18599076704545456], [22783, 0.1875877808988764], [23039, 0.1888454861111111], [23295, 0.1896462912087912], [23551, 0.19136379076086957], [23807, 0.19233030913978494], [24063, 0.19356715425531915], [24319, 0.1946546052631579], [24575, 0.19527180989583334], [24831, 0.19567493556701032], [25087, 0.19674744897959184], [25343, 0.19767992424242425], [25599, 0.1983984375], [25855, 0.1992961014851485], [26111, 0.20044424019607843], [26367, 0.2014942354368932], [26623, 0.2024864783653846], [26879, 0.20364583333333333], [27135, 0.2045990566037736], [27391, 0.2056804906542056], [27647, 0.2068504050925926], [27903, 0.2083213876146789], [28159, 0.20699573863636364], [28415, 0.20520129504504506], [28671, 0.20350864955357142], [28927, 0.20205337389380532], [29183, 0.20052083333333334], [29439, 0.19898097826086958], [29695, 0.19773706896551724], [29951, 0.19661458333333334], [30207, 0.1954449152542373], [30463, 0.19439338235294118], [30719, 0.19322916666666667], [30975, 0.19250387396694216], [31231, 0.1916623975409836], [31487, 0.19061229674796748], [31743, 0.19017767137096775], [31999, 0.19040625], [32255, 0.19134424603174602], [32511, 0.19220595472440946], [32767, 0.19403076171875], [33023, 0.1959484011627907], [33279, 0.1968449519230769], [33535, 0.1965648854961832], [33791, 0.19676254734848486], [34047, 0.19692786654135339], [34303, 0.19685750932835822], [34559, 0.19644097222222223], [34815, 0.19597311580882354], [35071, 0.1957116788321168], [35327, 0.19582201086956522], [35583, 0.19615557553956833], [35839, 0.1963169642857143], [36095, 0.19619902482269502], [36351, 0.19638534330985916], [36607, 0.19626857517482518], [36863, 0.1960991753472222], [37119, 0.1961206896551724], [37375, 0.19622217465753425], [37631, 0.19632227891156462], [37887, 0.19684332770270271], [38143, 0.19691170302013422], [38399, 0.19559895833333332], [38655, 0.19430360099337748], [38911, 0.19397615131578946], [39167, 0.1941125408496732], [39423, 0.1941203327922078], [39679, 0.19438004032258063], [39935, 0.19466145833333334], [40191, 0.194640724522293], [40447, 0.19474386867088608], [40703, 0.19484571540880502], [40959, 0.195166015625], [41215, 0.195215450310559], [41471, 0.19567418981481483], [41727, 0.19569593558282208], [41983, 0.19586032774390244], [42239, 0.19642518939393938], [42495, 0.19705384036144577], [42751, 0.19753461826347304], [43007, 0.19821893601190477], [43263, 0.19921875], [43519, 0.2000919117647059], [43775, 0.20070358187134502], [44031, 0.2018077761627907], [44287, 0.2022895592485549], [44543, 0.2029229525862069], [44799, 0.20375], [45055, 0.20456764914772727], [45311, 0.20517743644067796], [45567, 0.20586815308988765], [45823, 0.2066820879888268], [46079, 0.20785590277777777], [46335, 0.2085419544198895], [46591, 0.2091560782967033], [46847, 0.20931523224043716], [47103, 0.20817764945652173], [47359, 0.20705236486486486], [47615, 0.20593918010752688], [47871, 0.2048379010695187], [48127, 0.20374833776595744], [48383, 0.20267030423280424], [48639, 0.20160361842105262], [48895, 0.20054810209424084], [49151, 0.19950358072916666], [49407, 0.19849012305699482], [49663, 0.19746697809278352], [49919, 0.19647435897435897], [50175, 0.19559151785714285], [50431, 0.19519352791878172], [50687, 0.1955295138888889], [50943, 0.19621545226130654], [51199, 0.1972265625], [51455, 0.19857742537313433], [51711, 0.2000889542079208], [51967, 0.20158559113300492], [52223, 0.201171875], [52479, 0.2001905487804878], [52735, 0.19921875], [52846, 0.19880031032982004]], "candidate_count_total": 38, "confirmed_count_total": 38, "created_at": 1767841857.2608438}