{"dataset_name": "sine_nodrift", "dataset_type": "sine", "model_variant": "ts_drift_adapt", "seed": 2, "monitor_preset": "error_divergence_ph_meta@error.threshold=0.10,error.min_instances=5", "monitor_preset_base": "error_divergence_ph_meta", "monitor_ph_params": {"error_rate": {"delta": 0.005, "alpha": 0.15, "threshold": 0.1, "min_instances": 5}, "divergence": {"delta": 0.005, "alpha": 0.1, "threshold": 0.05, "min_instances": 30}}, "monitor_ph_overrides": {"error_rate": {"threshold": 0.1, "min_instances": 5}}, "trigger_mode": "two_stage", "trigger_k": 2, "trigger_threshold": 0.5, "trigger_weights": "__confirm_cooldown=200,divergence=0.3,error_rate=0.5,teacher_entropy=0.2", "confirm_window": 3, "confirm_cooldown": 0, "adaptive_cooldown_enabled": 0, "adaptive_window": 10000, "adaptive_lower_per10k": 10.0, "adaptive_upper_per10k": 25.0, "adaptive_cooldown_low": 200, "adaptive_cooldown_high": 500, "severity_scheduler_scale": 1.0, "use_severity_v2": 0, "severity_gate": "none", "severity_gate_min_streak": 1, "entropy_mode": "overconfident", "severity_decay": 0.95, "freeze_baseline_steps": 0, "n_steps": 800, "horizon": 10000, "acc_final": 0.9112, "mean_acc": 0.8207843098774924, "acc_min": 0.4609375, "candidate_sample_idxs": [319, 639, 959, 1279, 1599, 1919, 2623, 2943, 3263, 3711, 4031, 4351, 4671, 4991, 5311, 5631, 5951, 6271, 6591, 6911, 7423, 7871, 8191, 8511, 9343, 9791], "confirmed_sample_idxs": [319, 639, 959, 1279, 1599, 1919, 2623, 2943, 3263, 3711, 4031, 4351, 4671, 4991, 5311, 5631, 5951, 6271, 6591, 6911, 7423, 7871, 8191, 8511, 9343, 9791], "acc_series": [[63, 0.484375], [127, 0.4609375], [191, 0.4947916666666667], [255, 0.5078125], [319, 0.5375], [383, 0.5520833333333334], [447, 0.5736607142857143], [511, 0.57421875], [575, 0.5798611111111112], [639, 0.5890625], [703, 0.5894886363636364], [767, 0.5872395833333334], [831, 0.59375], [895, 0.6082589285714286], [959, 0.625], [1023, 0.642578125], [1087, 0.6498161764705882], [1151, 0.6614583333333334], [1215, 0.6726973684210527], [1279, 0.68125], [1343, 0.6919642857142857], [1407, 0.6995738636363636], [1471, 0.7092391304347826], [1535, 0.7161458333333334], [1599, 0.72375], [1663, 0.7283653846153846], [1727, 0.7326388888888888], [1791, 0.7371651785714286], [1855, 0.7392241379310345], [1919, 0.7453125], [1983, 0.75], [2047, 0.7548828125], [2111, 0.7599431818181818], [2175, 0.7647058823529411], [2239, 0.76875], [2303, 0.7738715277777778], [2367, 0.778293918918919], [2431, 0.7833059210526315], [2495, 0.7876602564102564], [2559, 0.791796875], [2623, 0.7953506097560976], [2687, 0.7979910714285714], [2751, 0.8008720930232558], [2815, 0.8043323863636364], [2879, 0.8072916666666666], [2943, 0.8077445652173914], [3007, 0.8105053191489362], [3071, 0.8131510416666666], [3135, 0.8160076530612245], [3199, 0.8190625], [3263, 0.8219975490196079], [3327, 0.82421875], [3391, 0.8266509433962265], [3455, 0.8289930555555556], [3519, 0.8303977272727273], [3583, 0.8328683035714286], [3647, 0.8355263157894737], [3711, 0.8372844827586207], [3775, 0.8381885593220338], [3839, 0.8395833333333333], [3903, 0.8406762295081968], [3967, 0.8419858870967742], [4031, 0.8442460317460317], [4095, 0.846435546875], [4159, 0.8473557692307693], [4223, 0.8484848484848485], [4287, 0.8500466417910447], [4351, 0.8515625], [4415, 0.8530344202898551], [4479, 0.8544642857142857], [4543, 0.8565140845070423], [4607, 0.8578559027777778], [4671, 0.8587328767123288], [4735, 0.8591638513513513], [4799, 0.8602083333333334], [4863, 0.8614309210526315], [4927, 0.8622159090909091], [4991, 0.8623798076923077], [5055, 0.8631329113924051], [5119, 0.8646484375], [5183, 0.8655478395061729], [5247, 0.8671875], [5311, 0.8682228915662651], [5375, 0.8694196428571429], [5439, 0.8700367647058823], [5503, 0.8710029069767442], [5567, 0.8724856321839081], [5631, 0.8735795454545454], [5695, 0.875], [5759, 0.8762152777777777], [5823, 0.8775755494505495], [5887, 0.8783967391304348], [5951, 0.8795362903225806], [6015, 0.8801529255319149], [6079, 0.8805921052631579], [6143, 0.8816731770833334], [6207, 0.882409793814433], [6271, 0.8829719387755102], [6335, 0.8835227272727273], [6399, 0.88453125], [6463, 0.8852103960396039], [6527, 0.8858762254901961], [6591, 0.886377427184466], [6655, 0.8865685096153846], [6719, 0.8873511904761905], [6783, 0.8881191037735849], [6847, 0.8885806074766355], [6911, 0.8890335648148148], [6975, 0.8893348623853211], [7039, 0.8899147727272727], [7103, 0.8904842342342343], [7167, 0.8909040178571429], [7231, 0.8915929203539823], [7295, 0.8924067982456141], [7359, 0.8929347826086956], [7423, 0.8934536637931034], [7487, 0.8940972222222222], [7551, 0.894729872881356], [7615, 0.8950892857142857], [7679, 0.895703125], [7743, 0.8961776859504132], [7807, 0.8969006147540983], [7871, 0.8973577235772358], [7935, 0.8978074596774194], [7999, 0.898125], [8063, 0.8985615079365079], [8127, 0.8989911417322834], [8191, 0.899658203125], [8255, 0.9004360465116279], [8319, 0.9006009615384616], [8383, 0.9010019083969466], [8447, 0.9013967803030303], [8511, 0.9017857142857143], [8575, 0.902285447761194], [8639, 0.9027777777777778], [8703, 0.9032628676470589], [8767, 0.9037408759124088], [8831, 0.904098731884058], [8895, 0.9047886690647482], [8959, 0.9050223214285714], [9023, 0.905363475177305], [9087, 0.9060299295774648], [9151, 0.9064685314685315], [9215, 0.9070095486111112], [9279, 0.9073275862068966], [9343, 0.907320205479452], [9407, 0.907844387755102], [9471, 0.9082559121621622], [9535, 0.9084521812080537], [9599, 0.9089583333333333], [9663, 0.9095612582781457], [9727, 0.9097450657894737], [9791, 0.9099264705882353], [9855, 0.9102069805194806], [9919, 0.9106854838709677], [9983, 0.9111578525641025], [9999, 0.9112]], "candidate_count_total": 26, "confirmed_count_total": 26, "created_at": 1768236249.3041532, "confirm_rule_effective": "weighted", "last_perm_pvalue": NaN, "last_perm_effect": NaN, "perm_test_count_total": 0, "perm_accept_count_total": 0, "perm_reject_count_total": 0, "perm_alpha": 0.01, "perm_pvalue_p50": NaN, "perm_pvalue_p90": NaN, "perm_pvalue_p99": NaN, "perm_pvalue_le_alpha_ratio": NaN, "perm_effect_p50": NaN, "perm_effect_p90": NaN, "perm_effect_p99": NaN}