{"dataset_name": "sine_nodrift", "dataset_type": "sine", "model_variant": "ts_drift_adapt", "seed": 5, "monitor_preset": "error_divergence_ph_meta@error.threshold=0.10,error.min_instances=5", "monitor_preset_base": "error_divergence_ph_meta", "monitor_ph_params": {"error_rate": {"delta": 0.005, "alpha": 0.15, "threshold": 0.1, "min_instances": 5}, "divergence": {"delta": 0.005, "alpha": 0.1, "threshold": 0.05, "min_instances": 30}}, "monitor_ph_overrides": {"error_rate": {"threshold": 0.1, "min_instances": 5}}, "trigger_mode": "two_stage", "trigger_k": 2, "trigger_threshold": 0.5, "trigger_weights": "__confirm_cooldown=200,__confirm_rule=perm_test,__perm_alpha=0.005,__perm_delta_k=25,__perm_min_effect=0,__perm_n_perm=200,__perm_post_n=20,__perm_pre_n=200,__perm_rng_seed=0,__perm_stat=delta_fused_score,divergence=0.3,error_rate=0.5,teacher_entropy=0.2", "confirm_window": 3, "confirm_cooldown": 0, "adaptive_cooldown_enabled": 0, "adaptive_window": 10000, "adaptive_lower_per10k": 10.0, "adaptive_upper_per10k": 25.0, "adaptive_cooldown_low": 200, "adaptive_cooldown_high": 500, "severity_scheduler_scale": 1.0, "use_severity_v2": 0, "severity_gate": "none", "severity_gate_min_streak": 1, "entropy_mode": "overconfident", "severity_decay": 0.95, "freeze_baseline_steps": 0, "n_steps": 800, "horizon": 10000, "acc_final": 0.927, "mean_acc": 0.8577140053379626, "acc_min": 0.421875, "candidate_sample_idxs": [319, 639, 959, 1279, 1599, 1919, 2239, 2687, 3071, 3391, 3711, 4031, 4351, 4671, 4991, 5503, 5887, 6207, 6527, 6847, 7551, 8319, 9023, 9535], "confirmed_sample_idxs": [767, 1983, 2687, 3071, 3391, 3711, 4415, 4735, 4991, 5503, 5887, 6591, 7551, 8319, 9023, 9535], "acc_series": [[63, 0.421875], [127, 0.4765625], [191, 0.5260416666666666], [255, 0.57421875], [319, 0.621875], [383, 0.6354166666666666], [447, 0.6517857142857143], [511, 0.658203125], [575, 0.6684027777777778], [639, 0.6859375], [703, 0.7059659090909091], [767, 0.71484375], [831, 0.7127403846153846], [895, 0.7287946428571429], [959, 0.7333333333333333], [1023, 0.7470703125], [1087, 0.7564338235294118], [1151, 0.765625], [1215, 0.7730263157894737], [1279, 0.78125], [1343, 0.7849702380952381], [1407, 0.7926136363636364], [1471, 0.7995923913043478], [1535, 0.8040364583333334], [1599, 0.81], [1663, 0.8143028846153846], [1727, 0.8165509259259259], [1791, 0.8203125], [1855, 0.8216594827586207], [1919, 0.8234375], [1983, 0.8256048387096774], [2047, 0.82763671875], [2111, 0.8285984848484849], [2175, 0.8272058823529411], [2239, 0.8267857142857142], [2303, 0.8272569444444444], [2367, 0.8306587837837838], [2431, 0.8334703947368421], [2495, 0.8353365384615384], [2559, 0.83828125], [2623, 0.8418445121951219], [2687, 0.8430059523809523], [2751, 0.8455668604651163], [2815, 0.8473011363636364], [2879, 0.8496527777777778], [2943, 0.8515625], [3007, 0.8533909574468085], [3071, 0.8531901041666666], [3135, 0.8555484693877551], [3199, 0.8559375], [3263, 0.8575367647058824], [3327, 0.8584735576923077], [3391, 0.8599646226415094], [3455, 0.8608217592592593], [3519, 0.8613636363636363], [3583, 0.8638392857142857], [3647, 0.8651315789473685], [3711, 0.8666487068965517], [3775, 0.8686440677966102], [3839, 0.8700520833333333], [3903, 0.8714139344262295], [3967, 0.8719758064516129], [4031, 0.8735119047619048], [4095, 0.875], [4159, 0.8762019230769231], [4223, 0.8768939393939394], [4287, 0.8780317164179104], [4351, 0.87890625], [4415, 0.8799818840579711], [4479, 0.8803571428571428], [4543, 0.8816021126760564], [4607, 0.8825954861111112], [4671, 0.8837756849315068], [4735, 0.8845016891891891], [4799, 0.885625], [4863, 0.8863075657894737], [4927, 0.8873782467532467], [4991, 0.8880208333333334], [5055, 0.8890427215189873], [5119, 0.8896484375], [5183, 0.8908179012345679], [5247, 0.8917682926829268], [5311, 0.8921310240963856], [5375, 0.8924851190476191], [5439, 0.8931985294117647], [5503, 0.8942587209302325], [5567, 0.8952945402298851], [5631, 0.8959517045454546], [5695, 0.8965941011235955], [5759, 0.8975694444444444], [5823, 0.8985233516483516], [5887, 0.8992866847826086], [5951, 0.8998655913978495], [6015, 0.9005984042553191], [6079, 0.9008223684210527], [6143, 0.9012044270833334], [6207, 0.9015786082474226], [6271, 0.9024234693877551], [6335, 0.9027777777777778], [6399, 0.9034375], [6463, 0.9036200495049505], [6527, 0.9042585784313726], [6591, 0.9048847087378641], [6655, 0.9051983173076923], [6719, 0.9052083333333333], [6783, 0.9058077830188679], [6847, 0.9058119158878505], [6911, 0.90625], [6975, 0.9069667431192661], [7039, 0.907528409090909], [7103, 0.908079954954955], [7167, 0.9084821428571429], [7231, 0.9092920353982301], [7295, 0.9099506578947368], [7359, 0.9105978260869565], [7423, 0.9110991379310345], [7487, 0.9115918803418803], [7551, 0.9120762711864406], [7615, 0.9126838235294118], [7679, 0.9127604166666666], [7743, 0.9129648760330579], [7807, 0.9136782786885246], [7871, 0.9141260162601627], [7935, 0.9145665322580645], [7999, 0.91525], [8063, 0.9159226190476191], [8127, 0.9160925196850394], [8191, 0.9163818359375], [8255, 0.9169089147286822], [8319, 0.9174278846153846], [8383, 0.9177003816793893], [8447, 0.9183238636363636], [8511, 0.9188204887218046], [8575, 0.9194263059701493], [8639, 0.9197916666666667], [8703, 0.9200367647058824], [8767, 0.9203923357664233], [8831, 0.9209692028985508], [8895, 0.9214253597122302], [8959, 0.9217633928571428], [9023, 0.9220966312056738], [9087, 0.9225352112676056], [9151, 0.9229676573426573], [9215, 0.9231770833333334], [9279, 0.9235991379310344], [9343, 0.923908390410959], [9407, 0.9242134353741497], [9471, 0.9245143581081081], [9535, 0.9246015100671141], [9599, 0.9247916666666667], [9663, 0.9249793046357616], [9727, 0.9251644736842105], [9791, 0.9256535947712419], [9855, 0.9259334415584416], [9919, 0.9264112903225806], [9983, 0.9268830128205128], [9999, 0.927]], "candidate_count_total": 23, "confirmed_count_total": 16, "created_at": 1768144756.5854442, "confirm_rule_effective": "perm_test", "last_perm_pvalue": 0.004975124378109453, "last_perm_effect": 0.07146112915159507, "perm_test_count_total": 46, "perm_accept_count_total": 16, "perm_reject_count_total": 30, "perm_alpha": 0.005, "perm_pvalue_p50": 0.15422885572139305, "perm_pvalue_p90": 1.0, "perm_pvalue_p99": 1.0, "perm_pvalue_le_alpha_ratio": 0.34782608695652173, "perm_effect_p50": 0.011609665862818886, "perm_effect_p90": 0.07237936281112223, "perm_effect_p99": 0.07663158969377318}