{"dataset_name": "sine_nodrift", "dataset_type": "sine", "model_variant": "ts_drift_adapt", "seed": 5, "monitor_preset": "error_divergence_ph_meta@error.threshold=0.10,error.min_instances=5", "monitor_preset_base": "error_divergence_ph_meta", "monitor_ph_params": {"error_rate": {"delta": 0.005, "alpha": 0.15, "threshold": 0.1, "min_instances": 5}, "divergence": {"delta": 0.005, "alpha": 0.1, "threshold": 0.05, "min_instances": 30}}, "monitor_ph_overrides": {"error_rate": {"threshold": 0.1, "min_instances": 5}}, "trigger_mode": "two_stage", "trigger_k": 2, "trigger_threshold": 0.5, "trigger_weights": "__confirm_cooldown=200,__confirm_rule=perm_test,__perm_alpha=0.005,__perm_min_effect=0,__perm_n_perm=200,__perm_post_n=30,__perm_pre_n=500,__perm_rng_seed=0,__perm_stat=vote_score,divergence=0.3,error_rate=0.5,teacher_entropy=0.2", "confirm_window": 3, "confirm_cooldown": 0, "adaptive_cooldown_enabled": 0, "adaptive_window": 10000, "adaptive_lower_per10k": 10.0, "adaptive_upper_per10k": 25.0, "adaptive_cooldown_low": 200, "adaptive_cooldown_high": 500, "severity_scheduler_scale": 1.0, "use_severity_v2": 0, "severity_gate": "none", "severity_gate_min_streak": 1, "entropy_mode": "overconfident", "severity_decay": 0.95, "freeze_baseline_steps": 0, "n_steps": 800, "horizon": 10000, "acc_final": 0.91, "mean_acc": 0.8340719519056693, "acc_min": 0.5390625, "candidate_sample_idxs": [319, 639, 959, 1279, 1599, 1983, 2303, 2879, 3199, 3519, 3839, 4159, 4479, 4799, 5119, 5695, 6015, 6335, 6719, 7039, 7359, 7743, 8255, 8575, 8959, 9279], "confirmed_sample_idxs": [639, 959, 1279, 1599, 1983, 2303, 2879, 3199, 3519, 3839, 4159, 4479, 4799, 5119, 5695, 6015, 6335, 6719, 7039, 7359, 7743, 8255, 8575, 8959, 9279], "acc_series": [[63, 0.71875], [127, 0.6015625], [191, 0.546875], [255, 0.5390625], [319, 0.575], [383, 0.6067708333333334], [447, 0.640625], [511, 0.654296875], [575, 0.671875], [639, 0.6875], [703, 0.7059659090909091], [767, 0.7174479166666666], [831, 0.7271634615384616], [895, 0.7377232142857143], [959, 0.7354166666666667], [1023, 0.732421875], [1087, 0.7224264705882353], [1151, 0.71875], [1215, 0.7146381578947368], [1279, 0.7140625], [1343, 0.7165178571428571], [1407, 0.7237215909090909], [1471, 0.7289402173913043], [1535, 0.7376302083333334], [1599, 0.74625], [1663, 0.7518028846153846], [1727, 0.7563657407407407], [1791, 0.76171875], [1855, 0.7650862068965517], [1919, 0.7682291666666666], [1983, 0.7706653225806451], [2047, 0.77392578125], [2111, 0.7760416666666666], [2175, 0.7780330882352942], [2239, 0.7794642857142857], [2303, 0.7829861111111112], [2367, 0.7871621621621622], [2431, 0.7907072368421053], [2495, 0.7932692307692307], [2559, 0.79609375], [2623, 0.8003048780487805], [2687, 0.8013392857142857], [2751, 0.8041424418604651], [2815, 0.8071732954545454], [2879, 0.809375], [2943, 0.8128396739130435], [3007, 0.8151595744680851], [3071, 0.8173828125], [3135, 0.8201530612244898], [3199, 0.8225], [3263, 0.8247549019607843], [3327, 0.8266225961538461], [3391, 0.8290094339622641], [3455, 0.8315972222222222], [3519, 0.8332386363636364], [3583, 0.8353794642857143], [3647, 0.8368969298245614], [3711, 0.8383620689655172], [3775, 0.8403072033898306], [3839, 0.8416666666666667], [3903, 0.8440061475409836], [3967, 0.8445060483870968], [4031, 0.8462301587301587], [4095, 0.84814453125], [4159, 0.8485576923076923], [4223, 0.8491950757575758], [4287, 0.8502798507462687], [4351, 0.8511029411764706], [4415, 0.8530344202898551], [4479, 0.8542410714285714], [4543, 0.8556338028169014], [4607, 0.8572048611111112], [4671, 0.8587328767123288], [4735, 0.8600084459459459], [4799, 0.8614583333333333], [4863, 0.8622532894736842], [4927, 0.8636363636363636], [4991, 0.8647836538461539], [5055, 0.8657041139240507], [5119, 0.8662109375], [5183, 0.8674768518518519], [5247, 0.8685213414634146], [5311, 0.8695406626506024], [5375, 0.8701636904761905], [5439, 0.8709558823529412], [5503, 0.872093023255814], [5567, 0.8730244252873564], [5631, 0.8739346590909091], [5695, 0.8748244382022472], [5759, 0.8755208333333333], [5823, 0.8762019230769231], [5887, 0.8772078804347826], [5951, 0.8773521505376344], [6015, 0.878656914893617], [6079, 0.8789473684210526], [6143, 0.8797200520833334], [6207, 0.8801546391752577], [6271, 0.8807397959183674], [6335, 0.8816287878787878], [6399, 0.88203125], [6463, 0.8822710396039604], [6527, 0.8829656862745098], [6591, 0.8837985436893204], [6655, 0.8841646634615384], [6719, 0.8845238095238095], [6783, 0.8851709905660378], [6847, 0.8855140186915887], [6911, 0.8861400462962963], [6975, 0.8871846330275229], [7039, 0.8876420454545455], [7103, 0.8883727477477478], [7167, 0.8890904017857143], [7231, 0.889933628318584], [7295, 0.8904879385964912], [7359, 0.8910326086956522], [7423, 0.8914331896551724], [7487, 0.8919604700854701], [7551, 0.891551906779661], [7615, 0.8923319327731093], [7679, 0.8924479166666667], [7743, 0.8923037190082644], [7807, 0.8931864754098361], [7871, 0.8935467479674797], [7935, 0.8941532258064516], [7999, 0.894875], [8063, 0.8954613095238095], [8127, 0.8959153543307087], [8191, 0.896484375], [8255, 0.8970445736434108], [8319, 0.8975961538461539], [8383, 0.898020038167939], [8447, 0.8985558712121212], [8511, 0.8992011278195489], [8575, 0.8998367537313433], [8639, 0.9003472222222222], [8703, 0.9008501838235294], [8767, 0.901345802919708], [8831, 0.9018342391304348], [8895, 0.9024280575539568], [8959, 0.9029017857142857], [9023, 0.903479609929078], [9087, 0.9039392605633803], [9151, 0.9045017482517482], [9215, 0.9050564236111112], [9279, 0.905603448275862], [9343, 0.90625], [9407, 0.9064625850340136], [9471, 0.9069890202702703], [9535, 0.9072986577181208], [9599, 0.9076041666666667], [9663, 0.9078021523178808], [9727, 0.9083059210526315], [9791, 0.9088031045751634], [9855, 0.9090909090909091], [9919, 0.9094758064516129], [9983, 0.9099559294871795], [9999, 0.91]], "candidate_count_total": 26, "confirmed_count_total": 25, "created_at": 1768151202.9038117, "confirm_rule_effective": "perm_test", "last_perm_pvalue": 0.004975124378109453, "last_perm_effect": 0.43408457482458945, "perm_test_count_total": 25, "perm_accept_count_total": 25, "perm_reject_count_total": 0, "perm_alpha": 0.005, "perm_pvalue_p50": 0.004975124378109453, "perm_pvalue_p90": 0.004975124378109453, "perm_pvalue_p99": 0.004975124378109453, "perm_pvalue_le_alpha_ratio": 1.0, "perm_effect_p50": 0.4322225183117787, "perm_effect_p90": 0.4418083256704133, "perm_effect_p99": 0.4804965596765949}