{"dataset_name": "sine_nodrift", "dataset_type": "sine", "model_variant": "ts_drift_adapt", "seed": 1, "monitor_preset": "error_divergence_ph_meta@error.threshold=0.10,error.min_instances=5", "monitor_preset_base": "error_divergence_ph_meta", "monitor_ph_params": {"error_rate": {"delta": 0.005, "alpha": 0.15, "threshold": 0.1, "min_instances": 5}, "divergence": {"delta": 0.005, "alpha": 0.1, "threshold": 0.05, "min_instances": 30}}, "monitor_ph_overrides": {"error_rate": {"threshold": 0.1, "min_instances": 5}}, "trigger_mode": "two_stage", "trigger_k": 2, "trigger_threshold": 0.5, "trigger_weights": "__confirm_cooldown=200,__confirm_rule=perm_test,__perm_alpha=0.05,__perm_delta_k=50,__perm_min_effect=0,__perm_n_perm=200,__perm_post_n=30,__perm_pre_n=200,__perm_rng_seed=0,__perm_stat=delta_fused_score,divergence=0.3,error_rate=0.5,teacher_entropy=0.2", "confirm_window": 3, "confirm_cooldown": 0, "adaptive_cooldown_enabled": 0, "adaptive_window": 10000, "adaptive_lower_per10k": 10.0, "adaptive_upper_per10k": 25.0, "adaptive_cooldown_low": 200, "adaptive_cooldown_high": 500, "severity_scheduler_scale": 1.0, "use_severity_v2": 0, "severity_gate": "none", "severity_gate_min_streak": 1, "entropy_mode": "overconfident", "severity_decay": 0.95, "freeze_baseline_steps": 0, "n_steps": 800, "horizon": 10000, "acc_final": 0.9071, "mean_acc": 0.8114574953605243, "acc_min": 0.3359375, "candidate_sample_idxs": [319, 639, 959, 1279, 1663, 1983, 2303, 2623, 2943, 3263, 3583, 3903, 4223, 4543, 4863, 5183, 5503, 5823, 6271, 7423, 7743, 8063, 8511, 9087, 9407, 9855], "confirmed_sample_idxs": [639, 959, 1663, 2111, 2815, 3391, 3967, 4415, 4863, 5183, 5503, 6271, 7423, 8063, 8511, 9087, 9855], "acc_series": [[63, 0.34375], [127, 0.3359375], [191, 0.390625], [255, 0.421875], [319, 0.453125], [383, 0.4609375], [447, 0.484375], [511, 0.5], [575, 0.5260416666666666], [639, 0.5421875], [703, 0.5667613636363636], [767, 0.5924479166666666], [831, 0.6165865384615384], [895, 0.6316964285714286], [959, 0.6479166666666667], [1023, 0.65625], [1087, 0.6580882352941176], [1151, 0.6605902777777778], [1215, 0.6685855263157895], [1279, 0.6765625], [1343, 0.6837797619047619], [1407, 0.6924715909090909], [1471, 0.701766304347826], [1535, 0.7102864583333334], [1599, 0.715625], [1663, 0.7199519230769231], [1727, 0.7285879629629629], [1791, 0.734375], [1855, 0.7397629310344828], [1919, 0.7463541666666667], [1983, 0.7530241935483871], [2047, 0.75927734375], [2111, 0.7642045454545454], [2175, 0.7679227941176471], [2239, 0.771875], [2303, 0.7751736111111112], [2367, 0.7799831081081081], [2431, 0.7845394736842105], [2495, 0.7868589743589743], [2559, 0.787890625], [2623, 0.7926829268292683], [2687, 0.7957589285714286], [2751, 0.7986918604651163], [2815, 0.8018465909090909], [2879, 0.8052083333333333], [2943, 0.8074048913043478], [3007, 0.808843085106383], [3071, 0.8115234375], [3135, 0.8137755102040817], [3199, 0.815625], [3263, 0.8180147058823529], [3327, 0.8209134615384616], [3391, 0.8225235849056604], [3455, 0.8249421296296297], [3519, 0.8269886363636364], [3583, 0.828125], [3647, 0.8292214912280702], [3711, 0.8302801724137931], [3775, 0.8315677966101694], [3839, 0.8341145833333333], [3903, 0.8363217213114754], [3967, 0.8374495967741935], [4031, 0.8382936507936508], [4095, 0.83837890625], [4159, 0.838701923076923], [4223, 0.8397253787878788], [4287, 0.8416511194029851], [4351, 0.8426011029411765], [4415, 0.84375], [4479, 0.8455357142857143], [4543, 0.846830985915493], [4607, 0.8483072916666666], [4671, 0.8497431506849316], [4735, 0.8502956081081081], [4799, 0.8508333333333333], [4863, 0.8517680921052632], [4927, 0.8536931818181818], [4991, 0.8551682692307693], [5055, 0.8568037974683544], [5119, 0.8578125], [5183, 0.8587962962962963], [5247, 0.8595655487804879], [5311, 0.8608810240963856], [5375, 0.8617931547619048], [5439, 0.8628676470588236], [5503, 0.8640988372093024], [5567, 0.865301724137931], [5631, 0.8662997159090909], [5695, 0.8672752808988764], [5759, 0.8680555555555556], [5823, 0.8691620879120879], [5887, 0.8702445652173914], [5951, 0.8713037634408602], [6015, 0.8723404255319149], [6079, 0.8733552631578947], [6143, 0.8746744791666666], [6207, 0.8754832474226805], [6271, 0.8764349489795918], [6335, 0.8773674242424242], [6399, 0.878125], [6463, 0.8787128712871287], [6527, 0.8794424019607843], [6591, 0.8806128640776699], [6655, 0.8810096153846154], [6719, 0.8819940476190476], [6783, 0.8829599056603774], [6847, 0.8830315420560748], [6911, 0.8836805555555556], [6975, 0.8847477064220184], [7039, 0.8853693181818182], [7103, 0.886402027027027], [7167, 0.8872767857142857], [7231, 0.8879977876106194], [7295, 0.8889802631578947], [7359, 0.8899456521739131], [7423, 0.8903556034482759], [7487, 0.8910256410256411], [7551, 0.891551906779661], [7615, 0.891938025210084], [7679, 0.8923177083333333], [7743, 0.8929493801652892], [7807, 0.8933145491803278], [7871, 0.8940548780487805], [7935, 0.8946572580645161], [7999, 0.894875], [8063, 0.8953373015873016], [8127, 0.8957923228346457], [8191, 0.8963623046875], [8255, 0.8965600775193798], [8319, 0.8969951923076923], [8383, 0.8974236641221374], [8447, 0.8974905303030303], [8511, 0.8979088345864662], [8575, 0.8986707089552238], [8639, 0.8993055555555556], [8703, 0.8998161764705882], [8767, 0.900433394160584], [8831, 0.9011548913043478], [8895, 0.9015287769784173], [8959, 0.9020089285714286], [9023, 0.9022606382978723], [9087, 0.9023987676056338], [9151, 0.9027534965034965], [9215, 0.9033203125], [9279, 0.9037715517241379], [9343, 0.9040025684931506], [9407, 0.9039115646258503], [9471, 0.9037162162162162], [9535, 0.9042575503355704], [9599, 0.9046875], [9663, 0.9052152317880795], [9727, 0.9058388157894737], [9791, 0.90625], [9855, 0.906351461038961], [9919, 0.9067540322580645], [9983, 0.907051282051282], [9999, 0.9071]], "candidate_count_total": 22, "confirmed_count_total": 17, "created_at": 1768148054.01376, "confirm_rule_effective": "perm_test", "last_perm_pvalue": 0.004975124378109453, "last_perm_effect": 0.07227096557747616, "perm_test_count_total": 44, "perm_accept_count_total": 17, "perm_reject_count_total": 27, "perm_alpha": 0.05, "perm_pvalue_p50": 0.6119402985074627, "perm_pvalue_p90": 1.0, "perm_pvalue_p99": 1.0, "perm_pvalue_le_alpha_ratio": 0.38636363636363635, "perm_effect_p50": 0.000639263559756271, "perm_effect_p90": 0.07734696833259683, "perm_effect_p99": 0.13399468807015608}