{"dataset_name": "INSECTS_abrupt_balanced", "dataset_type": "insects_real", "model_variant": "ts_drift_adapt_severity", "seed": 24, "monitor_preset": "error_divergence_ph_meta@error.threshold=0.05,error.min_instances=5", "monitor_preset_base": "error_divergence_ph_meta", "monitor_ph_params": {"error_rate": {"delta": 0.005, "alpha": 0.15, "threshold": 0.05, "min_instances": 5}, "divergence": {"delta": 0.005, "alpha": 0.1, "threshold": 0.05, "min_instances": 30}}, "monitor_ph_overrides": {"error_rate": {"threshold": 0.05, "min_instances": 5}}, "trigger_mode": "two_stage", "trigger_k": 2, "trigger_threshold": 0.5, "trigger_weights": "confirm_cooldown=200,divergence=0.3,error_rate=0.5,teacher_entropy=0.2", "confirm_window": 1, "confirm_cooldown": 0, "adaptive_cooldown_enabled": 0, "adaptive_window": 10000, "adaptive_lower_per10k": 10.0, "adaptive_upper_per10k": 25.0, "adaptive_cooldown_low": 200, "adaptive_cooldown_high": 500, "severity_scheduler_scale": 2.0, "use_severity_v2": 1, "severity_gate": "none", "severity_gate_min_streak": 1, "entropy_mode": "uncertain", "severity_decay": 0.95, "freeze_baseline_steps": 5, "n_steps": 1200, "horizon": 52847, "acc_final": 0.19382367967907355, "mean_acc": 0.19704344584789577, "acc_min": 0.16744791666666667, "candidate_sample_idxs": [1279, 2559, 3839, 5119, 6399, 7679, 8959, 10239, 11519, 12799, 14335, 15615, 17919, 18687, 19199, 20479, 21759, 23039, 24319, 25599, 26879, 28159, 29439, 30719, 31999, 33279, 34559, 35839, 37119, 38399, 39679, 40959, 42239, 43519, 44799, 46079, 47359, 48895, 50175, 51455, 52735], "confirmed_sample_idxs": [1279, 2559, 3839, 5119, 6399, 7679, 8959, 10239, 11519, 12799, 14335, 15615, 17919, 19199, 20479, 21759, 23039, 24319, 25599, 26879, 28159, 29439, 30719, 31999, 33279, 34559, 35839, 37119, 38399, 39679, 40959, 42239, 43519, 44799, 46079, 47359, 48895, 50175, 51455, 52735], "acc_series": [[255, 0.2734375], [511, 0.232421875], [767, 0.23307291666666666], [1023, 0.232421875], [1279, 0.23046875], [1535, 0.220703125], [1791, 0.21930803571428573], [2047, 0.21923828125], [2303, 0.2165798611111111], [2559, 0.218359375], [2815, 0.22123579545454544], [3071, 0.22526041666666666], [3327, 0.2244591346153846], [3583, 0.22321428571428573], [3839, 0.22369791666666666], [4095, 0.223388671875], [4351, 0.22265625], [4607, 0.22200520833333334], [4863, 0.22224506578947367], [5119, 0.22421875], [5375, 0.22767857142857142], [5631, 0.22833806818181818], [5887, 0.2269021739130435], [6143, 0.22607421875], [6399, 0.22765625], [6655, 0.22686298076923078], [6911, 0.2282986111111111], [7167, 0.22823660714285715], [7423, 0.22844827586206898], [7679, 0.22643229166666667], [7935, 0.22643649193548387], [8191, 0.2281494140625], [8447, 0.2285748106060606], [8703, 0.22828584558823528], [8959, 0.228125], [9215, 0.22786458333333334], [9471, 0.22687922297297297], [9727, 0.22584292763157895], [9983, 0.2265625], [10239, 0.22734375], [10495, 0.22780106707317074], [10751, 0.22879464285714285], [11007, 0.22828851744186046], [11263, 0.22771661931818182], [11519, 0.2269965277777778], [11775, 0.22673233695652173], [12031, 0.22747672872340424], [12287, 0.22762044270833334], [12543, 0.22895408163265307], [12799, 0.225390625], [13055, 0.22097120098039216], [13311, 0.21672175480769232], [13567, 0.21263266509433962], [13823, 0.20869502314814814], [14079, 0.20490056818181818], [14335, 0.20166015625], [14591, 0.20202850877192982], [14847, 0.19894935344827586], [15103, 0.19570974576271186], [15359, 0.19251302083333333], [15615, 0.18935706967213115], [15871, 0.18630292338709678], [16127, 0.18340773809523808], [16383, 0.1805419921875], [16639, 0.17776442307692308], [16895, 0.17507102272727273], [17151, 0.1724580223880597], [17407, 0.17009420955882354], [17663, 0.16802536231884058], [17919, 0.1685825892857143], [18175, 0.1698943661971831], [18431, 0.16932508680555555], [18687, 0.16871789383561644], [18943, 0.16807432432432431], [19199, 0.16744791666666667], [19455, 0.16807154605263158], [19711, 0.16852678571428573], [19967, 0.16836939102564102], [20223, 0.1691554588607595], [20479, 0.16943359375], [20735, 0.16965663580246915], [20991, 0.169921875], [21247, 0.17018072289156627], [21503, 0.17080543154761904], [21759, 0.17127757352941175], [22015, 0.17169331395348839], [22271, 0.17209949712643677], [22527, 0.17258522727272727], [22783, 0.1736745084269663], [23039, 0.17482638888888888], [23295, 0.1759529532967033], [23551, 0.17764945652173914], [23807, 0.1788894489247312], [24063, 0.18022772606382978], [24319, 0.18092105263157895], [24575, 0.18180338541666666], [24831, 0.1832715850515464], [25087, 0.18470982142857142], [25343, 0.18623737373737373], [25599, 0.1871875], [25855, 0.18889232673267325], [26111, 0.18987438725490197], [26367, 0.1912545509708738], [26623, 0.19257061298076922], [26879, 0.19401041666666666], [27135, 0.19505454009433962], [27391, 0.19629818925233644], [27647, 0.19730179398148148], [27903, 0.19878870412844038], [28159, 0.19762073863636365], [28415, 0.19594594594594594], [28671, 0.19444056919642858], [28927, 0.19289269911504425], [29183, 0.1913719846491228], [29439, 0.18994565217391304], [29695, 0.18851023706896552], [29951, 0.1872996794871795], [30207, 0.18624205508474576], [30463, 0.18516938025210083], [30719, 0.18401692708333334], [30975, 0.18320635330578514], [31231, 0.18234503073770492], [31487, 0.18130716463414634], [31743, 0.18091607862903225], [31999, 0.1805], [32255, 0.18160962301587302], [32511, 0.1829478346456693], [32767, 0.1846923828125], [33023, 0.18695494186046513], [33279, 0.18768028846153847], [33535, 0.18747018129770993], [33791, 0.18773674242424243], [34047, 0.18791118421052633], [34303, 0.18787896455223882], [34559, 0.18758680555555557], [34815, 0.18727022058823528], [35071, 0.1869867700729927], [35327, 0.1872169384057971], [35583, 0.1877248201438849], [35839, 0.1878627232142857], [36095, 0.18780474290780141], [36351, 0.18813270246478872], [36607, 0.18812827797202797], [36863, 0.18809678819444445], [37119, 0.18820043103448275], [37375, 0.18822238869863014], [37631, 0.18845663265306123], [37887, 0.18895164695945946], [38143, 0.18928271812080538], [38399, 0.18809895833333334], [38655, 0.1869308774834437], [38911, 0.18672902960526316], [39167, 0.18683619281045752], [39423, 0.18689123376623376], [39679, 0.18724798387096775], [39935, 0.1873497596153846], [40191, 0.1875], [40447, 0.18747527689873417], [40703, 0.18735259433962265], [40959, 0.1873779296875], [41215, 0.18747573757763975], [41471, 0.1876929012345679], [41727, 0.18778757668711657], [41983, 0.18802400914634146], [42239, 0.18799715909090908], [42495, 0.18815888554216867], [42751, 0.18810815868263472], [43007, 0.18877883184523808], [43263, 0.18925665680473372], [43519, 0.19025735294117646], [43775, 0.1908808479532164], [44031, 0.19195130813953487], [44287, 0.1923997471098266], [44543, 0.19295528017241378], [44799, 0.19383928571428571], [45055, 0.19493519176136365], [45311, 0.19575388418079095], [45567, 0.19665115870786518], [45823, 0.19782210195530725], [46079, 0.19898003472222223], [46335, 0.19990935773480664], [46591, 0.2008070054945055], [46847, 0.20096909153005466], [47103, 0.19991932744565216], [47359, 0.19883868243243244], [47615, 0.19776965725806453], [47871, 0.1967120655080214], [48127, 0.19568650265957446], [48383, 0.19465112433862433], [48639, 0.19368832236842104], [48895, 0.1927765052356021], [49151, 0.1920166015625], [49407, 0.1915276878238342], [49663, 0.19096327319587628], [49919, 0.19048477564102564], [50175, 0.19029017857142858], [50431, 0.1904544733502538], [50687, 0.19103140782828282], [50943, 0.19185772613065327], [51199, 0.19271484375], [51455, 0.19366060323383086], [51711, 0.19515779702970298], [51967, 0.19652478448275862], [52223, 0.1961358762254902], [52479, 0.19517911585365855], [52735, 0.19423164441747573], [52846, 0.19382367967907355]], "candidate_count_total": 41, "confirmed_count_total": 40, "created_at": 1767887438.3004885}