{"dataset_name": "INSECTS_abrupt_balanced", "dataset_type": "insects_real", "model_variant": "ts_drift_adapt_severity", "seed": 7, "monitor_preset": "error_divergence_ph_meta@error.threshold=0.05,error.min_instances=5", "monitor_preset_base": "error_divergence_ph_meta", "monitor_ph_params": {"error_rate": {"delta": 0.005, "alpha": 0.15, "threshold": 0.05, "min_instances": 5}, "divergence": {"delta": 0.005, "alpha": 0.1, "threshold": 0.05, "min_instances": 30}}, "monitor_ph_overrides": {"error_rate": {"threshold": 0.05, "min_instances": 5}}, "trigger_mode": "two_stage", "trigger_k": 2, "trigger_threshold": 0.5, "trigger_weights": "confirm_cooldown=200,divergence=0.3,error_rate=0.5,teacher_entropy=0.2", "confirm_window": 1, "confirm_cooldown": 0, "severity_scheduler_scale": 1.0, "use_severity_v2": 1, "severity_gate": "confirmed_streak", "severity_gate_min_streak": 1, "entropy_mode": "overconfident", "severity_decay": 0.95, "freeze_baseline_steps": 0, "n_steps": 1200, "horizon": 52847, "acc_final": 0.2078074441311711, "mean_acc": 0.2003885643743262, "acc_min": 0.15755208333333334, "candidate_sample_idxs": [1279, 2559, 3839, 5119, 6399, 7679, 8959, 10239, 11519, 12799, 14335, 17919, 19199, 20479, 21759, 23039, 24319, 25599, 26879, 28159, 29439, 30719, 31999, 33279, 34559, 35839, 37119, 38399, 39679, 40959, 42239, 43519, 44799, 46079, 47359, 48639, 49919, 51199, 52479], "confirmed_sample_idxs": [1279, 2559, 3839, 5119, 6399, 7679, 8959, 10239, 11519, 12799, 14335, 17919, 19199, 20479, 21759, 23039, 24319, 25599, 26879, 28159, 29439, 30719, 31999, 33279, 34559, 35839, 37119, 38399, 39679, 40959, 42239, 43519, 44799, 46079, 47359, 48639, 49919, 51199, 52479], "acc_series": [[255, 0.21875], [511, 0.19921875], [767, 0.19401041666666666], [1023, 0.193359375], [1279, 0.19921875], [1535, 0.20247395833333334], [1791, 0.20200892857142858], [2047, 0.2021484375], [2303, 0.20442708333333334], [2559, 0.20390625], [2815, 0.2041903409090909], [3071, 0.2041015625], [3327, 0.20372596153846154], [3583, 0.208984375], [3839, 0.209375], [4095, 0.208740234375], [4351, 0.20932904411764705], [4607, 0.2111545138888889], [4863, 0.20929276315789475], [5119, 0.2087890625], [5375, 0.20814732142857142], [5631, 0.20827414772727273], [5887, 0.20703125], [6143, 0.2080078125], [6399, 0.20875], [6655, 0.20793269230769232], [6911, 0.20905671296296297], [7167, 0.20926339285714285], [7423, 0.21080280172413793], [7679, 0.21171875], [7935, 0.21194556451612903], [8191, 0.2120361328125], [8447, 0.21022727272727273], [8703, 0.2109375], [8959, 0.21160714285714285], [9215, 0.2131076388888889], [9471, 0.21326013513513514], [9727, 0.212890625], [9983, 0.21213942307692307], [10239, 0.21318359375], [10495, 0.21303353658536586], [10751, 0.2132626488095238], [11007, 0.2129360465116279], [11263, 0.21342329545454544], [11519, 0.2126736111111111], [11775, 0.21297554347826086], [12031, 0.21235039893617022], [12287, 0.21158854166666666], [12543, 0.21213329081632654], [12799, 0.20875], [13055, 0.20465686274509803], [13311, 0.20072115384615385], [13567, 0.19693396226415094], [13823, 0.19328703703703703], [14079, 0.19019886363636362], [14335, 0.19098772321428573], [14591, 0.1894188596491228], [14847, 0.18622036637931033], [15103, 0.1831302966101695], [15359, 0.180078125], [15615, 0.17712602459016394], [15871, 0.17426915322580644], [16127, 0.17156498015873015], [16383, 0.16888427734375], [16639, 0.16634615384615384], [16895, 0.16382575757575757], [17151, 0.16149720149253732], [17407, 0.15946691176470587], [17663, 0.15755208333333334], [17919, 0.15809151785714284], [18175, 0.16263204225352113], [18431, 0.1655815972222222], [18687, 0.1683433219178082], [18943, 0.1716110641891892], [19199, 0.17442708333333334], [19455, 0.17799136513157895], [19711, 0.18009334415584416], [19967, 0.1801883012820513], [20223, 0.17993473101265822], [20479, 0.18037109375], [20735, 0.18041087962962962], [20991, 0.18102134146341464], [21247, 0.18128765060240964], [21503, 0.1822451636904762], [21759, 0.18216911764705881], [22015, 0.1828215843023256], [22271, 0.18395294540229884], [22527, 0.185546875], [22783, 0.18710498595505617], [23039, 0.18802083333333333], [23295, 0.18917410714285715], [23551, 0.19098165760869565], [23807, 0.19338037634408603], [24063, 0.1947307180851064], [24319, 0.19601151315789472], [24575, 0.197021484375], [24831, 0.19817171391752578], [25087, 0.1996173469387755], [25343, 0.20115214646464646], [25599, 0.2025], [25855, 0.20370513613861385], [26111, 0.2049249387254902], [26367, 0.2060452063106796], [26623, 0.20673076923076922], [26879, 0.2078125], [27135, 0.20861586084905662], [27391, 0.2095502336448598], [27647, 0.21090133101851852], [27903, 0.21247849770642202], [28159, 0.21100852272727272], [28415, 0.20914273648648649], [28671, 0.20741489955357142], [28927, 0.20564850663716813], [29183, 0.20391310307017543], [29439, 0.2024116847826087], [29695, 0.20103717672413793], [29951, 0.19958600427350429], [30207, 0.1984573622881356], [30463, 0.19734768907563024], [30719, 0.19602864583333332], [30975, 0.19511880165289255], [31231, 0.19406378073770492], [31487, 0.19327997967479674], [31743, 0.19332787298387097], [31999, 0.1939375], [32255, 0.1949404761904762], [32511, 0.1961429625984252], [32767, 0.197601318359375], [33023, 0.19930959302325582], [33279, 0.19921875], [33535, 0.19936784351145037], [33791, 0.19992897727272727], [34047, 0.20012922932330826], [34303, 0.20012243470149255], [34559, 0.2002025462962963], [34815, 0.20002297794117646], [35071, 0.19987454379562045], [35327, 0.200096240942029], [35583, 0.20051146582733814], [35839, 0.20061383928571427], [36095, 0.20063164893617022], [36351, 0.200896786971831], [36607, 0.20080310314685315], [36863, 0.20081922743055555], [37119, 0.20078125], [37375, 0.2008508133561644], [37631, 0.20097257653061223], [37887, 0.20154138513513514], [38143, 0.201840394295302], [38399, 0.20049479166666667], [38655, 0.19916701158940397], [38911, 0.19909025493421054], [39167, 0.19919321895424835], [39423, 0.19944703733766234], [39679, 0.19949596774193548], [39935, 0.1995693108974359], [40191, 0.19964171974522293], [40447, 0.20000988924050633], [40703, 0.20012775157232704], [40959, 0.200439453125], [41215, 0.20089285714285715], [41471, 0.20143711419753085], [41727, 0.2021424463190184], [41983, 0.2029344512195122], [42239, 0.2040246212121212], [42495, 0.20481927710843373], [42751, 0.20555763473053892], [43007, 0.20631045386904762], [43263, 0.20730861686390534], [43519, 0.208203125], [43775, 0.20899579678362573], [44031, 0.2101653343023256], [44287, 0.2107342846820809], [44543, 0.21145384339080459], [44799, 0.2120982142857143], [45055, 0.21317915482954544], [45311, 0.21385063559322035], [45567, 0.2146462429775281], [45823, 0.21545478351955308], [46079, 0.21653645833333332], [46335, 0.2175198549723757], [46591, 0.21834220467032966], [46847, 0.2184298155737705], [47103, 0.21726392663043478], [47359, 0.2161528716216216], [47615, 0.21507476478494625], [47871, 0.2140081885026738], [48127, 0.21297373670212766], [48383, 0.2121155753968254], [48639, 0.211328125], [48895, 0.21048756544502617], [49151, 0.20973714192708334], [49407, 0.20913617227979275], [49663, 0.20856153350515463], [49919, 0.20801282051282052], [50175, 0.20748963647959184], [50431, 0.20709073604060912], [50687, 0.20671559343434343], [50943, 0.2070901381909548], [51199, 0.20763671875], [51455, 0.2087803171641791], [51711, 0.20968053836633663], [51967, 0.2107835591133005], [52223, 0.21024816176470587], [52479, 0.20922256097560976], [52735, 0.20820691747572814], [52846, 0.2078074441311711]], "candidate_count_total": 39, "confirmed_count_total": 39, "created_at": 1767841399.869174}