{"dataset_name": "sine_nodrift", "dataset_type": "sine", "model_variant": "ts_drift_adapt", "seed": 3, "monitor_preset": "error_divergence_ph_meta@error.threshold=0.10,error.min_instances=5", "monitor_preset_base": "error_divergence_ph_meta", "monitor_ph_params": {"error_rate": {"delta": 0.005, "alpha": 0.15, "threshold": 0.1, "min_instances": 5}, "divergence": {"delta": 0.005, "alpha": 0.1, "threshold": 0.05, "min_instances": 30}}, "monitor_ph_overrides": {"error_rate": {"threshold": 0.1, "min_instances": 5}}, "trigger_mode": "two_stage", "trigger_k": 2, "trigger_threshold": 0.5, "trigger_weights": "__confirm_cooldown=200,__confirm_rule=perm_test,__perm_alpha=0.025,__perm_min_effect=0,__perm_n_perm=200,__perm_post_n=20,__perm_pre_n=500,__perm_rng_seed=0,__perm_stat=vote_score,divergence=0.3,error_rate=0.5,teacher_entropy=0.2", "confirm_window": 3, "confirm_cooldown": 0, "adaptive_cooldown_enabled": 0, "adaptive_window": 10000, "adaptive_lower_per10k": 10.0, "adaptive_upper_per10k": 25.0, "adaptive_cooldown_low": 200, "adaptive_cooldown_high": 500, "severity_scheduler_scale": 1.0, "use_severity_v2": 0, "severity_gate": "none", "severity_gate_min_streak": 1, "entropy_mode": "overconfident", "severity_decay": 0.95, "freeze_baseline_steps": 0, "n_steps": 800, "horizon": 10000, "acc_final": 0.9307, "mean_acc": 0.8584072342705727, "acc_min": 0.4375, "candidate_sample_idxs": [319, 639, 959, 1279, 1599, 1983, 2303, 2623, 3135, 3455, 3775, 4095, 4671, 4991, 5311, 5631, 5951, 6271, 6591, 6911, 7743, 8063, 8511], "confirmed_sample_idxs": [639, 959, 1279, 1599, 1983, 2303, 2623, 3135, 3455, 3775, 4095, 4671, 4991, 5311, 5631, 5951, 6271, 6591, 6911, 7743, 8063, 8511], "acc_series": [[63, 0.4375], [127, 0.5546875], [191, 0.5885416666666666], [255, 0.61328125], [319, 0.63125], [383, 0.6588541666666666], [447, 0.6651785714285714], [511, 0.6875], [575, 0.6875], [639, 0.6875], [703, 0.6889204545454546], [767, 0.68359375], [831, 0.6935096153846154], [895, 0.703125], [959, 0.7114583333333333], [1023, 0.71875], [1087, 0.7325367647058824], [1151, 0.7430555555555556], [1215, 0.7532894736842105], [1279, 0.7578125], [1343, 0.7641369047619048], [1407, 0.765625], [1471, 0.7690217391304348], [1535, 0.7747395833333334], [1599, 0.78125], [1663, 0.7872596153846154], [1727, 0.7905092592592593], [1791, 0.7946428571428571], [1855, 0.7984913793103449], [1919, 0.8005208333333333], [1983, 0.8044354838709677], [2047, 0.80908203125], [2111, 0.8125], [2175, 0.8157169117647058], [2239, 0.8200892857142857], [2303, 0.8237847222222222], [2367, 0.8272804054054054], [2431, 0.8289473684210527], [2495, 0.8305288461538461], [2559, 0.833984375], [2623, 0.836890243902439], [2687, 0.8392857142857143], [2751, 0.8412063953488372], [2815, 0.84375], [2879, 0.8465277777777778], [2943, 0.8468070652173914], [3007, 0.8500664893617021], [3071, 0.8509114583333334], [3135, 0.8529974489795918], [3199, 0.854375], [3263, 0.8569240196078431], [3327, 0.8584735576923077], [3391, 0.8608490566037735], [3455, 0.8628472222222222], [3519, 0.8642045454545455], [3583, 0.865234375], [3647, 0.8673245614035088], [3711, 0.8685344827586207], [3775, 0.869968220338983], [3839, 0.8721354166666667], [3903, 0.8729508196721312], [3967, 0.8747479838709677], [4031, 0.8767361111111112], [4095, 0.87744140625], [4159, 0.8786057692307693], [4223, 0.8799715909090909], [4287, 0.8810634328358209], [4351, 0.8818933823529411], [4415, 0.8829257246376812], [4479, 0.8845982142857143], [4543, 0.8860035211267606], [4607, 0.8871527777777778], [4671, 0.888056506849315], [4735, 0.8891469594594594], [4799, 0.890625], [4863, 0.8912417763157895], [4927, 0.8920454545454546], [4991, 0.8928285256410257], [5055, 0.8939873417721519], [5119, 0.894921875], [5183, 0.8956404320987654], [5247, 0.8963414634146342], [5311, 0.8970256024096386], [5375, 0.8982514880952381], [5439, 0.8990808823529411], [5503, 0.8991642441860465], [5567, 0.8997844827586207], [5631, 0.900390625], [5695, 0.9011587078651685], [5759, 0.9020833333333333], [5823, 0.9029876373626373], [5887, 0.9035326086956522], [5951, 0.9040658602150538], [6015, 0.9045877659574468], [6079, 0.9049342105263158], [6143, 0.9055989583333334], [6207, 0.9064110824742269], [6271, 0.9068877551020408], [6335, 0.9071969696969697], [6399, 0.9071875], [6463, 0.9074876237623762], [6527, 0.9076286764705882], [6591, 0.908373786407767], [6655, 0.9091045673076923], [6719, 0.9098214285714286], [6783, 0.910377358490566], [6847, 0.9110689252336449], [6911, 0.9114583333333334], [6975, 0.9119839449541285], [7039, 0.9126420454545454], [7103, 0.9131475225225225], [7167, 0.9139229910714286], [7231, 0.9145464601769911], [7295, 0.9148848684210527], [7359, 0.9152173913043479], [7423, 0.915948275862069], [7487, 0.9165331196581197], [7551, 0.9169756355932204], [7615, 0.9175420168067226], [7679, 0.9182291666666667], [7743, 0.918775826446281], [7807, 0.9189293032786885], [7871, 0.9194613821138211], [7935, 0.9198588709677419], [7999, 0.920375], [8063, 0.9208829365079365], [8127, 0.9212598425196851], [8191, 0.921875], [8255, 0.9221172480620154], [8319, 0.9225961538461539], [8383, 0.9230677480916031], [8447, 0.923532196969697], [8511, 0.9236372180451128], [8575, 0.9240904850746269], [8639, 0.9246527777777778], [8703, 0.9252068014705882], [8767, 0.9252965328467153], [8831, 0.9258378623188406], [8895, 0.9259217625899281], [8959, 0.9261160714285714], [9023, 0.926529255319149], [9087, 0.9262764084507042], [9151, 0.9263548951048951], [9215, 0.9263237847222222], [9279, 0.9267241379310345], [9343, 0.9272260273972602], [9407, 0.9276147959183674], [9471, 0.9279983108108109], [9535, 0.9282718120805369], [9599, 0.9285416666666667], [9663, 0.9287044701986755], [9727, 0.9290707236842105], [9791, 0.9294321895424836], [9855, 0.929890422077922], [9919, 0.9303427419354838], [9983, 0.9305889423076923], [9999, 0.9307]], "candidate_count_total": 23, "confirmed_count_total": 22, "created_at": 1768220217.7236214, "confirm_rule_effective": "perm_test", "last_perm_pvalue": 0.004975124378109453, "last_perm_effect": 0.43397829578452507, "perm_test_count_total": 22, "perm_accept_count_total": 22, "perm_reject_count_total": 0, "perm_alpha": 0.025, "perm_pvalue_p50": 0.004975124378109453, "perm_pvalue_p90": 0.004975124378109453, "perm_pvalue_p99": 0.004975124378109453, "perm_pvalue_le_alpha_ratio": 1.0, "perm_effect_p50": 0.42813219926684504, "perm_effect_p90": 0.45677076033260355, "perm_effect_p99": 0.498077030186208}