{"dataset_name": "sine_nodrift", "dataset_type": "sine", "model_variant": "ts_drift_adapt", "seed": 3, "monitor_preset": "error_divergence_ph_meta@error.threshold=0.10,error.min_instances=5", "monitor_preset_base": "error_divergence_ph_meta", "monitor_ph_params": {"error_rate": {"delta": 0.005, "alpha": 0.15, "threshold": 0.1, "min_instances": 5}, "divergence": {"delta": 0.005, "alpha": 0.1, "threshold": 0.05, "min_instances": 30}}, "monitor_ph_overrides": {"error_rate": {"threshold": 0.1, "min_instances": 5}}, "trigger_mode": "two_stage", "trigger_k": 2, "trigger_threshold": 0.5, "trigger_weights": "__confirm_cooldown=200,__confirm_rule=perm_test,__perm_alpha=0.005,__perm_min_effect=0,__perm_n_perm=200,__perm_post_n=50,__perm_pre_n=200,__perm_rng_seed=0,__perm_stat=fused_score,divergence=0.3,error_rate=0.5,teacher_entropy=0.2", "confirm_window": 3, "confirm_cooldown": 0, "adaptive_cooldown_enabled": 0, "adaptive_window": 10000, "adaptive_lower_per10k": 10.0, "adaptive_upper_per10k": 25.0, "adaptive_cooldown_low": 200, "adaptive_cooldown_high": 500, "severity_scheduler_scale": 1.0, "use_severity_v2": 0, "severity_gate": "none", "severity_gate_min_streak": 1, "entropy_mode": "overconfident", "severity_decay": 0.95, "freeze_baseline_steps": 0, "n_steps": 800, "horizon": 10000, "acc_final": 0.9016, "mean_acc": 0.7886382766031251, "acc_min": 0.40625, "candidate_sample_idxs": [319, 639, 959, 1279, 1599, 1919, 2303, 2623, 3327, 3647, 3967, 4415, 4735, 5055, 5503, 5823, 6143, 6847, 7551, 7871, 8191, 9407, 9727], "confirmed_sample_idxs": [1023, 1279, 1663, 2303, 3327, 3647, 3967, 4415, 5055, 5503, 6143, 6847, 7551, 8255, 9407], "acc_series": [[63, 0.40625], [127, 0.4140625], [191, 0.4479166666666667], [255, 0.44921875], [319, 0.45], [383, 0.4817708333333333], [447, 0.49330357142857145], [511, 0.51171875], [575, 0.5208333333333334], [639, 0.53125], [703, 0.5340909090909091], [767, 0.5338541666666666], [831, 0.5456730769230769], [895, 0.5591517857142857], [959, 0.5729166666666666], [1023, 0.5859375], [1087, 0.5992647058823529], [1151, 0.6163194444444444], [1215, 0.6324013157894737], [1279, 0.63984375], [1343, 0.6495535714285714], [1407, 0.6526988636363636], [1471, 0.654891304347826], [1535, 0.6614583333333334], [1599, 0.67125], [1663, 0.6754807692307693], [1727, 0.6765046296296297], [1791, 0.6752232142857143], [1855, 0.6767241379310345], [1919, 0.678125], [1983, 0.6799395161290323], [2047, 0.68603515625], [2111, 0.6912878787878788], [2175, 0.6971507352941176], [2239, 0.703125], [2303, 0.7105034722222222], [2367, 0.7174831081081081], [2431, 0.7216282894736842], [2495, 0.7271634615384616], [2559, 0.73203125], [2623, 0.7370426829268293], [2687, 0.7414434523809523], [2751, 0.7449127906976745], [2815, 0.7492897727272727], [2879, 0.7545138888888889], [2943, 0.7571331521739131], [3007, 0.7623005319148937], [3071, 0.7666015625], [3135, 0.7710459183673469], [3199, 0.775], [3263, 0.7784926470588235], [3327, 0.7821514423076923], [3391, 0.7859669811320755], [3455, 0.7890625], [3519, 0.7928977272727272], [3583, 0.7954799107142857], [3647, 0.7974232456140351], [3711, 0.7992995689655172], [3775, 0.8024364406779662], [3839, 0.80546875], [3903, 0.8068647540983607], [3967, 0.8084677419354839], [4031, 0.8097718253968254], [4095, 0.811767578125], [4159, 0.8132211538461539], [4223, 0.8151041666666666], [4287, 0.8171641791044776], [4351, 0.8189338235294118], [4415, 0.8208786231884058], [4479, 0.8227678571428572], [4543, 0.8246038732394366], [4607, 0.8263888888888888], [4671, 0.8285530821917808], [4735, 0.8300253378378378], [4799, 0.8322916666666667], [4863, 0.8336759868421053], [4927, 0.8352272727272727], [4991, 0.8369391025641025], [5055, 0.8386075949367089], [5119, 0.8400390625], [5183, 0.8410493827160493], [5247, 0.8422256097560976], [5311, 0.8435617469879518], [5375, 0.8448660714285714], [5439, 0.8465073529411765], [5503, 0.8477470930232558], [5567, 0.8494971264367817], [5631, 0.8506747159090909], [5695, 0.8518258426966292], [5759, 0.853125], [5823, 0.854739010989011], [5887, 0.8561480978260869], [5951, 0.8575268817204301], [6015, 0.8587101063829787], [6079, 0.859703947368421], [6143, 0.8606770833333334], [6207, 0.8613079896907216], [6271, 0.8624043367346939], [6335, 0.8636363636363636], [6399, 0.86421875], [6463, 0.864944306930693], [6527, 0.8658088235294118], [6591, 0.8671116504854369], [6655, 0.8679387019230769], [6719, 0.8691964285714285], [6783, 0.8701356132075472], [6847, 0.8707651869158879], [6911, 0.8713831018518519], [6975, 0.8724197247706422], [7039, 0.8735795454545454], [7103, 0.8745777027027027], [7167, 0.8755580357142857], [7231, 0.8765210176991151], [7295, 0.8776041666666666], [7359, 0.8782608695652174], [7423, 0.87890625], [7487, 0.8795405982905983], [7551, 0.8802966101694916], [7615, 0.881171218487395], [7679, 0.8819010416666667], [7743, 0.8824896694214877], [7807, 0.8833247950819673], [7871, 0.8840193089430894], [7935, 0.8845766129032258], [7999, 0.88525], [8063, 0.8859126984126984], [8127, 0.8865649606299213], [8191, 0.88720703125], [8255, 0.8875968992248062], [8319, 0.8884615384615384], [8383, 0.889074427480916], [8447, 0.8897964015151515], [8511, 0.8902725563909775], [8575, 0.890741604477612], [8639, 0.8915509259259259], [8703, 0.8923483455882353], [8767, 0.8926779197080292], [8831, 0.8934556159420289], [8895, 0.8938848920863309], [8959, 0.89453125], [9023, 0.895279255319149], [9087, 0.8952464788732394], [9151, 0.8956512237762237], [9215, 0.8958333333333334], [9279, 0.8964439655172414], [9343, 0.8970462328767124], [9407, 0.8976403061224489], [9471, 0.898120777027027], [9535, 0.8984899328859061], [9599, 0.8986458333333334], [9663, 0.8989031456953642], [9727, 0.8995682565789473], [9791, 0.9000204248366013], [9855, 0.9005681818181818], [9919, 0.9009072580645161], [9983, 0.9014423076923077], [9999, 0.9016]], "candidate_count_total": 23, "confirmed_count_total": 15, "created_at": 1768129784.0433555, "confirm_rule_effective": "perm_test", "last_perm_pvalue": 1.0, "last_perm_effect": -0.05025215844364384, "perm_test_count_total": 46, "perm_accept_count_total": 15, "perm_reject_count_total": 31, "perm_alpha": 0.005, "perm_pvalue_p50": 1.0, "perm_pvalue_p90": 1.0, "perm_pvalue_p99": 1.0, "perm_pvalue_le_alpha_ratio": 0.32608695652173914, "perm_effect_p50": -0.018523439254359887, "perm_effect_p90": 0.07594011284050528, "perm_effect_p99": 0.10242690667825992}