{"dataset_name": "sine_nodrift", "dataset_type": "sine", "model_variant": "ts_drift_adapt", "seed": 10, "monitor_preset": "error_divergence_ph_meta@error.threshold=0.10,error.min_instances=5", "monitor_preset_base": "error_divergence_ph_meta", "monitor_ph_params": {"error_rate": {"delta": 0.005, "alpha": 0.15, "threshold": 0.1, "min_instances": 5}, "divergence": {"delta": 0.005, "alpha": 0.1, "threshold": 0.05, "min_instances": 30}}, "monitor_ph_overrides": {"error_rate": {"threshold": 0.1, "min_instances": 5}}, "trigger_mode": "two_stage", "trigger_k": 2, "trigger_threshold": 0.5, "trigger_weights": "__confirm_cooldown=200,divergence=0.3,error_rate=0.5,teacher_entropy=0.2", "confirm_window": 3, "confirm_cooldown": 0, "adaptive_cooldown_enabled": 0, "adaptive_window": 10000, "adaptive_lower_per10k": 10.0, "adaptive_upper_per10k": 25.0, "adaptive_cooldown_low": 200, "adaptive_cooldown_high": 500, "severity_scheduler_scale": 1.0, "use_severity_v2": 0, "severity_gate": "none", "severity_gate_min_streak": 1, "entropy_mode": "overconfident", "severity_decay": 0.95, "freeze_baseline_steps": 0, "n_steps": 800, "horizon": 10000, "acc_final": 0.9226, "mean_acc": 0.8485089247622493, "acc_min": 0.5625, "candidate_sample_idxs": [319, 639, 959, 1279, 1599, 1919, 2239, 2559, 2879, 3199, 3519, 4031, 4479, 4863, 5247, 6335, 6655, 6975, 7359, 7679, 8063, 8895, 9215, 9599], "confirmed_sample_idxs": [319, 639, 959, 1279, 1599, 1919, 2239, 2559, 2879, 3199, 3519, 4031, 4479, 4863, 5247, 6335, 6655, 6975, 7359, 7679, 8063, 8895, 9215, 9599], "acc_series": [[63, 0.65625], [127, 0.5859375], [191, 0.5625], [255, 0.578125], [319, 0.575], [383, 0.5833333333333334], [447, 0.6004464285714286], [511, 0.615234375], [575, 0.6302083333333334], [639, 0.64375], [703, 0.6647727272727273], [767, 0.6809895833333334], [831, 0.6766826923076923], [895, 0.6830357142857143], [959, 0.696875], [1023, 0.705078125], [1087, 0.7178308823529411], [1151, 0.7256944444444444], [1215, 0.7327302631578947], [1279, 0.7421875], [1343, 0.7514880952380952], [1407, 0.7606534090909091], [1471, 0.7697010869565217], [1535, 0.7734375], [1599, 0.779375], [1663, 0.7836538461538461], [1727, 0.7887731481481481], [1791, 0.7918526785714286], [1855, 0.7914870689655172], [1919, 0.7927083333333333], [1983, 0.7953629032258065], [2047, 0.798828125], [2111, 0.8035037878787878], [2175, 0.8069852941176471], [2239, 0.8107142857142857], [2303, 0.8125], [2367, 0.8163006756756757], [2431, 0.8199013157894737], [2495, 0.8233173076923077], [2559, 0.826171875], [2623, 0.8300304878048781], [2687, 0.8333333333333334], [2751, 0.8357558139534884], [2815, 0.8380681818181818], [2879, 0.8399305555555555], [2943, 0.8420516304347826], [3007, 0.8430851063829787], [3071, 0.8450520833333334], [3135, 0.8463010204081632], [3199, 0.848125], [3263, 0.850796568627451], [3327, 0.8524639423076923], [3391, 0.8540683962264151], [3455, 0.8553240740740741], [3519, 0.8573863636363637], [3583, 0.8590959821428571], [3647, 0.8610197368421053], [3711, 0.8626077586206896], [3775, 0.864406779661017], [3839, 0.865625], [3903, 0.8668032786885246], [3967, 0.8669354838709677], [4031, 0.8675595238095238], [4095, 0.86767578125], [4159, 0.8689903846153846], [4223, 0.8693181818181818], [4287, 0.871035447761194], [4351, 0.8727022058823529], [4415, 0.8740942028985508], [4479, 0.8758928571428571], [4543, 0.8765404929577465], [4607, 0.8773871527777778], [4671, 0.8784246575342466], [4735, 0.879222972972973], [4799, 0.8802083333333334], [4863, 0.8809621710526315], [4927, 0.8810876623376623], [4991, 0.8814102564102564], [5055, 0.8823180379746836], [5119, 0.8828125], [5183, 0.8834876543209876], [5247, 0.8843368902439024], [5311, 0.8849774096385542], [5375, 0.8861607142857143], [5439, 0.8869485294117647], [5503, 0.887718023255814], [5567, 0.8886494252873564], [5631, 0.8895596590909091], [5695, 0.8902738764044944], [5759, 0.8911458333333333], [5823, 0.8916552197802198], [5887, 0.8926630434782609], [5951, 0.8934811827956989], [6015, 0.8941156914893617], [6079, 0.8949013157894737], [6143, 0.8955078125], [6207, 0.8959407216494846], [6271, 0.8960459183673469], [6335, 0.8966224747474747], [6399, 0.89734375], [6463, 0.8978960396039604], [6527, 0.8982843137254902], [6591, 0.8986650485436893], [6655, 0.8993389423076923], [6719, 0.899702380952381], [6783, 0.9002063679245284], [6847, 0.900554906542056], [6911, 0.9011863425925926], [6975, 0.9020928899082569], [7039, 0.9025568181818182], [7103, 0.9030123873873874], [7167, 0.9034598214285714], [7231, 0.9043141592920354], [7295, 0.9047423245614035], [7359, 0.9052989130434783], [7423, 0.9059806034482759], [7487, 0.9066506410256411], [7551, 0.907176906779661], [7615, 0.9079569327731093], [7679, 0.908203125], [7743, 0.9084452479338843], [7807, 0.9091956967213115], [7871, 0.9096798780487805], [7935, 0.91015625], [7999, 0.910875], [8063, 0.9113343253968254], [8127, 0.9119094488188977], [8191, 0.912109375], [8255, 0.9124273255813954], [8319, 0.9128605769230769], [8383, 0.9129293893129771], [8447, 0.9134706439393939], [8511, 0.9138862781954887], [8575, 0.914179104477612], [8639, 0.9145833333333333], [8703, 0.9149816176470589], [8767, 0.9151459854014599], [8831, 0.9155344202898551], [8895, 0.9159172661870504], [8959, 0.91640625], [9023, 0.9169991134751773], [9087, 0.9174735915492958], [9151, 0.9180506993006993], [9215, 0.9184027777777778], [9279, 0.9188577586206896], [9343, 0.9190924657534246], [9407, 0.9193239795918368], [9471, 0.9197635135135135], [9535, 0.9200922818791947], [9599, 0.9205208333333333], [9663, 0.9207367549668874], [9727, 0.921155427631579], [9791, 0.9216707516339869], [9855, 0.921976461038961], [9919, 0.9223790322580645], [9983, 0.922676282051282], [9999, 0.9226]], "candidate_count_total": 24, "confirmed_count_total": 24, "created_at": 1768232364.5627623, "confirm_rule_effective": "weighted", "last_perm_pvalue": NaN, "last_perm_effect": NaN, "perm_test_count_total": 0, "perm_accept_count_total": 0, "perm_reject_count_total": 0, "perm_alpha": 0.01, "perm_pvalue_p50": NaN, "perm_pvalue_p90": NaN, "perm_pvalue_p99": NaN, "perm_pvalue_le_alpha_ratio": NaN, "perm_effect_p50": NaN, "perm_effect_p90": NaN, "perm_effect_p99": NaN}