{"dataset_name": "sine_nodrift", "dataset_type": "sine", "model_variant": "ts_drift_adapt", "seed": 4, "monitor_preset": "error_divergence_ph_meta@error.threshold=0.10,error.min_instances=5", "monitor_preset_base": "error_divergence_ph_meta", "monitor_ph_params": {"error_rate": {"delta": 0.005, "alpha": 0.15, "threshold": 0.1, "min_instances": 5}, "divergence": {"delta": 0.005, "alpha": 0.1, "threshold": 0.05, "min_instances": 30}}, "monitor_ph_overrides": {"error_rate": {"threshold": 0.1, "min_instances": 5}}, "trigger_mode": "two_stage", "trigger_k": 2, "trigger_threshold": 0.5, "trigger_weights": "__confirm_cooldown=200,__confirm_rule=perm_test,__perm_alpha=0.02,__perm_min_effect=0,__perm_n_perm=200,__perm_post_n=10,__perm_pre_n=200,__perm_rng_seed=0,__perm_stat=fused_score,divergence=0.3,error_rate=0.5,teacher_entropy=0.2", "confirm_window": 3, "confirm_cooldown": 0, "adaptive_cooldown_enabled": 0, "adaptive_window": 10000, "adaptive_lower_per10k": 10.0, "adaptive_upper_per10k": 25.0, "adaptive_cooldown_low": 200, "adaptive_cooldown_high": 500, "severity_scheduler_scale": 1.0, "use_severity_v2": 0, "severity_gate": "none", "severity_gate_min_streak": 1, "entropy_mode": "overconfident", "severity_decay": 0.95, "freeze_baseline_steps": 0, "n_steps": 800, "horizon": 10000, "acc_final": 0.9242, "mean_acc": 0.848813305085514, "acc_min": 0.375, "candidate_sample_idxs": [319, 639, 959, 1279, 1599, 1919, 2239, 2559, 2879, 3263, 3583, 3903, 4223, 4543, 5119, 5439, 5823, 6207, 6527, 7167, 7999, 8319, 9023, 9791], "confirmed_sample_idxs": [703, 1471, 1919, 2559, 2879, 3263, 4031, 5119, 5823, 6207, 7167, 7999, 9023, 9791], "acc_series": [[63, 0.375], [127, 0.4296875], [191, 0.5052083333333334], [255, 0.50390625], [319, 0.515625], [383, 0.5364583333333334], [447, 0.5647321428571429], [511, 0.59375], [575, 0.6215277777777778], [639, 0.646875], [703, 0.6633522727272727], [767, 0.6744791666666666], [831, 0.6826923076923077], [895, 0.6997767857142857], [959, 0.7145833333333333], [1023, 0.7265625], [1087, 0.7362132352941176], [1151, 0.7421875], [1215, 0.7450657894736842], [1279, 0.746875], [1343, 0.7514880952380952], [1407, 0.7585227272727273], [1471, 0.765625], [1535, 0.7708333333333334], [1599, 0.77625], [1663, 0.7806490384615384], [1727, 0.7864583333333334], [1791, 0.7907366071428571], [1855, 0.7957974137931034], [1919, 0.7989583333333333], [1983, 0.8014112903225806], [2047, 0.8056640625], [2111, 0.8091856060606061], [2175, 0.8143382352941176], [2239, 0.8183035714285715], [2303, 0.8203125], [2367, 0.8234797297297297], [2431, 0.8248355263157895], [2495, 0.8285256410256411], [2559, 0.828125], [2623, 0.8311737804878049], [2687, 0.8337053571428571], [2751, 0.8372093023255814], [2815, 0.8394886363636364], [2879, 0.8416666666666667], [2943, 0.8434103260869565], [3007, 0.8464095744680851], [3071, 0.8483072916666666], [3135, 0.8507653061224489], [3199, 0.8534375], [3263, 0.8553921568627451], [3327, 0.8572716346153846], [3391, 0.859375], [3455, 0.8616898148148148], [3519, 0.8636363636363636], [3583, 0.8643973214285714], [3647, 0.865953947368421], [3711, 0.8677262931034483], [3775, 0.8694385593220338], [3839, 0.8716145833333333], [3903, 0.8726946721311475], [3967, 0.8742439516129032], [4031, 0.8747519841269841], [4095, 0.876220703125], [4159, 0.8774038461538461], [4223, 0.8776041666666666], [4287, 0.8782649253731343], [4351, 0.87890625], [4415, 0.8804347826086957], [4479, 0.8816964285714286], [4543, 0.8829225352112676], [4607, 0.8843315972222222], [4671, 0.8850599315068494], [4735, 0.886402027027027], [4799, 0.886875], [4863, 0.8873355263157895], [4927, 0.8877840909090909], [4991, 0.8884214743589743], [5055, 0.8890427215189873], [5119, 0.8896484375], [5183, 0.8902391975308642], [5247, 0.8913871951219512], [5311, 0.8925075301204819], [5375, 0.8928571428571429], [5439, 0.8928308823529412], [5503, 0.8933502906976745], [5567, 0.8940373563218391], [5631, 0.8952414772727273], [5695, 0.8955407303370787], [5759, 0.8965277777777778], [5823, 0.8973214285714286], [5887, 0.8980978260869565], [5951, 0.8991935483870968], [6015, 0.9002659574468085], [6079, 0.9013157894736842], [6143, 0.9021809895833334], [6207, 0.9027061855670103], [6271, 0.9036989795918368], [6335, 0.9045138888888888], [6399, 0.9053125], [6463, 0.9054764851485149], [6527, 0.90625], [6591, 0.9070084951456311], [6655, 0.9076021634615384], [6719, 0.9077380952380952], [6783, 0.9083136792452831], [6847, 0.9090245327102804], [6911, 0.9088541666666666], [6975, 0.9096903669724771], [7039, 0.9098011363636364], [7103, 0.910472972972973], [7167, 0.9104352678571429], [7231, 0.910674778761062], [7295, 0.9107730263157895], [7359, 0.9112771739130435], [7423, 0.9119073275862069], [7487, 0.9122596153846154], [7551, 0.9127383474576272], [7615, 0.9133403361344538], [7679, 0.9135416666666667], [7743, 0.9142561983471075], [7807, 0.914702868852459], [7871, 0.9152693089430894], [7935, 0.9157006048387096], [7999, 0.916125], [8063, 0.9165426587301587], [8127, 0.9169537401574803], [8191, 0.9173583984375], [8255, 0.9175145348837209], [8319, 0.9179086538461538], [8383, 0.9182967557251909], [8447, 0.9184422348484849], [8511, 0.918703007518797], [8575, 0.9188432835820896], [8639, 0.9190972222222222], [8703, 0.9193474264705882], [8767, 0.9197080291970803], [8831, 0.9198369565217391], [8895, 0.9203012589928058], [8959, 0.9206473214285714], [9023, 0.9208776595744681], [9087, 0.9212147887323944], [9151, 0.9212194055944056], [9215, 0.9216579861111112], [9279, 0.921875], [9343, 0.9223030821917808], [9407, 0.9226190476190477], [9471, 0.9230363175675675], [9535, 0.9231333892617449], [9599, 0.9234375], [9663, 0.9231167218543046], [9727, 0.9228001644736842], [9791, 0.922998366013072], [9855, 0.9233969155844156], [9919, 0.9236895161290323], [9983, 0.9240785256410257], [9999, 0.9242]], "candidate_count_total": 22, "confirmed_count_total": 14, "created_at": 1768149613.5771494, "confirm_rule_effective": "perm_test", "last_perm_pvalue": 0.004975124378109453, "last_perm_effect": 0.07423461978680262, "perm_test_count_total": 48, "perm_accept_count_total": 14, "perm_reject_count_total": 34, "perm_alpha": 0.02, "perm_pvalue_p50": 1.0, "perm_pvalue_p90": 1.0, "perm_pvalue_p99": 1.0, "perm_pvalue_le_alpha_ratio": 0.2916666666666667, "perm_effect_p50": -0.0112694391795831, "perm_effect_p90": 0.0802705564443405, "perm_effect_p99": 0.1320087542142726}