{"dataset_name": "sine_nodrift", "dataset_type": "sine", "model_variant": "ts_drift_adapt", "seed": 1, "monitor_preset": "error_divergence_ph_meta@error.threshold=0.10,error.min_instances=5", "monitor_preset_base": "error_divergence_ph_meta", "monitor_ph_params": {"error_rate": {"delta": 0.005, "alpha": 0.15, "threshold": 0.1, "min_instances": 5}, "divergence": {"delta": 0.005, "alpha": 0.1, "threshold": 0.05, "min_instances": 30}}, "monitor_ph_overrides": {"error_rate": {"threshold": 0.1, "min_instances": 5}}, "trigger_mode": "two_stage", "trigger_k": 2, "trigger_threshold": 0.5, "trigger_weights": "__confirm_cooldown=200,__confirm_rule=perm_test,__perm_alpha=0.05,__perm_min_effect=0,__perm_n_perm=200,__perm_post_n=50,__perm_pre_n=200,__perm_rng_seed=0,__perm_stat=vote_score,divergence=0.3,error_rate=0.5,teacher_entropy=0.2", "confirm_window": 3, "confirm_cooldown": 0, "adaptive_cooldown_enabled": 0, "adaptive_window": 10000, "adaptive_lower_per10k": 10.0, "adaptive_upper_per10k": 25.0, "adaptive_cooldown_low": 200, "adaptive_cooldown_high": 500, "severity_scheduler_scale": 1.0, "use_severity_v2": 0, "severity_gate": "none", "severity_gate_min_streak": 1, "entropy_mode": "overconfident", "severity_decay": 0.95, "freeze_baseline_steps": 0, "n_steps": 800, "horizon": 10000, "acc_final": 0.9177, "mean_acc": 0.8395510399119602, "acc_min": 0.578125, "candidate_sample_idxs": [319, 639, 959, 1279, 1599, 1919, 2239, 2559, 2879, 3199, 3519, 4031, 4351, 4927, 5311, 5951, 6271, 6591, 6911, 7231, 8383, 8703, 9023, 9343, 9791], "confirmed_sample_idxs": [639, 959, 1279, 1599, 1919, 2239, 2559, 2879, 3199, 3519, 4031, 4351, 4927, 5311, 5951, 6271, 6591, 6911, 7231, 8383, 8703, 9023, 9343, 9791], "acc_series": [[63, 0.609375], [127, 0.578125], [191, 0.6302083333333334], [255, 0.6171875], [319, 0.6125], [383, 0.5989583333333334], [447, 0.6071428571428571], [511, 0.603515625], [575, 0.6163194444444444], [639, 0.628125], [703, 0.6377840909090909], [767, 0.6484375], [831, 0.6574519230769231], [895, 0.6685267857142857], [959, 0.6770833333333334], [1023, 0.6904296875], [1087, 0.6957720588235294], [1151, 0.7065972222222222], [1215, 0.7162828947368421], [1279, 0.72578125], [1343, 0.7328869047619048], [1407, 0.7393465909090909], [1471, 0.7445652173913043], [1535, 0.7513020833333334], [1599, 0.755625], [1663, 0.7620192307692307], [1727, 0.7690972222222222], [1791, 0.7734375], [1855, 0.7774784482758621], [1919, 0.7828125], [1983, 0.7872983870967742], [2047, 0.79248046875], [2111, 0.7949810606060606], [2175, 0.7973345588235294], [2239, 0.8008928571428572], [2303, 0.8012152777777778], [2367, 0.8040540540540541], [2431, 0.8083881578947368], [2495, 0.8100961538461539], [2559, 0.812890625], [2623, 0.8147865853658537], [2687, 0.8165922619047619], [2751, 0.8186773255813954], [2815, 0.8220880681818182], [2879, 0.825], [2943, 0.828125], [3007, 0.8287898936170213], [3071, 0.8313802083333334], [3135, 0.8338647959183674], [3199, 0.834375], [3263, 0.8370098039215687], [3327, 0.8395432692307693], [3391, 0.8416863207547169], [3455, 0.8428819444444444], [3519, 0.84375], [3583, 0.8445870535714286], [3647, 0.8459429824561403], [3711, 0.8475215517241379], [3775, 0.8493114406779662], [3839, 0.8518229166666667], [3903, 0.8534836065573771], [3967, 0.8543346774193549], [4031, 0.8549107142857143], [4095, 0.85498046875], [4159, 0.8550480769230769], [4223, 0.8565340909090909], [4287, 0.8579757462686567], [4351, 0.8591452205882353], [4415, 0.8598278985507246], [4479, 0.8611607142857143], [4543, 0.8631161971830986], [4607, 0.8645833333333334], [4671, 0.8662243150684932], [4735, 0.8673986486486487], [4799, 0.8685416666666667], [4863, 0.869860197368421], [4927, 0.869926948051948], [4991, 0.8701923076923077], [5055, 0.8710443037974683], [5119, 0.872265625], [5183, 0.8736496913580247], [5247, 0.8748094512195121], [5311, 0.8761295180722891], [5375, 0.8772321428571429], [5439, 0.8783088235294118], [5503, 0.8797238372093024], [5567, 0.8811063218390804], [5631, 0.8821022727272727], [5695, 0.8821980337078652], [5759, 0.8831597222222223], [5823, 0.884271978021978], [5887, 0.885360054347826], [5951, 0.8862567204301075], [6015, 0.8871343085106383], [6079, 0.8879934210526316], [6143, 0.8888346354166666], [6207, 0.889014175257732], [6271, 0.8901466836734694], [6335, 0.8909406565656566], [6399, 0.89140625], [6463, 0.8918626237623762], [6527, 0.8924632352941176], [6591, 0.8929004854368932], [6655, 0.8930288461538461], [6719, 0.893452380952381], [6783, 0.8940153301886793], [6847, 0.8945677570093458], [6911, 0.8952546296296297], [6975, 0.8962155963302753], [7039, 0.8970170454545454], [7103, 0.8973817567567568], [7167, 0.8980189732142857], [7231, 0.8985066371681416], [7295, 0.8993969298245614], [7359, 0.9001358695652174], [7423, 0.9005926724137931], [7487, 0.9011752136752137], [7551, 0.9017478813559322], [7615, 0.9023109243697479], [7679, 0.903125], [7743, 0.9035382231404959], [7807, 0.9042008196721312], [7871, 0.9047256097560976], [7935, 0.9054939516129032], [7999, 0.906], [8063, 0.9067460317460317], [8127, 0.9073572834645669], [8191, 0.90771484375], [8255, 0.907703488372093], [8319, 0.9081730769230769], [8383, 0.9087547709923665], [8447, 0.9088541666666666], [8511, 0.909421992481203], [8575, 0.909981343283582], [8639, 0.9105324074074074], [8703, 0.9109604779411765], [8767, 0.9112682481751825], [8831, 0.9117980072463768], [8895, 0.9123201438848921], [8959, 0.9126116071428572], [9023, 0.912677304964539], [9087, 0.9125220070422535], [9151, 0.9129152097902098], [9215, 0.9135199652777778], [9279, 0.9137931034482759], [9343, 0.9139554794520548], [9407, 0.9141156462585034], [9471, 0.9144847972972973], [9535, 0.9147441275167785], [9599, 0.9153125], [9663, 0.9158733443708609], [9727, 0.9163240131578947], [9791, 0.9165645424836601], [9855, 0.916801948051948], [9919, 0.9173387096774194], [9983, 0.9176682692307693], [9999, 0.9177]], "candidate_count_total": 25, "confirmed_count_total": 24, "created_at": 1768152592.1014752, "confirm_rule_effective": "perm_test", "last_perm_pvalue": 0.004975124378109453, "last_perm_effect": 0.5088058878261741, "perm_test_count_total": 24, "perm_accept_count_total": 24, "perm_reject_count_total": 0, "perm_alpha": 0.05, "perm_pvalue_p50": 0.004975124378109453, "perm_pvalue_p90": 0.004975124378109453, "perm_pvalue_p99": 0.004975124378109453, "perm_pvalue_le_alpha_ratio": 1.0, "perm_effect_p50": 0.4983485115570466, "perm_effect_p90": 0.5162039805682965, "perm_effect_p99": 0.5203464741223092}