{"dataset_name": "sine_nodrift", "dataset_type": "sine", "model_variant": "ts_drift_adapt", "seed": 5, "monitor_preset": "error_divergence_ph_meta@error.threshold=0.10,error.min_instances=5", "monitor_preset_base": "error_divergence_ph_meta", "monitor_ph_params": {"error_rate": {"delta": 0.005, "alpha": 0.15, "threshold": 0.1, "min_instances": 5}, "divergence": {"delta": 0.005, "alpha": 0.1, "threshold": 0.05, "min_instances": 30}}, "monitor_ph_overrides": {"error_rate": {"threshold": 0.1, "min_instances": 5}}, "trigger_mode": "two_stage", "trigger_k": 2, "trigger_threshold": 0.5, "trigger_weights": "__confirm_cooldown=200,__confirm_rule=perm_test,__perm_alpha=0.05,__perm_delta_k=25,__perm_min_effect=0,__perm_n_perm=200,__perm_post_n=50,__perm_pre_n=500,__perm_rng_seed=0,__perm_stat=delta_fused_score,divergence=0.3,error_rate=0.5,teacher_entropy=0.2", "confirm_window": 3, "confirm_cooldown": 0, "adaptive_cooldown_enabled": 0, "adaptive_window": 10000, "adaptive_lower_per10k": 10.0, "adaptive_upper_per10k": 25.0, "adaptive_cooldown_low": 200, "adaptive_cooldown_high": 500, "severity_scheduler_scale": 1.0, "use_severity_v2": 0, "severity_gate": "none", "severity_gate_min_streak": 1, "entropy_mode": "overconfident", "severity_decay": 0.95, "freeze_baseline_steps": 0, "n_steps": 800, "horizon": 10000, "acc_final": 0.8925, "mean_acc": 0.7968958405929234, "acc_min": 0.45703125, "candidate_sample_idxs": [319, 639, 959, 1279, 1599, 1919, 2303, 2623, 2943, 3263, 3583, 3967, 4287, 4607, 4927, 5247, 5759, 6079, 6399, 6719, 7039, 7359, 7679, 7999, 8319, 8959, 9279, 9599], "confirmed_sample_idxs": [639, 959, 1919, 2303, 3007, 3327, 3647, 3967, 4479, 4991, 5247, 5759, 6143, 6399, 6783, 7103, 7423, 7999, 8319, 8959], "acc_series": [[63, 0.546875], [127, 0.5078125], [191, 0.4739583333333333], [255, 0.45703125], [319, 0.478125], [383, 0.4921875], [447, 0.5267857142857143], [511, 0.544921875], [575, 0.5677083333333334], [639, 0.5875], [703, 0.6122159090909091], [767, 0.6315104166666666], [831, 0.6478365384615384], [895, 0.6607142857142857], [959, 0.6604166666666667], [1023, 0.658203125], [1087, 0.6498161764705882], [1151, 0.6440972222222222], [1215, 0.640625], [1279, 0.64765625], [1343, 0.6532738095238095], [1407, 0.6626420454545454], [1471, 0.6725543478260869], [1535, 0.6796875], [1599, 0.69], [1663, 0.6965144230769231], [1727, 0.703125], [1791, 0.7087053571428571], [1855, 0.7133620689655172], [1919, 0.7166666666666667], [1983, 0.7232862903225806], [2047, 0.7275390625], [2111, 0.7305871212121212], [2175, 0.7320772058823529], [2239, 0.7339285714285714], [2303, 0.7369791666666666], [2367, 0.7415540540540541], [2431, 0.7454769736842105], [2495, 0.7471955128205128], [2559, 0.749609375], [2623, 0.7545731707317073], [2687, 0.7566964285714286], [2751, 0.7609011627906976], [2815, 0.765625], [2879, 0.7684027777777778], [2943, 0.7724184782608695], [3007, 0.776595744680851], [3071, 0.7789713541666666], [3135, 0.782844387755102], [3199, 0.7846875], [3263, 0.7879901960784313], [3327, 0.7896634615384616], [3391, 0.7918632075471698], [3455, 0.7948495370370371], [3519, 0.7971590909090909], [3583, 0.7999441964285714], [3647, 0.8029057017543859], [3711, 0.8054956896551724], [3775, 0.8077330508474576], [3839, 0.809375], [3903, 0.811219262295082], [3967, 0.8125], [4031, 0.8149801587301587], [4095, 0.816650390625], [4159, 0.8180288461538462], [4223, 0.8191287878787878], [4287, 0.8213619402985075], [4351, 0.8216911764705882], [4415, 0.822463768115942], [4479, 0.8236607142857143], [4543, 0.8254841549295775], [4607, 0.8274739583333334], [4671, 0.8296232876712328], [4735, 0.8302364864864865], [4799, 0.8314583333333333], [4863, 0.8324424342105263], [4927, 0.833400974025974], [4991, 0.8347355769230769], [5055, 0.8364319620253164], [5119, 0.837109375], [5183, 0.8385416666666666], [5247, 0.8403201219512195], [5311, 0.8411144578313253], [5375, 0.8422619047619048], [5439, 0.8433823529411765], [5503, 0.8448401162790697], [5567, 0.8464439655172413], [5631, 0.8473011363636364], [5695, 0.8484901685393258], [5759, 0.8493055555555555], [5823, 0.8504464285714286], [5887, 0.8515625], [5951, 0.8519825268817204], [6015, 0.8530585106382979], [6079, 0.8539473684210527], [6143, 0.8548177083333334], [6207, 0.8551868556701031], [6271, 0.8563456632653061], [6335, 0.8571654040404041], [6399, 0.85796875], [6463, 0.8582920792079208], [6527, 0.8595281862745098], [6591, 0.8607402912621359], [6655, 0.8614783653846154], [6719, 0.8623511904761905], [6783, 0.863502358490566], [6847, 0.8643399532710281], [6911, 0.8651620370370371], [6975, 0.8661123853211009], [7039, 0.8669034090909091], [7103, 0.8675394144144144], [7167, 0.8677455357142857], [7231, 0.8686393805309734], [7295, 0.8692434210526315], [7359, 0.8702445652173914], [7423, 0.8705549568965517], [7487, 0.8711271367521367], [7551, 0.8716896186440678], [7615, 0.8723739495798319], [7679, 0.8727864583333333], [7743, 0.8735795454545454], [7807, 0.8746157786885246], [7871, 0.8752540650406504], [7935, 0.8761340725806451], [7999, 0.876625], [8063, 0.8772321428571429], [8127, 0.8774606299212598], [8191, 0.878173828125], [8255, 0.8788759689922481], [8319, 0.8793269230769231], [8383, 0.8798902671755725], [8447, 0.880563446969697], [8511, 0.8809915413533834], [8575, 0.8816464552238806], [8639, 0.882175925925926], [8703, 0.8824678308823529], [8767, 0.8829835766423357], [8831, 0.8836050724637681], [8895, 0.8843300359712231], [8959, 0.8848214285714285], [9023, 0.8856382978723404], [9087, 0.8863336267605634], [9151, 0.8870192307692307], [9215, 0.8874782986111112], [9279, 0.8880387931034482], [9343, 0.888591609589041], [9407, 0.8886054421768708], [9471, 0.8890413851351351], [9535, 0.8893666107382551], [9599, 0.8895833333333333], [9663, 0.8897971854304636], [9727, 0.8900082236842105], [9791, 0.890625], [9855, 0.8909293831168831], [9919, 0.891633064516129], [9983, 0.8923277243589743], [9999, 0.8925]], "candidate_count_total": 27, "confirmed_count_total": 20, "created_at": 1768131053.6268098, "confirm_rule_effective": "perm_test", "last_perm_pvalue": 1.0, "last_perm_effect": -0.010938387916073627, "perm_test_count_total": 55, "perm_accept_count_total": 20, "perm_reject_count_total": 35, "perm_alpha": 0.05, "perm_pvalue_p50": 1.0, "perm_pvalue_p90": 1.0, "perm_pvalue_p99": 1.0, "perm_pvalue_le_alpha_ratio": 0.36363636363636365, "perm_effect_p50": -0.0053504124958824745, "perm_effect_p90": 0.06682484900401707, "perm_effect_p99": 0.15031868410131122}