{"dataset_name": "INSECTS_abrupt_balanced", "dataset_type": "insects_real", "model_variant": "ts_drift_adapt", "seed": 2, "monitor_preset": "error_divergence_ph_meta@error.threshold=0.05,error.min_instances=5", "monitor_preset_base": "error_divergence_ph_meta", "monitor_ph_params": {"error_rate": {"delta": 0.005, "alpha": 0.15, "threshold": 0.05, "min_instances": 5}, "divergence": {"delta": 0.005, "alpha": 0.1, "threshold": 0.05, "min_instances": 30}}, "monitor_ph_overrides": {"error_rate": {"threshold": 0.05, "min_instances": 5}}, "trigger_mode": "two_stage", "trigger_k": 2, "trigger_threshold": 0.5, "trigger_weights": "confirm_cooldown=200,divergence=0.3,error_rate=0.5,teacher_entropy=0.2", "confirm_window": 1, "confirm_cooldown": 0, "adaptive_cooldown_enabled": 0, "adaptive_window": 10000, "adaptive_lower_per10k": 10.0, "adaptive_upper_per10k": 25.0, "adaptive_cooldown_low": 200, "adaptive_cooldown_high": 500, "severity_scheduler_scale": 1.0, "use_severity_v2": 0, "severity_gate": "none", "severity_gate_min_streak": 1, "entropy_mode": "overconfident", "severity_decay": 0.95, "freeze_baseline_steps": 0, "n_steps": 1200, "horizon": 52847, "acc_final": 0.17569587677635437, "mean_acc": 0.17790747697050233, "acc_min": 0.140625, "candidate_sample_idxs": [1279, 2559, 3839, 5119, 6399, 7679, 8959, 10239, 11519, 12799, 14591, 16127, 17919, 19199, 20479, 21759, 23039, 24319, 25599, 26879, 28159, 29695, 30975, 32255, 33535, 34815, 36095, 37375, 38655, 39935, 41215, 42495, 43775, 45055, 46335, 47615, 49919, 51199, 52479], "confirmed_sample_idxs": [1279, 2559, 3839, 5119, 6399, 7679, 8959, 10239, 11519, 12799, 14591, 16127, 17919, 19199, 20479, 21759, 23039, 24319, 25599, 26879, 28159, 29695, 30975, 32255, 33535, 34815, 36095, 37375, 38655, 39935, 41215, 42495, 43775, 45055, 46335, 47615, 49919, 51199, 52479], "acc_series": [[255, 0.140625], [511, 0.16015625], [767, 0.15755208333333334], [1023, 0.1708984375], [1279, 0.18203125], [1535, 0.17578125], [1791, 0.17745535714285715], [2047, 0.177734375], [2303, 0.1814236111111111], [2559, 0.181640625], [2815, 0.1796875], [3071, 0.177734375], [3327, 0.17908653846153846], [3583, 0.18052455357142858], [3839, 0.18307291666666667], [4095, 0.183349609375], [4351, 0.18221507352941177], [4607, 0.1818576388888889], [4863, 0.17927631578947367], [5119, 0.177734375], [5375, 0.17652529761904762], [5631, 0.1766690340909091], [5887, 0.17697010869565216], [6143, 0.177734375], [6399, 0.1796875], [6655, 0.1775841346153846], [6911, 0.17780671296296297], [7167, 0.17954799107142858], [7423, 0.18197737068965517], [7679, 0.183984375], [7935, 0.18422379032258066], [8191, 0.18408203125], [8447, 0.18513257575757575], [8703, 0.185546875], [8959, 0.18638392857142858], [9215, 0.18836805555555555], [9471, 0.18823902027027026], [9727, 0.1885279605263158], [9983, 0.19080528846153846], [10239, 0.19169921875], [10495, 0.19245426829268292], [10751, 0.19475446428571427], [11007, 0.1960392441860465], [11263, 0.19611150568181818], [11519, 0.196875], [11775, 0.19777513586956522], [12031, 0.19888630319148937], [12287, 0.20076497395833334], [12543, 0.20161033163265307], [12799, 0.19890625], [13055, 0.1950061274509804], [13311, 0.1912560096153846], [13567, 0.18764740566037735], [13823, 0.1841724537037037], [14079, 0.18082386363636363], [14335, 0.17857142857142858], [14591, 0.17694627192982457], [14847, 0.17456896551724138], [15103, 0.1720074152542373], [15359, 0.16927083333333334], [15615, 0.16655993852459017], [15871, 0.1638734879032258], [16127, 0.16139632936507936], [16383, 0.15887451171875], [16639, 0.15643028846153847], [16895, 0.15406013257575757], [17151, 0.15187733208955223], [17407, 0.1498736213235294], [17663, 0.1480978260869565], [17919, 0.14860491071428572], [18175, 0.15234375], [18431, 0.15440538194444445], [18687, 0.1558219178082192], [18943, 0.15746410472972974], [19199, 0.15932291666666668], [19455, 0.16154399671052633], [19711, 0.16340300324675325], [19967, 0.1639122596153846], [20223, 0.16455696202531644], [20479, 0.16533203125], [20735, 0.16555748456790123], [20991, 0.16587271341463414], [21247, 0.16599209337349397], [21503, 0.16629464285714285], [21759, 0.16640625], [22015, 0.16651526162790697], [22271, 0.16702586206896552], [22527, 0.16685901988636365], [22783, 0.16704705056179775], [23039, 0.16783854166666667], [23295, 0.16822630494505494], [23551, 0.16949728260869565], [23807, 0.1710769489247312], [24063, 0.1729554521276596], [24319, 0.17430098684210527], [24575, 0.17533365885416666], [24831, 0.17650612113402062], [25087, 0.17737563775510204], [25343, 0.17909564393939395], [25599, 0.1802734375], [25855, 0.18158261138613863], [26111, 0.18317248774509803], [26367, 0.1845039441747573], [26623, 0.18558443509615385], [26879, 0.1868675595238095], [27135, 0.18775795990566038], [27391, 0.1893253504672897], [27647, 0.19075520833333334], [27903, 0.19233801605504589], [28159, 0.19119318181818182], [28415, 0.18957629504504506], [28671, 0.18816266741071427], [28927, 0.18694690265486727], [29183, 0.18578673245614036], [29439, 0.18478260869565216], [29695, 0.1837957974137931], [29951, 0.18269230769230768], [30207, 0.181640625], [30463, 0.18077074579831934], [30719, 0.1796875], [30975, 0.17858987603305784], [31231, 0.1776703381147541], [31487, 0.17705157520325204], [31743, 0.1760962701612903], [31999, 0.17525], [32255, 0.17444816468253968], [32511, 0.1742433562992126], [32767, 0.17510986328125], [33023, 0.17644743217054262], [33279, 0.17653245192307693], [33535, 0.17661617366412213], [33791, 0.17696496212121213], [34047, 0.17701480263157895], [34303, 0.1771513526119403], [34559, 0.17743055555555556], [34815, 0.17741842830882354], [35071, 0.1774349908759124], [35327, 0.17705502717391305], [35583, 0.1770177607913669], [35839, 0.176953125], [36095, 0.17708333333333334], [36351, 0.17693661971830985], [36607, 0.17720170454545456], [36863, 0.17757161458333334], [37119, 0.17739762931034483], [37375, 0.1774400684931507], [37631, 0.17734906462585034], [37887, 0.17765519425675674], [38143, 0.17766883389261745], [38399, 0.176484375], [38655, 0.17531560430463577], [38911, 0.17506167763157895], [39167, 0.1751685049019608], [39423, 0.17527394480519481], [39679, 0.17565524193548387], [39935, 0.17623197115384615], [40191, 0.17655254777070065], [40447, 0.1768690664556962], [40703, 0.1772553066037736], [40959, 0.177392578125], [41215, 0.1775766692546584], [41471, 0.17783082561728394], [41727, 0.1777223926380368], [41983, 0.17785346798780488], [42239, 0.1779592803030303], [42495, 0.1781108810240964], [42751, 0.17837761976047903], [43007, 0.17864118303571427], [43263, 0.17908653846153846], [43519, 0.17957261029411764], [43775, 0.18019005847953215], [44031, 0.18114098837209303], [44287, 0.18176481213872833], [44543, 0.18231411637931033], [44799, 0.18310267857142856], [45055, 0.1841708096590909], [45311, 0.18500617937853106], [45567, 0.18600772471910113], [45823, 0.18688896648044692], [46079, 0.18815104166666666], [46335, 0.18914019337016574], [46591, 0.19001116071428573], [46847, 0.19016820355191258], [47103, 0.18913468070652173], [47359, 0.18811233108108108], [47615, 0.1871009744623656], [47871, 0.1861004344919786], [48127, 0.18511053856382978], [48383, 0.18413111772486773], [48639, 0.18316200657894738], [48895, 0.18220304319371727], [49151, 0.18125406901041666], [49407, 0.18031492875647667], [49663, 0.17940560567010308], [49919, 0.17858573717948717], [50175, 0.1778140943877551], [50431, 0.1772089149746193], [50687, 0.17680713383838384], [50943, 0.17686086683417085], [51199, 0.1768359375], [51455, 0.17706389925373134], [51711, 0.17756033415841585], [51967, 0.17824430418719212], [52223, 0.17779181985294118], [52479, 0.17692454268292682], [52735, 0.17606568567961164], [52846, 0.17569587677635437]], "candidate_count_total": 39, "confirmed_count_total": 39, "created_at": 1767880096.1496115}