{"dataset_name": "sine_nodrift", "dataset_type": "sine", "model_variant": "ts_drift_adapt", "seed": 1, "monitor_preset": "error_divergence_ph_meta@error.threshold=0.10,error.min_instances=5", "monitor_preset_base": "error_divergence_ph_meta", "monitor_ph_params": {"error_rate": {"delta": 0.005, "alpha": 0.15, "threshold": 0.1, "min_instances": 5}, "divergence": {"delta": 0.005, "alpha": 0.1, "threshold": 0.05, "min_instances": 30}}, "monitor_ph_overrides": {"error_rate": {"threshold": 0.1, "min_instances": 5}}, "trigger_mode": "two_stage", "trigger_k": 2, "trigger_threshold": 0.5, "trigger_weights": "__confirm_cooldown=200,__confirm_rule=perm_test,__perm_alpha=0.02,__perm_delta_k=50,__perm_min_effect=0,__perm_n_perm=200,__perm_post_n=30,__perm_pre_n=500,__perm_rng_seed=0,__perm_stat=delta_fused_score,divergence=0.3,error_rate=0.5,teacher_entropy=0.2", "confirm_window": 3, "confirm_cooldown": 0, "adaptive_cooldown_enabled": 0, "adaptive_window": 10000, "adaptive_lower_per10k": 10.0, "adaptive_upper_per10k": 25.0, "adaptive_cooldown_low": 200, "adaptive_cooldown_high": 500, "severity_scheduler_scale": 1.0, "use_severity_v2": 0, "severity_gate": "none", "severity_gate_min_streak": 1, "entropy_mode": "overconfident", "severity_decay": 0.95, "freeze_baseline_steps": 0, "n_steps": 800, "horizon": 10000, "acc_final": 0.916, "mean_acc": 0.8358814027426672, "acc_min": 0.453125, "candidate_sample_idxs": [319, 639, 959, 1279, 1599, 1919, 2239, 2687, 3007, 3327, 3647, 4031, 4351, 4671, 4991, 5311, 6015, 6335, 6847, 7167, 7487, 7807, 8703, 9279, 9727, 9999], "confirmed_sample_idxs": [639, 1151, 1663, 1983, 2687, 3199, 4031, 4351, 5183, 6015, 6399, 6847, 7167, 7679, 8703, 9279, 9727], "acc_series": [[63, 0.453125], [127, 0.5], [191, 0.5625], [255, 0.54296875], [319, 0.55], [383, 0.5572916666666666], [447, 0.5714285714285714], [511, 0.583984375], [575, 0.6145833333333334], [639, 0.6296875], [703, 0.6576704545454546], [767, 0.6731770833333334], [831, 0.6862980769230769], [895, 0.6930803571428571], [959, 0.7052083333333333], [1023, 0.7109375], [1087, 0.7104779411764706], [1151, 0.7135416666666666], [1215, 0.7220394736842105], [1279, 0.73046875], [1343, 0.7358630952380952], [1407, 0.7421875], [1471, 0.7479619565217391], [1535, 0.7545572916666666], [1599, 0.760625], [1663, 0.7632211538461539], [1727, 0.7685185185185185], [1791, 0.7739955357142857], [1855, 0.7764008620689655], [1919, 0.7822916666666667], [1983, 0.7867943548387096], [2047, 0.7900390625], [2111, 0.7935606060606061], [2175, 0.7954963235294118], [2239, 0.8], [2303, 0.8025173611111112], [2367, 0.8053209459459459], [2431, 0.8096217105263158], [2495, 0.8120993589743589], [2559, 0.81328125], [2623, 0.8159298780487805], [2687, 0.8177083333333334], [2751, 0.8201308139534884], [2815, 0.8231534090909091], [2879, 0.825], [2943, 0.8271059782608695], [3007, 0.8287898936170213], [3071, 0.8313802083333334], [3135, 0.8332270408163265], [3199, 0.834375], [3263, 0.8370098039215687], [3327, 0.8392427884615384], [3391, 0.8405070754716981], [3455, 0.8420138888888888], [3519, 0.84375], [3583, 0.8445870535714286], [3647, 0.8459429824561403], [3711, 0.8461745689655172], [3775, 0.8471927966101694], [3839, 0.8494791666666667], [3903, 0.8511782786885246], [3967, 0.8518145161290323], [4031, 0.8516865079365079], [4095, 0.85205078125], [4159, 0.853125], [4223, 0.8544034090909091], [4287, 0.855410447761194], [4351, 0.8566176470588235], [4415, 0.8577898550724637], [4479, 0.8589285714285714], [4543, 0.8602552816901409], [4607, 0.8617621527777778], [4671, 0.8636558219178082], [4735, 0.8644425675675675], [4799, 0.8654166666666666], [4863, 0.8669819078947368], [4927, 0.8678977272727273], [4991, 0.8683894230769231], [5055, 0.8698575949367089], [5119, 0.87109375], [5183, 0.8722993827160493], [5247, 0.8734756097560976], [5311, 0.8748117469879518], [5375, 0.8759300595238095], [5439, 0.877389705882353], [5503, 0.8784520348837209], [5567, 0.8796695402298851], [5631, 0.8803267045454546], [5695, 0.8807935393258427], [5759, 0.8819444444444444], [5823, 0.8832417582417582], [5887, 0.8843410326086957], [5951, 0.8850806451612904], [6015, 0.8858045212765957], [6079, 0.8858552631578948], [6143, 0.8860677083333334], [6207, 0.8861146907216495], [6271, 0.8871173469387755], [6335, 0.8879419191919192], [6399, 0.8884375], [6463, 0.8889232673267327], [6527, 0.889859068627451], [6591, 0.8901699029126213], [6655, 0.8903245192307693], [6719, 0.890922619047619], [6783, 0.8915094339622641], [6847, 0.8919392523364486], [6911, 0.8926504629629629], [6975, 0.8930619266055045], [7039, 0.8938920454545455], [7103, 0.8942849099099099], [7167, 0.8949497767857143], [7231, 0.8954646017699115], [7295, 0.8962445175438597], [7359, 0.8971467391304347], [7423, 0.8974946120689655], [7487, 0.8982371794871795], [7551, 0.8984375], [7615, 0.8988970588235294], [7679, 0.89921875], [7743, 0.8999225206611571], [7807, 0.9002305327868853], [7871, 0.900660569105691], [7935, 0.9014616935483871], [7999, 0.90175], [8063, 0.9025297619047619], [8127, 0.9031742125984252], [8191, 0.9036865234375], [8255, 0.9041908914728682], [8319, 0.9049278846153846], [8383, 0.9056536259541985], [8447, 0.9061316287878788], [8511, 0.9067199248120301], [8575, 0.9072994402985075], [8639, 0.9078703703703703], [8703, 0.9083180147058824], [8767, 0.9086450729927007], [8831, 0.9093070652173914], [8895, 0.9098471223021583], [8959, 0.9104910714285714], [9023, 0.910904255319149], [9087, 0.9112015845070423], [9151, 0.9114947552447552], [9215, 0.9118923611111112], [9279, 0.9122844827586207], [9343, 0.9127782534246576], [9407, 0.9131590136054422], [9471, 0.9134290540540541], [9535, 0.9140100671140939], [9599, 0.914375], [9663, 0.9146316225165563], [9727, 0.9148848684210527], [9791, 0.9153390522875817], [9855, 0.9154829545454546], [9919, 0.915625], [9983, 0.9160657051282052], [9999, 0.916]], "candidate_count_total": 22, "confirmed_count_total": 17, "created_at": 1768132011.2450345, "confirm_rule_effective": "perm_test", "last_perm_pvalue": 0.004975124378109453, "last_perm_effect": 0.06289091008150068, "perm_test_count_total": 44, "perm_accept_count_total": 17, "perm_reject_count_total": 27, "perm_alpha": 0.02, "perm_pvalue_p50": 1.0, "perm_pvalue_p90": 1.0, "perm_pvalue_p99": 1.0, "perm_pvalue_le_alpha_ratio": 0.38636363636363635, "perm_effect_p50": -0.0026458479346883144, "perm_effect_p90": 0.07547498069719615, "perm_effect_p99": 0.13995899062231903}