{"dataset_name": "INSECTS_abrupt_balanced", "dataset_type": "insects_real", "model_variant": "ts_drift_adapt_severity", "seed": 17, "monitor_preset": "error_divergence_ph_meta@error.threshold=0.03,error.min_instances=5", "monitor_preset_base": "error_divergence_ph_meta", "monitor_ph_params": {"error_rate": {"delta": 0.005, "alpha": 0.15, "threshold": 0.03, "min_instances": 5}, "divergence": {"delta": 0.005, "alpha": 0.1, "threshold": 0.05, "min_instances": 30}}, "monitor_ph_overrides": {"error_rate": {"threshold": 0.03, "min_instances": 5}}, "trigger_mode": "two_stage", "trigger_k": 2, "trigger_threshold": 0.5, "trigger_weights": "confirm_cooldown=200,divergence=0.3,error_rate=0.5,teacher_entropy=0.2", "confirm_window": 1, "confirm_cooldown": 0, "adaptive_cooldown_enabled": 0, "adaptive_window": 10000, "adaptive_lower_per10k": 10.0, "adaptive_upper_per10k": 25.0, "adaptive_cooldown_low": 200, "adaptive_cooldown_high": 500, "severity_scheduler_scale": 2.0, "use_severity_v2": 1, "severity_gate": "confirmed_streak", "severity_gate_min_streak": 1, "entropy_mode": "uncertain", "severity_decay": 0.95, "freeze_baseline_steps": 5, "n_steps": 1200, "horizon": 52847, "acc_final": 0.21742009953261301, "mean_acc": 0.20746105356957023, "acc_min": 0.17125226449275363, "candidate_sample_idxs": [1279, 2559, 3839, 5119, 6399, 7679, 8959, 10239, 11519, 12799, 14335, 15615, 17919, 19199, 20479, 21759, 23039, 24319, 25599, 26879, 28159, 29695, 30975, 32255, 33535, 34815, 36095, 37375, 38655, 39935, 41215, 42495, 43775, 45055, 46335, 47615, 48895, 50175, 51455, 52735], "confirmed_sample_idxs": [1279, 2559, 3839, 5119, 6399, 7679, 8959, 10239, 11519, 12799, 14335, 15615, 17919, 19199, 20479, 21759, 23039, 24319, 25599, 26879, 28159, 29695, 30975, 32255, 33535, 34815, 36095, 37375, 38655, 39935, 41215, 42495, 43775, 45055, 46335, 47615, 48895, 50175, 51455, 52735], "acc_series": [[255, 0.2265625], [511, 0.203125], [767, 0.20052083333333334], [1023, 0.1953125], [1279, 0.2015625], [1535, 0.20442708333333334], [1791, 0.20982142857142858], [2047, 0.2119140625], [2303, 0.2105034722222222], [2559, 0.21171875], [2815, 0.21484375], [3071, 0.21484375], [3327, 0.21364182692307693], [3583, 0.21372767857142858], [3839, 0.21510416666666668], [4095, 0.21435546875], [4351, 0.21553308823529413], [4607, 0.2146267361111111], [4863, 0.2158717105263158], [5119, 0.2162109375], [5375, 0.21856398809523808], [5631, 0.2196377840909091], [5887, 0.22078804347826086], [6143, 0.21940104166666666], [6399, 0.2203125], [6655, 0.22205528846153846], [6911, 0.22265625], [7167, 0.22349330357142858], [7423, 0.2260237068965517], [7679, 0.22526041666666666], [7935, 0.2251764112903226], [8191, 0.22607421875], [8447, 0.22632575757575757], [8703, 0.2280560661764706], [8959, 0.2296875], [9215, 0.22916666666666666], [9471, 0.22972972972972974], [9727, 0.22872121710526316], [9983, 0.2299679487179487], [10239, 0.2302734375], [10495, 0.23132621951219512], [10751, 0.23177083333333334], [11007, 0.23128633720930233], [11263, 0.23206676136363635], [11519, 0.23142361111111112], [11775, 0.23106317934782608], [12031, 0.2310505319148936], [12287, 0.230224609375], [12543, 0.2305484693877551], [12799, 0.226796875], [13055, 0.2223498774509804], [13311, 0.21807391826923078], [13567, 0.21395931603773585], [13823, 0.20999710648148148], [14079, 0.20617897727272727], [14335, 0.20270647321428573], [14591, 0.20298793859649122], [14847, 0.20130657327586207], [15103, 0.1984904661016949], [15359, 0.195703125], [15615, 0.19249487704918034], [15871, 0.18939012096774194], [16127, 0.18644593253968253], [16383, 0.18359375], [16639, 0.18076923076923077], [16895, 0.17803030303030304], [17151, 0.1756063432835821], [17407, 0.1733685661764706], [17663, 0.17125226449275363], [17919, 0.171484375], [18175, 0.17528609154929578], [18431, 0.17724609375], [18687, 0.17888484589041095], [18943, 0.18037373310810811], [19199, 0.18197916666666666], [19455, 0.18395353618421054], [19711, 0.18531858766233766], [19967, 0.18544671474358973], [20223, 0.18571993670886075], [20479, 0.186181640625], [20735, 0.18648726851851852], [20991, 0.18649961890243902], [21247, 0.1866057981927711], [21503, 0.18694196428571427], [21759, 0.18745404411764705], [22015, 0.18804505813953487], [22271, 0.1885326867816092], [22527, 0.18949751420454544], [22783, 0.19074789325842698], [23039, 0.19205729166666666], [23295, 0.19290865384615385], [23551, 0.19450577445652173], [23807, 0.1961945564516129], [24063, 0.19730718085106383], [24319, 0.19847861842105263], [24575, 0.19974772135416666], [24831, 0.20103092783505155], [25087, 0.20204878826530612], [25343, 0.2035590277777778], [25599, 0.204921875], [25855, 0.20652846534653466], [26111, 0.20814185049019607], [26367, 0.20949635922330098], [26623, 0.21071213942307693], [26879, 0.2122767857142857], [27135, 0.2133328419811321], [27391, 0.2147707359813084], [27647, 0.21632667824074073], [27903, 0.2174240252293578], [28159, 0.21598011363636363], [28415, 0.21413992117117117], [28671, 0.21229771205357142], [28927, 0.21059181415929204], [29183, 0.2089501096491228], [29439, 0.20716711956521738], [29695, 0.2058526400862069], [29951, 0.20442708333333334], [30207, 0.20302568855932204], [30463, 0.20177914915966386], [30719, 0.20035807291666666], [30975, 0.1991219008264463], [31231, 0.19790599385245902], [31487, 0.19674161585365854], [31743, 0.19606854838709678], [31999, 0.1960625], [32255, 0.19661458333333334], [32511, 0.19792691929133857], [32767, 0.19940185546875], [33023, 0.20133842054263565], [33279, 0.2015625], [33535, 0.2013358778625954], [33791, 0.20182291666666666], [34047, 0.2019501879699248], [34303, 0.2019589552238806], [34559, 0.20182291666666666], [34815, 0.20154526654411764], [35071, 0.20130018248175183], [35327, 0.2014549365942029], [35583, 0.20197279676258992], [35839, 0.20223214285714286], [36095, 0.20209995567375885], [36351, 0.20238226232394366], [36607, 0.20268793706293706], [36863, 0.20274522569444445], [37119, 0.20307112068965516], [37375, 0.2031517551369863], [37631, 0.2035235969387755], [37887, 0.20402238175675674], [38143, 0.2042785234899329], [38399, 0.20291666666666666], [38655, 0.2015728476821192], [38911, 0.20148026315789475], [39167, 0.20172079248366012], [39423, 0.20190746753246752], [39679, 0.20204133064516128], [39935, 0.20212339743589744], [40191, 0.2020800159235669], [40447, 0.2023833069620253], [40703, 0.20248624213836477], [40959, 0.2029052734375], [41215, 0.20344041149068323], [41471, 0.20421006944444445], [41727, 0.20504217791411042], [41983, 0.20598323170731708], [42239, 0.20703125], [42495, 0.20804310993975902], [42751, 0.20918319610778444], [43007, 0.2098446800595238], [43263, 0.2109375], [43519, 0.21176470588235294], [43775, 0.2126736111111111], [44031, 0.21377634447674418], [44287, 0.21441473988439305], [44543, 0.21497844827586207], [44799, 0.21573660714285714], [45055, 0.21684126420454544], [45311, 0.2176465395480226], [45567, 0.2185744382022472], [45823, 0.2194701466480447], [46079, 0.22057291666666667], [46335, 0.2214692679558011], [46591, 0.22242015796703296], [46847, 0.2224214480874317], [47103, 0.22121263586956522], [47359, 0.22003800675675675], [47615, 0.21887600806451613], [47871, 0.2177264371657754], [48127, 0.21660987367021275], [48383, 0.2156084656084656], [48639, 0.21463815789473684], [48895, 0.21388252617801048], [49151, 0.21323649088541666], [49407, 0.21277930699481865], [49663, 0.21228656572164947], [49919, 0.21199919871794873], [50175, 0.21219308035714285], [50431, 0.21290053934010153], [50687, 0.2138967803030303], [50943, 0.21537374371859297], [51199, 0.216484375], [51455, 0.2178171641791045], [51711, 0.21911741955445543], [51967, 0.22042410714285715], [52223, 0.22001378676470587], [52479, 0.2189405487804878], [52735, 0.21787773058252427], [52846, 0.21742009953261301]], "candidate_count_total": 40, "confirmed_count_total": 40, "created_at": 1767889929.372551}