{"dataset_name": "INSECTS_abrupt_balanced", "dataset_type": "insects_real", "model_variant": "ts_drift_adapt_severity", "seed": 28, "monitor_preset": "error_divergence_ph_meta@error.threshold=0.05,error.min_instances=5", "monitor_preset_base": "error_divergence_ph_meta", "monitor_ph_params": {"error_rate": {"delta": 0.005, "alpha": 0.15, "threshold": 0.05, "min_instances": 5}, "divergence": {"delta": 0.005, "alpha": 0.1, "threshold": 0.05, "min_instances": 30}}, "monitor_ph_overrides": {"error_rate": {"threshold": 0.05, "min_instances": 5}}, "trigger_mode": "two_stage", "trigger_k": 2, "trigger_threshold": 0.5, "trigger_weights": "confirm_cooldown=200,divergence=0.3,error_rate=0.5,teacher_entropy=0.2", "confirm_window": 1, "confirm_cooldown": 0, "adaptive_cooldown_enabled": 0, "adaptive_window": 10000, "adaptive_lower_per10k": 10.0, "adaptive_upper_per10k": 25.0, "adaptive_cooldown_low": 200, "adaptive_cooldown_high": 500, "severity_scheduler_scale": 2.0, "use_severity_v2": 1, "severity_gate": "confirmed_streak", "severity_gate_min_streak": 5, "entropy_mode": "uncertain", "severity_decay": 0.95, "freeze_baseline_steps": 5, "n_steps": 1200, "horizon": 52847, "acc_final": 0.2042878498306432, "mean_acc": 0.20343044724231335, "acc_min": 0.154296875, "candidate_sample_idxs": [1279, 2559, 3839, 5119, 6399, 7679, 8959, 10239, 11519, 12799, 14335, 15103, 15615, 17919, 19199, 20479, 21759, 23295, 24575, 25855, 27135, 28415, 29695, 30975, 32255, 33535, 34815, 36095, 37375, 38655, 39935, 41215, 42495, 43775, 45055, 46335, 47615, 48895, 50175, 51455, 52735], "confirmed_sample_idxs": [1279, 2559, 3839, 5119, 6399, 7679, 8959, 10239, 11519, 12799, 14335, 15615, 17919, 19199, 20479, 21759, 23295, 24575, 25855, 27135, 28415, 29695, 30975, 32255, 33535, 34815, 36095, 37375, 38655, 39935, 41215, 42495, 43775, 45055, 46335, 47615, 48895, 50175, 51455, 52735], "acc_series": [[255, 0.1640625], [511, 0.154296875], [767, 0.16796875], [1023, 0.1767578125], [1279, 0.1828125], [1535, 0.189453125], [1791, 0.19084821428571427], [2047, 0.1953125], [2303, 0.19053819444444445], [2559, 0.19609375], [2815, 0.1953125], [3071, 0.1943359375], [3327, 0.19771634615384615], [3583, 0.19866071428571427], [3839, 0.19895833333333332], [4095, 0.200927734375], [4351, 0.20381433823529413], [4607, 0.2033420138888889], [4863, 0.20435855263157895], [5119, 0.2060546875], [5375, 0.20777529761904762], [5631, 0.20827414772727273], [5887, 0.20991847826086957], [6143, 0.20979817708333334], [6399, 0.2115625], [6655, 0.2109375], [6911, 0.21166087962962962], [7167, 0.21219308035714285], [7423, 0.21282327586206898], [7679, 0.21236979166666667], [7935, 0.2125756048387097], [8191, 0.214111328125], [8447, 0.21366003787878787], [8703, 0.21357996323529413], [8959, 0.21484375], [9215, 0.21484375], [9471, 0.21421030405405406], [9727, 0.21402138157894737], [9983, 0.2143429487179487], [10239, 0.214453125], [10495, 0.2151295731707317], [10751, 0.21549479166666666], [11007, 0.21702398255813954], [11263, 0.2178622159090909], [11519, 0.2185763888888889], [11775, 0.21925951086956522], [12031, 0.22016289893617022], [12287, 0.22119140625], [12543, 0.22233737244897958], [12799, 0.21875], [13055, 0.21446078431372548], [13311, 0.21033653846153846], [13567, 0.20636792452830188], [13823, 0.20276331018518517], [14079, 0.20113636363636364], [14335, 0.2060546875], [14591, 0.2041529605263158], [14847, 0.20070043103448276], [15103, 0.19736493644067796], [15359, 0.19407552083333332], [15615, 0.1908939549180328], [15871, 0.1878150201612903], [16127, 0.18489583333333334], [16383, 0.1820068359375], [16639, 0.17920673076923077], [16895, 0.17649147727272727], [17151, 0.173857276119403], [17407, 0.1713579963235294], [17663, 0.16887454710144928], [17919, 0.16886160714285714], [18175, 0.1739656690140845], [18431, 0.1780056423611111], [18687, 0.1817208904109589], [18943, 0.18544130067567569], [19199, 0.18864583333333335], [19455, 0.19258840460526316], [19711, 0.19445008116883117], [19967, 0.19466145833333334], [20223, 0.1945708069620253], [20479, 0.19501953125], [20735, 0.19502314814814814], [20991, 0.1950266768292683], [21247, 0.19488893072289157], [21503, 0.1947079613095238], [21759, 0.19462316176470587], [22015, 0.1945857558139535], [22271, 0.1947737068965517], [22527, 0.19513494318181818], [22783, 0.19575140449438203], [23039, 0.19657118055555556], [23295, 0.19771634615384615], [23551, 0.19913383152173914], [23807, 0.2007728494623656], [24063, 0.20196143617021275], [24319, 0.20308388157894736], [24575, 0.20406087239583334], [24831, 0.20533988402061856], [25087, 0.20699139030612246], [25343, 0.20813604797979798], [25599, 0.2097265625], [25855, 0.21074412128712872], [26111, 0.21208639705882354], [26367, 0.21283373786407767], [26623, 0.21349158653846154], [26879, 0.21510416666666668], [27135, 0.2163178066037736], [27391, 0.2174722546728972], [27647, 0.21889467592592593], [27903, 0.22039850917431192], [28159, 0.21906960227272726], [28415, 0.21758868243243243], [28671, 0.21620396205357142], [28927, 0.21477461283185842], [29183, 0.21333607456140352], [29439, 0.21233016304347826], [29695, 0.2111058728448276], [29951, 0.20993589743589744], [30207, 0.20891816737288135], [30463, 0.20798319327731093], [30719, 0.20693359375], [30975, 0.2062887396694215], [31231, 0.20536629098360656], [31487, 0.20442708333333334], [31743, 0.20388104838709678], [31999, 0.20309375], [32255, 0.20293898809523808], [32511, 0.2029404527559055], [32767, 0.203948974609375], [33023, 0.2052749515503876], [33279, 0.20615985576923077], [33535, 0.2058981393129771], [33791, 0.20626183712121213], [34047, 0.20626762218045114], [34303, 0.20621501865671643], [34559, 0.20598958333333334], [34815, 0.20571001838235295], [35071, 0.20543453467153286], [35327, 0.20547441123188406], [35583, 0.20565422661870503], [35839, 0.205859375], [36095, 0.20547983156028368], [36351, 0.20568331866197184], [36607, 0.20547421328671328], [36863, 0.20545789930555555], [37119, 0.20538793103448275], [37375, 0.2052921660958904], [37631, 0.20533056972789115], [37887, 0.20565878378378377], [38143, 0.2056155620805369], [38399, 0.20427083333333335], [38655, 0.2029439155629139], [38911, 0.20261101973684212], [39167, 0.2026654411764706], [39423, 0.2027445211038961], [39679, 0.20292338709677418], [39935, 0.20307491987179488], [40191, 0.20305035828025478], [40447, 0.2030013844936709], [40703, 0.20332154088050314], [40959, 0.203466796875], [41215, 0.20363451086956522], [41471, 0.20404128086419754], [41727, 0.20444305981595093], [41983, 0.20441120426829268], [42239, 0.2044744318181818], [42495, 0.20460749246987953], [42751, 0.20490269461077845], [43007, 0.20540364583333334], [43263, 0.20603735207100593], [43519, 0.2065487132352941], [43775, 0.20698556286549707], [44031, 0.20787154796511628], [44287, 0.20811506502890173], [44543, 0.2085578304597701], [44799, 0.20919642857142856], [45055, 0.20973899147727273], [45311, 0.2100547316384181], [45567, 0.21056443117977527], [45823, 0.21109025837988826], [46079, 0.21195746527777778], [46335, 0.21249136740331492], [46591, 0.21299793956043955], [46847, 0.21290129781420766], [47103, 0.21174422554347827], [47359, 0.21062077702702703], [47615, 0.20953040994623656], [47871, 0.20845170454545456], [48127, 0.2074468085106383], [48383, 0.20649388227513227], [48639, 0.20563322368421053], [48895, 0.20482248036649214], [49151, 0.2042236328125], [49407, 0.20381314766839378], [49663, 0.20334648840206185], [49919, 0.20288461538461539], [50175, 0.20258689413265307], [50431, 0.20249048223350255], [50687, 0.20247395833333334], [50943, 0.2029679648241206], [51199, 0.20380859375], [51455, 0.20477689676616914], [51711, 0.20606435643564355], [51967, 0.20726216133004927], [52223, 0.2067248774509804], [52479, 0.20571646341463415], [52735, 0.20471783980582525], [52846, 0.2042878498306432]], "candidate_count_total": 41, "confirmed_count_total": 40, "created_at": 1767889262.8814566}