{"dataset_name": "INSECTS_abrupt_balanced", "dataset_type": "insects_real", "model_variant": "ts_drift_adapt_severity", "seed": 12, "monitor_preset": "error_divergence_ph_meta@error.threshold=0.03,error.min_instances=5", "monitor_preset_base": "error_divergence_ph_meta", "monitor_ph_params": {"error_rate": {"delta": 0.005, "alpha": 0.15, "threshold": 0.03, "min_instances": 5}, "divergence": {"delta": 0.005, "alpha": 0.1, "threshold": 0.05, "min_instances": 30}}, "monitor_ph_overrides": {"error_rate": {"threshold": 0.03, "min_instances": 5}}, "trigger_mode": "two_stage", "trigger_k": 2, "trigger_threshold": 0.5, "trigger_weights": "confirm_cooldown=200,divergence=0.3,error_rate=0.5,teacher_entropy=0.2", "confirm_window": 1, "confirm_cooldown": 0, "adaptive_cooldown_enabled": 0, "adaptive_window": 10000, "adaptive_lower_per10k": 10.0, "adaptive_upper_per10k": 25.0, "adaptive_cooldown_low": 200, "adaptive_cooldown_high": 500, "severity_scheduler_scale": 2.0, "use_severity_v2": 1, "severity_gate": "none", "severity_gate_min_streak": 1, "entropy_mode": "uncertain", "severity_decay": 0.95, "freeze_baseline_steps": 5, "n_steps": 1200, "horizon": 52847, "acc_final": 0.1983840142297576, "mean_acc": 0.18915714545403722, "acc_min": 0.07421875, "candidate_sample_idxs": [1279, 2559, 3839, 5119, 6399, 7679, 8959, 10239, 11519, 12799, 14079, 15359, 17919, 19199, 20479, 21759, 23039, 24319, 25599, 26879, 28159, 29439, 30719, 31999, 33279, 34559, 35839, 37119, 38399, 39679, 40959, 42239, 43519, 44799, 46079, 47359, 49407, 50687, 51967], "confirmed_sample_idxs": [1279, 2559, 3839, 5119, 6399, 7679, 8959, 10239, 11519, 12799, 14079, 15359, 17919, 19199, 20479, 21759, 23039, 24319, 25599, 26879, 28159, 29439, 30719, 31999, 33279, 34559, 35839, 37119, 38399, 39679, 40959, 42239, 43519, 44799, 46079, 47359, 49407, 50687, 51967], "acc_series": [[255, 0.07421875], [511, 0.1015625], [767, 0.11979166666666667], [1023, 0.1396484375], [1279, 0.14921875], [1535, 0.15104166666666666], [1791, 0.15011160714285715], [2047, 0.158203125], [2303, 0.1623263888888889], [2559, 0.162109375], [2815, 0.16796875], [3071, 0.16861979166666666], [3327, 0.1700721153846154], [3583, 0.16964285714285715], [3839, 0.16979166666666667], [4095, 0.173583984375], [4351, 0.17693014705882354], [4607, 0.1794704861111111], [4863, 0.17701480263157895], [5119, 0.1802734375], [5375, 0.1796875], [5631, 0.18288352272727273], [5887, 0.18563179347826086], [6143, 0.18684895833333334], [6399, 0.18921875], [6655, 0.19020432692307693], [6911, 0.1902488425925926], [7167, 0.19112723214285715], [7423, 0.19410021551724138], [7679, 0.194140625], [7935, 0.19480846774193547], [8191, 0.1962890625], [8447, 0.19649621212121213], [8703, 0.19715073529411764], [8959, 0.19854910714285715], [9215, 0.1994357638888889], [9471, 0.19879645270270271], [9727, 0.19839638157894737], [9983, 0.1990184294871795], [10239, 0.19970703125], [10495, 0.1995045731707317], [10751, 0.201171875], [11007, 0.20030886627906977], [11263, 0.2002840909090909], [11519, 0.20173611111111112], [11775, 0.20176630434782608], [12031, 0.2027094414893617], [12287, 0.20231119791666666], [12543, 0.2029655612244898], [12799, 0.199921875], [13055, 0.19600183823529413], [13311, 0.1922325721153846], [13567, 0.18867924528301888], [13823, 0.18583622685185186], [14079, 0.18806818181818183], [14335, 0.20047433035714285], [14591, 0.19798519736842105], [14847, 0.19457165948275862], [15103, 0.19134004237288135], [15359, 0.18815104166666666], [15615, 0.18506659836065573], [15871, 0.18208165322580644], [16127, 0.1792534722222222], [16383, 0.17645263671875], [16639, 0.17373798076923078], [16895, 0.17110558712121213], [17151, 0.1685517723880597], [17407, 0.16613051470588236], [17663, 0.1637228260869565], [17919, 0.163671875], [18175, 0.16862896126760563], [18431, 0.17176649305555555], [18687, 0.17455051369863014], [18943, 0.17673141891891891], [19199, 0.17932291666666667], [19455, 0.1815892269736842], [19711, 0.1825284090909091], [19967, 0.18239182692307693], [20223, 0.18225870253164558], [20479, 0.18251953125], [20735, 0.18248456790123457], [20991, 0.18259336890243902], [21247, 0.18255835843373494], [21503, 0.18247767857142858], [21759, 0.18244485294117646], [22015, 0.18254905523255813], [22271, 0.1827855603448276], [22527, 0.18257279829545456], [22783, 0.18271594101123595], [23039, 0.18324652777777778], [23295, 0.18389423076923078], [23551, 0.18461277173913043], [23807, 0.18527385752688172], [24063, 0.18633643617021275], [24319, 0.18725328947368422], [24575, 0.18843587239583334], [24831, 0.18963434278350516], [25087, 0.19096779336734693], [25343, 0.1927872474747475], [25599, 0.19375], [25855, 0.19546720297029702], [26111, 0.19692095588235295], [26367, 0.19804308252427186], [26623, 0.19921875], [26879, 0.20089285714285715], [27135, 0.20224056603773585], [27391, 0.20349007009345793], [27647, 0.20500578703703703], [27903, 0.20642201834862386], [28159, 0.20490056818181818], [28415, 0.20326576576576577], [28671, 0.20166015625], [28927, 0.2000138274336283], [29183, 0.19863623903508773], [29439, 0.19724864130434783], [29695, 0.19578394396551724], [29951, 0.19431089743589744], [30207, 0.1930283368644068], [30463, 0.1919314600840336], [30719, 0.19059244791666666], [30975, 0.18946926652892562], [31231, 0.1886846823770492], [31487, 0.18829395325203252], [31743, 0.18794102822580644], [31999, 0.18796875], [32255, 0.18802703373015872], [32511, 0.18860728346456693], [32767, 0.18939208984375], [33023, 0.1902252906976744], [33279, 0.19008413461538462], [33535, 0.19012404580152673], [33791, 0.19057765151515152], [34047, 0.19058388157894737], [34303, 0.19067747201492538], [34559, 0.1908564814814815], [34815, 0.1908892463235294], [35071, 0.19095004562043796], [35327, 0.19072690217391305], [35583, 0.1907036870503597], [35839, 0.19073660714285715], [36095, 0.19079676418439717], [36351, 0.1910761443661972], [36607, 0.19118771853146854], [36863, 0.19124348958333334], [37119, 0.19137931034482758], [37375, 0.1916202910958904], [37631, 0.1918048469387755], [37887, 0.19235641891891891], [38143, 0.19253355704697986], [38399, 0.19125], [38655, 0.18998344370860928], [38911, 0.18958162006578946], [39167, 0.18941482843137256], [39423, 0.18922483766233766], [39679, 0.18928931451612904], [39935, 0.18912760416666666], [40191, 0.18896795382165604], [40447, 0.18918117088607594], [40703, 0.18914602987421383], [40959, 0.189697265625], [41215, 0.19012034161490685], [41471, 0.19087577160493827], [41727, 0.1917657208588957], [41983, 0.19262099847560976], [42239, 0.19384469696969697], [42495, 0.19474774096385541], [42751, 0.1959440494011976], [43007, 0.19705636160714285], [43263, 0.19806305473372782], [43519, 0.19919577205882352], [43775, 0.2000639619883041], [44031, 0.20146711482558138], [44287, 0.20192828757225434], [44543, 0.20254130747126436], [44799, 0.2035267857142857], [45055, 0.20478959517045456], [45311, 0.20564088983050846], [45567, 0.20657040028089887], [45823, 0.20751134776536312], [46079, 0.20857204861111112], [46335, 0.20955628453038674], [46591, 0.2106155563186813], [46847, 0.2107880806010929], [47103, 0.20964249320652173], [47359, 0.20850929054054054], [47615, 0.20738827284946237], [47871, 0.20630013368983957], [48127, 0.2052027925531915], [48383, 0.20413773148148148], [48639, 0.20308388157894736], [48895, 0.20212287303664922], [49151, 0.20121256510416666], [49407, 0.20033193005181346], [49663, 0.19958118556701032], [49919, 0.19891826923076922], [50175, 0.19842155612244897], [50431, 0.19806868654822335], [50687, 0.1976010101010101], [50943, 0.19753062185929648], [51199, 0.19763671875], [51455, 0.1982276119402985], [51711, 0.19958616955445543], [51967, 0.20125846674876846], [52223, 0.20075061274509803], [52479, 0.19977134146341463], [52735, 0.19880157766990292], [52846, 0.1983840142297576]], "candidate_count_total": 39, "confirmed_count_total": 39, "created_at": 1767889775.4091988}