{"dataset_name": "INSECTS_abrupt_balanced", "dataset_type": "insects_real", "model_variant": "ts_drift_adapt_severity", "seed": 4, "monitor_preset": "error_divergence_ph_meta@error.threshold=0.03,error.min_instances=5", "monitor_preset_base": "error_divergence_ph_meta", "monitor_ph_params": {"error_rate": {"delta": 0.005, "alpha": 0.15, "threshold": 0.03, "min_instances": 5}, "divergence": {"delta": 0.005, "alpha": 0.1, "threshold": 0.05, "min_instances": 30}}, "monitor_ph_overrides": {"error_rate": {"threshold": 0.03, "min_instances": 5}}, "trigger_mode": "two_stage", "trigger_k": 2, "trigger_threshold": 0.5, "trigger_weights": "confirm_cooldown=200,divergence=0.3,error_rate=0.5,teacher_entropy=0.2", "confirm_window": 1, "confirm_cooldown": 0, "adaptive_cooldown_enabled": 0, "adaptive_window": 10000, "adaptive_lower_per10k": 10.0, "adaptive_upper_per10k": 25.0, "adaptive_cooldown_low": 200, "adaptive_cooldown_high": 500, "severity_scheduler_scale": 2.0, "use_severity_v2": 1, "severity_gate": "confirmed_streak", "severity_gate_min_streak": 1, "entropy_mode": "uncertain", "severity_decay": 0.95, "freeze_baseline_steps": 5, "n_steps": 1200, "horizon": 52847, "acc_final": 0.20018165648002725, "mean_acc": 0.19659771672908027, "acc_min": 0.16649682971014493, "candidate_sample_idxs": [1279, 2559, 3839, 5119, 6399, 7679, 8959, 10239, 11519, 12799, 14079, 15359, 16639, 18175, 19455, 20735, 22015, 23295, 24575, 25855, 27135, 28415, 29695, 30975, 32255, 33535, 34815, 36095, 37375, 38655, 39935, 41215, 42495, 43775, 45055, 46335, 47615, 49919, 51199, 52479], "confirmed_sample_idxs": [1279, 2559, 3839, 5119, 6399, 7679, 8959, 10239, 11519, 12799, 14079, 15359, 16639, 18175, 19455, 20735, 22015, 23295, 24575, 25855, 27135, 28415, 29695, 30975, 32255, 33535, 34815, 36095, 37375, 38655, 39935, 41215, 42495, 43775, 45055, 46335, 47615, 49919, 51199, 52479], "acc_series": [[255, 0.23046875], [511, 0.185546875], [767, 0.18489583333333334], [1023, 0.1787109375], [1279, 0.18359375], [1535, 0.18424479166666666], [1791, 0.18805803571428573], [2047, 0.1923828125], [2303, 0.1931423611111111], [2559, 0.198046875], [2815, 0.20241477272727273], [3071, 0.20279947916666666], [3327, 0.20282451923076922], [3583, 0.20005580357142858], [3839, 0.20078125], [4095, 0.199462890625], [4351, 0.203125], [4607, 0.2046440972222222], [4863, 0.20847039473684212], [5119, 0.211328125], [5375, 0.21223958333333334], [5631, 0.21058238636363635], [5887, 0.21195652173913043], [6143, 0.21028645833333334], [6399, 0.20921875], [6655, 0.2109375], [6911, 0.21223958333333334], [7167, 0.21372767857142858], [7423, 0.21470905172413793], [7679, 0.21263020833333332], [7935, 0.21333165322580644], [8191, 0.213623046875], [8447, 0.21271306818181818], [8703, 0.21312040441176472], [8959, 0.21361607142857142], [9215, 0.21354166666666666], [9471, 0.21304898648648649], [9727, 0.21217105263157895], [9983, 0.21354166666666666], [10239, 0.21552734375], [10495, 0.21646341463414634], [10751, 0.21763392857142858], [11007, 0.21865915697674418], [11263, 0.220703125], [11519, 0.22152777777777777], [11775, 0.2223165760869565], [12031, 0.22290558510638298], [12287, 0.22330729166666666], [12543, 0.22433035714285715], [12799, 0.22078125], [13055, 0.21645220588235295], [13311, 0.21228966346153846], [13567, 0.20828419811320756], [13823, 0.20442708333333334], [14079, 0.20099431818181818], [14335, 0.19873046875], [14591, 0.19880756578947367], [14847, 0.19679418103448276], [15103, 0.1937897245762712], [15359, 0.19055989583333333], [15615, 0.1875], [15871, 0.1844758064516129], [16127, 0.18167162698412698], [16383, 0.178955078125], [16639, 0.17626201923076923], [16895, 0.17359138257575757], [17151, 0.1711170708955224], [17407, 0.16888786764705882], [17663, 0.16649682971014493], [17919, 0.16657366071428573], [18175, 0.17027948943661972], [18431, 0.1723090277777778], [18687, 0.1739619006849315], [18943, 0.17535895270270271], [19199, 0.17666666666666667], [19455, 0.17907072368421054], [19711, 0.18029626623376624], [19967, 0.18098958333333334], [20223, 0.18117088607594936], [20479, 0.181689453125], [20735, 0.18205054012345678], [20991, 0.18230754573170732], [21247, 0.18246423192771086], [21503, 0.18233816964285715], [21759, 0.18216911764705881], [22015, 0.18232194767441862], [22271, 0.1825610632183908], [22527, 0.18297230113636365], [22783, 0.18451544943820225], [23039, 0.18559027777777778], [23295, 0.18651270604395603], [23551, 0.18826426630434784], [23807, 0.18909610215053763], [24063, 0.19011801861702127], [24319, 0.19140625], [24575, 0.19242350260416666], [24831, 0.19293653350515463], [25087, 0.19355867346938777], [25343, 0.19476010101010102], [25599, 0.1958203125], [25855, 0.1968595297029703], [26111, 0.19803155637254902], [26367, 0.19895327669902912], [26623, 0.1995567908653846], [26879, 0.20033482142857142], [27135, 0.20091391509433962], [27391, 0.20144567757009346], [27647, 0.20218460648148148], [27903, 0.20348337155963303], [28159, 0.20220170454545455], [28415, 0.20055602477477477], [28671, 0.19904436383928573], [28927, 0.19759402654867256], [29183, 0.19620339912280702], [29439, 0.1949728260869565], [29695, 0.1938981681034483], [29951, 0.19274172008547008], [30207, 0.19180349576271186], [30463, 0.19091386554621848], [30719, 0.1900390625], [30975, 0.1892110020661157], [31231, 0.18839651639344263], [31487, 0.1876905487804878], [31743, 0.18721648185483872], [31999, 0.18696875], [32255, 0.18784102182539683], [32511, 0.18873031496062992], [32767, 0.19061279296875], [33023, 0.19249636627906977], [33279, 0.1929387019230769], [33535, 0.19256917938931298], [33791, 0.19279711174242425], [34047, 0.19299224624060152], [34303, 0.19289295708955223], [34559, 0.19250578703703702], [34815, 0.19209558823529413], [35071, 0.19186245437956204], [35327, 0.19202898550724637], [35583, 0.1923898381294964], [35839, 0.19255022321428572], [36095, 0.1924867021276596], [36351, 0.19264414612676056], [36607, 0.19258085664335664], [36863, 0.1923556857638889], [37119, 0.19251077586206897], [37375, 0.19250321061643835], [37631, 0.19270833333333334], [37887, 0.19314822635135134], [38143, 0.19321518456375839], [38399, 0.19192708333333333], [38655, 0.1906560430463576], [38911, 0.19055818256578946], [39167, 0.19056372549019607], [39423, 0.19069602272727273], [39679, 0.19090221774193547], [39935, 0.19123096955128205], [40191, 0.19115744426751594], [40447, 0.19143097310126583], [40703, 0.19167649371069181], [40959, 0.1920166015625], [41215, 0.1922069099378882], [41471, 0.19294945987654322], [41727, 0.19353911042944785], [41983, 0.19390720274390244], [42239, 0.19467329545454545], [42495, 0.19535956325301204], [42751, 0.19599083083832336], [43007, 0.19675409226190477], [43263, 0.19767011834319526], [43519, 0.19846047794117647], [43775, 0.1990360014619883], [44031, 0.20001362645348839], [44287, 0.20041546242774566], [44543, 0.2009698275862069], [44799, 0.20169642857142858], [45055, 0.20243696732954544], [45311, 0.20305879237288135], [45567, 0.20373946629213482], [45823, 0.2044780027932961], [46079, 0.20542534722222222], [46335, 0.2061248273480663], [46591, 0.20679515796703296], [46847, 0.2067324112021858], [47103, 0.20560886548913043], [47359, 0.20449746621621623], [47615, 0.20339801747311828], [47871, 0.20231032754010694], [48127, 0.20123420877659576], [48383, 0.2001694775132275], [48639, 0.19911595394736842], [48895, 0.1980734620418848], [49151, 0.19706217447916666], [49407, 0.19610184585492227], [49663, 0.19525209407216496], [49919, 0.1945713141025641], [50175, 0.19445551658163265], [50431, 0.19529267131979697], [50687, 0.19633838383838384], [50943, 0.1974717336683417], [51199, 0.1985546875], [51455, 0.19999611318407962], [51711, 0.20142326732673269], [51967, 0.20291333128078817], [52223, 0.20256969975490197], [52479, 0.20158155487804877], [52735, 0.2006030036407767], [52846, 0.20018165648002725]], "candidate_count_total": 40, "confirmed_count_total": 40, "created_at": 1767889849.5510283}