{"dataset_name": "sine_nodrift", "dataset_type": "sine", "model_variant": "ts_drift_adapt", "seed": 1, "monitor_preset": "error_divergence_ph_meta@error.threshold=0.10,error.min_instances=5", "monitor_preset_base": "error_divergence_ph_meta", "monitor_ph_params": {"error_rate": {"delta": 0.005, "alpha": 0.15, "threshold": 0.1, "min_instances": 5}, "divergence": {"delta": 0.005, "alpha": 0.1, "threshold": 0.05, "min_instances": 30}}, "monitor_ph_overrides": {"error_rate": {"threshold": 0.1, "min_instances": 5}}, "trigger_mode": "two_stage", "trigger_k": 2, "trigger_threshold": 0.5, "trigger_weights": "__confirm_cooldown=200,__confirm_rule=perm_test,__perm_alpha=0.01,__perm_min_effect=0,__perm_n_perm=200,__perm_post_n=30,__perm_pre_n=500,__perm_rng_seed=0,__perm_stat=fused_score,divergence=0.3,error_rate=0.5,teacher_entropy=0.2", "confirm_window": 3, "confirm_cooldown": 0, "adaptive_cooldown_enabled": 0, "adaptive_window": 10000, "adaptive_lower_per10k": 10.0, "adaptive_upper_per10k": 25.0, "adaptive_cooldown_low": 200, "adaptive_cooldown_high": 500, "severity_scheduler_scale": 1.0, "use_severity_v2": 0, "severity_gate": "none", "severity_gate_min_streak": 1, "entropy_mode": "overconfident", "severity_decay": 0.95, "freeze_baseline_steps": 0, "n_steps": 800, "horizon": 10000, "acc_final": 0.9247, "mean_acc": 0.8561211131978497, "acc_min": 0.515625, "candidate_sample_idxs": [319, 639, 959, 1279, 1599, 1919, 2367, 2815, 3135, 3455, 3775, 4095, 4415, 4799, 5183, 5695, 6015, 6335, 6847, 7167, 7487, 8063, 8639, 9279, 9599, 9919], "confirmed_sample_idxs": [703, 1023, 1471, 2367, 2815, 3583, 4415, 4799, 5183, 5695, 6143, 6847, 8063, 8639, 9279, 9599, 9919], "acc_series": [[63, 0.515625], [127, 0.515625], [191, 0.5677083333333334], [255, 0.5625], [319, 0.575], [383, 0.5807291666666666], [447, 0.6026785714285714], [511, 0.62109375], [575, 0.6545138888888888], [639, 0.671875], [703, 0.6860795454545454], [767, 0.6966145833333334], [831, 0.7067307692307693], [895, 0.7176339285714286], [959, 0.7291666666666666], [1023, 0.7451171875], [1087, 0.7472426470588235], [1151, 0.7543402777777778], [1215, 0.7648026315789473], [1279, 0.77109375], [1343, 0.7790178571428571], [1407, 0.7862215909090909], [1471, 0.7907608695652174], [1535, 0.7975260416666666], [1599, 0.8], [1663, 0.8052884615384616], [1727, 0.8119212962962963], [1791, 0.81640625], [1855, 0.818426724137931], [1919, 0.8229166666666666], [1983, 0.827116935483871], [2047, 0.83056640625], [2111, 0.8333333333333334], [2175, 0.8363970588235294], [2239, 0.8392857142857143], [2303, 0.8402777777777778], [2367, 0.8416385135135135], [2431, 0.8441611842105263], [2495, 0.8465544871794872], [2559, 0.84765625], [2623, 0.848704268292683], [2687, 0.8500744047619048], [2751, 0.8513808139534884], [2815, 0.8526278409090909], [2879, 0.8552083333333333], [2943, 0.8566576086956522], [3007, 0.8583776595744681], [3071, 0.8603515625], [3135, 0.8619260204081632], [3199, 0.8615625], [3263, 0.8630514705882353], [3327, 0.8641826923076923], [3391, 0.8655660377358491], [3455, 0.8666087962962963], [3519, 0.8681818181818182], [3583, 0.8680245535714286], [3647, 0.8678728070175439], [3711, 0.8679956896551724], [3775, 0.8691737288135594], [3839, 0.87109375], [3903, 0.8729508196721312], [3967, 0.8732358870967742], [4031, 0.8732638888888888], [4095, 0.87255859375], [4159, 0.8721153846153846], [4223, 0.8728693181818182], [4287, 0.8736007462686567], [4351, 0.8740808823529411], [4415, 0.8745471014492754], [4479, 0.8761160714285714], [4543, 0.8774207746478874], [4607, 0.87890625], [4671, 0.8803510273972602], [4735, 0.8807010135135135], [4799, 0.8820833333333333], [4863, 0.8832236842105263], [4927, 0.8845373376623377], [4991, 0.8854166666666666], [5055, 0.8868670886075949], [5119, 0.8873046875], [5183, 0.8879243827160493], [5247, 0.8885289634146342], [5311, 0.8893072289156626], [5375, 0.8900669642857143], [5439, 0.8908088235294118], [5503, 0.892078488372093], [5567, 0.8931393678160919], [5631, 0.8938210227272727], [5695, 0.8944873595505618], [5759, 0.8954861111111111], [5823, 0.8964629120879121], [5887, 0.8974184782608695], [5951, 0.8980174731182796], [6015, 0.8986037234042553], [6079, 0.8990131578947368], [6143, 0.8994140625], [6207, 0.8998067010309279], [6271, 0.9001913265306123], [6335, 0.9002525252525253], [6399, 0.9009375], [6463, 0.9017636138613861], [6527, 0.9021139705882353], [6591, 0.9023058252427184], [6655, 0.90234375], [6719, 0.9029761904761905], [6783, 0.9034492924528302], [6847, 0.9034754672897196], [6911, 0.9039351851851852], [6975, 0.9045298165137615], [7039, 0.904971590909091], [7103, 0.9055461711711712], [7167, 0.90625], [7231, 0.9070796460176991], [7295, 0.9077576754385965], [7359, 0.9082880434782609], [7423, 0.9084051724137931], [7487, 0.9090544871794872], [7551, 0.9096927966101694], [7615, 0.9099264705882353], [7679, 0.9102864583333333], [7743, 0.9108987603305785], [7807, 0.9115010245901639], [7871, 0.9120934959349594], [7935, 0.9128024193548387], [7999, 0.91325], [8063, 0.9138144841269841], [8127, 0.9144931102362205], [8191, 0.9146728515625], [8255, 0.9149709302325582], [8319, 0.915625], [8383, 0.9161498091603053], [8447, 0.916311553030303], [8511, 0.9168233082706767], [8575, 0.9174440298507462], [8639, 0.9178240740740741], [8703, 0.9181985294117647], [8767, 0.9186815693430657], [8831, 0.9192708333333334], [8895, 0.9194019784172662], [8959, 0.9198660714285715], [9023, 0.9203235815602837], [9087, 0.9206646126760564], [9151, 0.9208916083916084], [9215, 0.9213324652777778], [9279, 0.9215517241379311], [9343, 0.921875], [9407, 0.9221938775510204], [9471, 0.9224028716216216], [9535, 0.9226090604026845], [9599, 0.9228125], [9663, 0.9231167218543046], [9727, 0.9235197368421053], [9791, 0.9237132352941176], [9855, 0.9240056818181818], [9919, 0.9241935483870968], [9983, 0.9246794871794872], [9999, 0.9247]], "candidate_count_total": 23, "confirmed_count_total": 17, "created_at": 1768129359.3184085, "confirm_rule_effective": "perm_test", "last_perm_pvalue": 0.004975124378109453, "last_perm_effect": 0.04855634608024975, "perm_test_count_total": 46, "perm_accept_count_total": 17, "perm_reject_count_total": 29, "perm_alpha": 0.01, "perm_pvalue_p50": 0.029850746268656716, "perm_pvalue_p90": 1.0, "perm_pvalue_p99": 1.0, "perm_pvalue_le_alpha_ratio": 0.3695652173913043, "perm_effect_p50": 0.010546226633773654, "perm_effect_p90": 0.07210914551026497, "perm_effect_p99": 0.12757204663680857}