{"dataset_name": "INSECTS_abrupt_balanced", "dataset_type": "insects_real", "model_variant": "ts_drift_adapt_severity", "seed": 32, "monitor_preset": "error_divergence_ph_meta@error.threshold=0.05,error.min_instances=5", "monitor_preset_base": "error_divergence_ph_meta", "monitor_ph_params": {"error_rate": {"delta": 0.005, "alpha": 0.15, "threshold": 0.05, "min_instances": 5}, "divergence": {"delta": 0.005, "alpha": 0.1, "threshold": 0.05, "min_instances": 30}}, "monitor_ph_overrides": {"error_rate": {"threshold": 0.05, "min_instances": 5}}, "trigger_mode": "two_stage", "trigger_k": 2, "trigger_threshold": 0.5, "trigger_weights": "confirm_cooldown=200,divergence=0.3,error_rate=0.5,teacher_entropy=0.2", "confirm_window": 1, "confirm_cooldown": 0, "adaptive_cooldown_enabled": 0, "adaptive_window": 10000, "adaptive_lower_per10k": 10.0, "adaptive_upper_per10k": 25.0, "adaptive_cooldown_low": 200, "adaptive_cooldown_high": 500, "severity_scheduler_scale": 2.0, "use_severity_v2": 1, "severity_gate": "confirmed_streak", "severity_gate_min_streak": 5, "entropy_mode": "uncertain", "severity_decay": 0.95, "freeze_baseline_steps": 5, "n_steps": 1200, "horizon": 52847, "acc_final": 0.19929229662989384, "mean_acc": 0.1871484440682126, "acc_min": 0.15274003623188406, "candidate_sample_idxs": [1279, 2559, 3839, 5119, 6399, 7679, 8959, 10239, 11519, 12799, 14591, 15871, 17919, 19199, 20479, 21759, 23039, 24319, 25599, 26879, 28159, 29439, 30719, 31999, 33279, 34559, 35839, 37119, 38399, 39679, 40959, 42239, 43519, 44799, 46079, 47359, 49407, 50687, 51967], "confirmed_sample_idxs": [1279, 2559, 3839, 5119, 6399, 7679, 8959, 10239, 11519, 12799, 14591, 15871, 17919, 19199, 20479, 21759, 23039, 24319, 25599, 26879, 28159, 29439, 30719, 31999, 33279, 34559, 35839, 37119, 38399, 39679, 40959, 42239, 43519, 44799, 46079, 47359, 49407, 50687, 51967], "acc_series": [[255, 0.16796875], [511, 0.17578125], [767, 0.17838541666666666], [1023, 0.18359375], [1279, 0.18125], [1535, 0.1875], [1791, 0.19698660714285715], [2047, 0.19384765625], [2303, 0.1970486111111111], [2559, 0.196875], [2815, 0.1953125], [3071, 0.19563802083333334], [3327, 0.19501201923076922], [3583, 0.19112723214285715], [3839, 0.19296875], [4095, 0.1943359375], [4351, 0.19232536764705882], [4607, 0.19227430555555555], [4863, 0.19222861842105263], [5119, 0.1908203125], [5375, 0.19196428571428573], [5631, 0.19193892045454544], [5887, 0.1910665760869565], [6143, 0.19108072916666666], [6399, 0.1925], [6655, 0.19365985576923078], [6911, 0.19458912037037038], [7167, 0.19377790178571427], [7423, 0.1935614224137931], [7679, 0.19375], [7935, 0.19556451612903225], [8191, 0.1986083984375], [8447, 0.1981534090909091], [8703, 0.20025275735294118], [8959, 0.20279017857142856], [9215, 0.2041015625], [9471, 0.20365287162162163], [9727, 0.20425575657894737], [9983, 0.20402644230769232], [10239, 0.20478515625], [10495, 0.20522103658536586], [10751, 0.20535714285714285], [11007, 0.20521438953488372], [11263, 0.20561079545454544], [11519, 0.20546875], [11775, 0.20635190217391305], [12031, 0.20728058510638298], [12287, 0.20735677083333334], [12543, 0.20782844387755103], [12799, 0.20453125], [13055, 0.20052083333333334], [13311, 0.19666466346153846], [13567, 0.19295400943396226], [13823, 0.18938078703703703], [14079, 0.18600852272727272], [14335, 0.18352399553571427], [14591, 0.18249725877192982], [14847, 0.18036099137931033], [15103, 0.1775688559322034], [15359, 0.17467447916666667], [15615, 0.1718109631147541], [15871, 0.1690398185483871], [16127, 0.16641865079365079], [16383, 0.16387939453125], [16639, 0.16141826923076924], [16895, 0.15897253787878787], [17151, 0.15659981343283583], [17407, 0.15452665441176472], [17663, 0.15274003623188406], [17919, 0.1532924107142857], [18175, 0.15553477112676056], [18431, 0.1559787326388889], [18687, 0.1560894691780822], [18943, 0.15588048986486486], [19199, 0.15567708333333333], [19455, 0.15573601973684212], [19711, 0.15690949675324675], [19967, 0.15700120192307693], [20223, 0.1571400316455696], [20479, 0.157763671875], [20735, 0.15832368827160495], [20991, 0.15915586890243902], [21247, 0.1597797439759036], [21503, 0.1605282738095238], [21759, 0.1609375], [22015, 0.16165515988372092], [22271, 0.16311961206896552], [22527, 0.1646395596590909], [22783, 0.1657742275280899], [23039, 0.1666232638888889], [23295, 0.16796875], [23551, 0.16877547554347827], [23807, 0.1704889112903226], [24063, 0.17208277925531915], [24319, 0.17339638157894738], [24575, 0.17447916666666666], [24831, 0.17614368556701032], [25087, 0.1776546556122449], [25343, 0.17933238636363635], [25599, 0.1809765625], [25855, 0.18243347772277227], [26111, 0.18347886029411764], [26367, 0.18461771844660194], [26623, 0.18599759615384615], [26879, 0.18738839285714284], [27135, 0.18864239386792453], [27391, 0.1900919976635514], [27647, 0.1921657986111111], [27903, 0.19373566513761467], [28159, 0.1923650568181818], [28415, 0.19066722972972974], [28671, 0.18903459821428573], [28927, 0.1875345685840708], [29183, 0.18616365131578946], [29439, 0.18498641304347826], [29695, 0.18386314655172414], [29951, 0.18272569444444445], [30207, 0.18173993644067796], [30463, 0.18080357142857142], [30719, 0.17981770833333333], [30975, 0.1790418388429752], [31231, 0.17831070696721313], [31487, 0.17800431910569106], [31743, 0.1788054435483871], [31999, 0.18021875], [32255, 0.18216765873015872], [32511, 0.18383981299212598], [32767, 0.185546875], [33023, 0.18740915697674418], [33279, 0.1877704326923077], [33535, 0.18747018129770993], [33791, 0.18770714962121213], [34047, 0.18788181390977443], [34303, 0.18779151119402984], [34559, 0.18741319444444443], [34815, 0.18701171875], [35071, 0.1867586678832117], [35327, 0.18710371376811594], [35583, 0.18761241007194246], [35839, 0.187890625], [36095, 0.18797096631205673], [36351, 0.18840779049295775], [36607, 0.18859265734265734], [36863, 0.1886935763888889], [37119, 0.18903556034482757], [37375, 0.1891320633561644], [37631, 0.18936011904761904], [37887, 0.19006017736486486], [38143, 0.19056732382550334], [38399, 0.189296875], [38655, 0.1880432533112583], [38911, 0.18791118421052633], [39167, 0.18816380718954248], [39423, 0.18836241883116883], [39679, 0.18850806451612903], [39935, 0.1888271233974359], [40191, 0.1891918789808917], [40447, 0.18965090981012658], [40703, 0.19025157232704404], [40959, 0.1906494140625], [41215, 0.19101805124223603], [41471, 0.1919608410493827], [41727, 0.19253259202453987], [41983, 0.19314500762195122], [42239, 0.19375], [42495, 0.1944418298192771], [42751, 0.19507859281437126], [43007, 0.19582403273809523], [43263, 0.19686113165680474], [43519, 0.19754136029411765], [43775, 0.19823647660818713], [44031, 0.19912790697674418], [44287, 0.1995574421965318], [44543, 0.20011673850574713], [44799, 0.20084821428571428], [45055, 0.20134943181818182], [45311, 0.20177877824858756], [45567, 0.20268609550561797], [45823, 0.2032122905027933], [46079, 0.20405815972222222], [46335, 0.20485151933701656], [46591, 0.20580786401098902], [46847, 0.20579320355191258], [47103, 0.20467476222826086], [47359, 0.20356841216216215], [47615, 0.20247395833333334], [47871, 0.20139120989304812], [48127, 0.20034075797872342], [48383, 0.19932208994708994], [48639, 0.1982935855263158], [48895, 0.1973372054973822], [49151, 0.1964111328125], [49407, 0.19569705310880828], [49663, 0.19497019974226804], [49919, 0.1945713141025641], [50175, 0.19431600765306123], [50431, 0.19471763959390864], [50687, 0.19549005681818182], [50943, 0.19662766959798994], [51199, 0.19779296875], [51455, 0.19916044776119404], [51711, 0.20080445544554457], [51967, 0.20216286945812809], [52223, 0.20166973039215685], [52479, 0.2006859756097561], [52735, 0.19971177184466019], [52846, 0.19929229662989384]], "candidate_count_total": 39, "confirmed_count_total": 39, "created_at": 1767889294.2041025}