{"dataset_name": "sine_nodrift", "dataset_type": "sine", "model_variant": "ts_drift_adapt", "seed": 3, "monitor_preset": "error_divergence_ph_meta@error.threshold=0.10,error.min_instances=5", "monitor_preset_base": "error_divergence_ph_meta", "monitor_ph_params": {"error_rate": {"delta": 0.005, "alpha": 0.15, "threshold": 0.1, "min_instances": 5}, "divergence": {"delta": 0.005, "alpha": 0.1, "threshold": 0.05, "min_instances": 30}}, "monitor_ph_overrides": {"error_rate": {"threshold": 0.1, "min_instances": 5}}, "trigger_mode": "two_stage", "trigger_k": 2, "trigger_threshold": 0.5, "trigger_weights": "__confirm_cooldown=200,__confirm_rule=perm_test,__perm_alpha=0.01,__perm_delta_k=25,__perm_min_effect=0,__perm_n_perm=200,__perm_post_n=30,__perm_pre_n=200,__perm_rng_seed=0,__perm_stat=delta_fused_score,divergence=0.3,error_rate=0.5,teacher_entropy=0.2", "confirm_window": 3, "confirm_cooldown": 0, "adaptive_cooldown_enabled": 0, "adaptive_window": 10000, "adaptive_lower_per10k": 10.0, "adaptive_upper_per10k": 25.0, "adaptive_cooldown_low": 200, "adaptive_cooldown_high": 500, "severity_scheduler_scale": 1.0, "use_severity_v2": 0, "severity_gate": "none", "severity_gate_min_streak": 1, "entropy_mode": "overconfident", "severity_decay": 0.95, "freeze_baseline_steps": 0, "n_steps": 800, "horizon": 10000, "acc_final": 0.9244, "mean_acc": 0.8505309787975467, "acc_min": 0.546875, "candidate_sample_idxs": [319, 639, 959, 1279, 1599, 1919, 2303, 2623, 3135, 3455, 3775, 4095, 4543, 4863, 5183, 5503, 5823, 6143, 6847, 7167, 7551, 8511, 9727], "confirmed_sample_idxs": [703, 1023, 1279, 1599, 1919, 2303, 2687, 3135, 3455, 3967, 4543, 5055, 5503, 6143, 6847, 7551, 8511, 9727], "acc_series": [[63, 0.546875], [127, 0.5625], [191, 0.5677083333333334], [255, 0.58203125], [319, 0.63125], [383, 0.6614583333333334], [447, 0.6830357142857143], [511, 0.703125], [575, 0.6961805555555556], [639, 0.6890625], [703, 0.6846590909090909], [767, 0.6783854166666666], [831, 0.6838942307692307], [895, 0.6886160714285714], [959, 0.6916666666666667], [1023, 0.6884765625], [1087, 0.6957720588235294], [1151, 0.7057291666666666], [1215, 0.7195723684210527], [1279, 0.73125], [1343, 0.7380952380952381], [1407, 0.7450284090909091], [1471, 0.7533967391304348], [1535, 0.7604166666666666], [1599, 0.768125], [1663, 0.7740384615384616], [1727, 0.7771990740740741], [1791, 0.7801339285714286], [1855, 0.7823275862068966], [1919, 0.7848958333333333], [1983, 0.7893145161290323], [2047, 0.79443359375], [2111, 0.7997159090909091], [2175, 0.8046875], [2239, 0.809375], [2303, 0.8129340277777778], [2367, 0.8158783783783784], [2431, 0.8178453947368421], [2495, 0.8193108974358975], [2559, 0.821875], [2623, 0.8227896341463414], [2687, 0.8244047619047619], [2751, 0.8273982558139535], [2815, 0.8302556818181818], [2879, 0.8336805555555555], [2943, 0.834578804347826], [3007, 0.8380984042553191], [3071, 0.8404947916666666], [3135, 0.8431122448979592], [3199, 0.845], [3263, 0.8465073529411765], [3327, 0.8485576923076923], [3391, 0.8508254716981132], [3455, 0.8527199074074074], [3519, 0.8548295454545455], [3583, 0.8571428571428571], [3647, 0.8585526315789473], [3711, 0.8604525862068966], [3775, 0.8628177966101694], [3839, 0.86484375], [3903, 0.8662909836065574], [3967, 0.8676915322580645], [4031, 0.8690476190476191], [4095, 0.870361328125], [4159, 0.8716346153846154], [4223, 0.8731060606060606], [4287, 0.8738339552238806], [4351, 0.8747702205882353], [4415, 0.8761322463768116], [4479, 0.8774553571428572], [4543, 0.8785211267605634], [4607, 0.8795572916666666], [4671, 0.8805650684931506], [4735, 0.8815456081081081], [4799, 0.8827083333333333], [4863, 0.8834292763157895], [4927, 0.8847402597402597], [4991, 0.8854166666666666], [5055, 0.8860759493670886], [5119, 0.887109375], [5183, 0.8881172839506173], [5247, 0.8889100609756098], [5311, 0.8900602409638554], [5375, 0.8913690476190477], [5439, 0.8924632352941176], [5503, 0.8928052325581395], [5567, 0.8931393678160919], [5631, 0.8938210227272727], [5695, 0.8944873595505618], [5759, 0.8954861111111111], [5823, 0.8966346153846154], [5887, 0.8974184782608695], [5951, 0.8980174731182796], [6015, 0.8987699468085106], [6079, 0.8995065789473684], [6143, 0.9000651041666666], [6207, 0.9007731958762887], [6271, 0.9016262755102041], [6335, 0.9021464646464646], [6399, 0.90265625], [6463, 0.9028465346534653], [6527, 0.9027267156862745], [6591, 0.9035194174757282], [6655, 0.9039963942307693], [6719, 0.9046130952380952], [6783, 0.9050707547169812], [6847, 0.9056658878504673], [6911, 0.9061053240740741], [6975, 0.9065366972477065], [7039, 0.9066761363636363], [7103, 0.9072353603603603], [7167, 0.9080636160714286], [7231, 0.9087389380530974], [7295, 0.9088541666666666], [7359, 0.9088315217391304], [7423, 0.9090786637931034], [7487, 0.9097222222222222], [7551, 0.909957627118644], [7615, 0.9105829831932774], [7679, 0.9111979166666667], [7743, 0.9118026859504132], [7807, 0.9123975409836066], [7871, 0.9126016260162602], [7935, 0.913054435483871], [7999, 0.913375], [8063, 0.9138144841269841], [8127, 0.9144931102362205], [8191, 0.9150390625], [8255, 0.9153343023255814], [8319, 0.9159855769230769], [8383, 0.9165076335877863], [8447, 0.9170217803030303], [8511, 0.9172932330827067], [8575, 0.9176772388059702], [8639, 0.9181712962962963], [8703, 0.9181985294117647], [8767, 0.9179972627737226], [8831, 0.9185914855072463], [8895, 0.9186151079136691], [8959, 0.9188616071428571], [9023, 0.919104609929078], [9087, 0.9194542253521126], [9151, 0.9199082167832168], [9215, 0.9202473958333334], [9279, 0.9204741379310345], [9343, 0.9206977739726028], [9407, 0.9211309523809523], [9471, 0.9216638513513513], [9535, 0.9220847315436241], [9599, 0.9221875], [9663, 0.9223923841059603], [9727, 0.9226973684210527], [9791, 0.9228962418300654], [9855, 0.9233969155844156], [9919, 0.9238911290322581], [9983, 0.9242788461538461], [9999, 0.9244]], "candidate_count_total": 21, "confirmed_count_total": 18, "created_at": 1768132435.7746117, "confirm_rule_effective": "perm_test", "last_perm_pvalue": 0.004975124378109453, "last_perm_effect": 0.07786931555203977, "perm_test_count_total": 35, "perm_accept_count_total": 18, "perm_reject_count_total": 17, "perm_alpha": 0.01, "perm_pvalue_p50": 0.004975124378109453, "perm_pvalue_p90": 1.0, "perm_pvalue_p99": 1.0, "perm_pvalue_le_alpha_ratio": 0.5142857142857142, "perm_effect_p50": 0.0407275582750839, "perm_effect_p90": 0.08007964954602799, "perm_effect_p99": 0.17142309665393582}