{"dataset_name": "sine_nodrift", "dataset_type": "sine", "model_variant": "ts_drift_adapt", "seed": 10, "monitor_preset": "error_divergence_ph_meta@error.threshold=0.10,error.min_instances=5", "monitor_preset_base": "error_divergence_ph_meta", "monitor_ph_params": {"error_rate": {"delta": 0.005, "alpha": 0.15, "threshold": 0.1, "min_instances": 5}, "divergence": {"delta": 0.005, "alpha": 0.1, "threshold": 0.05, "min_instances": 30}}, "monitor_ph_overrides": {"error_rate": {"threshold": 0.1, "min_instances": 5}}, "trigger_mode": "two_stage", "trigger_k": 2, "trigger_threshold": 0.5, "trigger_weights": "__confirm_cooldown=200,__confirm_rule=perm_test,__perm_alpha=0.03,__perm_min_effect=0,__perm_n_perm=200,__perm_post_n=10,__perm_pre_n=500,__perm_rng_seed=0,__perm_stat=vote_score,divergence=0.3,error_rate=0.5,teacher_entropy=0.2", "confirm_window": 3, "confirm_cooldown": 0, "adaptive_cooldown_enabled": 0, "adaptive_window": 10000, "adaptive_lower_per10k": 10.0, "adaptive_upper_per10k": 25.0, "adaptive_cooldown_low": 200, "adaptive_cooldown_high": 500, "severity_scheduler_scale": 1.0, "use_severity_v2": 0, "severity_gate": "none", "severity_gate_min_streak": 1, "entropy_mode": "overconfident", "severity_decay": 0.95, "freeze_baseline_steps": 0, "n_steps": 800, "horizon": 10000, "acc_final": 0.9226, "mean_acc": 0.8341023671644776, "acc_min": 0.359375, "candidate_sample_idxs": [319, 639, 959, 1279, 1727, 2047, 2367, 2879, 3263, 3583, 3903, 4223, 4543, 4863, 5247, 5567, 6271, 6655, 6975, 7295, 7679, 8383, 9023, 9343], "confirmed_sample_idxs": [639, 959, 1279, 1727, 2047, 2367, 2879, 3263, 3583, 3903, 4223, 4543, 4863, 5247, 5567, 6271, 6655, 6975, 7295, 7679, 8383, 9023, 9343], "acc_series": [[63, 0.359375], [127, 0.421875], [191, 0.4427083333333333], [255, 0.45703125], [319, 0.475], [383, 0.4609375], [447, 0.48214285714285715], [511, 0.501953125], [575, 0.5277777777777778], [639, 0.5375], [703, 0.5568181818181818], [767, 0.5833333333333334], [831, 0.609375], [895, 0.6294642857142857], [959, 0.6458333333333334], [1023, 0.6630859375], [1087, 0.6783088235294118], [1151, 0.6875], [1215, 0.6973684210526315], [1279, 0.709375], [1343, 0.71875], [1407, 0.7265625], [1471, 0.735733695652174], [1535, 0.7408854166666666], [1599, 0.74875], [1663, 0.7566105769230769], [1727, 0.7644675925925926], [1791, 0.76953125], [1855, 0.771551724137931], [1919, 0.7770833333333333], [1983, 0.7817540322580645], [2047, 0.7880859375], [2111, 0.7926136363636364], [2175, 0.796875], [2239, 0.8], [2303, 0.8012152777777778], [2367, 0.8061655405405406], [2431, 0.8100328947368421], [2495, 0.8137019230769231], [2559, 0.815234375], [2623, 0.8189786585365854], [2687, 0.8229166666666666], [2751, 0.8263081395348837], [2815, 0.8291903409090909], [2879, 0.8319444444444445], [2943, 0.8355978260869565], [3007, 0.8380984042553191], [3071, 0.8404947916666666], [3135, 0.8427933673469388], [3199, 0.8453125], [3263, 0.8477328431372549], [3327, 0.8494591346153846], [3391, 0.8514150943396226], [3455, 0.8532986111111112], [3519, 0.8553977272727272], [3583, 0.8568638392857143], [3647, 0.8591008771929824], [3711, 0.861260775862069], [3775, 0.8633474576271186], [3839, 0.8645833333333334], [3903, 0.8660348360655737], [3967, 0.8669354838709677], [4031, 0.8673115079365079], [4095, 0.868408203125], [4159, 0.8701923076923077], [4223, 0.8716856060606061], [4287, 0.8733675373134329], [4351, 0.875], [4415, 0.8756793478260869], [4479, 0.8772321428571429], [4543, 0.8774207746478874], [4607, 0.87890625], [4671, 0.8799229452054794], [4735, 0.8802787162162162], [4799, 0.88125], [4863, 0.8826069078947368], [4927, 0.8839285714285714], [4991, 0.8854166666666666], [5055, 0.885878164556962], [5119, 0.8869140625], [5183, 0.8881172839506173], [5247, 0.8885289634146342], [5311, 0.8893072289156626], [5375, 0.8900669642857143], [5439, 0.890625], [5503, 0.8915334302325582], [5567, 0.8920617816091954], [5631, 0.8924005681818182], [5695, 0.8927317415730337], [5759, 0.8930555555555556], [5823, 0.8938873626373627], [5887, 0.8943614130434783], [5951, 0.8951612903225806], [6015, 0.8957779255319149], [6079, 0.8967105263157895], [6143, 0.8972981770833334], [6207, 0.898034793814433], [6271, 0.8977997448979592], [6335, 0.8983585858585859], [6399, 0.89921875], [6463, 0.9000618811881188], [6527, 0.9007352941176471], [6591, 0.9013956310679612], [6655, 0.9014423076923077], [6719, 0.9016369047619047], [6783, 0.9016804245283019], [6847, 0.9020151869158879], [6911, 0.9027777777777778], [6975, 0.9036697247706422], [7039, 0.9039772727272727], [7103, 0.904420045045045], [7167, 0.9049944196428571], [7231, 0.9056969026548672], [7295, 0.9061129385964912], [7359, 0.9066576086956522], [7423, 0.9071928879310345], [7487, 0.9074519230769231], [7551, 0.9075741525423728], [7615, 0.9083508403361344], [7679, 0.9088541666666666], [7743, 0.909478305785124], [7807, 0.9098360655737705], [7871, 0.9104420731707317], [7935, 0.9109122983870968], [7999, 0.911625], [8063, 0.912078373015873], [8127, 0.9124015748031497], [8191, 0.9127197265625], [8255, 0.9131540697674418], [8319, 0.9137019230769231], [8383, 0.9138835877862596], [8447, 0.9144176136363636], [8511, 0.9148261278195489], [8575, 0.9152285447761194], [8639, 0.9155092592592593], [8703, 0.9159007352941176], [8767, 0.9161724452554745], [8831, 0.9165534420289855], [8895, 0.9169289568345323], [8959, 0.9174107142857143], [9023, 0.9178856382978723], [9087, 0.918243838028169], [9151, 0.9187062937062938], [9215, 0.9189453125], [9279, 0.9193965517241379], [9343, 0.919841609589041], [9407, 0.9198554421768708], [9471, 0.9203969594594594], [9535, 0.9204068791946308], [9599, 0.9208333333333333], [9663, 0.9209437086092715], [9727, 0.9213610197368421], [9791, 0.9217728758169934], [9855, 0.922077922077922], [9919, 0.9223790322580645], [9983, 0.922676282051282], [9999, 0.9226]], "candidate_count_total": 24, "confirmed_count_total": 23, "created_at": 1768237211.9130833, "confirm_rule_effective": "perm_test", "last_perm_pvalue": 0.004975124378109453, "last_perm_effect": 0.42748261448385677, "perm_test_count_total": 23, "perm_accept_count_total": 23, "perm_reject_count_total": 0, "perm_alpha": 0.03, "perm_pvalue_p50": 0.004975124378109453, "perm_pvalue_p90": 0.004975124378109453, "perm_pvalue_p99": 0.004975124378109453, "perm_pvalue_le_alpha_ratio": 1.0, "perm_effect_p50": 0.43273100318379104, "perm_effect_p90": 0.4900256218687796, "perm_effect_p99": 0.49948266496444405}