{"dataset_name": "sine_nodrift", "dataset_type": "sine", "model_variant": "ts_drift_adapt", "seed": 2, "monitor_preset": "error_divergence_ph_meta@error.threshold=0.10,error.min_instances=5", "monitor_preset_base": "error_divergence_ph_meta", "monitor_ph_params": {"error_rate": {"delta": 0.005, "alpha": 0.15, "threshold": 0.1, "min_instances": 5}, "divergence": {"delta": 0.005, "alpha": 0.1, "threshold": 0.05, "min_instances": 30}}, "monitor_ph_overrides": {"error_rate": {"threshold": 0.1, "min_instances": 5}}, "trigger_mode": "two_stage", "trigger_k": 2, "trigger_threshold": 0.5, "trigger_weights": "__confirm_cooldown=200,__confirm_rule=perm_test,__perm_alpha=0.01,__perm_min_effect=0,__perm_n_perm=200,__perm_post_n=50,__perm_pre_n=500,__perm_rng_seed=0,__perm_stat=fused_score,divergence=0.3,error_rate=0.5,teacher_entropy=0.2", "confirm_window": 3, "confirm_cooldown": 0, "adaptive_cooldown_enabled": 0, "adaptive_window": 10000, "adaptive_lower_per10k": 10.0, "adaptive_upper_per10k": 25.0, "adaptive_cooldown_low": 200, "adaptive_cooldown_high": 500, "severity_scheduler_scale": 1.0, "use_severity_v2": 0, "severity_gate": "none", "severity_gate_min_streak": 1, "entropy_mode": "overconfident", "severity_decay": 0.95, "freeze_baseline_steps": 0, "n_steps": 800, "horizon": 10000, "acc_final": 0.9256, "mean_acc": 0.8618102421533108, "acc_min": 0.421875, "candidate_sample_idxs": [319, 639, 959, 1279, 1599, 1983, 2303, 2623, 3007, 3327, 3775, 4095, 4479, 4799, 5119, 5439, 5759, 6079, 6591, 6911, 7231, 8127, 8447, 8767, 9087, 9727, 9999], "confirmed_sample_idxs": [1279, 1983, 2623, 3007, 3327, 3775, 4479, 4799, 5311, 6079, 6591, 6911, 7231, 8127, 8447, 8767, 9087, 9727], "acc_series": [[63, 0.421875], [127, 0.5], [191, 0.5625], [255, 0.59765625], [319, 0.628125], [383, 0.6458333333333334], [447, 0.6741071428571429], [511, 0.6875], [575, 0.6927083333333334], [639, 0.715625], [703, 0.7215909090909091], [767, 0.7356770833333334], [831, 0.7439903846153846], [895, 0.7511160714285714], [959, 0.7572916666666667], [1023, 0.7607421875], [1087, 0.7628676470588235], [1151, 0.765625], [1215, 0.7730263157894737], [1279, 0.7765625], [1343, 0.7842261904761905], [1407, 0.7919034090909091], [1471, 0.7975543478260869], [1535, 0.802734375], [1599, 0.806875], [1663, 0.8088942307692307], [1727, 0.8142361111111112], [1791, 0.8191964285714286], [1855, 0.8216594827586207], [1919, 0.8244791666666667], [1983, 0.8276209677419355], [2047, 0.83251953125], [2111, 0.8333333333333334], [2175, 0.8363970588235294], [2239, 0.8383928571428572], [2303, 0.8424479166666666], [2367, 0.84375], [2431, 0.8462171052631579], [2495, 0.8489583333333334], [2559, 0.85], [2623, 0.8513719512195121], [2687, 0.8530505952380952], [2751, 0.8531976744186046], [2815, 0.8558238636363636], [2879, 0.8569444444444444], [2943, 0.8573369565217391], [3007, 0.8580452127659575], [3071, 0.8603515625], [3135, 0.8619260204081632], [3199, 0.8625], [3263, 0.8639705882352942], [3327, 0.8659855769230769], [3391, 0.8685141509433962], [3455, 0.8703703703703703], [3519, 0.8724431818181818], [3583, 0.8727678571428571], [3647, 0.8741776315789473], [3711, 0.8741918103448276], [3775, 0.8747351694915254], [3839, 0.8747395833333333], [3903, 0.8760245901639344], [3967, 0.8767641129032258], [4031, 0.8777281746031746], [4095, 0.879150390625], [4159, 0.8790865384615385], [4223, 0.8799715909090909], [4287, 0.8815298507462687], [4351, 0.8821231617647058], [4415, 0.8833786231884058], [4479, 0.8841517857142858], [4543, 0.8857834507042254], [4607, 0.8869357638888888], [4671, 0.8874143835616438], [4735, 0.887035472972973], [4799, 0.8872916666666667], [4863, 0.8877467105263158], [4927, 0.887987012987013], [4991, 0.8880208333333334], [5055, 0.8888449367088608], [5119, 0.88984375], [5183, 0.8908179012345679], [5247, 0.8919588414634146], [5311, 0.8928840361445783], [5375, 0.8934151785714286], [5439, 0.8939338235294118], [5503, 0.8946220930232558], [5567, 0.8956537356321839], [5631, 0.896484375], [5695, 0.8972963483146067], [5759, 0.8979166666666667], [5823, 0.8980082417582418], [5887, 0.8989470108695652], [5951, 0.8998655913978495], [6015, 0.9004321808510638], [6079, 0.9009868421052631], [6143, 0.9012044270833334], [6207, 0.9020618556701031], [6271, 0.9027423469387755], [6335, 0.9037247474747475], [6399, 0.90453125], [6463, 0.9054764851485149], [6527, 0.9064031862745098], [6591, 0.9067050970873787], [6655, 0.9071514423076923], [6719, 0.9075892857142858], [6783, 0.9080188679245284], [6847, 0.9085864485981309], [6911, 0.9087094907407407], [6975, 0.9092603211009175], [7039, 0.9096590909090909], [7103, 0.9101914414414415], [7167, 0.9104352678571429], [7231, 0.9108130530973452], [7295, 0.9111842105263158], [7359, 0.9116847826086957], [7423, 0.912042025862069], [7487, 0.9126602564102564], [7551, 0.913135593220339], [7615, 0.913077731092437], [7679, 0.91328125], [7743, 0.9137396694214877], [7807, 0.9143186475409836], [7871, 0.9148882113821138], [7935, 0.9153225806451613], [7999, 0.915875], [8063, 0.9161706349206349], [8127, 0.9163385826771654], [8191, 0.9166259765625], [8255, 0.9170300387596899], [8319, 0.9171875], [8383, 0.9177003816793893], [8447, 0.91796875], [8511, 0.9181156015037594], [8575, 0.9186100746268657], [8639, 0.919212962962963], [8703, 0.9191176470588235], [8767, 0.9192518248175182], [8831, 0.9194972826086957], [8895, 0.9200764388489209], [8959, 0.9205357142857142], [9023, 0.9205452127659575], [9087, 0.9209947183098591], [9151, 0.9215472027972028], [9215, 0.921875], [9279, 0.9223060344827586], [9343, 0.9225171232876712], [9407, 0.922937925170068], [9471, 0.9230363175675675], [9535, 0.9235528523489933], [9599, 0.92375], [9663, 0.9241514900662252], [9727, 0.9244449013157895], [9791, 0.924734477124183], [9855, 0.9251217532467533], [9919, 0.9254032258064516], [9983, 0.9254807692307693], [9999, 0.9256]], "candidate_count_total": 26, "confirmed_count_total": 18, "created_at": 1768129499.09863, "confirm_rule_effective": "perm_test", "last_perm_pvalue": 0.004975124378109453, "last_perm_effect": 0.07393140372707424, "perm_test_count_total": 45, "perm_accept_count_total": 18, "perm_reject_count_total": 27, "perm_alpha": 0.01, "perm_pvalue_p50": 0.0845771144278607, "perm_pvalue_p90": 1.0, "perm_pvalue_p99": 1.0, "perm_pvalue_le_alpha_ratio": 0.4, "perm_effect_p50": 0.008541763486681146, "perm_effect_p90": 0.0739923293995693, "perm_effect_p99": 0.11049706527721138}