{"dataset_name": "sine_nodrift", "dataset_type": "sine", "model_variant": "ts_drift_adapt", "seed": 1, "monitor_preset": "error_divergence_ph_meta@error.threshold=0.10,error.min_instances=5", "monitor_preset_base": "error_divergence_ph_meta", "monitor_ph_params": {"error_rate": {"delta": 0.005, "alpha": 0.15, "threshold": 0.1, "min_instances": 5}, "divergence": {"delta": 0.005, "alpha": 0.1, "threshold": 0.05, "min_instances": 30}}, "monitor_ph_overrides": {"error_rate": {"threshold": 0.1, "min_instances": 5}}, "trigger_mode": "two_stage", "trigger_k": 2, "trigger_threshold": 0.5, "trigger_weights": "__confirm_cooldown=200,__confirm_rule=perm_test,__perm_alpha=0.005,__perm_delta_k=25,__perm_min_effect=0,__perm_n_perm=200,__perm_post_n=30,__perm_pre_n=200,__perm_rng_seed=0,__perm_stat=delta_fused_score,divergence=0.3,error_rate=0.5,teacher_entropy=0.2", "confirm_window": 3, "confirm_cooldown": 0, "adaptive_cooldown_enabled": 0, "adaptive_window": 10000, "adaptive_lower_per10k": 10.0, "adaptive_upper_per10k": 25.0, "adaptive_cooldown_low": 200, "adaptive_cooldown_high": 500, "severity_scheduler_scale": 1.0, "use_severity_v2": 0, "severity_gate": "none", "severity_gate_min_streak": 1, "entropy_mode": "overconfident", "severity_decay": 0.95, "freeze_baseline_steps": 0, "n_steps": 800, "horizon": 10000, "acc_final": 0.9239, "mean_acc": 0.8562147792652965, "acc_min": 0.578125, "candidate_sample_idxs": [319, 639, 959, 1279, 1599, 1919, 2239, 2559, 3007, 3327, 3647, 4159, 5183, 5951, 6335, 6655, 7039, 7359, 7743, 8063, 8703, 9215, 9535, 9919], "confirmed_sample_idxs": [639, 1023, 1279, 1663, 2239, 2623, 3071, 4159, 5183, 5951, 6335, 6655, 7103, 7743, 8063, 8703, 9215, 9599, 9919], "acc_series": [[63, 0.609375], [127, 0.578125], [191, 0.6197916666666666], [255, 0.59765625], [319, 0.603125], [383, 0.5911458333333334], [447, 0.6138392857142857], [511, 0.6328125], [575, 0.6458333333333334], [639, 0.6625], [703, 0.6803977272727273], [767, 0.69140625], [831, 0.7067307692307693], [895, 0.7176339285714286], [959, 0.725], [1023, 0.7373046875], [1087, 0.7417279411764706], [1151, 0.7534722222222222], [1215, 0.7631578947368421], [1279, 0.7703125], [1343, 0.7775297619047619], [1407, 0.7855113636363636], [1471, 0.7907608695652174], [1535, 0.7955729166666666], [1599, 0.800625], [1663, 0.8058894230769231], [1727, 0.8107638888888888], [1791, 0.8141741071428571], [1855, 0.8151939655172413], [1919, 0.8182291666666667], [1983, 0.8225806451612904], [2047, 0.82666015625], [2111, 0.8290719696969697], [2175, 0.8308823529411765], [2239, 0.8339285714285715], [2303, 0.8337673611111112], [2367, 0.8353040540540541], [2431, 0.8384046052631579], [2495, 0.8405448717948718], [2559, 0.840234375], [2623, 0.8426067073170732], [2687, 0.8459821428571429], [2751, 0.846656976744186], [2815, 0.8490767045454546], [2879, 0.8513888888888889], [2943, 0.852921195652174], [3007, 0.8537234042553191], [3071, 0.8557942708333334], [3135, 0.8565051020408163], [3199, 0.8575], [3263, 0.859375], [3327, 0.8611778846153846], [3391, 0.8620283018867925], [3455, 0.8631365740740741], [3519, 0.8639204545454545], [3583, 0.8641183035714286], [3647, 0.8640350877192983], [3711, 0.8642241379310345], [3775, 0.8657309322033898], [3839, 0.8666666666666667], [3903, 0.8683401639344263], [3967, 0.8697076612903226], [4031, 0.8707837301587301], [4095, 0.870361328125], [4159, 0.8706730769230769], [4223, 0.8721590909090909], [4287, 0.8733675373134329], [4351, 0.8743106617647058], [4415, 0.8747735507246377], [4479, 0.8763392857142858], [4543, 0.8765404929577465], [4607, 0.8776041666666666], [4671, 0.878638698630137], [4735, 0.8794341216216216], [4799, 0.8804166666666666], [4863, 0.881578947368421], [4927, 0.882711038961039], [4991, 0.8838141025641025], [5055, 0.8842958860759493], [5119, 0.884765625], [5183, 0.8854166666666666], [5247, 0.8866234756097561], [5311, 0.8879894578313253], [5375, 0.8891369047619048], [5439, 0.8900735294117647], [5503, 0.8911700581395349], [5567, 0.8922413793103449], [5631, 0.892578125], [5695, 0.8930828651685393], [5759, 0.8939236111111111], [5823, 0.8949175824175825], [5887, 0.8957201086956522], [5951, 0.8960013440860215], [6015, 0.8971077127659575], [6079, 0.8976973684210526], [6143, 0.8984375], [6207, 0.8985180412371134], [6271, 0.8995535714285714], [6335, 0.8997790404040404], [6399, 0.900625], [6463, 0.900990099009901], [6527, 0.9018075980392157], [6591, 0.9021541262135923], [6655, 0.9020432692307693], [6719, 0.9028273809523809], [6783, 0.9033018867924528], [6847, 0.9036214953271028], [6911, 0.9042245370370371], [6975, 0.9046731651376146], [7039, 0.9051136363636364], [7103, 0.9055461711711712], [7167, 0.9061104910714286], [7231, 0.9068030973451328], [7295, 0.9076206140350878], [7359, 0.9082880434782609], [7423, 0.9088092672413793], [7487, 0.9094551282051282], [7551, 0.9095603813559322], [7615, 0.9099264705882353], [7679, 0.9104166666666667], [7743, 0.9108987603305785], [7807, 0.9113729508196722], [7871, 0.9117123983739838], [7935, 0.9124243951612904], [7999, 0.91275], [8063, 0.9133184523809523], [8127, 0.9140009842519685], [8191, 0.914306640625], [8255, 0.9143653100775194], [8319, 0.9147836538461539], [8383, 0.9154341603053435], [8447, 0.9154829545454546], [8511, 0.916000939849624], [8575, 0.9165111940298507], [8639, 0.9168981481481482], [8703, 0.9172794117647058], [8767, 0.9178832116788321], [8831, 0.9184782608695652], [8895, 0.9189523381294964], [8959, 0.9191964285714286], [9023, 0.9193262411347518], [9087, 0.9193441901408451], [9151, 0.9196896853146853], [9215, 0.919921875], [9279, 0.9203663793103448], [9343, 0.9206977739726028], [9407, 0.920812074829932], [9471, 0.9208192567567568], [9535, 0.9212458053691275], [9599, 0.9217708333333333], [9663, 0.9220819536423841], [9727, 0.9224917763157895], [9791, 0.9227941176470589], [9855, 0.9231939935064936], [9919, 0.9233870967741935], [9983, 0.9237780448717948], [9999, 0.9239]], "candidate_count_total": 24, "confirmed_count_total": 19, "created_at": 1768144889.2443018, "confirm_rule_effective": "perm_test", "last_perm_pvalue": 0.004975124378109453, "last_perm_effect": 0.06898599723406298, "perm_test_count_total": 41, "perm_accept_count_total": 19, "perm_reject_count_total": 22, "perm_alpha": 0.005, "perm_pvalue_p50": 0.024875621890547265, "perm_pvalue_p90": 1.0, "perm_pvalue_p99": 1.0, "perm_pvalue_le_alpha_ratio": 0.4634146341463415, "perm_effect_p50": 0.010797712085454875, "perm_effect_p90": 0.0738444225204533, "perm_effect_p99": 0.12475282206586163}