{"dataset_name": "sine_nodrift", "dataset_type": "sine", "model_variant": "ts_drift_adapt", "seed": 2, "monitor_preset": "error_divergence_ph_meta@error.threshold=0.10,error.min_instances=5", "monitor_preset_base": "error_divergence_ph_meta", "monitor_ph_params": {"error_rate": {"delta": 0.005, "alpha": 0.15, "threshold": 0.1, "min_instances": 5}, "divergence": {"delta": 0.005, "alpha": 0.1, "threshold": 0.05, "min_instances": 30}}, "monitor_ph_overrides": {"error_rate": {"threshold": 0.1, "min_instances": 5}}, "trigger_mode": "two_stage", "trigger_k": 2, "trigger_threshold": 0.5, "trigger_weights": "__confirm_cooldown=200,__confirm_rule=perm_test,__perm_alpha=0.005,__perm_delta_k=50,__perm_min_effect=0,__perm_n_perm=200,__perm_post_n=30,__perm_pre_n=200,__perm_rng_seed=0,__perm_stat=delta_fused_score,divergence=0.3,error_rate=0.5,teacher_entropy=0.2", "confirm_window": 3, "confirm_cooldown": 0, "adaptive_cooldown_enabled": 0, "adaptive_window": 10000, "adaptive_lower_per10k": 10.0, "adaptive_upper_per10k": 25.0, "adaptive_cooldown_low": 200, "adaptive_cooldown_high": 500, "severity_scheduler_scale": 1.0, "use_severity_v2": 0, "severity_gate": "none", "severity_gate_min_streak": 1, "entropy_mode": "overconfident", "severity_decay": 0.95, "freeze_baseline_steps": 0, "n_steps": 800, "horizon": 10000, "acc_final": 0.9367, "mean_acc": 0.8734469165655168, "acc_min": 0.53125, "candidate_sample_idxs": [319, 639, 959, 1279, 1599, 1919, 2559, 2879, 3199, 3647, 3967, 4287, 4607, 4927, 5247, 5567, 5887, 6207, 6911, 7679, 8191, 8511, 8831, 9855], "confirmed_sample_idxs": [703, 1087, 1599, 1983, 2559, 2879, 3647, 4159, 4671, 5055, 5695, 6911, 7679, 8191, 8703, 9855], "acc_series": [[63, 0.5625], [127, 0.53125], [191, 0.578125], [255, 0.6171875], [319, 0.65], [383, 0.6692708333333334], [447, 0.6875], [511, 0.69921875], [575, 0.703125], [639, 0.7140625], [703, 0.7173295454545454], [767, 0.7200520833333334], [831, 0.7295673076923077], [895, 0.7377232142857143], [959, 0.7479166666666667], [1023, 0.76171875], [1087, 0.7693014705882353], [1151, 0.7795138888888888], [1215, 0.7886513157894737], [1279, 0.796875], [1343, 0.8020833333333334], [1407, 0.8089488636363636], [1471, 0.8131793478260869], [1535, 0.8190104166666666], [1599, 0.821875], [1663, 0.8227163461538461], [1727, 0.8246527777777778], [1791, 0.8264508928571429], [1855, 0.8275862068965517], [1919, 0.8286458333333333], [1983, 0.8321572580645161], [2047, 0.833984375], [2111, 0.837594696969697], [2175, 0.8414522058823529], [2239, 0.8455357142857143], [2303, 0.8485243055555556], [2367, 0.8517736486486487], [2431, 0.8536184210526315], [2495, 0.8569711538461539], [2559, 0.858203125], [2623, 0.8597560975609756], [2687, 0.8608630952380952], [2751, 0.8626453488372093], [2815, 0.8650568181818182], [2879, 0.8673611111111111], [2943, 0.8675271739130435], [3007, 0.8693484042553191], [3071, 0.8701171875], [3135, 0.8721301020408163], [3199, 0.8740625], [3263, 0.8759191176470589], [3327, 0.8777043269230769], [3391, 0.879127358490566], [3455, 0.8810763888888888], [3519, 0.8823863636363637], [3583, 0.8836495535714286], [3647, 0.8851425438596491], [3711, 0.8865840517241379], [3775, 0.8877118644067796], [3839, 0.8888020833333333], [3903, 0.8890881147540983], [3967, 0.8901209677419355], [4031, 0.8908730158730159], [4095, 0.89208984375], [4159, 0.8927884615384616], [4223, 0.8925189393939394], [4287, 0.8929570895522388], [4351, 0.8936121323529411], [4415, 0.8944746376811594], [4479, 0.8957589285714286], [4543, 0.8970070422535211], [4607, 0.8975694444444444], [4671, 0.8985445205479452], [4735, 0.8988597972972973], [4799, 0.8997916666666667], [4863, 0.9009046052631579], [4927, 0.901176948051948], [4991, 0.9020432692307693], [5055, 0.9028876582278481], [5119, 0.9037109375], [5183, 0.9045138888888888], [5247, 0.905297256097561], [5311, 0.9058734939759037], [5375, 0.9069940476190477], [5439, 0.9071691176470589], [5503, 0.9073401162790697], [5567, 0.9084051724137931], [5631, 0.9089133522727273], [5695, 0.9097612359550562], [5759, 0.9104166666666667], [5823, 0.910885989010989], [5887, 0.9116847826086957], [5951, 0.9126344086021505], [6015, 0.9132313829787234], [6079, 0.9133223684210526], [6143, 0.9138997395833334], [6207, 0.9143041237113402], [6271, 0.9150191326530612], [6335, 0.9155618686868687], [6399, 0.91625], [6463, 0.916615099009901], [6527, 0.9171262254901961], [6591, 0.9179308252427184], [6655, 0.9185697115384616], [6719, 0.919345238095238], [6783, 0.9195165094339622], [6847, 0.9201226635514018], [6911, 0.9201388888888888], [6975, 0.9205848623853211], [7039, 0.9210227272727273], [7103, 0.9215934684684685], [7167, 0.9217354910714286], [7231, 0.9222898230088495], [7295, 0.9228344298245614], [7359, 0.923233695652174], [7423, 0.9236260775862069], [7487, 0.9238782051282052], [7551, 0.9242584745762712], [7615, 0.9242384453781513], [7679, 0.9244791666666666], [7743, 0.925103305785124], [7807, 0.9255891393442623], [7871, 0.9259400406504065], [7935, 0.9264112903225806], [7999, 0.92675], [8063, 0.9270833333333334], [8127, 0.9275344488188977], [8191, 0.9278564453125], [8255, 0.9282945736434108], [8319, 0.9286057692307692], [8383, 0.9290314885496184], [8447, 0.9290956439393939], [8511, 0.9291588345864662], [8575, 0.9294542910447762], [8639, 0.9299768518518519], [8703, 0.9302619485294118], [8767, 0.9306569343065694], [8831, 0.9307065217391305], [8895, 0.9310926258992805], [8959, 0.9314732142857143], [9023, 0.931959219858156], [9087, 0.9324383802816901], [9151, 0.9326923076923077], [9215, 0.9331597222222222], [9279, 0.9335129310344827], [9343, 0.9336472602739726], [9407, 0.9338860544217688], [9471, 0.9341216216216216], [9535, 0.9344588926174496], [9599, 0.9347916666666667], [9663, 0.9352235099337748], [9727, 0.9354440789473685], [9791, 0.9357638888888888], [9855, 0.9360795454545454], [9919, 0.9363911290322581], [9983, 0.9365985576923077], [9999, 0.9367]], "candidate_count_total": 19, "confirmed_count_total": 16, "created_at": 1768133713.703833, "confirm_rule_effective": "perm_test", "last_perm_pvalue": 0.004975124378109453, "last_perm_effect": 0.07943945206523072, "perm_test_count_total": 39, "perm_accept_count_total": 16, "perm_reject_count_total": 23, "perm_alpha": 0.005, "perm_pvalue_p50": 0.1890547263681592, "perm_pvalue_p90": 1.0, "perm_pvalue_p99": 1.0, "perm_pvalue_le_alpha_ratio": 0.41025641025641024, "perm_effect_p50": 0.008016642315296097, "perm_effect_p90": 0.07521914437823819, "perm_effect_p99": 0.0828855152253181}