{"dataset_name": "sine_nodrift", "dataset_type": "sine", "model_variant": "ts_drift_adapt", "seed": 2, "monitor_preset": "error_divergence_ph_meta@error.threshold=0.10,error.min_instances=5", "monitor_preset_base": "error_divergence_ph_meta", "monitor_ph_params": {"error_rate": {"delta": 0.005, "alpha": 0.15, "threshold": 0.1, "min_instances": 5}, "divergence": {"delta": 0.005, "alpha": 0.1, "threshold": 0.05, "min_instances": 30}}, "monitor_ph_overrides": {"error_rate": {"threshold": 0.1, "min_instances": 5}}, "trigger_mode": "two_stage", "trigger_k": 2, "trigger_threshold": 0.5, "trigger_weights": "__confirm_cooldown=200,__confirm_rule=perm_test,__perm_alpha=0.02,__perm_min_effect=0,__perm_n_perm=200,__perm_post_n=10,__perm_pre_n=500,__perm_rng_seed=0,__perm_stat=vote_score,divergence=0.3,error_rate=0.5,teacher_entropy=0.2", "confirm_window": 3, "confirm_cooldown": 0, "adaptive_cooldown_enabled": 0, "adaptive_window": 10000, "adaptive_lower_per10k": 10.0, "adaptive_upper_per10k": 25.0, "adaptive_cooldown_low": 200, "adaptive_cooldown_high": 500, "severity_scheduler_scale": 1.0, "use_severity_v2": 0, "severity_gate": "none", "severity_gate_min_streak": 1, "entropy_mode": "overconfident", "severity_decay": 0.95, "freeze_baseline_steps": 0, "n_steps": 800, "horizon": 10000, "acc_final": 0.9241, "mean_acc": 0.8494280571410632, "acc_min": 0.46875, "candidate_sample_idxs": [319, 639, 959, 1279, 1599, 2047, 2623, 2943, 3263, 3711, 4031, 4351, 4671, 4991, 5503, 5823, 6911, 7231, 7551, 7871, 8191, 8511, 8895, 9279, 9919], "confirmed_sample_idxs": [639, 959, 1279, 1599, 2047, 2623, 2943, 3263, 3711, 4031, 4351, 4671, 4991, 5503, 5823, 6911, 7231, 7551, 7871, 8191, 8511, 8895, 9279, 9919], "acc_series": [[63, 0.484375], [127, 0.46875], [191, 0.5], [255, 0.53515625], [319, 0.575], [383, 0.5911458333333334], [447, 0.6272321428571429], [511, 0.634765625], [575, 0.6423611111111112], [639, 0.65625], [703, 0.6619318181818182], [767, 0.6692708333333334], [831, 0.6814903846153846], [895, 0.6852678571428571], [959, 0.7010416666666667], [1023, 0.71484375], [1087, 0.7233455882352942], [1151, 0.7326388888888888], [1215, 0.7417763157894737], [1279, 0.75], [1343, 0.7611607142857143], [1407, 0.7670454545454546], [1471, 0.7744565217391305], [1535, 0.779296875], [1599, 0.784375], [1663, 0.7878605769230769], [1727, 0.7916666666666666], [1791, 0.7946428571428571], [1855, 0.7979525862068966], [1919, 0.8015625], [1983, 0.8049395161290323], [2047, 0.80615234375], [2111, 0.8096590909090909], [2175, 0.8134191176470589], [2239, 0.8169642857142857], [2303, 0.8207465277777778], [2367, 0.8234797297297297], [2431, 0.8277138157894737], [2495, 0.8317307692307693], [2559, 0.833984375], [2623, 0.8342225609756098], [2687, 0.8363095238095238], [2751, 0.8375726744186046], [2815, 0.8394886363636364], [2879, 0.840625], [2943, 0.8413722826086957], [3007, 0.8427526595744681], [3071, 0.845703125], [3135, 0.8482142857142857], [3199, 0.850625], [3263, 0.8529411764705882], [3327, 0.8536658653846154], [3391, 0.8546580188679245], [3455, 0.8570601851851852], [3519, 0.8588068181818181], [3583, 0.8602120535714286], [3647, 0.862390350877193], [3711, 0.8639547413793104], [3775, 0.8654661016949152], [3839, 0.86640625], [3903, 0.8673155737704918], [3967, 0.8684475806451613], [4031, 0.8702876984126984], [4095, 0.872314453125], [4159, 0.8730769230769231], [4223, 0.8742897727272727], [4287, 0.8752332089552238], [4351, 0.8759191176470589], [4415, 0.8770380434782609], [4479, 0.8776785714285714], [4543, 0.879181338028169], [4607, 0.880859375], [4671, 0.882277397260274], [4735, 0.8828125], [4799, 0.8839583333333333], [4863, 0.8846628289473685], [4927, 0.8849431818181818], [4991, 0.8850160256410257], [5055, 0.8860759493670886], [5119, 0.887109375], [5183, 0.8875385802469136], [5247, 0.8883384146341463], [5311, 0.8894954819277109], [5375, 0.890625], [5439, 0.8911764705882353], [5503, 0.8917151162790697], [5567, 0.8924209770114943], [5631, 0.892578125], [5695, 0.8932584269662921], [5759, 0.8939236111111111], [5823, 0.8940590659340659], [5887, 0.8950407608695652], [5951, 0.8958333333333334], [6015, 0.8961103723404256], [6079, 0.896875], [6143, 0.8977864583333334], [6207, 0.8985180412371134], [6271, 0.8992346938775511], [6335, 0.900094696969697], [6399, 0.9009375], [6463, 0.9017636138613861], [6527, 0.9027267156862745], [6591, 0.9032160194174758], [6655, 0.9036959134615384], [6719, 0.9043154761904761], [6783, 0.9050707547169812], [6847, 0.9056658878504673], [6911, 0.9058159722222222], [6975, 0.90625], [7039, 0.9066761363636363], [7103, 0.9075168918918919], [7167, 0.9076450892857143], [7231, 0.9080475663716814], [7295, 0.9087171052631579], [7359, 0.9092391304347827], [7423, 0.9094827586206896], [7487, 0.9099893162393162], [7551, 0.9104872881355932], [7615, 0.9109768907563025], [7679, 0.911328125], [7743, 0.9118026859504132], [7807, 0.9123975409836066], [7871, 0.9127286585365854], [7935, 0.9129284274193549], [7999, 0.913125], [8063, 0.9128224206349206], [8127, 0.9132627952755905], [8191, 0.9136962890625], [8255, 0.9141230620155039], [8319, 0.9144230769230769], [8383, 0.9148377862595419], [8447, 0.9145359848484849], [8511, 0.9147086466165414], [8575, 0.9152285447761194], [8639, 0.9157407407407407], [8703, 0.9157858455882353], [8767, 0.916058394160584], [8831, 0.916213768115942], [8895, 0.91681654676259], [8959, 0.9172991071428571], [9023, 0.9178856382978723], [9087, 0.9183538732394366], [9151, 0.9189248251748252], [9215, 0.9193793402777778], [9279, 0.9198275862068965], [9343, 0.9201626712328768], [9407, 0.9205994897959183], [9471, 0.9207136824324325], [9535, 0.9212458053691275], [9599, 0.9215625], [9663, 0.9220819536423841], [9727, 0.9223889802631579], [9791, 0.9228962418300654], [9855, 0.9232954545454546], [9919, 0.9236895161290323], [9983, 0.9239783653846154], [9999, 0.9241]], "candidate_count_total": 25, "confirmed_count_total": 24, "created_at": 1768152095.0756712, "confirm_rule_effective": "perm_test", "last_perm_pvalue": 0.004975124378109453, "last_perm_effect": 0.499250624957352, "perm_test_count_total": 24, "perm_accept_count_total": 24, "perm_reject_count_total": 0, "perm_alpha": 0.02, "perm_pvalue_p50": 0.004975124378109453, "perm_pvalue_p90": 0.004975124378109453, "perm_pvalue_p99": 0.004975124378109453, "perm_pvalue_le_alpha_ratio": 1.0, "perm_effect_p50": 0.43488952001045456, "perm_effect_p90": 0.4842811128889618, "perm_effect_p99": 0.49982764374019095}