{"dataset_name": "sine_nodrift", "dataset_type": "sine", "model_variant": "ts_drift_adapt", "seed": 5, "monitor_preset": "error_divergence_ph_meta@error.threshold=0.10,error.min_instances=5", "monitor_preset_base": "error_divergence_ph_meta", "monitor_ph_params": {"error_rate": {"delta": 0.005, "alpha": 0.15, "threshold": 0.1, "min_instances": 5}, "divergence": {"delta": 0.005, "alpha": 0.1, "threshold": 0.05, "min_instances": 30}}, "monitor_ph_overrides": {"error_rate": {"threshold": 0.1, "min_instances": 5}}, "trigger_mode": "two_stage", "trigger_k": 2, "trigger_threshold": 0.5, "trigger_weights": "__confirm_cooldown=200,__confirm_rule=perm_test,__perm_alpha=0.05,__perm_min_effect=0,__perm_n_perm=200,__perm_post_n=20,__perm_pre_n=200,__perm_rng_seed=0,__perm_stat=vote_score,divergence=0.3,error_rate=0.5,teacher_entropy=0.2", "confirm_window": 3, "confirm_cooldown": 0, "adaptive_cooldown_enabled": 0, "adaptive_window": 10000, "adaptive_lower_per10k": 10.0, "adaptive_upper_per10k": 25.0, "adaptive_cooldown_low": 200, "adaptive_cooldown_high": 500, "severity_scheduler_scale": 1.0, "use_severity_v2": 0, "severity_gate": "none", "severity_gate_min_streak": 1, "entropy_mode": "overconfident", "severity_decay": 0.95, "freeze_baseline_steps": 0, "n_steps": 800, "horizon": 10000, "acc_final": 0.9116, "mean_acc": 0.8266577477212296, "acc_min": 0.359375, "candidate_sample_idxs": [319, 639, 959, 1279, 1599, 1919, 2239, 2559, 2879, 3199, 3519, 3839, 4159, 4543, 4863, 5183, 5503, 5887, 6207, 7359, 7679, 7999, 8319, 8895, 9279], "confirmed_sample_idxs": [639, 959, 1279, 1599, 1919, 2239, 2559, 2879, 3199, 3519, 3839, 4159, 4543, 4863, 5183, 5503, 5887, 6207, 7359, 7679, 7999, 8319, 8895, 9279], "acc_series": [[63, 0.359375], [127, 0.453125], [191, 0.484375], [255, 0.4921875], [319, 0.51875], [383, 0.5520833333333334], [447, 0.5714285714285714], [511, 0.5859375], [575, 0.5989583333333334], [639, 0.61875], [703, 0.6392045454545454], [767, 0.6510416666666666], [831, 0.6574519230769231], [895, 0.6707589285714286], [959, 0.68125], [1023, 0.6953125], [1087, 0.6985294117647058], [1151, 0.7057291666666666], [1215, 0.7088815789473685], [1279, 0.715625], [1343, 0.7224702380952381], [1407, 0.7308238636363636], [1471, 0.7404891304347826], [1535, 0.74609375], [1599, 0.7525], [1663, 0.7566105769230769], [1727, 0.7609953703703703], [1791, 0.7633928571428571], [1855, 0.7677801724137931], [1919, 0.7697916666666667], [1983, 0.7716733870967742], [2047, 0.7744140625], [2111, 0.7769886363636364], [2175, 0.7784926470588235], [2239, 0.7803571428571429], [2303, 0.7825520833333334], [2367, 0.7863175675675675], [2431, 0.7890625], [2495, 0.7920673076923077], [2559, 0.792578125], [2623, 0.796875], [2687, 0.7987351190476191], [2751, 0.8012354651162791], [2815, 0.8036221590909091], [2879, 0.8069444444444445], [2943, 0.8104619565217391], [3007, 0.8134973404255319], [3071, 0.8160807291666666], [3135, 0.8188775510204082], [3199, 0.8203125], [3263, 0.8229166666666666], [3327, 0.8257211538461539], [3391, 0.8284198113207547], [3455, 0.8313078703703703], [3519, 0.8323863636363636], [3583, 0.8345424107142857], [3647, 0.8366228070175439], [3711, 0.8386314655172413], [3775, 0.8403072033898306], [3839, 0.8427083333333333], [3903, 0.8445184426229508], [3967, 0.8455141129032258], [4031, 0.8479662698412699], [4095, 0.849609375], [4159, 0.8507211538461539], [4223, 0.8520359848484849], [4287, 0.8535447761194029], [4351, 0.8540900735294118], [4415, 0.8557518115942029], [4479, 0.8571428571428571], [4543, 0.8589348591549296], [4607, 0.8606770833333334], [4671, 0.8623715753424658], [4735, 0.8631756756756757], [4799, 0.8645833333333334], [4863, 0.8651315789473685], [4927, 0.8664772727272727], [4991, 0.8671875], [5055, 0.867879746835443], [5119, 0.8677734375], [5183, 0.8684413580246914], [5247, 0.8689024390243902], [5311, 0.8689759036144579], [5375, 0.8697916666666666], [5439, 0.8707720588235294], [5503, 0.872093023255814], [5567, 0.8730244252873564], [5631, 0.8737571022727273], [5695, 0.8748244382022472], [5759, 0.8758680555555556], [5823, 0.8763736263736264], [5887, 0.8768682065217391], [5951, 0.8773521505376344], [6015, 0.8784906914893617], [6079, 0.8792763157894737], [6143, 0.8798828125], [6207, 0.8804768041237113], [6271, 0.8810586734693877], [6335, 0.8817866161616161], [6399, 0.88265625], [6463, 0.8831992574257426], [6527, 0.8843443627450981], [6591, 0.8854672330097088], [6655, 0.8862680288461539], [6719, 0.8872023809523809], [6783, 0.8879716981132075], [6847, 0.8887266355140186], [6911, 0.8896122685185185], [6975, 0.8903383027522935], [7039, 0.8911931818181819], [7103, 0.8918918918918919], [7167, 0.8924386160714286], [7231, 0.8932522123893806], [7295, 0.8939144736842105], [7359, 0.894429347826087], [7423, 0.8952047413793104], [7487, 0.8959668803418803], [7551, 0.8964512711864406], [7615, 0.896796218487395], [7679, 0.896875], [7743, 0.8972107438016529], [7807, 0.8980532786885246], [7871, 0.8985010162601627], [7935, 0.8989415322580645], [7999, 0.8995], [8063, 0.8999255952380952], [8127, 0.8997293307086615], [8191, 0.900146484375], [8255, 0.9006782945736435], [8319, 0.901201923076923], [8383, 0.9017175572519084], [8447, 0.90234375], [8511, 0.9027255639097744], [8575, 0.9033348880597015], [8639, 0.9037037037037037], [8703, 0.9037224264705882], [8767, 0.9040830291970803], [8831, 0.9046648550724637], [8895, 0.9050134892086331], [8959, 0.90546875], [9023, 0.9059175531914894], [9087, 0.9065801056338029], [9151, 0.9071241258741258], [9215, 0.9074435763888888], [9279, 0.9077586206896552], [9343, 0.9079623287671232], [9407, 0.9081632653061225], [9471, 0.9084670608108109], [9535, 0.9089765100671141], [9599, 0.909375], [9663, 0.9096647350993378], [9727, 0.9099506578947368], [9791, 0.9105392156862745], [9855, 0.9107142857142857], [9919, 0.9110887096774194], [9983, 0.9115584935897436], [9999, 0.9116]], "candidate_count_total": 25, "confirmed_count_total": 24, "created_at": 1768152479.4995425, "confirm_rule_effective": "perm_test", "last_perm_pvalue": 0.004975124378109453, "last_perm_effect": 0.4988169986085086, "perm_test_count_total": 24, "perm_accept_count_total": 24, "perm_reject_count_total": 0, "perm_alpha": 0.05, "perm_pvalue_p50": 0.004975124378109453, "perm_pvalue_p90": 0.004975124378109453, "perm_pvalue_p99": 0.004975124378109453, "perm_pvalue_le_alpha_ratio": 1.0, "perm_effect_p50": 0.49193550349296683, "perm_effect_p90": 0.5179440478641969, "perm_effect_p99": 0.5586692435250163}