{"dataset_name": "sine_nodrift", "dataset_type": "sine", "model_variant": "ts_drift_adapt", "seed": 2, "monitor_preset": "error_divergence_ph_meta@error.threshold=0.10,error.min_instances=5", "monitor_preset_base": "error_divergence_ph_meta", "monitor_ph_params": {"error_rate": {"delta": 0.005, "alpha": 0.15, "threshold": 0.1, "min_instances": 5}, "divergence": {"delta": 0.005, "alpha": 0.1, "threshold": 0.05, "min_instances": 30}}, "monitor_ph_overrides": {"error_rate": {"threshold": 0.1, "min_instances": 5}}, "trigger_mode": "two_stage", "trigger_k": 2, "trigger_threshold": 0.5, "trigger_weights": "__confirm_cooldown=200,__confirm_rule=perm_test,__perm_alpha=0.02,__perm_min_effect=0,__perm_n_perm=200,__perm_post_n=20,__perm_pre_n=200,__perm_rng_seed=0,__perm_stat=vote_score,divergence=0.3,error_rate=0.5,teacher_entropy=0.2", "confirm_window": 3, "confirm_cooldown": 0, "adaptive_cooldown_enabled": 0, "adaptive_window": 10000, "adaptive_lower_per10k": 10.0, "adaptive_upper_per10k": 25.0, "adaptive_cooldown_low": 200, "adaptive_cooldown_high": 500, "severity_scheduler_scale": 1.0, "use_severity_v2": 0, "severity_gate": "none", "severity_gate_min_streak": 1, "entropy_mode": "overconfident", "severity_decay": 0.95, "freeze_baseline_steps": 0, "n_steps": 800, "horizon": 10000, "acc_final": 0.9301, "mean_acc": 0.8519298196794172, "acc_min": 0.5625, "candidate_sample_idxs": [319, 639, 959, 1279, 1599, 1919, 2367, 2751, 3071, 3391, 3711, 4031, 4351, 4671, 4991, 5311, 5631, 6527, 7423, 8127, 8447, 8767, 9791], "confirmed_sample_idxs": [639, 959, 1279, 1599, 1919, 2367, 2751, 3071, 3391, 3711, 4031, 4351, 4671, 4991, 5311, 5631, 6527, 7423, 8127, 8447, 8767, 9791], "acc_series": [[63, 0.5625], [127, 0.5703125], [191, 0.6041666666666666], [255, 0.6171875], [319, 0.628125], [383, 0.625], [447, 0.6428571428571429], [511, 0.638671875], [575, 0.6388888888888888], [639, 0.646875], [703, 0.6463068181818182], [767, 0.6471354166666666], [831, 0.6514423076923077], [895, 0.65625], [959, 0.66875], [1023, 0.685546875], [1087, 0.6930147058823529], [1151, 0.7048611111111112], [1215, 0.7154605263157895], [1279, 0.72421875], [1343, 0.734375], [1407, 0.7393465909090909], [1471, 0.7459239130434783], [1535, 0.7552083333333334], [1599, 0.7625], [1663, 0.7674278846153846], [1727, 0.7725694444444444], [1791, 0.7767857142857143], [1855, 0.7807112068965517], [1919, 0.7859375], [1983, 0.7903225806451613], [2047, 0.79541015625], [2111, 0.8001893939393939], [2175, 0.8042279411764706], [2239, 0.809375], [2303, 0.8133680555555556], [2367, 0.8163006756756757], [2431, 0.8203125], [2495, 0.8245192307692307], [2559, 0.8265625], [2623, 0.8296493902439024], [2687, 0.8318452380952381], [2751, 0.8343023255813954], [2815, 0.8373579545454546], [2879, 0.840625], [2943, 0.84375], [3007, 0.8457446808510638], [3071, 0.8479817708333334], [3135, 0.8504464285714286], [3199, 0.8528125], [3263, 0.8553921568627451], [3327, 0.8572716346153846], [3391, 0.8599646226415094], [3455, 0.8619791666666666], [3519, 0.8639204545454545], [3583, 0.8638392857142857], [3647, 0.8656798245614035], [3711, 0.8671875], [3775, 0.8686440677966102], [3839, 0.8697916666666666], [3903, 0.8709016393442623], [3967, 0.8719758064516129], [4031, 0.873015873015873], [4095, 0.87451171875], [4159, 0.8752403846153847], [4223, 0.8759469696969697], [4287, 0.8775652985074627], [4351, 0.87890625], [4415, 0.8799818840579711], [4479, 0.8810267857142857], [4543, 0.8824823943661971], [4607, 0.8836805555555556], [4671, 0.884417808219178], [4735, 0.8849239864864865], [4799, 0.8854166666666666], [4863, 0.8865131578947368], [4927, 0.8871753246753247], [4991, 0.8882211538461539], [5055, 0.8892405063291139], [5119, 0.890234375], [5183, 0.8912037037037037], [5247, 0.8917682926829268], [5311, 0.8928840361445783], [5375, 0.8939732142857143], [5439, 0.8946691176470588], [5503, 0.8951671511627907], [5567, 0.8963721264367817], [5631, 0.8968394886363636], [5695, 0.8976474719101124], [5759, 0.8986111111111111], [5823, 0.8988667582417582], [5887, 0.8999660326086957], [5951, 0.9008736559139785], [6015, 0.9014295212765957], [6079, 0.9021381578947368], [6143, 0.9026692708333334], [6207, 0.9033505154639175], [6271, 0.9036989795918368], [6335, 0.9045138888888888], [6399, 0.9053125], [6463, 0.90625], [6527, 0.9068627450980392], [6591, 0.9074635922330098], [6655, 0.908203125], [6719, 0.908779761904762], [6783, 0.9093455188679245], [6847, 0.9101927570093458], [6911, 0.9105902777777778], [6975, 0.9112672018348624], [7039, 0.9116477272727272], [7103, 0.9120213963963963], [7167, 0.9126674107142857], [7231, 0.9130254424778761], [7295, 0.9135142543859649], [7359, 0.9141304347826087], [7423, 0.9144665948275862], [7487, 0.9147970085470085], [7551, 0.9155190677966102], [7615, 0.9159663865546218], [7679, 0.9165364583333333], [7743, 0.9169679752066116], [7807, 0.9175204918032787], [7871, 0.9181910569105691], [7935, 0.9187247983870968], [7999, 0.919125], [8063, 0.9197668650793651], [8127, 0.9202755905511811], [8191, 0.9207763671875], [8255, 0.9211482558139535], [8319, 0.9211538461538461], [8383, 0.9215171755725191], [8447, 0.9217566287878788], [8511, 0.9216400375939849], [8575, 0.921991604477612], [8639, 0.922337962962963], [8703, 0.9225643382352942], [8767, 0.9230155109489051], [8831, 0.9230072463768116], [8895, 0.9235611510791367], [8959, 0.9241071428571429], [9023, 0.9245345744680851], [9087, 0.924955985915493], [9151, 0.9253715034965035], [9215, 0.92578125], [9279, 0.9262931034482759], [9343, 0.9263698630136986], [9407, 0.9267644557823129], [9471, 0.9272592905405406], [9535, 0.9277474832214765], [9599, 0.928125], [9663, 0.9286009933774835], [9727, 0.9290707236842105], [9791, 0.9294321895424836], [9855, 0.9296875], [9919, 0.9299395161290323], [9983, 0.9300881410256411], [9999, 0.9301]], "candidate_count_total": 23, "confirmed_count_total": 22, "created_at": 1768151947.636867, "confirm_rule_effective": "perm_test", "last_perm_pvalue": 0.004975124378109453, "last_perm_effect": 0.5, "perm_test_count_total": 22, "perm_accept_count_total": 22, "perm_reject_count_total": 0, "perm_alpha": 0.02, "perm_pvalue_p50": 0.004975124378109453, "perm_pvalue_p90": 0.004975124378109453, "perm_pvalue_p99": 0.004975124378109453, "perm_pvalue_le_alpha_ratio": 1.0, "perm_effect_p50": 0.4968618644233034, "perm_effect_p90": 0.5020111307583307, "perm_effect_p99": 0.5278773058779188}