{"dataset_name": "INSECTS_abrupt_balanced", "dataset_type": "insects_real", "model_variant": "ts_drift_adapt", "seed": 3, "monitor_preset": "error_divergence_ph_meta@error.threshold=0.05,error.min_instances=5", "monitor_preset_base": "error_divergence_ph_meta", "monitor_ph_params": {"error_rate": {"delta": 0.005, "alpha": 0.15, "threshold": 0.05, "min_instances": 5}, "divergence": {"delta": 0.005, "alpha": 0.1, "threshold": 0.05, "min_instances": 30}}, "monitor_ph_overrides": {"error_rate": {"threshold": 0.05, "min_instances": 5}}, "trigger_mode": "two_stage", "trigger_k": 2, "trigger_threshold": 0.5, "trigger_weights": "confirm_cooldown=200,divergence=0.3,error_rate=0.5,teacher_entropy=0.2", "confirm_window": 1, "confirm_cooldown": 0, "severity_scheduler_scale": 1.0, "use_severity_v2": 0, "severity_gate": "none", "severity_gate_min_streak": 1, "entropy_mode": "overconfident", "severity_decay": 0.95, "freeze_baseline_steps": 0, "n_steps": 1200, "horizon": 52847, "acc_final": 0.19910307112986547, "mean_acc": 0.19313985470474312, "acc_min": 0.1581748188405797, "candidate_sample_idxs": [1279, 2559, 3839, 5119, 6399, 7679, 8959, 10239, 11519, 12799, 14335, 15103, 15615, 17919, 19199, 20479, 21759, 23039, 24319, 25599, 26879, 28159, 29439, 30975, 32255, 33535, 34815, 36095, 37375, 38655, 39935, 41215, 42495, 43775, 45055, 46335, 47615, 50431, 51711, 52846], "confirmed_sample_idxs": [1279, 2559, 3839, 5119, 6399, 7679, 8959, 10239, 11519, 12799, 14335, 15615, 17919, 19199, 20479, 21759, 23039, 24319, 25599, 26879, 28159, 29439, 30975, 32255, 33535, 34815, 36095, 37375, 38655, 39935, 41215, 42495, 43775, 45055, 46335, 47615, 50431, 51711, 52846], "acc_series": [[255, 0.171875], [511, 0.171875], [767, 0.1796875], [1023, 0.185546875], [1279, 0.18203125], [1535, 0.18359375], [1791, 0.18191964285714285], [2047, 0.18115234375], [2303, 0.18229166666666666], [2559, 0.1828125], [2815, 0.18146306818181818], [3071, 0.1806640625], [3327, 0.17848557692307693], [3583, 0.18052455357142858], [3839, 0.1875], [4095, 0.190673828125], [4351, 0.19071691176470587], [4607, 0.1918402777777778], [4863, 0.19202302631578946], [5119, 0.194921875], [5375, 0.19215029761904762], [5631, 0.19318181818181818], [5887, 0.19242527173913043], [6143, 0.19384765625], [6399, 0.1940625], [6655, 0.19396033653846154], [6911, 0.19516782407407407], [7167, 0.1962890625], [7423, 0.1984105603448276], [7679, 0.19739583333333333], [7935, 0.19884072580645162], [8191, 0.2001953125], [8447, 0.20063920454545456], [8703, 0.20186121323529413], [8959, 0.20345982142857144], [9215, 0.2045355902777778], [9471, 0.20439189189189189], [9727, 0.20446134868421054], [9983, 0.20502804487179488], [10239, 0.20615234375], [10495, 0.2072217987804878], [10751, 0.20870535714285715], [11007, 0.20930232558139536], [11263, 0.21147017045454544], [11519, 0.21215277777777777], [11775, 0.21306046195652173], [12031, 0.21392952127659576], [12287, 0.21370442708333334], [12543, 0.2149234693877551], [12799, 0.21140625], [13055, 0.20726102941176472], [13311, 0.2032752403846154], [13567, 0.19943985849056603], [13823, 0.1957465277777778], [14079, 0.1921875], [14335, 0.19189453125], [14591, 0.19092653508771928], [14847, 0.18776939655172414], [15103, 0.1846530720338983], [15359, 0.18157552083333334], [15615, 0.17859887295081966], [15871, 0.17571824596774194], [16127, 0.17299107142857142], [16383, 0.1702880859375], [16639, 0.16766826923076922], [16895, 0.1651278409090909], [17151, 0.16266324626865672], [17407, 0.16032858455882354], [17663, 0.1581748188405797], [17919, 0.15825892857142856], [18175, 0.16312720070422534], [18431, 0.1664496527777778], [18687, 0.1696275684931507], [18943, 0.17229729729729729], [19199, 0.17515625], [19455, 0.17835115131578946], [19711, 0.17983969155844157], [19967, 0.1798878205128205], [20223, 0.17988528481012658], [20479, 0.180224609375], [20735, 0.18031442901234568], [20991, 0.18049733231707318], [21247, 0.18044051204819278], [21503, 0.18052455357142858], [21759, 0.18042279411764706], [22015, 0.18059593023255813], [22271, 0.18076508620689655], [22527, 0.18070845170454544], [22783, 0.1813992275280899], [23039, 0.18233506944444444], [23295, 0.18282108516483517], [23551, 0.18465523097826086], [23807, 0.18577788978494625], [24063, 0.18700132978723405], [24319, 0.1881578947368421], [24575, 0.18924967447916666], [24831, 0.19056056701030927], [25087, 0.1914859693877551], [25343, 0.1930239898989899], [25599, 0.1944921875], [25855, 0.1955832301980198], [26111, 0.1966528799019608], [26367, 0.19781553398058252], [26623, 0.19869290865384615], [26879, 0.20011160714285714], [27135, 0.20084021226415094], [27391, 0.20166471962616822], [27647, 0.20305266203703703], [27903, 0.20455848623853212], [28159, 0.20323153409090908], [28415, 0.20147100225225226], [28671, 0.19970703125], [28927, 0.19797428097345132], [29183, 0.1962719298245614], [29439, 0.19456521739130433], [29695, 0.1929216056034483], [29951, 0.19143963675213677], [30207, 0.18985037076271186], [30463, 0.18832064075630253], [30719, 0.18704427083333333], [30975, 0.18601497933884298], [31231, 0.18577100409836064], [31487, 0.18651549796747968], [31743, 0.18784652217741934], [31999, 0.18925], [32255, 0.19029017857142858], [32511, 0.19174458661417323], [32767, 0.193023681640625], [33023, 0.19434350775193798], [33279, 0.194140625], [33535, 0.19411975190839695], [33791, 0.19445430871212122], [34047, 0.19451950187969924], [34303, 0.19461287313432835], [34559, 0.19479166666666667], [34815, 0.19468060661764705], [35071, 0.19471373175182483], [35327, 0.19457653985507245], [35583, 0.19469424460431656], [35839, 0.19467075892857144], [36095, 0.1947307180851064], [36351, 0.19481734154929578], [36607, 0.19487543706293706], [36863, 0.19482421875], [37119, 0.19496228448275862], [37375, 0.1949914383561644], [37631, 0.1952327806122449], [37887, 0.19586676520270271], [38143, 0.19604656040268456], [38399, 0.19473958333333333], [38655, 0.19344991721854304], [38911, 0.193359375], [39167, 0.1935763888888889], [39423, 0.19381594967532467], [39679, 0.1938508064516129], [39935, 0.1941356169871795], [40191, 0.19446656050955413], [40447, 0.1947685917721519], [40703, 0.19506682389937108], [40959, 0.195556640625], [41215, 0.19604037267080746], [41471, 0.1966628086419753], [41727, 0.19708588957055215], [41983, 0.19738471798780488], [42239, 0.1979876893939394], [42495, 0.19886577560240964], [42751, 0.19952282934131738], [43007, 0.20024181547619047], [43263, 0.20097540680473372], [43519, 0.20193014705882353], [43775, 0.20243969298245615], [44031, 0.20326126453488372], [44287, 0.20373464595375723], [44543, 0.20429238505747127], [44799, 0.20497767857142857], [45055, 0.20576615767045456], [45311, 0.2063029661016949], [45567, 0.206811797752809], [45823, 0.20772957402234637], [46079, 0.20870225694444444], [46335, 0.20934046961325967], [46591, 0.20997166895604397], [46847, 0.2099129098360656], [47103, 0.20877207880434784], [47359, 0.20764358108108108], [47615, 0.20652721774193547], [47871, 0.20542279411764705], [48127, 0.20433011968085107], [48383, 0.20324900793650794], [48639, 0.2021998355263158], [48895, 0.20116164921465968], [49151, 0.20021565755208334], [49407, 0.19921875], [49663, 0.19829252577319587], [49919, 0.19751602564102563], [50175, 0.19682716836734693], [50431, 0.19634359137055837], [50687, 0.19618055555555555], [50943, 0.19709877512562815], [51199, 0.19814453125], [51455, 0.19937422263681592], [51711, 0.20072710396039603], [51967, 0.20193195812807882], [52223, 0.2014782475490196], [52479, 0.2004954268292683], [52735, 0.19952214805825244], [52846, 0.19910307112986547]], "candidate_count_total": 40, "confirmed_count_total": 39, "created_at": 1767841328.1958685}