{"dataset_name": "sine_nodrift", "dataset_type": "sine", "model_variant": "ts_drift_adapt", "seed": 3, "monitor_preset": "error_divergence_ph_meta@error.threshold=0.10,error.min_instances=5", "monitor_preset_base": "error_divergence_ph_meta", "monitor_ph_params": {"error_rate": {"delta": 0.005, "alpha": 0.15, "threshold": 0.1, "min_instances": 5}, "divergence": {"delta": 0.005, "alpha": 0.1, "threshold": 0.05, "min_instances": 30}}, "monitor_ph_overrides": {"error_rate": {"threshold": 0.1, "min_instances": 5}}, "trigger_mode": "two_stage", "trigger_k": 2, "trigger_threshold": 0.5, "trigger_weights": "__confirm_cooldown=200,__confirm_rule=perm_test,__perm_alpha=0.01,__perm_delta_k=50,__perm_min_effect=0,__perm_n_perm=200,__perm_post_n=30,__perm_pre_n=500,__perm_rng_seed=0,__perm_stat=delta_fused_score,divergence=0.3,error_rate=0.5,teacher_entropy=0.2", "confirm_window": 3, "confirm_cooldown": 0, "adaptive_cooldown_enabled": 0, "adaptive_window": 10000, "adaptive_lower_per10k": 10.0, "adaptive_upper_per10k": 25.0, "adaptive_cooldown_low": 200, "adaptive_cooldown_high": 500, "severity_scheduler_scale": 1.0, "use_severity_v2": 0, "severity_gate": "none", "severity_gate_min_streak": 1, "entropy_mode": "overconfident", "severity_decay": 0.95, "freeze_baseline_steps": 0, "n_steps": 800, "horizon": 10000, "acc_final": 0.9281, "mean_acc": 0.8581735053866831, "acc_min": 0.46875, "candidate_sample_idxs": [319, 639, 959, 1279, 1599, 1919, 2495, 3135, 3455, 3775, 4095, 4415, 4799, 5119, 5503, 5823, 6143, 6463, 6783, 7103, 7423, 7935, 8319, 8639, 9535, 9855], "confirmed_sample_idxs": [703, 1023, 1663, 1919, 2495, 3135, 3647, 4095, 4415, 4799, 5183, 5503, 6271, 6975, 7935, 8319, 8639, 9535, 9919], "acc_series": [[63, 0.46875], [127, 0.5390625], [191, 0.5833333333333334], [255, 0.61328125], [319, 0.659375], [383, 0.6822916666666666], [447, 0.7008928571428571], [511, 0.7109375], [575, 0.7118055555555556], [639, 0.709375], [703, 0.7017045454545454], [767, 0.6966145833333334], [831, 0.7007211538461539], [895, 0.7120535714285714], [959, 0.721875], [1023, 0.7294921875], [1087, 0.7389705882352942], [1151, 0.7482638888888888], [1215, 0.756578947368421], [1279, 0.7609375], [1343, 0.765625], [1407, 0.7691761363636364], [1471, 0.7717391304347826], [1535, 0.7760416666666666], [1599, 0.7825], [1663, 0.7854567307692307], [1727, 0.7870370370370371], [1791, 0.7879464285714286], [1855, 0.7898706896551724], [1919, 0.7927083333333333], [1983, 0.7973790322580645], [2047, 0.802734375], [2111, 0.8072916666666666], [2175, 0.8120404411764706], [2239, 0.8160714285714286], [2303, 0.8194444444444444], [2367, 0.8234797297297297], [2431, 0.826891447368421], [2495, 0.8301282051282052], [2559, 0.833984375], [2623, 0.8361280487804879], [2687, 0.8392857142857143], [2751, 0.842296511627907], [2815, 0.8448153409090909], [2879, 0.8475694444444445], [2943, 0.8491847826086957], [3007, 0.852061170212766], [3071, 0.8538411458333334], [3135, 0.8558673469387755], [3199, 0.858125], [3263, 0.8599877450980392], [3327, 0.8617788461538461], [3391, 0.863502358490566], [3455, 0.8651620370370371], [3519, 0.8667613636363637], [3583, 0.8671875], [3647, 0.8675986842105263], [3711, 0.8682650862068966], [3775, 0.869968220338983], [3839, 0.8716145833333333], [3903, 0.8726946721311475], [3967, 0.8737399193548387], [4031, 0.8747519841269841], [4095, 0.87548828125], [4159, 0.8759615384615385], [4223, 0.876657196969697], [4287, 0.8782649253731343], [4351, 0.8791360294117647], [4415, 0.8795289855072463], [4479, 0.8808035714285715], [4543, 0.8816021126760564], [4607, 0.8825954861111112], [4671, 0.883347602739726], [4735, 0.8845016891891891], [4799, 0.8854166666666666], [4863, 0.8861019736842105], [4927, 0.8871753246753247], [4991, 0.8876201923076923], [5055, 0.8886471518987342], [5119, 0.8896484375], [5183, 0.890625], [5247, 0.8917682926829268], [5311, 0.8930722891566265], [5375, 0.8941592261904762], [5439, 0.8954044117647059], [5503, 0.8957122093023255], [5567, 0.896551724137931], [5631, 0.8966619318181818], [5695, 0.8974719101123596], [5759, 0.8984375], [5823, 0.8993818681318682], [5887, 0.9004755434782609], [5951, 0.9015456989247311], [6015, 0.902593085106383], [6079, 0.9032894736842105], [6143, 0.90380859375], [6207, 0.9038337628865979], [6271, 0.9043367346938775], [6335, 0.9048295454545454], [6399, 0.905625], [6463, 0.90625], [6527, 0.9067095588235294], [6591, 0.9076152912621359], [6655, 0.9077524038461539], [6719, 0.9084821428571429], [6783, 0.9087558962264151], [6847, 0.9093165887850467], [6911, 0.9098668981481481], [6975, 0.9104071100917431], [7039, 0.9109375], [7103, 0.9115990990990991], [7167, 0.9123883928571429], [7231, 0.9131637168141593], [7295, 0.9135142543859649], [7359, 0.9134510869565218], [7423, 0.9139278017241379], [7487, 0.9141292735042735], [7551, 0.9148569915254238], [7615, 0.9154411764705882], [7679, 0.916015625], [7743, 0.9163223140495868], [7807, 0.9167520491803278], [7871, 0.9170477642276422], [7935, 0.9172127016129032], [7999, 0.917875], [8063, 0.9184027777777778], [8127, 0.9186761811023622], [8191, 0.919189453125], [8255, 0.9193313953488372], [8319, 0.9195913461538462], [8383, 0.9202051526717557], [8447, 0.9206912878787878], [8511, 0.9205827067669173], [8575, 0.9209421641791045], [8639, 0.921412037037037], [8703, 0.9216452205882353], [8767, 0.921875], [8831, 0.9224411231884058], [8895, 0.9226618705035972], [8959, 0.9231026785714286], [9023, 0.9235372340425532], [9087, 0.9238556338028169], [9151, 0.9243881118881119], [9215, 0.9245876736111112], [9279, 0.9251077586206896], [9343, 0.925513698630137], [9407, 0.9260204081632653], [9471, 0.9264146959459459], [9535, 0.9264890939597316], [9599, 0.9264583333333334], [9663, 0.9266349337748344], [9727, 0.9269120065789473], [9791, 0.9271854575163399], [9855, 0.9274553571428571], [9919, 0.9278225806451613], [9983, 0.9280849358974359], [9999, 0.9281]], "candidate_count_total": 23, "confirmed_count_total": 19, "created_at": 1768133150.1057365, "confirm_rule_effective": "perm_test", "last_perm_pvalue": 0.004975124378109453, "last_perm_effect": 0.03810950422897319, "perm_test_count_total": 44, "perm_accept_count_total": 19, "perm_reject_count_total": 25, "perm_alpha": 0.01, "perm_pvalue_p50": 0.31592039800995025, "perm_pvalue_p90": 1.0, "perm_pvalue_p99": 1.0, "perm_pvalue_le_alpha_ratio": 0.4318181818181818, "perm_effect_p50": 0.0047505398911713796, "perm_effect_p90": 0.07612855436333991, "perm_effect_p99": 0.16393539018626074}