{"dataset_name": "sine_nodrift", "dataset_type": "sine", "model_variant": "ts_drift_adapt", "seed": 5, "monitor_preset": "error_divergence_ph_meta@error.threshold=0.10,error.min_instances=5", "monitor_preset_base": "error_divergence_ph_meta", "monitor_ph_params": {"error_rate": {"delta": 0.005, "alpha": 0.15, "threshold": 0.1, "min_instances": 5}, "divergence": {"delta": 0.005, "alpha": 0.1, "threshold": 0.05, "min_instances": 30}}, "monitor_ph_overrides": {"error_rate": {"threshold": 0.1, "min_instances": 5}}, "trigger_mode": "two_stage", "trigger_k": 2, "trigger_threshold": 0.5, "trigger_weights": "__confirm_cooldown=200,__confirm_rule=perm_test,__perm_alpha=0.05,__perm_min_effect=0,__perm_n_perm=200,__perm_post_n=50,__perm_pre_n=200,__perm_rng_seed=0,__perm_stat=fused_score,divergence=0.3,error_rate=0.5,teacher_entropy=0.2", "confirm_window": 3, "confirm_cooldown": 0, "adaptive_cooldown_enabled": 0, "adaptive_window": 10000, "adaptive_lower_per10k": 10.0, "adaptive_upper_per10k": 25.0, "adaptive_cooldown_low": 200, "adaptive_cooldown_high": 500, "severity_scheduler_scale": 1.0, "use_severity_v2": 0, "severity_gate": "none", "severity_gate_min_streak": 1, "entropy_mode": "overconfident", "severity_decay": 0.95, "freeze_baseline_steps": 0, "n_steps": 800, "horizon": 10000, "acc_final": 0.8967, "mean_acc": 0.8120747757462864, "acc_min": 0.5234375, "candidate_sample_idxs": [319, 639, 959, 1279, 1599, 1919, 2239, 2623, 2943, 3263, 3583, 3903, 4223, 4543, 4863, 5183, 5503, 5823, 6143, 6463, 6783, 7103, 7551, 7871, 8191, 8511, 8831, 9151, 9535], "confirmed_sample_idxs": [639, 959, 1279, 1727, 2239, 2623, 3327, 3711, 4223, 4735, 5311, 6015, 6655, 7551, 7999, 8575, 9023, 9535], "acc_series": [[63, 0.578125], [127, 0.546875], [191, 0.546875], [255, 0.5234375], [319, 0.54375], [383, 0.5625], [447, 0.5803571428571429], [511, 0.58984375], [575, 0.6059027777777778], [639, 0.615625], [703, 0.6349431818181818], [767, 0.6536458333333334], [831, 0.6574519230769231], [895, 0.6729910714285714], [959, 0.675], [1023, 0.6767578125], [1087, 0.6727941176470589], [1151, 0.6736111111111112], [1215, 0.6702302631578947], [1279, 0.6734375], [1343, 0.6741071428571429], [1407, 0.6818181818181818], [1471, 0.6908967391304348], [1535, 0.6985677083333334], [1599, 0.7075], [1663, 0.7157451923076923], [1727, 0.7239583333333334], [1791, 0.7299107142857143], [1855, 0.7349137931034483], [1919, 0.7395833333333334], [1983, 0.7439516129032258], [2047, 0.7470703125], [2111, 0.75], [2175, 0.7509191176470589], [2239, 0.7544642857142857], [2303, 0.7569444444444444], [2367, 0.7609797297297297], [2431, 0.765625], [2495, 0.7684294871794872], [2559, 0.772265625], [2623, 0.776295731707317], [2687, 0.7790178571428571], [2751, 0.7819767441860465], [2815, 0.7848011363636364], [2879, 0.7878472222222223], [2943, 0.7900815217391305], [3007, 0.7935505319148937], [3071, 0.7952473958333334], [3135, 0.798469387755102], [3199, 0.7996875], [3263, 0.8023897058823529], [3327, 0.8046875], [3391, 0.8074882075471698], [3455, 0.8098958333333334], [3519, 0.8116477272727273], [3583, 0.8141741071428571], [3647, 0.8166118421052632], [3711, 0.818426724137931], [3775, 0.8201800847457628], [3839, 0.8223958333333333], [3903, 0.8245389344262295], [3967, 0.8256048387096774], [4031, 0.8276289682539683], [4095, 0.82958984375], [4159, 0.83125], [4223, 0.8323863636363636], [4287, 0.8337220149253731], [4351, 0.8350183823529411], [4415, 0.8365036231884058], [4479, 0.8379464285714285], [4543, 0.839568661971831], [4607, 0.8409288194444444], [4671, 0.8431078767123288], [4735, 0.8435388513513513], [4799, 0.8447916666666667], [4863, 0.8458059210526315], [4927, 0.8476055194805194], [4991, 0.8487580128205128], [5055, 0.8500791139240507], [5119, 0.85078125], [5183, 0.8520447530864198], [5247, 0.8532774390243902], [5311, 0.8542921686746988], [5375, 0.85546875], [5439, 0.8564338235294118], [5503, 0.8575581395348837], [5567, 0.8588362068965517], [5631, 0.8595525568181818], [5695, 0.8606039325842697], [5759, 0.8616319444444445], [5823, 0.8626373626373627], [5887, 0.8636209239130435], [5951, 0.8640793010752689], [6015, 0.8651928191489362], [6079, 0.865953947368421], [6143, 0.86669921875], [6207, 0.8674291237113402], [6271, 0.8681441326530612], [6335, 0.8685290404040404], [6399, 0.86921875], [6463, 0.869894801980198], [6527, 0.8707107843137255], [6591, 0.8718143203883495], [6655, 0.8722956730769231], [6719, 0.8726190476190476], [6783, 0.8733785377358491], [6847, 0.8739778037383178], [6911, 0.8748553240740741], [6975, 0.8755733944954128], [7039, 0.8761363636363636], [7103, 0.8771114864864865], [7167, 0.8773716517857143], [7231, 0.8780420353982301], [7295, 0.8789747807017544], [7359, 0.8797554347826086], [7423, 0.8802532327586207], [7487, 0.8806089743589743], [7551, 0.880958686440678], [7615, 0.8814338235294118], [7679, 0.8819010416666667], [7743, 0.8823605371900827], [7807, 0.8831967213114754], [7871, 0.8835111788617886], [7935, 0.883820564516129], [7999, 0.884375], [8063, 0.8846726190476191], [8127, 0.8848425196850394], [8191, 0.8853759765625], [8255, 0.8861434108527132], [8319, 0.8866586538461538], [8383, 0.8870467557251909], [8447, 0.8873106060606061], [8511, 0.8878054511278195], [8575, 0.8882929104477612], [8639, 0.8881944444444444], [8703, 0.8878676470588235], [8767, 0.8884580291970803], [8831, 0.8888134057971014], [8895, 0.8893884892086331], [8959, 0.8899553571428571], [9023, 0.890625], [9087, 0.8913952464788732], [9151, 0.8920454545454546], [9215, 0.8923611111111112], [9279, 0.8929956896551724], [9343, 0.8935145547945206], [9407, 0.8937074829931972], [9471, 0.894214527027027], [9535, 0.8944001677852349], [9599, 0.8947916666666667], [9663, 0.8953849337748344], [9727, 0.8956620065789473], [9791, 0.8960375816993464], [9855, 0.8962053571428571], [9919, 0.8962701612903226], [9983, 0.8966346153846154], [9999, 0.8967]], "candidate_count_total": 21, "confirmed_count_total": 18, "created_at": 1768150520.067891, "confirm_rule_effective": "perm_test", "last_perm_pvalue": 0.004975124378109453, "last_perm_effect": 0.0718804882188245, "perm_test_count_total": 48, "perm_accept_count_total": 18, "perm_reject_count_total": 30, "perm_alpha": 0.05, "perm_pvalue_p50": 1.0, "perm_pvalue_p90": 1.0, "perm_pvalue_p99": 1.0, "perm_pvalue_le_alpha_ratio": 0.375, "perm_effect_p50": -0.005426010428592219, "perm_effect_p90": 0.07614601020674765, "perm_effect_p99": 0.17350273275858086}