{"dataset_name": "sine_nodrift", "dataset_type": "sine", "model_variant": "ts_drift_adapt", "seed": 1, "monitor_preset": "error_divergence_ph_meta@error.threshold=0.10,error.min_instances=5", "monitor_preset_base": "error_divergence_ph_meta", "monitor_ph_params": {"error_rate": {"delta": 0.005, "alpha": 0.15, "threshold": 0.1, "min_instances": 5}, "divergence": {"delta": 0.005, "alpha": 0.1, "threshold": 0.05, "min_instances": 30}}, "monitor_ph_overrides": {"error_rate": {"threshold": 0.1, "min_instances": 5}}, "trigger_mode": "two_stage", "trigger_k": 2, "trigger_threshold": 0.5, "trigger_weights": "__confirm_cooldown=200,__confirm_rule=perm_test,__perm_alpha=0.05,__perm_min_effect=0,__perm_n_perm=200,__perm_post_n=30,__perm_pre_n=200,__perm_rng_seed=0,__perm_stat=fused_score,divergence=0.3,error_rate=0.5,teacher_entropy=0.2", "confirm_window": 3, "confirm_cooldown": 0, "adaptive_cooldown_enabled": 0, "adaptive_window": 10000, "adaptive_lower_per10k": 10.0, "adaptive_upper_per10k": 25.0, "adaptive_cooldown_low": 200, "adaptive_cooldown_high": 500, "severity_scheduler_scale": 1.0, "use_severity_v2": 0, "severity_gate": "none", "severity_gate_min_streak": 1, "entropy_mode": "overconfident", "severity_decay": 0.95, "freeze_baseline_steps": 0, "n_steps": 800, "horizon": 10000, "acc_final": 0.9177, "mean_acc": 0.8432194884757609, "acc_min": 0.578125, "candidate_sample_idxs": [319, 639, 959, 1279, 1599, 1919, 2239, 2559, 2879, 3199, 3519, 3967, 4287, 4607, 4927, 5247, 5695, 6335, 6655, 7423, 7871, 8703, 9279, 9663, 9983], "confirmed_sample_idxs": [703, 1279, 1599, 1919, 2239, 3199, 3967, 4351, 4607, 5695, 6335, 6655, 7423, 7871, 8703, 9279, 9663], "acc_series": [[63, 0.640625], [127, 0.578125], [191, 0.6041666666666666], [255, 0.58203125], [319, 0.5875], [383, 0.5833333333333334], [447, 0.5870535714285714], [511, 0.59765625], [575, 0.6111111111111112], [639, 0.621875], [703, 0.6349431818181818], [767, 0.6510416666666666], [831, 0.6670673076923077], [895, 0.6763392857142857], [959, 0.684375], [1023, 0.6962890625], [1087, 0.7068014705882353], [1151, 0.7213541666666666], [1215, 0.7327302631578947], [1279, 0.74140625], [1343, 0.75], [1407, 0.7571022727272727], [1471, 0.7622282608695652], [1535, 0.7682291666666666], [1599, 0.77125], [1663, 0.7752403846153846], [1727, 0.7818287037037037], [1791, 0.7862723214285714], [1855, 0.7887931034482759], [1919, 0.79375], [1983, 0.797883064516129], [2047, 0.802734375], [2111, 0.806344696969697], [2175, 0.8074448529411765], [2239, 0.8098214285714286], [2303, 0.8107638888888888], [2367, 0.8116554054054054], [2431, 0.8162006578947368], [2495, 0.8177083333333334], [2559, 0.8203125], [2623, 0.8243140243902439], [2687, 0.8270089285714286], [2751, 0.8288517441860465], [2815, 0.8313210227272727], [2879, 0.834375], [2943, 0.8366168478260869], [3007, 0.839095744680851], [3071, 0.8408203125], [3135, 0.8427933673469388], [3199, 0.843125], [3263, 0.8455882352941176], [3327, 0.8470552884615384], [3391, 0.847877358490566], [3455, 0.8486689814814815], [3519, 0.8494318181818182], [3583, 0.8504464285714286], [3647, 0.8514254385964912], [3711, 0.8512931034482759], [3775, 0.8530190677966102], [3839, 0.85546875], [3903, 0.8573258196721312], [3967, 0.8578629032258065], [4031, 0.8586309523809523], [4095, 0.858642578125], [4159, 0.8591346153846153], [4223, 0.8598484848484849], [4287, 0.8610074626865671], [4351, 0.8623621323529411], [4415, 0.8634510869565217], [4479, 0.8645089285714286], [4543, 0.8657570422535211], [4607, 0.8669704861111112], [4671, 0.8685787671232876], [4735, 0.8695101351351351], [4799, 0.8710416666666667], [4863, 0.872327302631579], [4927, 0.8735795454545454], [4991, 0.8745993589743589], [5055, 0.8759889240506329], [5119, 0.8767578125], [5183, 0.8775077160493827], [5247, 0.8786204268292683], [5311, 0.8793298192771084], [5375, 0.8800223214285714], [5439, 0.8810661764705883], [5503, 0.8819040697674418], [5567, 0.8830818965517241], [5631, 0.8838778409090909], [5695, 0.8843047752808989], [5759, 0.8848958333333333], [5823, 0.8861607142857143], [5887, 0.8872282608695652], [5951, 0.8879368279569892], [6015, 0.8887965425531915], [6079, 0.8893092105263158], [6143, 0.8904622395833334], [6207, 0.8907860824742269], [6271, 0.8914221938775511], [6335, 0.891729797979798], [6399, 0.89234375], [6463, 0.8929455445544554], [6527, 0.8935355392156863], [6591, 0.8944174757281553], [6655, 0.8946814903846154], [6719, 0.8953869047619047], [6783, 0.8962264150943396], [6847, 0.8969042056074766], [6911, 0.8977141203703703], [6975, 0.8983658256880734], [7039, 0.8991477272727273], [7103, 0.8999155405405406], [7167, 0.9006696428571429], [7231, 0.9014103982300885], [7295, 0.9021381578947368], [7359, 0.9029891304347826], [7423, 0.9032866379310345], [7487, 0.9039797008547008], [7551, 0.9046610169491526], [7615, 0.9051995798319328], [7679, 0.9055989583333334], [7743, 0.9057334710743802], [7807, 0.9061219262295082], [7871, 0.9065040650406504], [7935, 0.907258064516129], [7999, 0.908], [8063, 0.9087301587301587], [8127, 0.9094488188976378], [8191, 0.90966796875], [8255, 0.9098837209302325], [8319, 0.9103365384615385], [8383, 0.9109017175572519], [8447, 0.9108664772727273], [8511, 0.9114191729323309], [8575, 0.9118470149253731], [8639, 0.9123842592592593], [8703, 0.9126838235294118], [8767, 0.9132071167883211], [8831, 0.9138360507246377], [8895, 0.9142311151079137], [8959, 0.9146205357142857], [9023, 0.914561170212766], [9087, 0.914612676056338], [9151, 0.914881993006993], [9215, 0.9151475694444444], [9279, 0.9151939655172414], [9343, 0.915132705479452], [9407, 0.9151785714285714], [9471, 0.9155405405405406], [9535, 0.9156879194630873], [9599, 0.9159375], [9663, 0.9158733443708609], [9727, 0.9163240131578947], [9791, 0.9166666666666666], [9855, 0.9169034090909091], [9919, 0.9170362903225806], [9983, 0.9175681089743589], [9999, 0.9177]], "candidate_count_total": 25, "confirmed_count_total": 17, "created_at": 1768150473.8741598, "confirm_rule_effective": "perm_test", "last_perm_pvalue": 1.0, "last_perm_effect": -0.015695985546886976, "perm_test_count_total": 45, "perm_accept_count_total": 17, "perm_reject_count_total": 28, "perm_alpha": 0.05, "perm_pvalue_p50": 1.0, "perm_pvalue_p90": 1.0, "perm_pvalue_p99": 1.0, "perm_pvalue_le_alpha_ratio": 0.37777777777777777, "perm_effect_p50": -0.015169253207581961, "perm_effect_p90": 0.0766315675259242, "perm_effect_p99": 0.09398143312721265}