{"dataset_name": "INSECTS_abrupt_balanced", "dataset_type": "insects_real", "model_variant": "ts_drift_adapt_severity", "seed": 13, "monitor_preset": "error_divergence_ph_meta@error.threshold=0.03,error.min_instances=5", "monitor_preset_base": "error_divergence_ph_meta", "monitor_ph_params": {"error_rate": {"delta": 0.005, "alpha": 0.15, "threshold": 0.03, "min_instances": 5}, "divergence": {"delta": 0.005, "alpha": 0.1, "threshold": 0.05, "min_instances": 30}}, "monitor_ph_overrides": {"error_rate": {"threshold": 0.03, "min_instances": 5}}, "trigger_mode": "two_stage", "trigger_k": 2, "trigger_threshold": 0.5, "trigger_weights": "confirm_cooldown=200,divergence=0.3,error_rate=0.5,teacher_entropy=0.2", "confirm_window": 1, "confirm_cooldown": 0, "adaptive_cooldown_enabled": 0, "adaptive_window": 10000, "adaptive_lower_per10k": 10.0, "adaptive_upper_per10k": 25.0, "adaptive_cooldown_low": 200, "adaptive_cooldown_high": 500, "severity_scheduler_scale": 2.0, "use_severity_v2": 1, "severity_gate": "none", "severity_gate_min_streak": 1, "entropy_mode": "uncertain", "severity_decay": 0.95, "freeze_baseline_steps": 5, "n_steps": 1200, "horizon": 52847, "acc_final": 0.19974643782996196, "mean_acc": 0.19572911010724203, "acc_min": 0.150390625, "candidate_sample_idxs": [1279, 2559, 3839, 5119, 6399, 7679, 8959, 10239, 11519, 12799, 14335, 15615, 17919, 19199, 20479, 21759, 23039, 24319, 25599, 26879, 28159, 29439, 30719, 31999, 33279, 34559, 35839, 37119, 38399, 39679, 40959, 42239, 43519, 44799, 46079, 47359, 49151, 50431, 51711, 52846], "confirmed_sample_idxs": [1279, 2559, 3839, 5119, 6399, 7679, 8959, 10239, 11519, 12799, 14335, 15615, 17919, 19199, 20479, 21759, 23039, 24319, 25599, 26879, 28159, 29439, 30719, 31999, 33279, 34559, 35839, 37119, 38399, 39679, 40959, 42239, 43519, 44799, 46079, 47359, 49151, 50431, 51711, 52846], "acc_series": [[255, 0.15625], [511, 0.150390625], [767, 0.16276041666666666], [1023, 0.169921875], [1279, 0.1765625], [1535, 0.18098958333333334], [1791, 0.18861607142857142], [2047, 0.18994140625], [2303, 0.19270833333333334], [2559, 0.195703125], [2815, 0.19566761363636365], [3071, 0.1953125], [3327, 0.1953125], [3583, 0.19754464285714285], [3839, 0.19609375], [4095, 0.197509765625], [4351, 0.19921875], [4607, 0.20008680555555555], [4863, 0.20004111842105263], [5119, 0.2029296875], [5375, 0.20424107142857142], [5631, 0.2040127840909091], [5887, 0.20482336956521738], [6143, 0.205078125], [6399, 0.20640625], [6655, 0.20447716346153846], [6911, 0.2064525462962963], [7167, 0.20758928571428573], [7423, 0.20743534482758622], [7679, 0.20716145833333333], [7935, 0.20690524193548387], [8191, 0.2081298828125], [8447, 0.20857007575757575], [8703, 0.21013327205882354], [8959, 0.21037946428571427], [9215, 0.21126302083333334], [9471, 0.21114864864864866], [9727, 0.21227384868421054], [9983, 0.2130408653846154], [10239, 0.21484375], [10495, 0.21579649390243902], [10751, 0.21735491071428573], [11007, 0.21765988372093023], [11263, 0.2197265625], [11519, 0.2193576388888889], [11775, 0.21976902173913043], [12031, 0.22066156914893617], [12287, 0.220703125], [12543, 0.22146045918367346], [12799, 0.21765625], [13055, 0.21338848039215685], [13311, 0.20928485576923078], [13567, 0.20533608490566038], [13823, 0.20153356481481483], [14079, 0.1981534090909091], [14335, 0.19684709821428573], [14591, 0.19654605263157895], [14847, 0.1938981681034483], [15103, 0.1910752118644068], [15359, 0.18795572916666667], [15615, 0.18493852459016394], [15871, 0.1819556451612903], [16127, 0.17912946428571427], [16383, 0.1763916015625], [16639, 0.1736778846153846], [16895, 0.17104640151515152], [17151, 0.1685517723880597], [17407, 0.16618795955882354], [17663, 0.16394927536231885], [17919, 0.16383928571428572], [18175, 0.1682988556338028], [18431, 0.1701931423611111], [18687, 0.17133989726027396], [18943, 0.17208614864864866], [19199, 0.17317708333333334], [19455, 0.17423930921052633], [19711, 0.1754768668831169], [19967, 0.1756310096153846], [20223, 0.17563291139240506], [20479, 0.17587890625], [20735, 0.17578125], [20991, 0.17592416158536586], [21247, 0.17625188253012047], [21503, 0.17633928571428573], [21759, 0.17647058823529413], [22015, 0.17691678779069767], [22271, 0.17748742816091953], [22527, 0.1787109375], [22783, 0.1796436095505618], [23039, 0.17994791666666668], [23295, 0.1809323489010989], [23551, 0.18223505434782608], [23807, 0.18405577956989247], [24063, 0.18546376329787234], [24319, 0.18717105263157896], [24575, 0.18863932291666666], [24831, 0.19023840206185566], [25087, 0.1918048469387755], [25343, 0.19345801767676768], [25599, 0.19515625], [25855, 0.19682085396039603], [26111, 0.19849111519607843], [26367, 0.19971177184466019], [26623, 0.20098407451923078], [26879, 0.2027157738095238], [27135, 0.20397258254716982], [27391, 0.20557096962616822], [27647, 0.20699508101851852], [27903, 0.2083930619266055], [28159, 0.20724431818181818], [28415, 0.20572916666666666], [28671, 0.20438058035714285], [28927, 0.20302129424778761], [29183, 0.20172012061403508], [29439, 0.20033967391304347], [29695, 0.19918507543103448], [29951, 0.19791666666666666], [30207, 0.1966366525423729], [30463, 0.19547662815126052], [30719, 0.19423828125], [30975, 0.1931172520661157], [31231, 0.19182248975409835], [31487, 0.19073932926829268], [31743, 0.1896421370967742], [31999, 0.1890625], [32255, 0.18939112103174602], [32511, 0.1907603346456693], [32767, 0.19219970703125], [33023, 0.1939498546511628], [33279, 0.1947716346153846], [33535, 0.1944477576335878], [33791, 0.19469105113636365], [34047, 0.19481320488721804], [34303, 0.19470032649253732], [34559, 0.19429976851851852], [34815, 0.1938189338235294], [35071, 0.19357322080291972], [35327, 0.19381227355072464], [35583, 0.19413219424460432], [35839, 0.19428013392857144], [36095, 0.1940658244680851], [36351, 0.19426716549295775], [36607, 0.19430179195804195], [36863, 0.1943088107638889], [37119, 0.1943426724137931], [37375, 0.19437607020547945], [37631, 0.1945418792517007], [37887, 0.19510135135135134], [38143, 0.1953125], [38399, 0.19401041666666666], [38655, 0.19272557947019867], [38911, 0.19258840460526316], [39167, 0.19270833333333334], [39423, 0.1930549918831169], [39679, 0.1932711693548387], [39935, 0.1938351362179487], [40191, 0.1942675159235669], [40447, 0.19491693037974683], [40703, 0.1956564465408805], [40959, 0.1962890625], [41215, 0.19674398291925466], [41471, 0.19762731481481483], [41727, 0.19809240797546013], [41983, 0.1985280106707317], [42239, 0.19919507575757575], [42495, 0.19987763554216867], [42751, 0.20050523952095808], [43007, 0.20126488095238096], [43263, 0.2020155325443787], [43519, 0.20278033088235295], [43775, 0.20342196637426901], [44031, 0.2044422238372093], [44287, 0.20481846098265896], [44543, 0.2053924209770115], [44799, 0.20600446428571428], [45055, 0.20660955255681818], [45311, 0.2069871115819209], [45567, 0.20764571629213482], [45823, 0.20827513966480446], [46079, 0.20922309027777777], [46335, 0.20968577348066297], [46591, 0.21020776098901098], [46847, 0.21012636612021857], [47103, 0.208984375], [47359, 0.20785472972972974], [47615, 0.2067372311827957], [47871, 0.2056316844919786], [48127, 0.20453789893617022], [48383, 0.20347635582010581], [48639, 0.2024671052631579], [48895, 0.20157068062827224], [49151, 0.20084635416666666], [49407, 0.20043312823834197], [49663, 0.19988321520618557], [49919, 0.19953926282051282], [50175, 0.19935825892857142], [50431, 0.19923857868020303], [50687, 0.19925820707070707], [50943, 0.19965059673366833], [51199, 0.20048828125], [51455, 0.2010066853233831], [51711, 0.2018293626237624], [51967, 0.2026246921182266], [52223, 0.20212928921568626], [52479, 0.20114329268292683], [52735, 0.20016686893203883], [52846, 0.19974643782996196]], "candidate_count_total": 40, "confirmed_count_total": 40, "created_at": 1767889782.272639}