{"dataset_name": "sine_nodrift", "dataset_type": "sine", "model_variant": "ts_drift_adapt", "seed": 5, "monitor_preset": "error_divergence_ph_meta@error.threshold=0.10,error.min_instances=5", "monitor_preset_base": "error_divergence_ph_meta", "monitor_ph_params": {"error_rate": {"delta": 0.005, "alpha": 0.15, "threshold": 0.1, "min_instances": 5}, "divergence": {"delta": 0.005, "alpha": 0.1, "threshold": 0.05, "min_instances": 30}}, "monitor_ph_overrides": {"error_rate": {"threshold": 0.1, "min_instances": 5}}, "trigger_mode": "two_stage", "trigger_k": 2, "trigger_threshold": 0.5, "trigger_weights": "__confirm_cooldown=200,__confirm_rule=perm_test,__perm_alpha=0.005,__perm_delta_k=50,__perm_min_effect=0,__perm_n_perm=200,__perm_post_n=50,__perm_pre_n=200,__perm_rng_seed=0,__perm_stat=delta_fused_score,divergence=0.3,error_rate=0.5,teacher_entropy=0.2", "confirm_window": 3, "confirm_cooldown": 0, "adaptive_cooldown_enabled": 0, "adaptive_window": 10000, "adaptive_lower_per10k": 10.0, "adaptive_upper_per10k": 25.0, "adaptive_cooldown_low": 200, "adaptive_cooldown_high": 500, "severity_scheduler_scale": 1.0, "use_severity_v2": 0, "severity_gate": "none", "severity_gate_min_streak": 1, "entropy_mode": "overconfident", "severity_decay": 0.95, "freeze_baseline_steps": 0, "n_steps": 800, "horizon": 10000, "acc_final": 0.9188, "mean_acc": 0.8526039907494383, "acc_min": 0.484375, "candidate_sample_idxs": [319, 639, 959, 1279, 1599, 1919, 2239, 2559, 2879, 3199, 3519, 3839, 4223, 4543, 4863, 5183, 5887, 6207, 6527, 6847, 7167, 7487, 7807, 8127, 8447, 8959, 9279, 9599], "confirmed_sample_idxs": [639, 959, 1343, 1983, 2239, 2559, 2879, 3263, 3711, 4223, 4607, 4991, 5887, 6335, 6847, 7551, 7871, 8959, 9343], "acc_series": [[63, 0.484375], [127, 0.5859375], [191, 0.640625], [255, 0.65234375], [319, 0.65625], [383, 0.6822916666666666], [447, 0.6919642857142857], [511, 0.6953125], [575, 0.7100694444444444], [639, 0.721875], [703, 0.7372159090909091], [767, 0.74609375], [831, 0.7403846153846154], [895, 0.7522321428571429], [959, 0.753125], [1023, 0.7587890625], [1087, 0.7591911764705882], [1151, 0.7621527777777778], [1215, 0.7615131578947368], [1279, 0.76484375], [1343, 0.7700892857142857], [1407, 0.7755681818181818], [1471, 0.78125], [1535, 0.7864583333333334], [1599, 0.79125], [1663, 0.7950721153846154], [1727, 0.7957175925925926], [1791, 0.7991071428571429], [1855, 0.8017241379310345], [1919, 0.8041666666666667], [1983, 0.8074596774193549], [2047, 0.8095703125], [2111, 0.8106060606060606], [2175, 0.8092830882352942], [2239, 0.8111607142857142], [2303, 0.8129340277777778], [2367, 0.816722972972973], [2431, 0.8174342105263158], [2495, 0.8189102564102564], [2559, 0.8203125], [2623, 0.8235518292682927], [2687, 0.8247767857142857], [2751, 0.8259447674418605], [2815, 0.828125], [2879, 0.8295138888888889], [2943, 0.8308423913043478], [3007, 0.8331117021276596], [3071, 0.8349609375], [3135, 0.8373724489795918], [3199, 0.838125], [3263, 0.8406862745098039], [3327, 0.8428485576923077], [3391, 0.8452240566037735], [3455, 0.8472222222222222], [3519, 0.8482954545454545], [3583, 0.8507254464285714], [3647, 0.8522478070175439], [3711, 0.8542564655172413], [3775, 0.8548728813559322], [3839, 0.8565104166666667], [3903, 0.8583504098360656], [3967, 0.8591229838709677], [4031, 0.861359126984127], [4095, 0.86279296875], [4159, 0.864423076923077], [4223, 0.8652935606060606], [4287, 0.8663712686567164], [4351, 0.8678768382352942], [4415, 0.869338768115942], [4479, 0.8700892857142857], [4543, 0.8716989436619719], [4607, 0.873046875], [4671, 0.8743578767123288], [4735, 0.8758445945945946], [4799, 0.8766666666666667], [4863, 0.8772615131578947], [4927, 0.8780438311688312], [4991, 0.8790064102564102], [5055, 0.8799446202531646], [5119, 0.880078125], [5183, 0.8811728395061729], [5247, 0.8822408536585366], [5311, 0.8825301204819277], [5375, 0.8833705357142857], [5439, 0.8847426470588236], [5503, 0.8859011627906976], [5567, 0.8868534482758621], [5631, 0.8877840909090909], [5695, 0.8886938202247191], [5759, 0.8895833333333333], [5823, 0.8901098901098901], [5887, 0.8909646739130435], [5951, 0.8912970430107527], [6015, 0.8922872340425532], [6079, 0.8927631578947368], [6143, 0.8932291666666666], [6207, 0.8936855670103093], [6271, 0.8946109693877551], [6335, 0.8947285353535354], [6399, 0.89546875], [6463, 0.8960396039603961], [6527, 0.8969056372549019], [6591, 0.8976031553398058], [6655, 0.8979867788461539], [6719, 0.8980654761904762], [6783, 0.8990271226415094], [6847, 0.8993866822429907], [6911, 0.9001736111111112], [6975, 0.9005160550458715], [7039, 0.9007102272727273], [7103, 0.9013231981981982], [7167, 0.9016462053571429], [7231, 0.9022400442477876], [7295, 0.9024122807017544], [7359, 0.9028532608695652], [7423, 0.9031519396551724], [7487, 0.9037126068376068], [7551, 0.9042637711864406], [7615, 0.9044117647058824], [7679, 0.9046875], [7743, 0.9049586776859504], [7807, 0.9057377049180327], [7871, 0.9059959349593496], [7935, 0.9063760080645161], [7999, 0.907], [8063, 0.9076140873015873], [8127, 0.9076033464566929], [8191, 0.907958984375], [8255, 0.9084302325581395], [8319, 0.9088942307692308], [8383, 0.9093511450381679], [8447, 0.9099195075757576], [8511, 0.9102443609022557], [8575, 0.9107975746268657], [8639, 0.9112268518518518], [8703, 0.9114200367647058], [8767, 0.911838503649635], [8831, 0.911911231884058], [8895, 0.9124325539568345], [8959, 0.9127232142857142], [9023, 0.9131205673758865], [9087, 0.9136223591549296], [9151, 0.9142263986013986], [9215, 0.9144965277777778], [9279, 0.9148706896551724], [9343, 0.9153467465753424], [9407, 0.9153911564625851], [9471, 0.9157516891891891], [9535, 0.9162122483221476], [9599, 0.9165625], [9663, 0.9170115894039735], [9727, 0.9174547697368421], [9791, 0.9177900326797386], [9855, 0.9180194805194806], [9919, 0.9182459677419355], [9983, 0.918770032051282], [9999, 0.9188]], "candidate_count_total": 25, "confirmed_count_total": 19, "created_at": 1768133965.9559884, "confirm_rule_effective": "perm_test", "last_perm_pvalue": 1.0, "last_perm_effect": -0.012981816886203309, "perm_test_count_total": 53, "perm_accept_count_total": 19, "perm_reject_count_total": 34, "perm_alpha": 0.005, "perm_pvalue_p50": 1.0, "perm_pvalue_p90": 1.0, "perm_pvalue_p99": 1.0, "perm_pvalue_le_alpha_ratio": 0.3584905660377358, "perm_effect_p50": -0.008040693305497266, "perm_effect_p90": 0.0701395029338362, "perm_effect_p99": 0.10291806820935034}