{"dataset_name": "INSECTS_abrupt_balanced", "dataset_type": "insects_real", "model_variant": "ts_drift_adapt_severity", "seed": 5, "monitor_preset": "error_divergence_ph_meta@error.threshold=0.05,error.min_instances=5", "monitor_preset_base": "error_divergence_ph_meta", "monitor_ph_params": {"error_rate": {"delta": 0.005, "alpha": 0.15, "threshold": 0.05, "min_instances": 5}, "divergence": {"delta": 0.005, "alpha": 0.1, "threshold": 0.05, "min_instances": 30}}, "monitor_ph_overrides": {"error_rate": {"threshold": 0.05, "min_instances": 5}}, "trigger_mode": "two_stage", "trigger_k": 2, "trigger_threshold": 0.5, "trigger_weights": "confirm_cooldown=0,divergence=0.3,error_rate=0.5,teacher_entropy=0.2", "confirm_window": 1, "confirm_cooldown": 0, "adaptive_cooldown_enabled": 0, "adaptive_window": 10000, "adaptive_lower_per10k": 10.0, "adaptive_upper_per10k": 25.0, "adaptive_cooldown_low": 200, "adaptive_cooldown_high": 500, "severity_scheduler_scale": 1.0, "use_severity_v2": 0, "severity_gate": "none", "severity_gate_min_streak": 1, "entropy_mode": "overconfident", "severity_decay": 0.95, "freeze_baseline_steps": 0, "n_steps": 1200, "horizon": 52847, "acc_final": 0.19117452267867618, "mean_acc": 0.1926320589643983, "acc_min": 0.16015625, "candidate_sample_idxs": [1279, 2559, 4351, 5631, 6911, 8191, 9471, 10751, 12031, 13311, 14591, 15871, 17663, 18943, 20223, 21503, 22783, 24063, 25343, 26623, 27903, 29695, 30975, 32255, 33535, 34815, 36095, 37375, 38655, 39935, 41215, 42495, 43775, 45055, 46335, 47615, 49407, 50687, 51967], "confirmed_sample_idxs": [1279, 2559, 4351, 5631, 6911, 8191, 9471, 10751, 12031, 13311, 14591, 15871, 17663, 18943, 20223, 21503, 22783, 24063, 25343, 26623, 27903, 29695, 30975, 32255, 33535, 34815, 36095, 37375, 38655, 39935, 41215, 42495, 43775, 45055, 46335, 47615, 49407, 50687, 51967], "acc_series": [[255, 0.16015625], [511, 0.18359375], [767, 0.19921875], [1023, 0.216796875], [1279, 0.21953125], [1535, 0.220703125], [1791, 0.22098214285714285], [2047, 0.22509765625], [2303, 0.22526041666666666], [2559, 0.225390625], [2815, 0.22514204545454544], [3071, 0.22265625], [3327, 0.22295673076923078], [3583, 0.22349330357142858], [3839, 0.22239583333333332], [4095, 0.22021484375], [4351, 0.22104779411764705], [4607, 0.21983506944444445], [4863, 0.2177220394736842], [5119, 0.2171875], [5375, 0.21819196428571427], [5631, 0.21857244318181818], [5887, 0.21993885869565216], [6143, 0.21907552083333334], [6399, 0.2178125], [6655, 0.21739783653846154], [6911, 0.21672453703703703], [7167, 0.21651785714285715], [7423, 0.2182112068965517], [7679, 0.21640625], [7935, 0.21585181451612903], [8191, 0.21728515625], [8447, 0.2168560606060606], [8703, 0.21840533088235295], [8959, 0.21986607142857142], [9215, 0.22059461805555555], [9471, 0.22128378378378377], [9727, 0.22203947368421054], [9983, 0.2244591346153846], [10239, 0.2244140625], [10495, 0.22437118902439024], [10751, 0.22526041666666666], [11007, 0.22483648255813954], [11263, 0.22389914772727273], [11519, 0.22430555555555556], [11775, 0.22435461956521738], [12031, 0.22456781914893617], [12287, 0.22428385416666666], [12543, 0.22512755102040816], [12799, 0.221796875], [13055, 0.21744791666666666], [13311, 0.21326622596153846], [13567, 0.20924233490566038], [13823, 0.20536747685185186], [14079, 0.20163352272727272], [14335, 0.19963727678571427], [14591, 0.19791666666666666], [14847, 0.1953125], [15103, 0.19220074152542374], [15359, 0.1890625], [15615, 0.18602715163934427], [15871, 0.1830267137096774], [16127, 0.18018353174603174], [16383, 0.1773681640625], [16639, 0.17463942307692307], [16895, 0.17205255681818182], [17151, 0.16965951492537312], [17407, 0.1674517463235294], [17663, 0.16553442028985507], [17919, 0.166015625], [18175, 0.16681338028169015], [18431, 0.1669921875], [18687, 0.16700556506849315], [18943, 0.16659628378378377], [19199, 0.16671875], [19455, 0.16709498355263158], [19711, 0.16746144480519481], [19967, 0.16741786858974358], [20223, 0.16712816455696203], [20479, 0.167529296875], [20735, 0.16767939814814814], [20991, 0.1680640243902439], [21247, 0.16829819277108435], [21503, 0.16829427083333334], [21759, 0.1682904411764706], [22015, 0.16842296511627908], [22271, 0.16882183908045978], [22527, 0.16859019886363635], [22783, 0.16897823033707865], [23039, 0.16944444444444445], [23295, 0.17050137362637363], [23551, 0.17170516304347827], [23807, 0.17258904569892472], [24063, 0.1744099069148936], [24319, 0.17598684210526316], [24575, 0.17720540364583334], [24831, 0.17884181701030927], [25087, 0.18036511479591838], [25343, 0.18166035353535354], [25599, 0.183046875], [25855, 0.18444461633663367], [26111, 0.18596813725490197], [26367, 0.18704490291262135], [26623, 0.18798828125], [26879, 0.18917410714285715], [27135, 0.1906692216981132], [27391, 0.1921363901869159], [27647, 0.19386574074074073], [27903, 0.1952049885321101], [28159, 0.19385653409090908], [28415, 0.19214527027027026], [28671, 0.1904296875], [28927, 0.18881360619469026], [29183, 0.18729440789473684], [29439, 0.18583559782608697], [29695, 0.18446928879310345], [29951, 0.1831597222222222], [30207, 0.1819054555084746], [30463, 0.18073792016806722], [30719, 0.17955729166666667], [30975, 0.17855759297520662], [31231, 0.17757428278688525], [31487, 0.17644817073170732], [31743, 0.17603326612903225], [31999, 0.17578125], [32255, 0.1769593253968254], [32511, 0.17827263779527558], [32767, 0.180145263671875], [33023, 0.1819888565891473], [33279, 0.18260216346153846], [33535, 0.18237118320610687], [33791, 0.1827059659090909], [34047, 0.18277138157894737], [34303, 0.18271921641791045], [34559, 0.1824074074074074], [34815, 0.18212890625], [35071, 0.1819685218978102], [35327, 0.18215013586956522], [35583, 0.18277877697841727], [35839, 0.18295200892857144], [36095, 0.18276263297872342], [36351, 0.18320862676056338], [36607, 0.1833479020979021], [36863, 0.18343098958333334], [37119, 0.18348599137931035], [37375, 0.1835402397260274], [37631, 0.1838063350340136], [37887, 0.18420080236486486], [38143, 0.18432781040268456], [38399, 0.18315104166666665], [38655, 0.18198985927152317], [38911, 0.18161492598684212], [39167, 0.18183210784313725], [39423, 0.1820211038961039], [39679, 0.18245967741935484], [39935, 0.1827674278846154], [40191, 0.1832454219745223], [40447, 0.18342068829113925], [40703, 0.18359375], [40959, 0.1838623046875], [41215, 0.1842973602484472], [41471, 0.1849681712962963], [41727, 0.1854150690184049], [41983, 0.1859279725609756], [42239, 0.1862689393939394], [42495, 0.18698230421686746], [42751, 0.1875233907185629], [43007, 0.18824404761904762], [43263, 0.1889792899408284], [43519, 0.18972886029411765], [43775, 0.1905610380116959], [44031, 0.1917923328488372], [44287, 0.19226427023121387], [44543, 0.19295528017241378], [44799, 0.19377232142857143], [45055, 0.19482421875], [45311, 0.19570974576271186], [45567, 0.19673893960674158], [45823, 0.19762569832402235], [46079, 0.1986111111111111], [46335, 0.19945614640883977], [46591, 0.20024896978021978], [46847, 0.20041410519125682], [47103, 0.19932489809782608], [47359, 0.19826858108108109], [47615, 0.19720262096774194], [47871, 0.1961480614973262], [48127, 0.19512549867021275], [48383, 0.1941344246031746], [48639, 0.19317434210526316], [48895, 0.19222431282722513], [49151, 0.19136555989583334], [49407, 0.19049546632124353], [49663, 0.18963434278350516], [49919, 0.1890625], [50175, 0.18867586096938777], [50431, 0.1886302347715736], [50687, 0.18884154040404041], [50943, 0.18936479271356785], [51199, 0.19013671875], [51455, 0.19127021144278608], [51711, 0.19260519801980197], [51967, 0.19394627463054187], [52223, 0.19345511642156862], [52479, 0.19251143292682926], [52735, 0.191576911407767], [52846, 0.19117452267867618]], "candidate_count_total": 39, "confirmed_count_total": 39, "created_at": 1767871436.252794}