{"dataset_name": "INSECTS_abrupt_balanced", "dataset_type": "insects_real", "model_variant": "ts_drift_adapt_severity", "seed": 36, "monitor_preset": "error_divergence_ph_meta@error.threshold=0.05,error.min_instances=5", "monitor_preset_base": "error_divergence_ph_meta", "monitor_ph_params": {"error_rate": {"delta": 0.005, "alpha": 0.15, "threshold": 0.05, "min_instances": 5}, "divergence": {"delta": 0.005, "alpha": 0.1, "threshold": 0.05, "min_instances": 30}}, "monitor_ph_overrides": {"error_rate": {"threshold": 0.05, "min_instances": 5}}, "trigger_mode": "two_stage", "trigger_k": 2, "trigger_threshold": 0.5, "trigger_weights": "confirm_cooldown=200,divergence=0.3,error_rate=0.5,teacher_entropy=0.2", "confirm_window": 1, "confirm_cooldown": 0, "adaptive_cooldown_enabled": 0, "adaptive_window": 10000, "adaptive_lower_per10k": 10.0, "adaptive_upper_per10k": 25.0, "adaptive_cooldown_low": 200, "adaptive_cooldown_high": 500, "severity_scheduler_scale": 2.0, "use_severity_v2": 1, "severity_gate": "none", "severity_gate_min_streak": 1, "entropy_mode": "uncertain", "severity_decay": 0.95, "freeze_baseline_steps": 5, "n_steps": 1200, "horizon": 52847, "acc_final": 0.19713512592957028, "mean_acc": 0.19512055332945308, "acc_min": 0.1484375, "candidate_sample_idxs": [1279, 2559, 3839, 5119, 6399, 7679, 8959, 10239, 11519, 12799, 14335, 15615, 17151, 18431, 19711, 20991, 22271, 23551, 24831, 26111, 27391, 28671, 29951, 31487, 32767, 34047, 35327, 36607, 37887, 39167, 40447, 41727, 43007, 44287, 45567, 46847, 50175, 51455, 52735], "confirmed_sample_idxs": [1279, 2559, 3839, 5119, 6399, 7679, 8959, 10239, 11519, 12799, 14335, 15615, 17151, 18431, 19711, 20991, 22271, 23551, 24831, 26111, 27391, 28671, 29951, 31487, 32767, 34047, 35327, 36607, 37887, 39167, 40447, 41727, 43007, 44287, 45567, 46847, 50175, 51455, 52735], "acc_series": [[255, 0.1484375], [511, 0.185546875], [767, 0.19791666666666666], [1023, 0.2080078125], [1279, 0.203125], [1535, 0.20638020833333334], [1791, 0.20870535714285715], [2047, 0.20947265625], [2303, 0.20789930555555555], [2559, 0.209375], [2815, 0.20916193181818182], [3071, 0.20703125], [3327, 0.20673076923076922], [3583, 0.20842633928571427], [3839, 0.20572916666666666], [4095, 0.204833984375], [4351, 0.20565257352941177], [4607, 0.2085503472222222], [4863, 0.20662006578947367], [5119, 0.20546875], [5375, 0.20424107142857142], [5631, 0.2041903409090909], [5887, 0.2039741847826087], [6143, 0.20572916666666666], [6399, 0.20515625], [6655, 0.20462740384615385], [6911, 0.20601851851851852], [7167, 0.20661272321428573], [7423, 0.2078394396551724], [7679, 0.20872395833333332], [7935, 0.2100554435483871], [8191, 0.2122802734375], [8447, 0.21247632575757575], [8703, 0.212890625], [8959, 0.21428571428571427], [9215, 0.2156032986111111], [9471, 0.21463260135135134], [9727, 0.21618009868421054], [9983, 0.21594551282051283], [10239, 0.21767578125], [10495, 0.21808307926829268], [10751, 0.2191220238095238], [11007, 0.21893168604651161], [11263, 0.2206143465909091], [11519, 0.22005208333333334], [11775, 0.22002377717391305], [12031, 0.22024601063829788], [12287, 0.21940104166666666], [12543, 0.2197863520408163], [12799, 0.216015625], [13055, 0.21178002450980393], [13311, 0.20770733173076922], [13567, 0.20378832547169812], [13823, 0.2000144675925926], [14079, 0.19651988636363638], [14335, 0.19419642857142858], [14591, 0.19387335526315788], [14847, 0.19181034482758622], [15103, 0.18908898305084745], [15359, 0.18600260416666667], [15615, 0.18301741803278687], [15871, 0.18019153225806453], [16127, 0.1775173611111111], [16383, 0.17474365234375], [16639, 0.17205528846153847], [16895, 0.16950757575757575], [17151, 0.1672108208955224], [17407, 0.16498161764705882], [17663, 0.16270380434782608], [17919, 0.16266741071428573], [18175, 0.16747359154929578], [18431, 0.1708441840277778], [18687, 0.1739619006849315], [18943, 0.1774704391891892], [19199, 0.18078125], [19455, 0.18508429276315788], [19711, 0.18678977272727273], [19967, 0.1869991987179487], [20223, 0.1870549841772152], [20479, 0.18740234375], [20735, 0.18735532407407407], [20991, 0.1874047256097561], [21247, 0.1873117469879518], [21503, 0.18708147321428573], [21759, 0.18699448529411763], [22015, 0.1868640988372093], [22271, 0.1870061063218391], [22527, 0.1864346590909091], [22783, 0.18627106741573032], [23039, 0.18658854166666666], [23295, 0.18672733516483517], [23551, 0.18724524456521738], [23807, 0.1874159946236559], [24063, 0.18812333776595744], [24319, 0.18856907894736843], [24575, 0.18904622395833334], [24831, 0.18979542525773196], [25087, 0.19044961734693877], [25343, 0.1911300505050505], [25599, 0.1915625], [25855, 0.1924118193069307], [26111, 0.19312959558823528], [26367, 0.1936058859223301], [26623, 0.1943359375], [26879, 0.19546130952380952], [27135, 0.19667600235849056], [27391, 0.1978314836448598], [27647, 0.19885706018518517], [27903, 0.20018635321100917], [28159, 0.19914772727272728], [28415, 0.1975295608108108], [28671, 0.19580078125], [28927, 0.19413716814159293], [29183, 0.19250274122807018], [29439, 0.19099864130434782], [29695, 0.18948679956896552], [29951, 0.18803418803418803], [30207, 0.186573093220339], [30463, 0.18513655462184875], [30719, 0.18362630208333333], [30975, 0.18227014462809918], [31231, 0.18084016393442623], [31487, 0.1797510162601626], [31743, 0.17997101814516128], [31999, 0.18184375], [32255, 0.18384176587301587], [32511, 0.1859005905511811], [32767, 0.18768310546875], [33023, 0.1895591085271318], [33279, 0.18984375], [33535, 0.18958730916030533], [33791, 0.18983783143939395], [34047, 0.19005521616541354], [34303, 0.1900361473880597], [34559, 0.18969907407407408], [34815, 0.18928079044117646], [35071, 0.18909671532846714], [35327, 0.18936820652173914], [35583, 0.18983250899280577], [35839, 0.19012276785714285], [36095, 0.19018727836879432], [36351, 0.19038842429577466], [36607, 0.19020432692307693], [36863, 0.18994140625], [37119, 0.1900592672413793], [37375, 0.19006849315068494], [37631, 0.19010416666666666], [37887, 0.19037690033783783], [38143, 0.1905148909395973], [38399, 0.18924479166666666], [38655, 0.18799151490066227], [38911, 0.18785978618421054], [39167, 0.18788296568627452], [39423, 0.1878804788961039], [39679, 0.1879032258064516], [39935, 0.18817608173076922], [40191, 0.18837082006369427], [40447, 0.18861253955696203], [40703, 0.18865467767295596], [40959, 0.189208984375], [41215, 0.18953804347826086], [41471, 0.19010416666666666], [41727, 0.1905674846625767], [41983, 0.19097751524390244], [42239, 0.19164299242424243], [42495, 0.19225338855421686], [42751, 0.19287986526946108], [43007, 0.1937313988095238], [43263, 0.19466531065088757], [43519, 0.195703125], [43775, 0.19666027046783627], [44031, 0.19808321220930233], [44287, 0.1988800578034682], [44543, 0.19946569683908047], [44799, 0.20042410714285713], [45055, 0.20146040482954544], [45311, 0.20222016242937854], [45567, 0.20281776685393257], [45823, 0.20362692039106145], [46079, 0.20492621527777777], [46335, 0.20577952348066297], [46591, 0.20658052884615385], [46847, 0.2067324112021858], [47103, 0.20560886548913043], [47359, 0.20449746621621623], [47615, 0.20339801747311828], [47871, 0.20231032754010694], [48127, 0.20123420877659576], [48383, 0.2001694775132275], [48639, 0.19911595394736842], [48895, 0.1980734620418848], [49151, 0.19706217447916666], [49407, 0.19604112694300518], [49663, 0.19503060567010308], [49919, 0.19413060897435896], [50175, 0.19345902423469388], [50431, 0.19336928934010153], [50687, 0.19375394570707072], [50943, 0.19454695351758794], [51199, 0.19576171875], [51455, 0.19702269900497513], [51711, 0.19850324876237624], [51967, 0.19983451354679804], [52223, 0.19948682598039216], [52479, 0.19851371951219512], [52735, 0.19755006067961164], [52846, 0.19713512592957028]], "candidate_count_total": 39, "confirmed_count_total": 39, "created_at": 1767887693.7350426}