{"dataset_name": "sine_nodrift", "dataset_type": "sine", "model_variant": "ts_drift_adapt", "seed": 1, "monitor_preset": "error_divergence_ph_meta@error.threshold=0.10,error.min_instances=5", "monitor_preset_base": "error_divergence_ph_meta", "monitor_ph_params": {"error_rate": {"delta": 0.005, "alpha": 0.15, "threshold": 0.1, "min_instances": 5}, "divergence": {"delta": 0.005, "alpha": 0.1, "threshold": 0.05, "min_instances": 30}}, "monitor_ph_overrides": {"error_rate": {"threshold": 0.1, "min_instances": 5}}, "trigger_mode": "two_stage", "trigger_k": 2, "trigger_threshold": 0.5, "trigger_weights": "__confirm_cooldown=200,__confirm_rule=perm_test,__perm_alpha=0.02,__perm_delta_k=50,__perm_min_effect=0,__perm_n_perm=200,__perm_post_n=30,__perm_pre_n=200,__perm_rng_seed=0,__perm_stat=delta_fused_score,divergence=0.3,error_rate=0.5,teacher_entropy=0.2", "confirm_window": 3, "confirm_cooldown": 0, "adaptive_cooldown_enabled": 0, "adaptive_window": 10000, "adaptive_lower_per10k": 10.0, "adaptive_upper_per10k": 25.0, "adaptive_cooldown_low": 200, "adaptive_cooldown_high": 500, "severity_scheduler_scale": 1.0, "use_severity_v2": 0, "severity_gate": "none", "severity_gate_min_streak": 1, "entropy_mode": "overconfident", "severity_decay": 0.95, "freeze_baseline_steps": 0, "n_steps": 800, "horizon": 10000, "acc_final": 0.9367, "mean_acc": 0.8776811149830026, "acc_min": 0.546875, "candidate_sample_idxs": [319, 639, 1023, 1343, 1663, 1983, 2303, 2751, 3071, 3391, 3711, 4031, 4351, 4927, 5247, 6015, 6335, 6655, 6975, 7423, 7743, 8063, 9279, 9599, 9919], "confirmed_sample_idxs": [703, 1023, 1407, 1663, 2047, 2815, 3199, 4031, 4927, 6015, 6335, 6847, 7423, 7871, 9279, 9919], "acc_series": [[63, 0.546875], [127, 0.546875], [191, 0.609375], [255, 0.60546875], [319, 0.6125], [383, 0.6197916666666666], [447, 0.640625], [511, 0.666015625], [575, 0.6927083333333334], [639, 0.7109375], [703, 0.7244318181818182], [767, 0.73828125], [831, 0.7536057692307693], [895, 0.7622767857142857], [959, 0.775], [1023, 0.7861328125], [1087, 0.7931985294117647], [1151, 0.8012152777777778], [1215, 0.8083881578947368], [1279, 0.81015625], [1343, 0.8169642857142857], [1407, 0.8217329545454546], [1471, 0.8254076086956522], [1535, 0.8307291666666666], [1599, 0.834375], [1663, 0.8353365384615384], [1727, 0.8385416666666666], [1791, 0.8392857142857143], [1855, 0.8426724137931034], [1919, 0.8463541666666666], [1983, 0.8492943548387096], [2047, 0.85302734375], [2111, 0.8565340909090909], [2175, 0.8575367647058824], [2239, 0.859375], [2303, 0.8589409722222222], [2367, 0.8602195945945946], [2431, 0.8634868421052632], [2495, 0.8657852564102564], [2559, 0.867578125], [2623, 0.8692835365853658], [2687, 0.8716517857142857], [2751, 0.8739098837209303], [2815, 0.8746448863636364], [2879, 0.8763888888888889], [2943, 0.8773777173913043], [3007, 0.8793218085106383], [3071, 0.8815104166666666], [3135, 0.8826530612244898], [3199, 0.8828125], [3263, 0.8851102941176471], [3327, 0.8870192307692307], [3391, 0.8876768867924528], [3455, 0.8888888888888888], [3519, 0.8897727272727273], [3583, 0.8900669642857143], [3647, 0.8908991228070176], [3711, 0.8911637931034483], [3775, 0.8919491525423728], [3839, 0.8932291666666666], [3903, 0.8949795081967213], [3967, 0.8956653225806451], [4031, 0.8955853174603174], [4095, 0.895751953125], [4159, 0.8954326923076923], [4223, 0.8955965909090909], [4287, 0.8966884328358209], [4351, 0.8975183823529411], [4415, 0.8985507246376812], [4479, 0.8995535714285714], [4543, 0.9000880281690141], [4607, 0.9010416666666666], [4671, 0.9021832191780822], [4735, 0.9028716216216216], [4799, 0.9033333333333333], [4863, 0.9039884868421053], [4927, 0.9050324675324676], [4991, 0.9058493589743589], [5055, 0.9066455696202531], [5119, 0.907421875], [5183, 0.9076003086419753], [5247, 0.9081554878048781], [5311, 0.9090737951807228], [5375, 0.9097842261904762], [5439, 0.9102941176470588], [5503, 0.911155523255814], [5567, 0.9119971264367817], [5631, 0.9126420454545454], [5695, 0.9127457865168539], [5759, 0.9130208333333333], [5823, 0.913804945054945], [5887, 0.9142323369565217], [5951, 0.9148185483870968], [6015, 0.9153922872340425], [6079, 0.915625], [6143, 0.9163411458333334], [6207, 0.916881443298969], [6271, 0.9175701530612245], [6335, 0.9176136363636364], [6399, 0.9178125], [6463, 0.9184715346534653], [6527, 0.9189644607843137], [6591, 0.9191444174757282], [6655, 0.9193209134615384], [6719, 0.9199404761904761], [6783, 0.9205483490566038], [6847, 0.9211448598130841], [6911, 0.9217303240740741], [6975, 0.9223050458715596], [7039, 0.9230113636363636], [7103, 0.9234234234234234], [7167, 0.923828125], [7231, 0.9243639380530974], [7295, 0.9247532894736842], [7359, 0.9251358695652174], [7423, 0.9255118534482759], [7487, 0.9260149572649573], [7551, 0.9262447033898306], [7615, 0.9260766806722689], [7679, 0.9260416666666667], [7743, 0.9262654958677686], [7807, 0.9264856557377049], [7871, 0.9267022357723578], [7935, 0.9272933467741935], [7999, 0.9275], [8063, 0.9280753968253969], [8127, 0.9286417322834646], [8191, 0.9287109375], [8255, 0.9286579457364341], [8319, 0.9289663461538461], [8383, 0.9293893129770993], [8447, 0.9296875], [8511, 0.9302161654135338], [8575, 0.9305037313432836], [8639, 0.9310185185185185], [8703, 0.9311810661764706], [8767, 0.9314552919708029], [8831, 0.9319519927536232], [8895, 0.9321043165467626], [8959, 0.9324776785714286], [9023, 0.9327349290780141], [9087, 0.932768485915493], [9151, 0.9329108391608392], [9215, 0.9332682291666666], [9279, 0.9335129310344827], [9343, 0.933861301369863], [9407, 0.9340986394557823], [9471, 0.9344383445945946], [9535, 0.9345637583892618], [9599, 0.935], [9663, 0.9352235099337748], [9727, 0.9356496710526315], [9791, 0.9358660130718954], [9855, 0.9361810064935064], [9919, 0.9363911290322581], [9983, 0.9367988782051282], [9999, 0.9367]], "candidate_count_total": 22, "confirmed_count_total": 16, "created_at": 1768147082.4093213, "confirm_rule_effective": "perm_test", "last_perm_pvalue": 0.004975124378109453, "last_perm_effect": 0.08146457000389104, "perm_test_count_total": 47, "perm_accept_count_total": 16, "perm_reject_count_total": 31, "perm_alpha": 0.02, "perm_pvalue_p50": 1.0, "perm_pvalue_p90": 1.0, "perm_pvalue_p99": 1.0, "perm_pvalue_le_alpha_ratio": 0.3404255319148936, "perm_effect_p50": -0.004214216137701926, "perm_effect_p90": 0.07971192003822324, "perm_effect_p99": 0.1267094609052342}