{"dataset_name": "INSECTS_abrupt_balanced", "dataset_type": "insects_real", "model_variant": "ts_drift_adapt_severity", "seed": 8, "monitor_preset": "error_divergence_ph_meta@error.threshold=0.05,error.min_instances=5", "monitor_preset_base": "error_divergence_ph_meta", "monitor_ph_params": {"error_rate": {"delta": 0.005, "alpha": 0.15, "threshold": 0.05, "min_instances": 5}, "divergence": {"delta": 0.005, "alpha": 0.1, "threshold": 0.05, "min_instances": 30}}, "monitor_ph_overrides": {"error_rate": {"threshold": 0.05, "min_instances": 5}}, "trigger_mode": "two_stage", "trigger_k": 2, "trigger_threshold": 0.5, "trigger_weights": "confirm_cooldown=200,divergence=0.3,error_rate=0.5,teacher_entropy=0.2", "confirm_window": 1, "confirm_cooldown": 0, "severity_scheduler_scale": 1.0, "use_severity_v2": 1, "severity_gate": "confirmed_streak", "severity_gate_min_streak": 1, "entropy_mode": "overconfident", "severity_decay": 0.95, "freeze_baseline_steps": 0, "n_steps": 1200, "horizon": 52847, "acc_final": 0.19529963857929494, "mean_acc": 0.19035864639021283, "acc_min": 0.15763774671052633, "candidate_sample_idxs": [1279, 2559, 3839, 5119, 6399, 7679, 8959, 10239, 11519, 12799, 14335, 16127, 17407, 18687, 19967, 21247, 22527, 23807, 25087, 26367, 27647, 28927, 30207, 31487, 32767, 34047, 35327, 36607, 37887, 39167, 40447, 41727, 43007, 44287, 45567, 46847, 49407, 50687, 51967], "confirmed_sample_idxs": [1279, 2559, 3839, 5119, 6399, 7679, 8959, 10239, 11519, 12799, 14335, 16127, 17407, 18687, 19967, 21247, 22527, 23807, 25087, 26367, 27647, 28927, 30207, 31487, 32767, 34047, 35327, 36607, 37887, 39167, 40447, 41727, 43007, 44287, 45567, 46847, 49407, 50687, 51967], "acc_series": [[255, 0.1796875], [511, 0.185546875], [767, 0.18229166666666666], [1023, 0.181640625], [1279, 0.1859375], [1535, 0.19270833333333334], [1791, 0.19084821428571427], [2047, 0.19091796875], [2303, 0.19791666666666666], [2559, 0.203515625], [2815, 0.19992897727272727], [3071, 0.2001953125], [3327, 0.20042067307692307], [3583, 0.20284598214285715], [3839, 0.203125], [4095, 0.203857421875], [4351, 0.20128676470588236], [4607, 0.19921875], [4863, 0.20045230263157895], [5119, 0.1966796875], [5375, 0.19624255952380953], [5631, 0.19566761363636365], [5887, 0.19650135869565216], [6143, 0.19612630208333334], [6399, 0.19640625], [6655, 0.19861778846153846], [6911, 0.19907407407407407], [7167, 0.19921875], [7423, 0.19894935344827586], [7679, 0.19895833333333332], [7935, 0.19972278225806453], [8191, 0.201171875], [8447, 0.20052083333333334], [8703, 0.20151654411764705], [8959, 0.2021205357142857], [9215, 0.20301649305555555], [9471, 0.20344172297297297], [9727, 0.20528371710526316], [9983, 0.20743189102564102], [10239, 0.2083984375], [10495, 0.20855564024390244], [10751, 0.21047247023809523], [11007, 0.21002906976744187], [11263, 0.21040482954545456], [11519, 0.21067708333333332], [11775, 0.21025815217391305], [12031, 0.21068816489361702], [12287, 0.21199544270833334], [12543, 0.21301020408163265], [12799, 0.21], [13055, 0.20588235294117646], [13311, 0.20192307692307693], [13567, 0.19811320754716982], [13823, 0.19444444444444445], [14079, 0.19161931818181818], [14335, 0.19440569196428573], [14591, 0.19209155701754385], [14847, 0.18898168103448276], [15103, 0.18591101694915255], [15359, 0.1828125], [15615, 0.17981557377049182], [15871, 0.17691532258064516], [16127, 0.17416914682539683], [16383, 0.17144775390625], [16639, 0.16881009615384615], [16895, 0.16631155303030304], [17151, 0.16382929104477612], [17407, 0.16176470588235295], [17663, 0.16015625], [17919, 0.160546875], [18175, 0.16131161971830985], [18431, 0.16053602430555555], [18687, 0.15908604452054795], [18943, 0.15878378378378377], [19199, 0.15770833333333334], [19455, 0.15763774671052633], [19711, 0.15898944805194806], [19967, 0.16025641025641027], [20223, 0.16114517405063292], [20479, 0.16279296875], [20735, 0.16358024691358025], [20991, 0.16468178353658536], [21247, 0.16622740963855423], [21503, 0.16787574404761904], [21759, 0.16934742647058823], [22015, 0.17119367732558138], [22271, 0.17205459770114942], [22527, 0.1742276278409091], [22783, 0.176000702247191], [23039, 0.17717013888888888], [23295, 0.17779876373626374], [23551, 0.17943274456521738], [23807, 0.18069556451612903], [24063, 0.18180684840425532], [24319, 0.1825657894736842], [24575, 0.18306477864583334], [24831, 0.18379510309278352], [25087, 0.18443080357142858], [25343, 0.1854876893939394], [25599, 0.1863671875], [25855, 0.18715191831683167], [26111, 0.18803615196078433], [26367, 0.18901699029126215], [26623, 0.18994140625], [26879, 0.19110863095238095], [27135, 0.1918853183962264], [27391, 0.19297605140186916], [27647, 0.1945167824074074], [27903, 0.19588589449541285], [28159, 0.19477982954545456], [28415, 0.19334177927927929], [28671, 0.19196428571428573], [28927, 0.19071487831858408], [29183, 0.1893845942982456], [29439, 0.1881453804347826], [29695, 0.18716325431034483], [29951, 0.18623130341880342], [30207, 0.1854144597457627], [30463, 0.18480829831932774], [30719, 0.183984375], [30975, 0.18346461776859505], [31231, 0.18285732581967212], [31487, 0.18241869918699186], [31743, 0.1822076612903226], [31999, 0.18265625], [32255, 0.18346974206349206], [32511, 0.1844242125984252], [32767, 0.185546875], [33023, 0.18674297480620156], [33279, 0.18671875], [33535, 0.1866352576335878], [33791, 0.18702651515151514], [34047, 0.18708881578947367], [34303, 0.18735424440298507], [34559, 0.18755787037037036], [34815, 0.18755744485294118], [35071, 0.18764256386861314], [35327, 0.1878113677536232], [35583, 0.1882306654676259], [35839, 0.1885044642857143], [36095, 0.18871897163120568], [36351, 0.18909551056338028], [36607, 0.1892209353146853], [36863, 0.18931749131944445], [37119, 0.18935883620689656], [37375, 0.1894798801369863], [37631, 0.18978528911564627], [37887, 0.19019214527027026], [38143, 0.1902265100671141], [38399, 0.18895833333333334], [38655, 0.1877069536423841], [38911, 0.1875513980263158], [39167, 0.18760212418300654], [39423, 0.1875], [39679, 0.18770161290322582], [39935, 0.18792568108974358], [40191, 0.1878483280254777], [40447, 0.18789556962025317], [40703, 0.18799135220125787], [40959, 0.1886474609375], [41215, 0.1891498447204969], [41471, 0.1898871527777778], [41727, 0.1909269555214724], [41983, 0.19188262195121952], [42239, 0.19322916666666667], [42495, 0.19427710843373494], [42751, 0.1953358907185629], [43007, 0.19587053571428573], [43263, 0.19686113165680474], [43519, 0.19779411764705881], [43775, 0.19839638157894737], [44031, 0.19910519622093023], [44287, 0.20000903179190752], [44543, 0.2004534841954023], [44799, 0.20136160714285714], [45055, 0.20241477272727273], [45311, 0.20319120762711865], [45567, 0.20420031601123595], [45823, 0.2052199720670391], [46079, 0.20629340277777777], [46335, 0.20720390193370167], [46591, 0.20806146978021978], [46847, 0.20826929644808742], [47103, 0.20713739809782608], [47359, 0.2060177364864865], [47615, 0.20491011424731181], [47871, 0.20383522727272727], [48127, 0.20275099734042554], [48383, 0.20167824074074073], [48639, 0.2006373355263158], [48895, 0.19968913612565445], [49151, 0.19875081380208334], [49407, 0.19794365284974094], [49663, 0.19736630154639176], [49919, 0.1969951923076923], [50175, 0.19672751913265307], [50431, 0.1966608502538071], [50687, 0.1965356691919192], [50943, 0.19668655778894473], [51199, 0.1969921875], [51455, 0.19737251243781095], [51711, 0.19790377475247525], [51967, 0.19835283251231528], [52223, 0.1976294424019608], [52479, 0.1966653963414634], [52735, 0.1957107099514563], [52846, 0.19529963857929494]], "candidate_count_total": 39, "confirmed_count_total": 39, "created_at": 1767841402.4090033}