{"dataset_name": "sine_nodrift", "dataset_type": "sine", "model_variant": "ts_drift_adapt", "seed": 1, "monitor_preset": "error_divergence_ph_meta@error.threshold=0.10,error.min_instances=5", "monitor_preset_base": "error_divergence_ph_meta", "monitor_ph_params": {"error_rate": {"delta": 0.005, "alpha": 0.15, "threshold": 0.1, "min_instances": 5}, "divergence": {"delta": 0.005, "alpha": 0.1, "threshold": 0.05, "min_instances": 30}}, "monitor_ph_overrides": {"error_rate": {"threshold": 0.1, "min_instances": 5}}, "trigger_mode": "two_stage", "trigger_k": 2, "trigger_threshold": 0.5, "trigger_weights": "__confirm_cooldown=200,__confirm_rule=perm_test,__perm_alpha=0.005,__perm_delta_k=50,__perm_min_effect=0,__perm_n_perm=200,__perm_post_n=50,__perm_pre_n=200,__perm_rng_seed=0,__perm_stat=delta_fused_score,divergence=0.3,error_rate=0.5,teacher_entropy=0.2", "confirm_window": 3, "confirm_cooldown": 0, "adaptive_cooldown_enabled": 0, "adaptive_window": 10000, "adaptive_lower_per10k": 10.0, "adaptive_upper_per10k": 25.0, "adaptive_cooldown_low": 200, "adaptive_cooldown_high": 500, "severity_scheduler_scale": 1.0, "use_severity_v2": 0, "severity_gate": "none", "severity_gate_min_streak": 1, "entropy_mode": "overconfident", "severity_decay": 0.95, "freeze_baseline_steps": 0, "n_steps": 800, "horizon": 10000, "acc_final": 0.912, "mean_acc": 0.8189362270657751, "acc_min": 0.359375, "candidate_sample_idxs": [319, 639, 959, 1279, 1599, 1919, 2367, 2687, 3007, 3327, 3647, 4031, 4351, 4671, 4991, 5311, 5695, 6015, 6335, 6655, 6975, 7423, 7743, 8063, 9087, 9407, 9727], "confirmed_sample_idxs": [959, 1343, 1663, 1983, 2431, 2687, 3199, 3711, 4031, 4351, 4735, 5695, 6847, 7423, 7871, 9087, 9599], "acc_series": [[63, 0.359375], [127, 0.390625], [191, 0.4114583333333333], [255, 0.421875], [319, 0.453125], [383, 0.4635416666666667], [447, 0.4955357142857143], [511, 0.533203125], [575, 0.5607638888888888], [639, 0.58125], [703, 0.6022727272727273], [767, 0.6223958333333334], [831, 0.6394230769230769], [895, 0.6495535714285714], [959, 0.6625], [1023, 0.669921875], [1087, 0.671875], [1151, 0.6779513888888888], [1215, 0.6858552631578947], [1279, 0.69453125], [1343, 0.703125], [1407, 0.7123579545454546], [1471, 0.720108695652174], [1535, 0.7265625], [1599, 0.73375], [1663, 0.7391826923076923], [1727, 0.7436342592592593], [1791, 0.7483258928571429], [1855, 0.7537715517241379], [1919, 0.7604166666666666], [1983, 0.7651209677419355], [2047, 0.771484375], [2111, 0.7760416666666666], [2175, 0.7798713235294118], [2239, 0.7852678571428572], [2303, 0.7881944444444444], [2367, 0.7909628378378378], [2431, 0.7964638157894737], [2495, 0.7992788461538461], [2559, 0.799609375], [2623, 0.8025914634146342], [2687, 0.8046875], [2751, 0.8063226744186046], [2815, 0.8082386363636364], [2879, 0.8107638888888888], [2943, 0.8135190217391305], [3007, 0.8154920212765957], [3071, 0.8177083333333334], [3135, 0.8188775510204082], [3199, 0.8190625], [3263, 0.8216911764705882], [3327, 0.8236177884615384], [3391, 0.8248820754716981], [3455, 0.8269675925925926], [3519, 0.8286931818181819], [3583, 0.830078125], [3647, 0.8319627192982456], [3711, 0.834051724137931], [3775, 0.835010593220339], [3839, 0.8375], [3903, 0.8396516393442623], [3967, 0.8402217741935484], [4031, 0.8407738095238095], [4095, 0.8408203125], [4159, 0.8411057692307692], [4223, 0.8423295454545454], [4287, 0.8442164179104478], [4351, 0.8448988970588235], [4415, 0.8460144927536232], [4479, 0.8473214285714286], [4543, 0.8485915492957746], [4607, 0.8506944444444444], [4671, 0.852097602739726], [4735, 0.8538851351351351], [4799, 0.8552083333333333], [4863, 0.8569078947368421], [4927, 0.8583603896103896], [4991, 0.8599759615384616], [5055, 0.8613528481012658], [5119, 0.862890625], [5183, 0.8640046296296297], [5247, 0.8649009146341463], [5311, 0.8661521084337349], [5375, 0.8671875], [5439, 0.86875], [5503, 0.8697311046511628], [5567, 0.8708692528735632], [5631, 0.8719815340909091], [5695, 0.8723665730337079], [5759, 0.8730902777777778], [5823, 0.8739697802197802], [5887, 0.8748301630434783], [5951, 0.8756720430107527], [6015, 0.8769946808510638], [6079, 0.8773026315789474], [6143, 0.87841796875], [6207, 0.8787048969072165], [6271, 0.8796237244897959], [6335, 0.8802083333333334], [6399, 0.88109375], [6463, 0.8819616336633663], [6527, 0.8826593137254902], [6591, 0.8831917475728155], [6655, 0.8840144230769231], [6719, 0.8849702380952381], [6783, 0.8859080188679245], [6847, 0.8865362149532711], [6911, 0.8874421296296297], [6975, 0.8883314220183486], [7039, 0.889346590909091], [7103, 0.8900619369369369], [7167, 0.8909040178571429], [7231, 0.891316371681416], [7295, 0.8921326754385965], [7359, 0.8926630434782609], [7423, 0.8934536637931034], [7487, 0.8943643162393162], [7551, 0.894729872881356], [7615, 0.8953518907563025], [7679, 0.8959635416666667], [7743, 0.8963068181818182], [7807, 0.8969006147540983], [7871, 0.897484756097561], [7935, 0.8979334677419355], [7999, 0.8985], [8063, 0.8991815476190477], [8127, 0.8999753937007874], [8191, 0.9005126953125], [8255, 0.9006782945736435], [8319, 0.9010817307692308], [8383, 0.9015982824427481], [8447, 0.9017518939393939], [8511, 0.9023731203007519], [8575, 0.9031016791044776], [8639, 0.903587962962963], [8703, 0.9040670955882353], [8767, 0.9046532846715328], [8831, 0.9052309782608695], [8895, 0.9058003597122302], [8959, 0.9061383928571428], [9023, 0.9064716312056738], [9087, 0.9066901408450704], [9151, 0.9071241258741258], [9215, 0.9076605902777778], [9279, 0.9077586206896552], [9343, 0.9079623287671232], [9407, 0.9080569727891157], [9471, 0.9083614864864865], [9535, 0.9089765100671141], [9599, 0.909375], [9663, 0.9097682119205298], [9727, 0.9102590460526315], [9791, 0.9106413398692811], [9855, 0.9109172077922078], [9919, 0.911391129032258], [9983, 0.9119591346153846], [9999, 0.912]], "candidate_count_total": 23, "confirmed_count_total": 17, "created_at": 1768145186.5305934, "confirm_rule_effective": "perm_test", "last_perm_pvalue": 0.004975124378109453, "last_perm_effect": 0.030207014750709336, "perm_test_count_total": 54, "perm_accept_count_total": 17, "perm_reject_count_total": 37, "perm_alpha": 0.005, "perm_pvalue_p50": 1.0, "perm_pvalue_p90": 1.0, "perm_pvalue_p99": 1.0, "perm_pvalue_le_alpha_ratio": 0.3148148148148148, "perm_effect_p50": -0.00538339666409621, "perm_effect_p90": 0.06723822518634416, "perm_effect_p99": 0.14711674651606235}