{"dataset_name": "INSECTS_abrupt_balanced", "dataset_type": "insects_real", "model_variant": "ts_drift_adapt", "seed": 10, "monitor_preset": "error_divergence_ph_meta@error.threshold=0.05,error.min_instances=5", "monitor_preset_base": "error_divergence_ph_meta", "monitor_ph_params": {"error_rate": {"delta": 0.005, "alpha": 0.15, "threshold": 0.05, "min_instances": 5}, "divergence": {"delta": 0.005, "alpha": 0.1, "threshold": 0.05, "min_instances": 30}}, "monitor_ph_overrides": {"error_rate": {"threshold": 0.05, "min_instances": 5}}, "trigger_mode": "two_stage", "trigger_k": 2, "trigger_threshold": 0.5, "trigger_weights": "confirm_cooldown=200,divergence=0.3,error_rate=0.5,teacher_entropy=0.2", "confirm_window": 1, "confirm_cooldown": 0, "severity_scheduler_scale": 1.0, "use_severity_v2": 0, "severity_gate": "none", "severity_gate_min_streak": 1, "entropy_mode": "overconfident", "severity_decay": 0.95, "freeze_baseline_steps": 0, "n_steps": 1200, "horizon": 52847, "acc_final": 0.20008704373001307, "mean_acc": 0.19468889721631902, "acc_min": 0.1554008152173913, "candidate_sample_idxs": [1279, 2559, 3839, 5119, 6399, 7679, 8959, 10239, 11519, 12799, 14079, 15359, 17919, 19199, 20479, 21759, 23551, 24831, 26111, 27391, 28671, 29951, 31231, 32511, 33791, 35071, 36351, 37631, 38911, 40191, 41471, 42751, 44031, 45311, 46591, 47871, 49663, 50943, 52223], "confirmed_sample_idxs": [1279, 2559, 3839, 5119, 6399, 7679, 8959, 10239, 11519, 12799, 14079, 15359, 17919, 19199, 20479, 21759, 23551, 24831, 26111, 27391, 28671, 29951, 31231, 32511, 33791, 35071, 36351, 37631, 38911, 40191, 41471, 42751, 44031, 45311, 46591, 47871, 49663, 50943, 52223], "acc_series": [[255, 0.17578125], [511, 0.193359375], [767, 0.18359375], [1023, 0.1884765625], [1279, 0.18828125], [1535, 0.18489583333333334], [1791, 0.18973214285714285], [2047, 0.1904296875], [2303, 0.1918402777777778], [2559, 0.191015625], [2815, 0.19069602272727273], [3071, 0.19270833333333334], [3327, 0.19441105769230768], [3583, 0.19614955357142858], [3839, 0.19713541666666667], [4095, 0.19873046875], [4351, 0.20105698529411764], [4607, 0.203125], [4863, 0.20168585526315788], [5119, 0.2017578125], [5375, 0.20145089285714285], [5631, 0.20276988636363635], [5887, 0.20244565217391305], [6143, 0.20345052083333334], [6399, 0.203125], [6655, 0.20027043269230768], [6911, 0.19950810185185186], [7167, 0.19949776785714285], [7423, 0.19935344827586207], [7679, 0.19856770833333334], [7935, 0.19808467741935484], [8191, 0.19775390625], [8447, 0.19839015151515152], [8703, 0.19829963235294118], [8959, 0.19776785714285713], [9215, 0.1999782986111111], [9471, 0.2009079391891892], [9727, 0.2002467105263158], [9983, 0.20012019230769232], [10239, 0.20205078125], [10495, 0.20255335365853658], [10751, 0.20331101190476192], [11007, 0.20466933139534885], [11263, 0.20383522727272727], [11519, 0.20442708333333334], [11775, 0.20499320652173914], [12031, 0.20570146276595744], [12287, 0.20638020833333334], [12543, 0.2076690051020408], [12799, 0.204921875], [13055, 0.20090379901960784], [13311, 0.19704026442307693], [13567, 0.19332252358490565], [13823, 0.18974247685185186], [14079, 0.18686079545454545], [14335, 0.18924386160714285], [14591, 0.18770559210526316], [14847, 0.18460398706896552], [15103, 0.18154131355932204], [15359, 0.178515625], [15615, 0.1755891393442623], [15871, 0.1727570564516129], [16127, 0.1700768849206349], [16383, 0.16741943359375], [16639, 0.16484375], [16895, 0.16234611742424243], [17151, 0.15992304104477612], [17407, 0.15762867647058823], [17663, 0.1554008152173913], [17919, 0.15558035714285715], [18175, 0.16092649647887325], [18431, 0.1648220486111111], [18687, 0.16855736301369864], [18943, 0.1721389358108108], [19199, 0.17557291666666666], [19455, 0.17948190789473684], [19711, 0.18115868506493507], [19967, 0.18139022435897437], [20223, 0.18171479430379747], [20479, 0.182275390625], [20735, 0.18267746913580246], [20991, 0.1834032012195122], [21247, 0.18415850903614459], [21503, 0.18429129464285715], [21759, 0.1850643382352941], [22015, 0.18604651162790697], [22271, 0.18709590517241378], [22527, 0.18865411931818182], [22783, 0.19039676966292135], [23039, 0.19144965277777778], [23295, 0.19226476648351648], [23551, 0.19365658967391305], [23807, 0.19476646505376344], [24063, 0.19564494680851063], [24319, 0.19703947368421051], [24575, 0.19742838541666666], [24831, 0.19821198453608246], [25087, 0.1993781887755102], [25343, 0.20063920454545456], [25599, 0.20171875], [25855, 0.2028542698019802], [26111, 0.20389093137254902], [26367, 0.20498331310679613], [26623, 0.20594200721153846], [26879, 0.20684523809523808], [27135, 0.20798938679245282], [27391, 0.2090756425233645], [27647, 0.20992476851851852], [27903, 0.21126003440366972], [28159, 0.2098721590909091], [28415, 0.2080518018018018], [28671, 0.20640345982142858], [28927, 0.20485342920353983], [29183, 0.20336485745614036], [29439, 0.20197010869565218], [29695, 0.20059940732758622], [29951, 0.19925213675213677], [30207, 0.19809322033898305], [30463, 0.19711790966386555], [30719, 0.19586588541666666], [30975, 0.19476368801652894], [31231, 0.1938076331967213], [31487, 0.19312118902439024], [31743, 0.19235131048387097], [31999, 0.1914375], [32255, 0.19069320436507936], [32511, 0.19119094488188976], [32767, 0.1920166015625], [33023, 0.19334423449612403], [33279, 0.19332932692307692], [33535, 0.19337428435114504], [33791, 0.19371448863636365], [34047, 0.19357965225563908], [34303, 0.19350513059701493], [34559, 0.19369212962962962], [34815, 0.19356043198529413], [35071, 0.19348768248175183], [35327, 0.19293478260869565], [35583, 0.19275517086330934], [35839, 0.192578125], [36095, 0.19259751773049646], [36351, 0.19236905809859156], [36607, 0.19258085664335664], [36863, 0.19270833333333334], [37119, 0.19245689655172413], [37375, 0.19252996575342465], [37631, 0.19252232142857142], [37887, 0.19275232263513514], [38143, 0.192690855704698], [38399, 0.19140625], [38655, 0.19013865894039736], [38911, 0.18978721217105263], [39167, 0.1899765114379085], [39423, 0.18988433441558442], [39679, 0.19007056451612903], [39935, 0.19060496794871795], [40191, 0.1910828025477707], [40447, 0.19160403481012658], [40703, 0.19226611635220126], [40959, 0.192919921875], [41215, 0.1934200310559006], [41471, 0.19444444444444445], [41727, 0.19533646472392638], [41983, 0.19588414634146342], [42239, 0.19734848484848486], [42495, 0.1985128012048193], [42751, 0.19963978293413173], [43007, 0.20045107886904762], [43263, 0.20141457100591717], [43519, 0.20234375], [43775, 0.2029422514619883], [44031, 0.2034656613372093], [44287, 0.20423139450867053], [44543, 0.20462913074712644], [44799, 0.20517857142857143], [45055, 0.20592151988636365], [45311, 0.2066560734463277], [45567, 0.20738237359550563], [45823, 0.2079478002793296], [46079, 0.2085503472222222], [46335, 0.20934046961325967], [46591, 0.21016483516483517], [46847, 0.2101904030054645], [47103, 0.20904806385869565], [47359, 0.20791807432432433], [47615, 0.20680023521505375], [47871, 0.20569435160427807], [48127, 0.20460023271276595], [48383, 0.2035176917989418], [48639, 0.20244654605263157], [48895, 0.2013866164921466], [49151, 0.20033772786458334], [49407, 0.199421146373057], [49663, 0.19849387886597938], [49919, 0.19775641025641025], [50175, 0.1972058354591837], [50431, 0.19707725253807107], [50687, 0.19728535353535354], [50943, 0.19788395100502512], [51199, 0.1986328125], [51455, 0.1998406405472637], [51711, 0.2015006188118812], [51967, 0.2029710591133005], [52223, 0.20247395833333334], [52479, 0.20148628048780487], [52735, 0.2005081917475728], [52846, 0.20008704373001307]], "candidate_count_total": 39, "confirmed_count_total": 39, "created_at": 1767841940.9381082}