{"dataset_name": "INSECTS_abrupt_balanced", "dataset_type": "insects_real", "model_variant": "ts_drift_adapt_severity", "seed": 10, "monitor_preset": "error_divergence_ph_meta@error.threshold=0.05,error.min_instances=5", "monitor_preset_base": "error_divergence_ph_meta", "monitor_ph_params": {"error_rate": {"delta": 0.005, "alpha": 0.15, "threshold": 0.05, "min_instances": 5}, "divergence": {"delta": 0.005, "alpha": 0.1, "threshold": 0.05, "min_instances": 30}}, "monitor_ph_overrides": {"error_rate": {"threshold": 0.05, "min_instances": 5}}, "trigger_mode": "two_stage", "trigger_k": 2, "trigger_threshold": 0.5, "trigger_weights": "confirm_cooldown=0,divergence=0.3,error_rate=0.5,teacher_entropy=0.2", "confirm_window": 1, "confirm_cooldown": 0, "severity_scheduler_scale": 1.0, "use_severity_v2": 1, "severity_gate": "confirmed_streak", "severity_gate_min_streak": 1, "entropy_mode": "overconfident", "severity_decay": 0.95, "freeze_baseline_steps": 0, "n_steps": 1200, "horizon": 52847, "acc_final": 0.21424111113213617, "mean_acc": 0.215845662284622, "acc_min": 0.17522321428571427, "candidate_sample_idxs": [1279, 2815, 4095, 5375, 6655, 7935, 9215, 10495, 11775, 13055, 14335, 17919, 19199, 20479, 21759, 23039, 24319, 25599, 26879, 28159, 29439, 30719, 31999, 33279, 34559, 35839, 37119, 38399, 39679, 40959, 42239, 43519, 44799, 46079, 47359, 48895, 50175, 51455, 52735], "confirmed_sample_idxs": [1279, 2815, 4095, 5375, 6655, 7935, 9215, 10495, 11775, 13055, 14335, 17919, 19199, 20479, 21759, 23039, 24319, 25599, 26879, 28159, 29439, 30719, 31999, 33279, 34559, 35839, 37119, 38399, 39679, 40959, 42239, 43519, 44799, 46079, 47359, 48895, 50175, 51455, 52735], "acc_series": [[255, 0.23046875], [511, 0.224609375], [767, 0.22395833333333334], [1023, 0.234375], [1279, 0.234375], [1535, 0.23046875], [1791, 0.23102678571428573], [2047, 0.23095703125], [2303, 0.2282986111111111], [2559, 0.221484375], [2815, 0.2215909090909091], [3071, 0.22135416666666666], [3327, 0.21784855769230768], [3583, 0.21930803571428573], [3839, 0.21822916666666667], [4095, 0.220947265625], [4351, 0.2192095588235294], [4607, 0.22157118055555555], [4863, 0.21998355263157895], [5119, 0.2189453125], [5375, 0.2183779761904762], [5631, 0.21999289772727273], [5887, 0.21976902173913043], [6143, 0.21988932291666666], [6399, 0.2203125], [6655, 0.21875], [6911, 0.21947337962962962], [7167, 0.21930803571428573], [7423, 0.22036637931034483], [7679, 0.21940104166666666], [7935, 0.21912802419354838], [8191, 0.2200927734375], [8447, 0.22111742424242425], [8703, 0.22139246323529413], [8959, 0.22321428571428573], [9215, 0.22374131944444445], [9471, 0.22307854729729729], [9727, 0.22430098684210525], [9983, 0.22536057692307693], [10239, 0.22685546875], [10495, 0.22703887195121952], [10751, 0.22944568452380953], [11007, 0.2298328488372093], [11263, 0.2295809659090909], [11519, 0.22951388888888888], [11775, 0.22953464673913043], [12031, 0.2300531914893617], [12287, 0.23079427083333334], [12543, 0.23214285714285715], [12799, 0.228515625], [13055, 0.22403492647058823], [13311, 0.2197265625], [13567, 0.2155807783018868], [13823, 0.21166087962962962], [14079, 0.20901988636363636], [14335, 0.21449497767857142], [14591, 0.2119654605263158], [14847, 0.20831088362068967], [15103, 0.20484639830508475], [15359, 0.20143229166666668], [15615, 0.19813012295081966], [15871, 0.19493447580645162], [16127, 0.19190228174603174], [16383, 0.18890380859375], [16639, 0.18599759615384615], [16895, 0.18317945075757575], [17151, 0.1804454291044776], [17407, 0.17784926470588236], [17663, 0.17527173913043478], [17919, 0.17522321428571427], [18175, 0.18012764084507044], [18431, 0.18375651041666666], [18687, 0.18696489726027396], [18943, 0.19024493243243243], [19199, 0.19296875], [19455, 0.19618626644736842], [19711, 0.19749391233766234], [19967, 0.1974158653846154], [20223, 0.1975870253164557], [20479, 0.198291015625], [20735, 0.19950810185185186], [20991, 0.20083841463414634], [21247, 0.20260730421686746], [21503, 0.20377604166666666], [21759, 0.20482536764705883], [22015, 0.20589571220930233], [22271, 0.20635775862068967], [22527, 0.20814098011363635], [22783, 0.20962078651685392], [23039, 0.2107204861111111], [23295, 0.2114526098901099], [23551, 0.2127632472826087], [23807, 0.21375168010752688], [24063, 0.21488530585106383], [24319, 0.2159950657894737], [24575, 0.21683756510416666], [24831, 0.21798485824742267], [25087, 0.21946747448979592], [25343, 0.22084122474747475], [25599, 0.2221484375], [25855, 0.2233137376237624], [26111, 0.22392003676470587], [26367, 0.2248558859223301], [26623, 0.22577373798076922], [26879, 0.22700892857142857], [27135, 0.22770489386792453], [27391, 0.2286068925233645], [27647, 0.2294921875], [27903, 0.2301820527522936], [28159, 0.22855113636363636], [28415, 0.22670326576576577], [28671, 0.22495814732142858], [28927, 0.22327848451327434], [29183, 0.2217310855263158], [29439, 0.22034646739130434], [29695, 0.21908674568965517], [29951, 0.21771501068376067], [30207, 0.2164989406779661], [30463, 0.21550026260504201], [30719, 0.21419270833333334], [30975, 0.21319731404958678], [31231, 0.2126985143442623], [31487, 0.21277947154471544], [31743, 0.21358366935483872], [31999, 0.2148125], [32255, 0.21558779761904762], [32511, 0.2168430118110236], [32767, 0.217803955078125], [33023, 0.21881056201550386], [33279, 0.21853966346153847], [33535, 0.218362356870229], [33791, 0.21839488636363635], [34047, 0.21810385338345864], [34303, 0.21787546641791045], [34559, 0.21791087962962963], [34815, 0.21762982536764705], [35071, 0.21732436131386862], [35327, 0.2165704257246377], [35583, 0.2163331834532374], [35839, 0.21595982142857142], [36095, 0.21589649822695037], [36351, 0.21566901408450703], [36607, 0.21569055944055945], [36863, 0.21568467881944445], [37119, 0.21524784482758622], [37375, 0.2151915667808219], [37631, 0.2149500425170068], [37887, 0.21492293074324326], [38143, 0.21489618288590603], [38399, 0.21346354166666667], [38655, 0.21204987582781457], [38911, 0.21163137335526316], [39167, 0.21172896241830066], [39423, 0.2115716314935065], [39679, 0.21156754032258066], [39935, 0.21183894230769232], [40191, 0.2118580812101911], [40447, 0.2120253164556962], [40703, 0.21187106918238993], [40959, 0.21201171875], [41215, 0.21207783385093168], [41471, 0.21252893518518517], [41727, 0.2130224309815951], [41983, 0.21372427591463414], [42239, 0.21460700757575757], [42495, 0.21576148343373494], [42751, 0.21645770958083832], [43007, 0.21742466517857142], [43263, 0.2183801775147929], [43519, 0.219140625], [43775, 0.21991502192982457], [44031, 0.220703125], [44287, 0.221391799132948], [44543, 0.22196030890804597], [44799, 0.22267857142857142], [45055, 0.223388671875], [45311, 0.22411281779661016], [45567, 0.2247410463483146], [45823, 0.22544954608938547], [46079, 0.22625868055555556], [46335, 0.2271452002762431], [46591, 0.22789320054945056], [46847, 0.22805669398907105], [47103, 0.22683848505434784], [47359, 0.22561233108108109], [47615, 0.22439936155913978], [47871, 0.22319936497326204], [48127, 0.22201213430851063], [48383, 0.2208581349206349], [48639, 0.21969572368421053], [48895, 0.21856593586387435], [49151, 0.21750895182291666], [49407, 0.21646292098445596], [49663, 0.21550821520618557], [49919, 0.21462339743589742], [50175, 0.2139269770408163], [50431, 0.21351522842639595], [50687, 0.2134035669191919], [50943, 0.21362672738693467], [51199, 0.213984375], [51455, 0.21474657960199006], [51711, 0.21594600866336633], [51967, 0.21726831896551724], [52223, 0.216796875], [52479, 0.21573932926829267], [52735, 0.2146920509708738], [52846, 0.21424111113213617]], "candidate_count_total": 39, "confirmed_count_total": 39, "created_at": 1767841749.7747061}