{"dataset_name": "INSECTS_abrupt_balanced", "dataset_type": "insects_real", "model_variant": "ts_drift_adapt_severity", "seed": 18, "monitor_preset": "error_divergence_ph_meta@error.threshold=0.05,error.min_instances=5", "monitor_preset_base": "error_divergence_ph_meta", "monitor_ph_params": {"error_rate": {"delta": 0.005, "alpha": 0.15, "threshold": 0.05, "min_instances": 5}, "divergence": {"delta": 0.005, "alpha": 0.1, "threshold": 0.05, "min_instances": 30}}, "monitor_ph_overrides": {"error_rate": {"threshold": 0.05, "min_instances": 5}}, "trigger_mode": "two_stage", "trigger_k": 2, "trigger_threshold": 0.5, "trigger_weights": "confirm_cooldown=200,divergence=0.3,error_rate=0.5,teacher_entropy=0.2", "confirm_window": 1, "confirm_cooldown": 0, "adaptive_cooldown_enabled": 0, "adaptive_window": 10000, "adaptive_lower_per10k": 10.0, "adaptive_upper_per10k": 25.0, "adaptive_cooldown_low": 200, "adaptive_cooldown_high": 500, "severity_scheduler_scale": 2.0, "use_severity_v2": 1, "severity_gate": "none", "severity_gate_min_streak": 1, "entropy_mode": "uncertain", "severity_decay": 0.95, "freeze_baseline_steps": 5, "n_steps": 1200, "horizon": 52847, "acc_final": 0.2082994304312449, "mean_acc": 0.20573332549115161, "acc_min": 0.17438616071428573, "candidate_sample_idxs": [1279, 2815, 4095, 5375, 6655, 7935, 9215, 10495, 11775, 13055, 14335, 18175, 19455, 20735, 22783, 24063, 25343, 26623, 27903, 31487, 32767, 34047, 35327, 36607, 37887, 39167, 40447, 41727, 43007, 44287, 45567, 46847, 48127, 49407, 50687, 51967], "confirmed_sample_idxs": [1279, 2815, 4095, 5375, 6655, 7935, 9215, 10495, 11775, 13055, 14335, 18175, 19455, 20735, 22783, 24063, 25343, 26623, 27903, 31487, 32767, 34047, 35327, 36607, 37887, 39167, 40447, 41727, 43007, 44287, 45567, 46847, 48127, 49407, 50687, 51967], "acc_series": [[255, 0.203125], [511, 0.1875], [767, 0.1875], [1023, 0.2041015625], [1279, 0.20234375], [1535, 0.20377604166666666], [1791, 0.20591517857142858], [2047, 0.20361328125], [2303, 0.20572916666666666], [2559, 0.20390625], [2815, 0.20667613636363635], [3071, 0.20735677083333334], [3327, 0.20793269230769232], [3583, 0.21065848214285715], [3839, 0.2140625], [4095, 0.21435546875], [4351, 0.21277573529411764], [4607, 0.2124565972222222], [4863, 0.21258223684210525], [5119, 0.21328125], [5375, 0.21335565476190477], [5631, 0.21306818181818182], [5887, 0.21433423913043478], [6143, 0.21500651041666666], [6399, 0.215], [6655, 0.21529447115384615], [6911, 0.21629050925925927], [7167, 0.216796875], [7423, 0.2153825431034483], [7679, 0.21497395833333333], [7935, 0.21635584677419356], [8191, 0.2169189453125], [8447, 0.21744791666666666], [8703, 0.22001378676470587], [8959, 0.22154017857142858], [9215, 0.22157118055555555], [9471, 0.22328969594594594], [9727, 0.22265625], [9983, 0.2231570512820513], [10239, 0.22392578125], [10495, 0.22408536585365854], [10751, 0.2242373511904762], [11007, 0.22447311046511628], [11263, 0.22345525568181818], [11519, 0.22361111111111112], [11775, 0.22393002717391305], [12031, 0.22465093085106383], [12287, 0.22623697916666666], [12543, 0.2265625], [12799, 0.22296875], [13055, 0.2185968137254902], [13311, 0.21439302884615385], [13567, 0.21034787735849056], [13823, 0.20674189814814814], [14079, 0.20653409090909092], [14335, 0.21344866071428573], [14591, 0.2110060307017544], [14847, 0.20736799568965517], [15103, 0.20391949152542374], [15359, 0.20052083333333334], [15615, 0.19723360655737704], [15871, 0.19405241935483872], [16127, 0.1910342261904762], [16383, 0.18804931640625], [16639, 0.18515625], [16895, 0.18235085227272727], [17151, 0.17962919776119404], [17407, 0.17704503676470587], [17663, 0.17447916666666666], [17919, 0.17438616071428573], [18175, 0.1793573943661972], [18431, 0.18310546875], [18687, 0.18659032534246575], [18943, 0.19003378378378377], [19199, 0.19322916666666667], [19455, 0.1973170230263158], [19711, 0.19906655844155843], [19967, 0.19911858974358973], [20223, 0.19902096518987342], [20479, 0.199267578125], [20735, 0.19912229938271606], [20991, 0.19898056402439024], [21247, 0.19865399096385541], [21503, 0.19838169642857142], [21759, 0.19811580882352942], [22015, 0.19776526162790697], [22271, 0.19796156609195403], [22527, 0.1978426846590909], [22783, 0.19803370786516855], [23039, 0.19852430555555556], [23295, 0.19878949175824176], [23551, 0.19938858695652173], [23807, 0.19959677419354838], [24063, 0.2004654255319149], [24319, 0.20148026315789475], [24575, 0.20218912760416666], [24831, 0.20308472938144329], [25087, 0.20448022959183673], [25343, 0.20620265151515152], [25599, 0.2071484375], [25855, 0.20873298267326731], [26111, 0.20990349264705882], [26367, 0.21097542475728157], [26623, 0.21259014423076922], [26879, 0.2142113095238095], [27135, 0.2155807783018868], [27391, 0.21699766355140188], [27647, 0.21885850694444445], [27903, 0.21989678899082568], [28159, 0.21828835227272728], [28415, 0.21632179054054054], [28671, 0.21442522321428573], [28927, 0.21263136061946902], [29183, 0.21080043859649122], [29439, 0.20896739130434783], [29695, 0.20716594827586207], [29951, 0.2054286858974359], [30207, 0.20368776483050846], [30463, 0.20200892857142858], [30719, 0.20032552083333333], [30975, 0.1988959194214876], [31231, 0.19739369877049182], [31487, 0.19597942073170732], [31743, 0.19487147177419356], [31999, 0.19409375], [32255, 0.19469246031746032], [32511, 0.1960814468503937], [32767, 0.197906494140625], [33023, 0.199703246124031], [33279, 0.2006310096153846], [33535, 0.20026240458015268], [33791, 0.20040246212121213], [34047, 0.20048167293233082], [34303, 0.20035564365671643], [34559, 0.19988425925925926], [34815, 0.19936236213235295], [35071, 0.19904767335766424], [35327, 0.19913383152173914], [35583, 0.1994716726618705], [35839, 0.19944196428571428], [36095, 0.19930186170212766], [36351, 0.1995488556338028], [36607, 0.1994645979020979], [36863, 0.19938151041666666], [37119, 0.19921875], [37375, 0.1991384845890411], [37631, 0.1990593112244898], [37887, 0.19945629222972974], [38143, 0.1995857802013423], [38399, 0.19830729166666666], [38655, 0.19699399834437087], [38911, 0.19675164473684212], [39167, 0.1968954248366013], [39423, 0.19685978084415584], [39679, 0.1971774193548387], [39935, 0.1974158653846154], [40191, 0.1972780652866242], [40447, 0.19724090189873417], [40703, 0.1974744496855346], [40959, 0.1978759765625], [41215, 0.1983695652173913], [41471, 0.19895351080246915], [41727, 0.19967407975460122], [41983, 0.20036204268292682], [42239, 0.20149147727272726], [42495, 0.20237198795180722], [42751, 0.20342907934131738], [43007, 0.20424107142857142], [43263, 0.20527459319526628], [43519, 0.20638786764705883], [43775, 0.20719115497076024], [44031, 0.2083484738372093], [44287, 0.20904082369942195], [44543, 0.2097027658045977], [44799, 0.21066964285714285], [45055, 0.2117587002840909], [45311, 0.2126368290960452], [45567, 0.21354898174157302], [45823, 0.21451641061452514], [46079, 0.21577690972222222], [46335, 0.2167213397790055], [46591, 0.21771978021978022], [46847, 0.21789617486338797], [47103, 0.21673318614130435], [47359, 0.21560388513513515], [47615, 0.21446572580645162], [47871, 0.21338151737967914], [48127, 0.2123088430851064], [48383, 0.21124751984126985], [48639, 0.21038240131578947], [48895, 0.20964905104712042], [49151, 0.20908610026041666], [49407, 0.20867066062176165], [49663, 0.20827963917525774], [49919, 0.20809294871794873], [50175, 0.20836654974489796], [50431, 0.2084985723350254], [50687, 0.20866871843434343], [50943, 0.20905307788944724], [51199, 0.20947265625], [51455, 0.2099463619402985], [51711, 0.21062809405940594], [51967, 0.2114378078817734], [52223, 0.2107843137254902], [52479, 0.2097560975609756], [52735, 0.2087378640776699], [52846, 0.2082994304312449]], "candidate_count_total": 36, "confirmed_count_total": 36, "created_at": 1767889556.8588166}