{"dataset_name": "sine_nodrift", "dataset_type": "sine", "model_variant": "ts_drift_adapt", "seed": 4, "monitor_preset": "error_divergence_ph_meta@error.threshold=0.10,error.min_instances=5", "monitor_preset_base": "error_divergence_ph_meta", "monitor_ph_params": {"error_rate": {"delta": 0.005, "alpha": 0.15, "threshold": 0.1, "min_instances": 5}, "divergence": {"delta": 0.005, "alpha": 0.1, "threshold": 0.05, "min_instances": 30}}, "monitor_ph_overrides": {"error_rate": {"threshold": 0.1, "min_instances": 5}}, "trigger_mode": "two_stage", "trigger_k": 2, "trigger_threshold": 0.5, "trigger_weights": "__confirm_cooldown=200,__confirm_rule=perm_test,__perm_alpha=0.005,__perm_min_effect=0,__perm_n_perm=200,__perm_post_n=20,__perm_pre_n=500,__perm_rng_seed=0,__perm_stat=fused_score,divergence=0.3,error_rate=0.5,teacher_entropy=0.2", "confirm_window": 3, "confirm_cooldown": 0, "adaptive_cooldown_enabled": 0, "adaptive_window": 10000, "adaptive_lower_per10k": 10.0, "adaptive_upper_per10k": 25.0, "adaptive_cooldown_low": 200, "adaptive_cooldown_high": 500, "severity_scheduler_scale": 1.0, "use_severity_v2": 0, "severity_gate": "none", "severity_gate_min_streak": 1, "entropy_mode": "overconfident", "severity_decay": 0.95, "freeze_baseline_steps": 0, "n_steps": 800, "horizon": 10000, "acc_final": 0.9151, "mean_acc": 0.8278240482924795, "acc_min": 0.34375, "candidate_sample_idxs": [319, 639, 959, 1279, 1599, 2047, 2431, 2751, 3071, 3391, 3711, 4031, 4799, 5119, 5631, 6399, 6783, 7103, 7615, 8191, 8703, 9023, 9343, 9663, 9983], "confirmed_sample_idxs": [703, 1023, 1471, 2047, 2559, 3263, 3903, 4799, 5631, 6399, 6783, 7103, 7615, 8191, 8703, 9023, 9535], "acc_series": [[63, 0.34375], [127, 0.4375], [191, 0.484375], [255, 0.4921875], [319, 0.5], [383, 0.5], [447, 0.5133928571428571], [511, 0.541015625], [575, 0.5642361111111112], [639, 0.590625], [703, 0.6051136363636364], [767, 0.6197916666666666], [831, 0.6322115384615384], [895, 0.6484375], [959, 0.6645833333333333], [1023, 0.6767578125], [1087, 0.6865808823529411], [1151, 0.6961805555555556], [1215, 0.7006578947368421], [1279, 0.70546875], [1343, 0.7075892857142857], [1407, 0.7137784090909091], [1471, 0.720108695652174], [1535, 0.7265625], [1599, 0.734375], [1663, 0.7427884615384616], [1727, 0.7517361111111112], [1791, 0.7594866071428571], [1855, 0.7629310344827587], [1919, 0.7671875], [1983, 0.7711693548387096], [2047, 0.7763671875], [2111, 0.7793560606060606], [2175, 0.7844669117647058], [2239, 0.7892857142857143], [2303, 0.7921006944444444], [2367, 0.7943412162162162], [2431, 0.798108552631579], [2495, 0.8016826923076923], [2559, 0.802734375], [2623, 0.8064024390243902], [2687, 0.8098958333333334], [2751, 0.8121366279069767], [2815, 0.8149857954545454], [2879, 0.8173611111111111], [2943, 0.8203125], [3007, 0.8228058510638298], [3071, 0.8255208333333334], [3135, 0.8274872448979592], [3199, 0.83], [3263, 0.8311887254901961], [3327, 0.8338341346153846], [3391, 0.8363797169811321], [3455, 0.8388310185185185], [3519, 0.8414772727272727], [3583, 0.84375], [3647, 0.8448464912280702], [3711, 0.8472521551724138], [3775, 0.8485169491525424], [3839, 0.85], [3903, 0.8514344262295082], [3967, 0.8533266129032258], [4031, 0.8539186507936508], [4095, 0.856201171875], [4159, 0.8579326923076923], [4223, 0.8586647727272727], [4287, 0.8586753731343284], [4351, 0.8596047794117647], [4415, 0.8609601449275363], [4479, 0.8627232142857143], [4543, 0.8642165492957746], [4607, 0.8654513888888888], [4671, 0.866652397260274], [4735, 0.8682432432432432], [4799, 0.8689583333333334], [4863, 0.869860197368421], [4927, 0.8707386363636364], [4991, 0.8715945512820513], [5055, 0.8724287974683544], [5119, 0.873828125], [5183, 0.8742283950617284], [5247, 0.8755716463414634], [5311, 0.8765060240963856], [5375, 0.8776041666666666], [5439, 0.8779411764705882], [5503, 0.8786337209302325], [5567, 0.8794899425287356], [5631, 0.8805042613636364], [5695, 0.8814957865168539], [5759, 0.8824652777777777], [5823, 0.8834134615384616], [5887, 0.884171195652174], [5951, 0.8849126344086021], [6015, 0.8856382978723404], [6079, 0.8868421052631579], [6143, 0.8873697916666666], [6207, 0.8878865979381443], [6271, 0.8887117346938775], [6335, 0.8893623737373737], [6399, 0.8903125], [6463, 0.8904702970297029], [6527, 0.8912377450980392], [6591, 0.8919902912621359], [6655, 0.892578125], [6719, 0.8930059523809524], [6783, 0.8937205188679245], [6847, 0.8945677570093458], [6911, 0.8951099537037037], [6975, 0.8957855504587156], [7039, 0.8961647727272727], [7103, 0.8968186936936937], [7167, 0.8973214285714286], [7231, 0.8980918141592921], [7295, 0.8987116228070176], [7359, 0.8991847826086956], [7423, 0.8999191810344828], [7487, 0.9006410256410257], [7551, 0.9010858050847458], [7615, 0.9016544117647058], [7679, 0.9015625], [7743, 0.9021177685950413], [7807, 0.9021516393442623], [7871, 0.9028201219512195], [7935, 0.9036038306451613], [7999, 0.90425], [8063, 0.9045138888888888], [8127, 0.9046505905511811], [8191, 0.90478515625], [8255, 0.905281007751938], [8319, 0.9058894230769231], [8383, 0.9064885496183206], [8447, 0.9068418560606061], [8511, 0.9073073308270677], [8575, 0.9075326492537313], [8639, 0.9078703703703703], [8703, 0.9079733455882353], [8767, 0.9083029197080292], [8831, 0.9087409420289855], [8895, 0.909285071942446], [8959, 0.9098214285714286], [9023, 0.9102393617021277], [9087, 0.9105413732394366], [9151, 0.9108391608391608], [9215, 0.9113498263888888], [9279, 0.9116379310344828], [9343, 0.912029109589041], [9407, 0.9123086734693877], [9471, 0.9129011824324325], [9535, 0.9130662751677853], [9599, 0.9133333333333333], [9663, 0.9133899006622517], [9727, 0.9137541118421053], [9791, 0.9139093137254902], [9855, 0.914163961038961], [9919, 0.9145161290322581], [9983, 0.9149639423076923], [9999, 0.9151]], "candidate_count_total": 20, "confirmed_count_total": 17, "created_at": 1768149012.9690275, "confirm_rule_effective": "perm_test", "last_perm_pvalue": 1.0, "last_perm_effect": -0.03392408283530752, "perm_test_count_total": 39, "perm_accept_count_total": 17, "perm_reject_count_total": 22, "perm_alpha": 0.005, "perm_pvalue_p50": 0.5124378109452736, "perm_pvalue_p90": 1.0, "perm_pvalue_p99": 1.0, "perm_pvalue_le_alpha_ratio": 0.4358974358974359, "perm_effect_p50": 0.0006590555032123325, "perm_effect_p90": 0.08238158276490835, "perm_effect_p99": 0.11140125408935213}