{"dataset_name": "INSECTS_abrupt_balanced", "dataset_type": "insects_real", "model_variant": "ts_drift_adapt_severity", "seed": 16, "monitor_preset": "error_divergence_ph_meta@error.threshold=0.05,error.min_instances=5", "monitor_preset_base": "error_divergence_ph_meta", "monitor_ph_params": {"error_rate": {"delta": 0.005, "alpha": 0.15, "threshold": 0.05, "min_instances": 5}, "divergence": {"delta": 0.005, "alpha": 0.1, "threshold": 0.05, "min_instances": 30}}, "monitor_ph_overrides": {"error_rate": {"threshold": 0.05, "min_instances": 5}}, "trigger_mode": "two_stage", "trigger_k": 2, "trigger_threshold": 0.5, "trigger_weights": "confirm_cooldown=200,divergence=0.3,error_rate=0.5,teacher_entropy=0.2", "confirm_window": 1, "confirm_cooldown": 0, "adaptive_cooldown_enabled": 0, "adaptive_window": 10000, "adaptive_lower_per10k": 10.0, "adaptive_upper_per10k": 25.0, "adaptive_cooldown_low": 200, "adaptive_cooldown_high": 500, "severity_scheduler_scale": 2.0, "use_severity_v2": 1, "severity_gate": "none", "severity_gate_min_streak": 1, "entropy_mode": "uncertain", "severity_decay": 0.95, "freeze_baseline_steps": 5, "n_steps": 1200, "horizon": 52847, "acc_final": 0.19333169337899975, "mean_acc": 0.1912958926669254, "acc_min": 0.15775669642857143, "candidate_sample_idxs": [1279, 2559, 3839, 5119, 6399, 7679, 8959, 10239, 11519, 12799, 14335, 17919, 19199, 20479, 21759, 23039, 24319, 25599, 26879, 28159, 29439, 30719, 31999, 33279, 34559, 35839, 37119, 38399, 39679, 40959, 42239, 43519, 44799, 46079, 47359, 48639, 49919, 51199, 52479], "confirmed_sample_idxs": [1279, 2559, 3839, 5119, 6399, 7679, 8959, 10239, 11519, 12799, 14335, 17919, 19199, 20479, 21759, 23039, 24319, 25599, 26879, 28159, 29439, 30719, 31999, 33279, 34559, 35839, 37119, 38399, 39679, 40959, 42239, 43519, 44799, 46079, 47359, 48639, 49919, 51199, 52479], "acc_series": [[255, 0.234375], [511, 0.208984375], [767, 0.20442708333333334], [1023, 0.205078125], [1279, 0.19921875], [1535, 0.19596354166666666], [1791, 0.19308035714285715], [2047, 0.20068359375], [2303, 0.20572916666666666], [2559, 0.20859375], [2815, 0.2080965909090909], [3071, 0.20833333333333334], [3327, 0.20552884615384615], [3583, 0.20452008928571427], [3839, 0.20651041666666667], [4095, 0.205810546875], [4351, 0.20680147058823528], [4607, 0.20616319444444445], [4863, 0.20723684210526316], [5119, 0.2068359375], [5375, 0.2074032738095238], [5631, 0.20756392045454544], [5887, 0.20805027173913043], [6143, 0.20719401041666666], [6399, 0.21015625], [6655, 0.21003605769230768], [6911, 0.21021412037037038], [7167, 0.20968191964285715], [7423, 0.2117456896551724], [7679, 0.211328125], [7935, 0.21043346774193547], [8191, 0.2100830078125], [8447, 0.21046401515151514], [8703, 0.21001838235294118], [8959, 0.20970982142857142], [9215, 0.2095269097222222], [9471, 0.21019847972972974], [9727, 0.21073190789473684], [9983, 0.21053685897435898], [10239, 0.209765625], [10495, 0.21008003048780488], [10751, 0.21112351190476192], [11007, 0.2116642441860465], [11263, 0.21209161931818182], [11519, 0.21241319444444445], [11775, 0.21263586956521738], [12031, 0.21343085106382978], [12287, 0.21337890625], [12543, 0.21436543367346939], [12799, 0.2109375], [13055, 0.20680147058823528], [13311, 0.20282451923076922], [13567, 0.19899764150943397], [13823, 0.1953125], [14079, 0.19190340909090908], [14335, 0.19154575892857142], [14591, 0.19058388157894737], [14847, 0.18743265086206898], [15103, 0.18438824152542374], [15359, 0.18131510416666666], [15615, 0.17834272540983606], [15871, 0.1754662298387097], [16127, 0.17274305555555555], [16383, 0.1700439453125], [16639, 0.1674278846153846], [16895, 0.16489109848484848], [17151, 0.16243003731343283], [17407, 0.16009880514705882], [17663, 0.15777853260869565], [17919, 0.15775669642857143], [18175, 0.16301716549295775], [18431, 0.1669379340277778], [18687, 0.1703232020547945], [18943, 0.17345861486486486], [19199, 0.17666666666666667], [19455, 0.18045847039473684], [19711, 0.18222402597402598], [19967, 0.18244190705128205], [20223, 0.18255537974683544], [20479, 0.1830078125], [20735, 0.18311149691358025], [20991, 0.18326028963414634], [21247, 0.18317018072289157], [21503, 0.18308221726190477], [21759, 0.18295036764705883], [22015, 0.1828215843023256], [22271, 0.18296515804597702], [22527, 0.18239524147727273], [22783, 0.18236481741573032], [23039, 0.18276909722222223], [23295, 0.18282108516483517], [23551, 0.18308423913043478], [23807, 0.1827116935483871], [24063, 0.1828873005319149], [24319, 0.18297697368421054], [24575, 0.18318684895833334], [24831, 0.18363402061855671], [25087, 0.1839923469387755], [25343, 0.18450126262626262], [25599, 0.1848828125], [25855, 0.18579826732673269], [26111, 0.18619791666666666], [26367, 0.18715867718446602], [26623, 0.18802584134615385], [26879, 0.18880208333333334], [27135, 0.18878979952830188], [27391, 0.18910630841121495], [27647, 0.18974247685185186], [27903, 0.19061783256880735], [28159, 0.18977272727272726], [28415, 0.18880208333333334], [28671, 0.18809291294642858], [28927, 0.18711974557522124], [29183, 0.18616365131578946], [29439, 0.18569972826086956], [29695, 0.1851091056034483], [29951, 0.18452857905982906], [30207, 0.1838585805084746], [30463, 0.183265493697479], [30719, 0.18235677083333332], [30975, 0.18175361570247933], [31231, 0.18090420081967212], [31487, 0.18019563008130082], [31743, 0.17971900201612903], [31999, 0.179125], [32255, 0.1789124503968254], [32511, 0.17882627952755906], [32767, 0.17919921875], [33023, 0.1806262112403101], [33279, 0.18170072115384617], [33535, 0.18156607824427481], [33791, 0.18211410984848486], [34047, 0.18236019736842105], [34303, 0.18234025186567165], [34559, 0.18214699074074073], [34815, 0.18181295955882354], [35071, 0.1816548813868613], [35327, 0.1818670742753623], [35583, 0.1823291366906475], [35839, 0.18247767857142858], [36095, 0.1825132978723404], [36351, 0.18290602992957747], [36607, 0.18296547202797203], [36863, 0.18299696180555555], [37119, 0.1832165948275862], [37375, 0.1832994434931507], [37631, 0.18340773809523808], [37887, 0.18388407939189189], [38143, 0.18403942953020133], [38399, 0.1828125], [38655, 0.18160182119205298], [38911, 0.18153782894736842], [39167, 0.18193423202614378], [39423, 0.18212256493506493], [39679, 0.18245967741935484], [39935, 0.1828926282051282], [40191, 0.1832703025477707], [40447, 0.1837173655063291], [40703, 0.18381485849056603], [40959, 0.1841552734375], [41215, 0.18478260869565216], [41471, 0.18561921296296297], [41727, 0.1861579754601227], [41983, 0.1865234375], [42239, 0.18733428030303031], [42495, 0.1881824171686747], [42751, 0.18897361526946108], [43007, 0.18987165178571427], [43263, 0.1909208579881657], [43519, 0.1918887867647059], [43775, 0.19286823830409358], [44031, 0.19401798691860464], [44287, 0.19474801300578035], [44543, 0.19544719827586207], [44799, 0.1961607142857143], [45055, 0.19731001420454544], [45311, 0.1979828742937853], [45567, 0.19880179073033707], [45823, 0.19961155726256982], [46079, 0.20054253472222222], [46335, 0.20120424723756905], [46591, 0.20183722527472528], [46847, 0.20188695355191258], [47103, 0.20078974184782608], [47359, 0.1997043918918919], [47615, 0.1986307123655914], [47871, 0.19756851604278075], [48127, 0.19651761968085107], [48383, 0.19549851190476192], [48639, 0.19453125], [48895, 0.19361501963350786], [49151, 0.19278971354166666], [49407, 0.19205391839378239], [49663, 0.19146665592783504], [49919, 0.19104567307692308], [50175, 0.19088807397959184], [50431, 0.1907519035532995], [50687, 0.19091303661616163], [50943, 0.19177920854271358], [51199, 0.1928515625], [51455, 0.19381607587064675], [51711, 0.19508044554455445], [51967, 0.1960244766009852], [52223, 0.19563802083333334], [52479, 0.19468368902439023], [52735, 0.19373862257281554], [52846, 0.19333169337899975]], "candidate_count_total": 39, "confirmed_count_total": 39, "created_at": 1767889544.7436972}