{"dataset_name": "INSECTS_abrupt_balanced", "dataset_type": "insects_real", "model_variant": "ts_drift_adapt_severity", "seed": 13, "monitor_preset": "error_divergence_ph_meta@error.threshold=0.05,error.min_instances=5", "monitor_preset_base": "error_divergence_ph_meta", "monitor_ph_params": {"error_rate": {"delta": 0.005, "alpha": 0.15, "threshold": 0.05, "min_instances": 5}, "divergence": {"delta": 0.005, "alpha": 0.1, "threshold": 0.05, "min_instances": 30}}, "monitor_ph_overrides": {"error_rate": {"threshold": 0.05, "min_instances": 5}}, "trigger_mode": "two_stage", "trigger_k": 2, "trigger_threshold": 0.5, "trigger_weights": "confirm_cooldown=200,divergence=0.3,error_rate=0.5,teacher_entropy=0.2", "confirm_window": 1, "confirm_cooldown": 0, "adaptive_cooldown_enabled": 0, "adaptive_window": 10000, "adaptive_lower_per10k": 10.0, "adaptive_upper_per10k": 25.0, "adaptive_cooldown_low": 200, "adaptive_cooldown_high": 500, "severity_scheduler_scale": 2.0, "use_severity_v2": 1, "severity_gate": "confirmed_streak", "severity_gate_min_streak": 1, "entropy_mode": "uncertain", "severity_decay": 0.95, "freeze_baseline_steps": 5, "n_steps": 1200, "horizon": 52847, "acc_final": 0.20899956478134993, "mean_acc": 0.19604717342038488, "acc_min": 0.0703125, "candidate_sample_idxs": [1279, 2559, 3839, 5119, 6399, 7679, 8959, 10239, 11519, 12799, 14591, 16383, 17919, 19199, 20479, 21759, 23039, 24319, 25599, 26879, 28159, 29439, 30719, 31999, 33279, 34559, 35839, 37119, 38399, 39679, 40959, 42239, 43519, 44799, 46079, 47359, 49151, 50431, 51711, 52846], "confirmed_sample_idxs": [1279, 2559, 3839, 5119, 6399, 7679, 8959, 10239, 11519, 12799, 14591, 16383, 17919, 19199, 20479, 21759, 23039, 24319, 25599, 26879, 28159, 29439, 30719, 31999, 33279, 34559, 35839, 37119, 38399, 39679, 40959, 42239, 43519, 44799, 46079, 47359, 49151, 50431, 51711, 52846], "acc_series": [[255, 0.0703125], [511, 0.0703125], [767, 0.08072916666666667], [1023, 0.10546875], [1279, 0.128125], [1535, 0.13606770833333334], [1791, 0.15290178571428573], [2047, 0.158203125], [2303, 0.1636284722222222], [2559, 0.166796875], [2815, 0.16974431818181818], [3071, 0.17513020833333334], [3327, 0.17487980769230768], [3583, 0.18219866071428573], [3839, 0.18619791666666666], [4095, 0.193359375], [4351, 0.19462316176470587], [4607, 0.19791666666666666], [4863, 0.2002467105263158], [5119, 0.201953125], [5375, 0.20200892857142858], [5631, 0.20383522727272727], [5887, 0.20465353260869565], [6143, 0.20458984375], [6399, 0.20375], [6655, 0.20192307692307693], [6911, 0.2025462962962963], [7167, 0.20200892857142858], [7423, 0.20191271551724138], [7679, 0.200390625], [7935, 0.19959677419354838], [8191, 0.1981201171875], [8447, 0.19957386363636365], [8703, 0.201171875], [8959, 0.20111607142857144], [9215, 0.2016059027777778], [9471, 0.20154138513513514], [9727, 0.2020970394736842], [9983, 0.2036258012820513], [10239, 0.2060546875], [10495, 0.20645960365853658], [10751, 0.208984375], [11007, 0.20912063953488372], [11263, 0.2108487215909091], [11519, 0.21059027777777778], [11775, 0.21025815217391305], [12031, 0.2109375], [12287, 0.21175130208333334], [12543, 0.21324936224489796], [12799, 0.2096875], [13055, 0.20557598039215685], [13311, 0.20162259615384615], [13567, 0.1978183962264151], [13823, 0.1941550925925926], [14079, 0.19090909090909092], [14335, 0.18889508928571427], [14591, 0.18880208333333334], [14847, 0.18743265086206898], [15103, 0.184520656779661], [15359, 0.18151041666666667], [15615, 0.17853483606557377], [15871, 0.17565524193548387], [16127, 0.17292906746031747], [16383, 0.17022705078125], [16639, 0.16760817307692308], [16895, 0.1650686553030303], [17151, 0.16266324626865672], [17407, 0.16050091911764705], [17663, 0.15840126811594202], [17919, 0.15848214285714285], [18175, 0.16318221830985916], [18431, 0.16634114583333334], [18687, 0.16936001712328766], [18943, 0.171875], [19199, 0.17416666666666666], [19455, 0.17752878289473684], [19711, 0.17918019480519481], [19967, 0.1794871794871795], [20223, 0.1796875], [20479, 0.1802734375], [20735, 0.1806520061728395], [20991, 0.1818311737804878], [21247, 0.1832172439759036], [21503, 0.18415178571428573], [21759, 0.18556985294117648], [22015, 0.18727289244186046], [22271, 0.18826329022988506], [22527, 0.19011896306818182], [22783, 0.19193293539325842], [23039, 0.1927517361111111], [23295, 0.1933379120879121], [23551, 0.19514266304347827], [23807, 0.196278561827957], [24063, 0.1973902925531915], [24319, 0.19847861842105263], [24575, 0.19925944010416666], [24831, 0.20042686855670103], [25087, 0.20176977040816327], [25343, 0.20344065656565657], [25599, 0.20453125], [25855, 0.2062964108910891], [26111, 0.20710784313725492], [26367, 0.2080931432038835], [26623, 0.20917217548076922], [26879, 0.2109002976190476], [27135, 0.2121535966981132], [27391, 0.21305490654205608], [27647, 0.21415653935185186], [27903, 0.21563216743119265], [28159, 0.21448863636363635], [28415, 0.21276745495495494], [28671, 0.21142578125], [28927, 0.21017699115044247], [29183, 0.20881304824561403], [29439, 0.20740489130434783], [29695, 0.20612203663793102], [29951, 0.2047943376068376], [30207, 0.2035553495762712], [30463, 0.20233718487394958], [30719, 0.20104166666666667], [30975, 0.2001226756198347], [31231, 0.19893058401639344], [31487, 0.19791666666666666], [31743, 0.1970766129032258], [31999, 0.19696875], [32255, 0.1980406746031746], [32511, 0.19918799212598426], [32767, 0.200958251953125], [33023, 0.20254966085271317], [33279, 0.20333533653846153], [33535, 0.20294608778625955], [33791, 0.2032137784090909], [34047, 0.20347744360902256], [34303, 0.2033290578358209], [34559, 0.2029224537037037], [34815, 0.20283777573529413], [35071, 0.20258325729927007], [35327, 0.20261548913043478], [35583, 0.2028720773381295], [35839, 0.20298549107142858], [36095, 0.20279255319148937], [36351, 0.2030974911971831], [36607, 0.20290646853146854], [36863, 0.2029351128472222], [37119, 0.20285560344827586], [37375, 0.2028306934931507], [37631, 0.2027795493197279], [37887, 0.2029930320945946], [38143, 0.2029939177852349], [38399, 0.201640625], [38655, 0.20030525662251655], [38911, 0.19991262335526316], [39167, 0.1998059640522876], [39423, 0.19992897727272727], [39679, 0.20015120967741937], [39935, 0.20052083333333334], [40191, 0.20103503184713375], [40447, 0.2017157832278481], [40703, 0.20231426886792453], [40959, 0.2029296875], [41215, 0.20331909937888198], [41471, 0.20401716820987653], [41727, 0.20456288343558282], [41983, 0.20491139481707318], [42239, 0.20570549242424244], [42495, 0.2062547063253012], [42751, 0.206844124251497], [43007, 0.2076357886904762], [43263, 0.20862610946745563], [43519, 0.2095358455882353], [43775, 0.21020650584795322], [44031, 0.21139171511627908], [44287, 0.21181809971098267], [44543, 0.21248653017241378], [44799, 0.2131919642857143], [45055, 0.21413352272727273], [45311, 0.21477754237288135], [45567, 0.21552405196629212], [45823, 0.21613128491620112], [46079, 0.21694878472222223], [46335, 0.21758459944751382], [46591, 0.21808464972527472], [46847, 0.21793886612021857], [47103, 0.21675441576086957], [47359, 0.21558277027027026], [47615, 0.21442372311827956], [47871, 0.21327707219251338], [48127, 0.21214261968085107], [48383, 0.21102017195767195], [48639, 0.20997121710526315], [48895, 0.2091173102094241], [49151, 0.20839436848958334], [49407, 0.20788131476683938], [49663, 0.20733327963917525], [49919, 0.20693108974358973], [50175, 0.20693160076530612], [50431, 0.20746748096446702], [50687, 0.20821496212121213], [50943, 0.208856783919598], [51199, 0.2096875], [51455, 0.21043221393034825], [51711, 0.2113435952970297], [51967, 0.21214978448275862], [52223, 0.21149280024509803], [52479, 0.21046112804878048], [52735, 0.20943947208737865], [52846, 0.20899956478134993]], "candidate_count_total": 40, "confirmed_count_total": 40, "created_at": 1767889651.6270177}