{"dataset_name": "sine_nodrift", "dataset_type": "sine", "model_variant": "ts_drift_adapt", "seed": 5, "monitor_preset": "error_divergence_ph_meta@error.threshold=0.10,error.min_instances=5", "monitor_preset_base": "error_divergence_ph_meta", "monitor_ph_params": {"error_rate": {"delta": 0.005, "alpha": 0.15, "threshold": 0.1, "min_instances": 5}, "divergence": {"delta": 0.005, "alpha": 0.1, "threshold": 0.05, "min_instances": 30}}, "monitor_ph_overrides": {"error_rate": {"threshold": 0.1, "min_instances": 5}}, "trigger_mode": "two_stage", "trigger_k": 2, "trigger_threshold": 0.5, "trigger_weights": "__confirm_cooldown=200,__confirm_rule=perm_test,__perm_alpha=0.005,__perm_delta_k=50,__perm_min_effect=0,__perm_n_perm=200,__perm_post_n=50,__perm_pre_n=200,__perm_rng_seed=0,__perm_stat=delta_fused_score,divergence=0.3,error_rate=0.5,teacher_entropy=0.2", "confirm_window": 3, "confirm_cooldown": 0, "adaptive_cooldown_enabled": 0, "adaptive_window": 10000, "adaptive_lower_per10k": 10.0, "adaptive_upper_per10k": 25.0, "adaptive_cooldown_low": 200, "adaptive_cooldown_high": 500, "severity_scheduler_scale": 1.0, "use_severity_v2": 0, "severity_gate": "none", "severity_gate_min_streak": 1, "entropy_mode": "overconfident", "severity_decay": 0.95, "freeze_baseline_steps": 0, "n_steps": 800, "horizon": 10000, "acc_final": 0.905, "mean_acc": 0.8155462000604651, "acc_min": 0.4625, "candidate_sample_idxs": [319, 639, 959, 1279, 1599, 1983, 2367, 2687, 3007, 3327, 3647, 3967, 4287, 4607, 4927, 5311, 6143, 6463, 6783, 7359, 7679, 7999, 8383, 9023, 9343, 9663], "confirmed_sample_idxs": [639, 959, 1279, 1599, 1983, 2431, 2879, 3391, 3647, 3967, 4479, 4991, 5311, 6143, 6527, 7359, 7999, 8383, 9023, 9535], "acc_series": [[63, 0.578125], [127, 0.5234375], [191, 0.484375], [255, 0.46484375], [319, 0.4625], [383, 0.484375], [447, 0.5223214285714286], [511, 0.560546875], [575, 0.5972222222222222], [639, 0.61875], [703, 0.6463068181818182], [767, 0.6640625], [831, 0.6766826923076923], [895, 0.6941964285714286], [959, 0.6958333333333333], [1023, 0.6953125], [1087, 0.6911764705882353], [1151, 0.6848958333333334], [1215, 0.678453947368421], [1279, 0.6796875], [1343, 0.6793154761904762], [1407, 0.6846590909090909], [1471, 0.6915760869565217], [1535, 0.697265625], [1599, 0.704375], [1663, 0.7121394230769231], [1727, 0.7204861111111112], [1791, 0.7276785714285714], [1855, 0.7332974137931034], [1919, 0.7390625], [1983, 0.7454637096774194], [2047, 0.7509765625], [2111, 0.7537878787878788], [2175, 0.7564338235294118], [2239, 0.7611607142857143], [2303, 0.7643229166666666], [2367, 0.7677364864864865], [2431, 0.7705592105263158], [2495, 0.7744391025641025], [2559, 0.777734375], [2623, 0.78125], [2687, 0.7838541666666666], [2751, 0.7859738372093024], [2815, 0.7904829545454546], [2879, 0.79375], [2943, 0.7965353260869565], [3007, 0.8001994680851063], [3071, 0.8033854166666666], [3135, 0.8067602040816326], [3199, 0.808125], [3263, 0.8109681372549019], [3327, 0.8131009615384616], [3391, 0.8154481132075472], [3455, 0.8177083333333334], [3519, 0.819034090909091], [3583, 0.8217075892857143], [3647, 0.8242872807017544], [3711, 0.826239224137931], [3775, 0.8283898305084746], [3839, 0.83046875], [3903, 0.8327356557377049], [3967, 0.8331653225806451], [4031, 0.8350694444444444], [4095, 0.837158203125], [4159, 0.8389423076923077], [4223, 0.8399621212121212], [4287, 0.8411847014925373], [4351, 0.8421415441176471], [4415, 0.84375], [4479, 0.8450892857142858], [4543, 0.8466109154929577], [4607, 0.8480902777777778], [4671, 0.849957191780822], [4735, 0.8507179054054054], [4799, 0.8516666666666667], [4863, 0.8523848684210527], [4927, 0.854099025974026], [4991, 0.8553685897435898], [5055, 0.8566060126582279], [5119, 0.85703125], [5183, 0.8578317901234568], [5247, 0.858422256097561], [5311, 0.8589984939759037], [5375, 0.8599330357142857], [5439, 0.8612132352941176], [5503, 0.862281976744186], [5567, 0.8635057471264368], [5631, 0.8639914772727273], [5695, 0.8653441011235955], [5759, 0.8663194444444444], [5823, 0.8671016483516484], [5887, 0.8682065217391305], [5951, 0.8687836021505376], [6015, 0.8698470744680851], [6079, 0.8703947368421052], [6143, 0.87109375], [6207, 0.8716172680412371], [6271, 0.8721301020408163], [6335, 0.8727904040404041], [6399, 0.8734375], [6463, 0.8740717821782178], [6527, 0.8751531862745098], [6591, 0.8760618932038835], [6655, 0.8762019230769231], [6719, 0.8769345238095239], [6783, 0.8779481132075472], [6847, 0.8786507009345794], [6911, 0.8793402777777778], [6975, 0.8800172018348624], [7039, 0.8806818181818182], [7103, 0.8814752252252253], [7167, 0.8822544642857143], [7231, 0.8832964601769911], [7295, 0.8839089912280702], [7359, 0.8845108695652174], [7423, 0.8853717672413793], [7487, 0.8859508547008547], [7551, 0.8863877118644068], [7615, 0.8870798319327731], [7679, 0.8875], [7743, 0.8877840909090909], [7807, 0.8887038934426229], [7871, 0.889354674796748], [7935, 0.8899949596774194], [7999, 0.8905], [8063, 0.8909970238095238], [8127, 0.8912401574803149], [8191, 0.8919677734375], [8255, 0.8926841085271318], [8319, 0.8931490384615385], [8383, 0.8936068702290076], [8447, 0.8944128787878788], [8511, 0.8949718045112782], [8575, 0.8956389925373134], [8639, 0.8959490740740741], [8703, 0.8960248161764706], [8767, 0.8967837591240876], [8831, 0.8971920289855072], [8895, 0.8977068345323741], [8959, 0.8984375], [9023, 0.898936170212766], [9087, 0.899537852112676], [9151, 0.9002403846153846], [9215, 0.9004991319444444], [9279, 0.9009698275862069], [9343, 0.901541095890411], [9407, 0.9019982993197279], [9471, 0.9024493243243243], [9535, 0.9026845637583892], [9599, 0.903125], [9663, 0.9033526490066225], [9727, 0.9037828947368421], [9791, 0.9043096405228758], [9855, 0.9044237012987013], [9919, 0.9047379032258065], [9983, 0.9050480769230769], [9999, 0.905]], "candidate_count_total": 23, "confirmed_count_total": 20, "created_at": 1768145191.7117593, "confirm_rule_effective": "perm_test", "last_perm_pvalue": 0.004975124378109453, "last_perm_effect": 0.04878270168677832, "perm_test_count_total": 41, "perm_accept_count_total": 20, "perm_reject_count_total": 21, "perm_alpha": 0.005, "perm_pvalue_p50": 0.572139303482587, "perm_pvalue_p90": 1.0, "perm_pvalue_p99": 1.0, "perm_pvalue_le_alpha_ratio": 0.4878048780487805, "perm_effect_p50": 3.436366408097677e-05, "perm_effect_p90": 0.10477775207999322, "perm_effect_p99": 0.19570055467963565}