{"dataset_name": "sine_nodrift", "dataset_type": "sine", "model_variant": "ts_drift_adapt", "seed": 1, "monitor_preset": "error_divergence_ph_meta@error.threshold=0.10,error.min_instances=5", "monitor_preset_base": "error_divergence_ph_meta", "monitor_ph_params": {"error_rate": {"delta": 0.005, "alpha": 0.15, "threshold": 0.1, "min_instances": 5}, "divergence": {"delta": 0.005, "alpha": 0.1, "threshold": 0.05, "min_instances": 30}}, "monitor_ph_overrides": {"error_rate": {"threshold": 0.1, "min_instances": 5}}, "trigger_mode": "two_stage", "trigger_k": 2, "trigger_threshold": 0.5, "trigger_weights": "__confirm_cooldown=200,__confirm_rule=perm_test,__perm_alpha=0.01,__perm_min_effect=0,__perm_n_perm=200,__perm_post_n=50,__perm_pre_n=200,__perm_rng_seed=0,__perm_stat=vote_score,divergence=0.3,error_rate=0.5,teacher_entropy=0.2", "confirm_window": 3, "confirm_cooldown": 0, "adaptive_cooldown_enabled": 0, "adaptive_window": 10000, "adaptive_lower_per10k": 10.0, "adaptive_upper_per10k": 25.0, "adaptive_cooldown_low": 200, "adaptive_cooldown_high": 500, "severity_scheduler_scale": 1.0, "use_severity_v2": 0, "severity_gate": "none", "severity_gate_min_streak": 1, "entropy_mode": "overconfident", "severity_decay": 0.95, "freeze_baseline_steps": 0, "n_steps": 800, "horizon": 10000, "acc_final": 0.9294, "mean_acc": 0.8673804694006406, "acc_min": 0.421875, "candidate_sample_idxs": [319, 639, 959, 1279, 1599, 1919, 2239, 2687, 3007, 3327, 3647, 3967, 4287, 4607, 4927, 5247, 5951, 6271, 6719, 7039, 7359, 7679, 8063, 9087, 9407, 9791], "confirmed_sample_idxs": [639, 959, 1279, 1599, 1919, 2239, 2687, 3007, 3327, 3647, 3967, 4287, 4607, 4927, 5247, 5951, 6271, 6719, 7039, 7359, 7679, 8063, 9087, 9407, 9791], "acc_series": [[63, 0.421875], [127, 0.5390625], [191, 0.5989583333333334], [255, 0.60546875], [319, 0.621875], [383, 0.6328125], [447, 0.6584821428571429], [511, 0.68359375], [575, 0.7065972222222222], [639, 0.7234375], [703, 0.7386363636363636], [767, 0.75], [831, 0.7584134615384616], [895, 0.7678571428571429], [959, 0.778125], [1023, 0.7841796875], [1087, 0.7849264705882353], [1151, 0.7907986111111112], [1215, 0.796875], [1279, 0.80078125], [1343, 0.8080357142857143], [1407, 0.8146306818181818], [1471, 0.8172554347826086], [1535, 0.8216145833333334], [1599, 0.821875], [1663, 0.8233173076923077], [1727, 0.828125], [1791, 0.8303571428571429], [1855, 0.8324353448275862], [1919, 0.8354166666666667], [1983, 0.8377016129032258], [2047, 0.83984375], [2111, 0.8423295454545454], [2175, 0.8442095588235294], [2239, 0.8473214285714286], [2303, 0.8489583333333334], [2367, 0.8513513513513513], [2431, 0.8544407894736842], [2495, 0.8553685897435898], [2559, 0.856640625], [2623, 0.859375], [2687, 0.8612351190476191], [2751, 0.8626453488372093], [2815, 0.8639914772727273], [2879, 0.8663194444444444], [2943, 0.8668478260869565], [3007, 0.8660239361702128], [3071, 0.8681640625], [3135, 0.8686224489795918], [3199, 0.8684375], [3263, 0.8697916666666666], [3327, 0.8701923076923077], [3391, 0.8717570754716981], [3455, 0.8726851851851852], [3519, 0.8738636363636364], [3583, 0.8744419642857143], [3647, 0.8755482456140351], [3711, 0.8758081896551724], [3775, 0.8765889830508474], [3839, 0.878125], [3903, 0.8798668032786885], [3967, 0.8805443548387096], [4031, 0.8804563492063492], [4095, 0.879638671875], [4159, 0.8793269230769231], [4223, 0.8797348484848485], [4287, 0.8805970149253731], [4351, 0.8812040441176471], [4415, 0.8820199275362319], [4479, 0.8832589285714286], [4543, 0.8844630281690141], [4607, 0.8849826388888888], [4671, 0.8861301369863014], [4735, 0.8868243243243243], [4799, 0.8879166666666667], [4863, 0.8887746710526315], [4927, 0.8896103896103896], [4991, 0.8902243589743589], [5055, 0.8914161392405063], [5119, 0.8923828125], [5183, 0.892554012345679], [5247, 0.8932926829268293], [5311, 0.8942018072289156], [5375, 0.8952752976190477], [5439, 0.8963235294117647], [5503, 0.8973473837209303], [5567, 0.8981681034482759], [5631, 0.8989701704545454], [5695, 0.8999297752808989], [5759, 0.9005208333333333], [5823, 0.901614010989011], [5887, 0.9025135869565217], [5951, 0.9033938172043011], [6015, 0.9042553191489362], [6079, 0.9047697368421053], [6143, 0.9055989583333334], [6207, 0.9059278350515464], [6271, 0.9064094387755102], [6335, 0.9067234848484849], [6399, 0.9075], [6463, 0.9082611386138614], [6527, 0.9087009803921569], [6591, 0.9092839805825242], [6655, 0.9091045673076923], [6719, 0.9095238095238095], [6783, 0.9100825471698113], [6847, 0.9103387850467289], [6911, 0.9107349537037037], [6975, 0.9112672018348624], [7039, 0.9117897727272727], [7103, 0.9121621621621622], [7167, 0.9126674107142857], [7231, 0.9134402654867256], [7295, 0.9141995614035088], [7359, 0.9148097826086956], [7423, 0.9152747844827587], [7487, 0.9159989316239316], [7551, 0.9157838983050848], [7615, 0.9162289915966386], [7679, 0.9166666666666666], [7743, 0.9170971074380165], [7807, 0.9175204918032787], [7871, 0.9179369918699187], [7935, 0.9183467741935484], [7999, 0.91875], [8063, 0.9192708333333334], [8127, 0.9196604330708661], [8191, 0.9200439453125], [8255, 0.920421511627907], [8319, 0.9209134615384615], [8383, 0.9215171755725191], [8447, 0.9217566287878788], [8511, 0.9222274436090225], [8575, 0.9226912313432836], [8639, 0.9232638888888889], [8703, 0.9235983455882353], [8767, 0.9240419708029197], [8831, 0.9245923913043478], [8895, 0.9250224820143885], [8959, 0.9253348214285714], [9023, 0.9254210992907801], [9087, 0.9250660211267606], [9151, 0.9249344405594405], [9215, 0.9253472222222222], [9279, 0.9257543103448276], [9343, 0.9259417808219178], [9407, 0.9260204081632653], [9471, 0.9262035472972973], [9535, 0.9266988255033557], [9599, 0.9271875], [9663, 0.9276697019867549], [9727, 0.9281455592105263], [9791, 0.9285130718954249], [9855, 0.9285714285714286], [9919, 0.9290322580645162], [9983, 0.9293870192307693], [9999, 0.9294]], "candidate_count_total": 26, "confirmed_count_total": 25, "created_at": 1768151577.4143517, "confirm_rule_effective": "perm_test", "last_perm_pvalue": 0.004975124378109453, "last_perm_effect": 0.4985747564533283, "perm_test_count_total": 25, "perm_accept_count_total": 25, "perm_reject_count_total": 0, "perm_alpha": 0.01, "perm_pvalue_p50": 0.004975124378109453, "perm_pvalue_p90": 0.004975124378109453, "perm_pvalue_p99": 0.004975124378109453, "perm_pvalue_le_alpha_ratio": 1.0, "perm_effect_p50": 0.4961185521586605, "perm_effect_p90": 0.505887569469944, "perm_effect_p99": 0.5387036626256904}