{"dataset_name": "sine_nodrift", "dataset_type": "sine", "model_variant": "ts_drift_adapt", "seed": 5, "monitor_preset": "error_divergence_ph_meta@error.threshold=0.10,error.min_instances=5", "monitor_preset_base": "error_divergence_ph_meta", "monitor_ph_params": {"error_rate": {"delta": 0.005, "alpha": 0.15, "threshold": 0.1, "min_instances": 5}, "divergence": {"delta": 0.005, "alpha": 0.1, "threshold": 0.05, "min_instances": 30}}, "monitor_ph_overrides": {"error_rate": {"threshold": 0.1, "min_instances": 5}}, "trigger_mode": "two_stage", "trigger_k": 2, "trigger_threshold": 0.5, "trigger_weights": "__confirm_cooldown=200,__confirm_rule=perm_test,__perm_alpha=0.05,__perm_delta_k=25,__perm_min_effect=0,__perm_n_perm=200,__perm_post_n=50,__perm_pre_n=500,__perm_rng_seed=0,__perm_stat=delta_fused_score,divergence=0.3,error_rate=0.5,teacher_entropy=0.2", "confirm_window": 3, "confirm_cooldown": 0, "adaptive_cooldown_enabled": 0, "adaptive_window": 10000, "adaptive_lower_per10k": 10.0, "adaptive_upper_per10k": 25.0, "adaptive_cooldown_low": 200, "adaptive_cooldown_high": 500, "severity_scheduler_scale": 1.0, "use_severity_v2": 0, "severity_gate": "none", "severity_gate_min_streak": 1, "entropy_mode": "overconfident", "severity_decay": 0.95, "freeze_baseline_steps": 0, "n_steps": 800, "horizon": 10000, "acc_final": 0.908, "mean_acc": 0.8255529598980286, "acc_min": 0.4375, "candidate_sample_idxs": [319, 639, 959, 1279, 1599, 1919, 2239, 2559, 2879, 3391, 3711, 4159, 4479, 4799, 5119, 5503, 5887, 6207, 6527, 6847, 7231, 7551, 7871, 8191, 8639, 8959, 9279], "confirmed_sample_idxs": [639, 1023, 1663, 1983, 2239, 2559, 2879, 3391, 3711, 4159, 4543, 4863, 5119, 5503, 5887, 6271, 6591, 7231, 7743, 8255, 8639, 9023, 9343], "acc_series": [[63, 0.4375], [127, 0.484375], [191, 0.515625], [255, 0.55078125], [319, 0.546875], [383, 0.5755208333333334], [447, 0.5803571428571429], [511, 0.591796875], [575, 0.6076388888888888], [639, 0.6234375], [703, 0.6377840909090909], [767, 0.6471354166666666], [831, 0.6466346153846154], [895, 0.6595982142857143], [959, 0.6677083333333333], [1023, 0.6826171875], [1087, 0.6939338235294118], [1151, 0.7048611111111112], [1215, 0.7113486842105263], [1279, 0.71875], [1343, 0.7247023809523809], [1407, 0.7322443181818182], [1471, 0.7411684782608695], [1535, 0.7506510416666666], [1599, 0.7575], [1663, 0.7620192307692307], [1727, 0.7644675925925926], [1791, 0.7672991071428571], [1855, 0.7667025862068966], [1919, 0.7697916666666667], [1983, 0.7711693548387096], [2047, 0.77392578125], [2111, 0.7769886363636364], [2175, 0.7775735294117647], [2239, 0.778125], [2303, 0.7816840277777778], [2367, 0.785472972972973], [2431, 0.7886513157894737], [2495, 0.7904647435897436], [2559, 0.79296875], [2623, 0.7972560975609756], [2687, 0.7991071428571429], [2751, 0.8012354651162791], [2815, 0.8043323863636364], [2879, 0.8069444444444445], [2943, 0.8091032608695652], [3007, 0.8121675531914894], [3071, 0.814453125], [3135, 0.8169642857142857], [3199, 0.8190625], [3263, 0.8213848039215687], [3327, 0.8233173076923077], [3391, 0.8260613207547169], [3455, 0.8284143518518519], [3519, 0.8301136363636363], [3583, 0.83203125], [3647, 0.834703947368421], [3711, 0.8367456896551724], [3775, 0.838718220338983], [3839, 0.8403645833333333], [3903, 0.8419569672131147], [3967, 0.84375], [4031, 0.8447420634920635], [4095, 0.846923828125], [4159, 0.8475961538461538], [4223, 0.8484848484848485], [4287, 0.8500466417910447], [4351, 0.8511029411764706], [4415, 0.8525815217391305], [4479, 0.8542410714285714], [4543, 0.8556338028169014], [4607, 0.8563368055555556], [4671, 0.8580907534246576], [4735, 0.8591638513513513], [4799, 0.86], [4863, 0.8604029605263158], [4927, 0.8616071428571429], [4991, 0.8623798076923077], [5055, 0.8633306962025317], [5119, 0.8634765625], [5183, 0.8645833333333334], [5247, 0.8650914634146342], [5311, 0.8659638554216867], [5375, 0.8668154761904762], [5439, 0.868014705882353], [5503, 0.8688226744186046], [5567, 0.8697916666666666], [5631, 0.8707386363636364], [5695, 0.8718398876404494], [5759, 0.8725694444444444], [5823, 0.873282967032967], [5887, 0.8741508152173914], [5951, 0.8748319892473119], [6015, 0.8758311170212766], [6079, 0.8768092105263158], [6143, 0.8776041666666666], [6207, 0.8778994845360825], [6271, 0.8788265306122449], [6335, 0.8791035353535354], [6399, 0.87984375], [6463, 0.880569306930693], [6527, 0.8815870098039216], [6591, 0.8824332524271845], [6655, 0.8829627403846154], [6719, 0.8834821428571429], [6783, 0.8844339622641509], [6847, 0.884929906542056], [6911, 0.8852719907407407], [6975, 0.8863245412844036], [7039, 0.8867897727272728], [7103, 0.887668918918919], [7167, 0.8878348214285714], [7231, 0.8884126106194691], [7295, 0.8889802631578947], [7359, 0.8898097826086957], [7423, 0.8903556034482759], [7487, 0.890625], [7551, 0.8914194915254238], [7615, 0.8922006302521008], [7679, 0.8924479166666667], [7743, 0.8923037190082644], [7807, 0.8931864754098361], [7871, 0.8934197154471545], [7935, 0.8936491935483871], [7999, 0.894], [8063, 0.8943452380952381], [8127, 0.8945620078740157], [8191, 0.8948974609375], [8255, 0.8957122093023255], [8319, 0.8963942307692307], [8383, 0.8968272900763359], [8447, 0.8972537878787878], [8511, 0.8974389097744361], [8575, 0.8978544776119403], [8639, 0.8980324074074074], [8703, 0.8982077205882353], [8767, 0.8986085766423357], [8831, 0.8991168478260869], [8895, 0.8996178057553957], [8959, 0.9002232142857143], [9023, 0.9008200354609929], [9087, 0.901518485915493], [9151, 0.9019886363636364], [9215, 0.9024522569444444], [9279, 0.9030172413793104], [9343, 0.903681506849315], [9407, 0.9040178571428571], [9471, 0.9045608108108109], [9535, 0.9052013422818792], [9599, 0.9057291666666667], [9663, 0.90625], [9727, 0.9064555921052632], [9791, 0.9068627450980392], [9855, 0.9070616883116883], [9919, 0.9074596774193548], [9983, 0.9079527243589743], [9999, 0.908]], "candidate_count_total": 26, "confirmed_count_total": 23, "created_at": 1768148552.998188, "confirm_rule_effective": "perm_test", "last_perm_pvalue": 0.004975124378109453, "last_perm_effect": 0.03654803017846661, "perm_test_count_total": 44, "perm_accept_count_total": 23, "perm_reject_count_total": 21, "perm_alpha": 0.05, "perm_pvalue_p50": 0.03731343283582089, "perm_pvalue_p90": 1.0, "perm_pvalue_p99": 1.0, "perm_pvalue_le_alpha_ratio": 0.5227272727272727, "perm_effect_p50": 0.009730228290464653, "perm_effect_p90": 0.06463061240042527, "perm_effect_p99": 0.09189974638565761}