{"dataset_name": "INSECTS_abrupt_balanced", "dataset_type": "insects_real", "model_variant": "ts_drift_adapt_severity", "seed": 5, "monitor_preset": "error_divergence_ph_meta@error.threshold=0.03,error.min_instances=5", "monitor_preset_base": "error_divergence_ph_meta", "monitor_ph_params": {"error_rate": {"delta": 0.005, "alpha": 0.15, "threshold": 0.03, "min_instances": 5}, "divergence": {"delta": 0.005, "alpha": 0.1, "threshold": 0.05, "min_instances": 30}}, "monitor_ph_overrides": {"error_rate": {"threshold": 0.03, "min_instances": 5}}, "trigger_mode": "two_stage", "trigger_k": 2, "trigger_threshold": 0.5, "trigger_weights": "confirm_cooldown=200,divergence=0.3,error_rate=0.5,teacher_entropy=0.2", "confirm_window": 1, "confirm_cooldown": 0, "adaptive_cooldown_enabled": 0, "adaptive_window": 10000, "adaptive_lower_per10k": 10.0, "adaptive_upper_per10k": 25.0, "adaptive_cooldown_low": 200, "adaptive_cooldown_high": 500, "severity_scheduler_scale": 2.0, "use_severity_v2": 1, "severity_gate": "confirmed_streak", "severity_gate_min_streak": 1, "entropy_mode": "uncertain", "severity_decay": 0.95, "freeze_baseline_steps": 5, "n_steps": 1200, "horizon": 52847, "acc_final": 0.20226313698033946, "mean_acc": 0.1974476914442354, "acc_min": 0.16009963768115942, "candidate_sample_idxs": [1279, 2559, 3839, 5119, 6399, 7679, 8959, 10239, 11519, 12799, 14335, 15615, 17919, 19199, 20479, 21759, 23039, 24319, 25599, 26879, 28159, 29695, 30975, 32255, 33535, 34815, 36095, 37375, 38655, 39935, 41215, 42495, 43775, 45055, 46335, 47615, 49407, 50687, 51967], "confirmed_sample_idxs": [1279, 2559, 3839, 5119, 6399, 7679, 8959, 10239, 11519, 12799, 14335, 15615, 17919, 19199, 20479, 21759, 23039, 24319, 25599, 26879, 28159, 29695, 30975, 32255, 33535, 34815, 36095, 37375, 38655, 39935, 41215, 42495, 43775, 45055, 46335, 47615, 49407, 50687, 51967], "acc_series": [[255, 0.265625], [511, 0.232421875], [767, 0.21744791666666666], [1023, 0.2138671875], [1279, 0.2078125], [1535, 0.2109375], [1791, 0.20424107142857142], [2047, 0.2060546875], [2303, 0.2052951388888889], [2559, 0.21171875], [2815, 0.2080965909090909], [3071, 0.20638020833333334], [3327, 0.20733173076923078], [3583, 0.20675223214285715], [3839, 0.20729166666666668], [4095, 0.206787109375], [4351, 0.20978860294117646], [4607, 0.2092013888888889], [4863, 0.20662006578947367], [5119, 0.2080078125], [5375, 0.20870535714285715], [5631, 0.21022727272727273], [5887, 0.2109375], [6143, 0.20914713541666666], [6399, 0.20921875], [6655, 0.2091346153846154], [6911, 0.20905671296296297], [7167, 0.20884486607142858], [7423, 0.20985991379310345], [7679, 0.208984375], [7935, 0.20854334677419356], [8191, 0.2100830078125], [8447, 0.21022727272727273], [8703, 0.21185661764705882], [8959, 0.21238839285714287], [9215, 0.21278211805555555], [9471, 0.21157094594594594], [9727, 0.21175986842105263], [9983, 0.21284054487179488], [10239, 0.21318359375], [10495, 0.21274771341463414], [10751, 0.21363467261904762], [11007, 0.2136627906976744], [11263, 0.212890625], [11519, 0.2126736111111111], [11775, 0.21356997282608695], [12031, 0.2137632978723404], [12287, 0.21297200520833334], [12543, 0.21356823979591838], [12799, 0.21078125], [13055, 0.20664828431372548], [13311, 0.20267427884615385], [13567, 0.19885023584905662], [13823, 0.19524016203703703], [14079, 0.19289772727272728], [14335, 0.19566127232142858], [14591, 0.19346217105263158], [14847, 0.19019396551724138], [15103, 0.1870365466101695], [15359, 0.18391927083333334], [15615, 0.18090420081967212], [15871, 0.17798639112903225], [16127, 0.17522321428571427], [16383, 0.1724853515625], [16639, 0.16983173076923078], [16895, 0.16725852272727273], [17151, 0.16476212686567165], [17407, 0.16245404411764705], [17663, 0.16009963768115942], [17919, 0.16021205357142856], [18175, 0.16543794014084506], [18431, 0.16878255208333334], [18687, 0.1717144691780822], [18943, 0.17477829391891891], [19199, 0.17744791666666668], [19455, 0.18025287828947367], [19711, 0.18156452922077923], [19967, 0.1814903846153846], [20223, 0.18161590189873417], [20479, 0.182177734375], [20735, 0.18209876543209877], [20991, 0.18221227134146342], [21247, 0.18227597891566266], [21503, 0.18233816964285715], [21759, 0.18249080882352942], [22015, 0.1824127906976744], [22271, 0.18274066091954022], [22527, 0.18310546875], [22783, 0.1834620786516854], [23039, 0.18415798611111112], [23295, 0.1851820054945055], [23551, 0.18643851902173914], [23807, 0.18800403225806453], [24063, 0.18866356382978725], [24319, 0.18939144736842106], [24575, 0.19010416666666666], [24831, 0.1911646262886598], [25087, 0.19260204081632654], [25343, 0.19404987373737373], [25599, 0.19515625], [25855, 0.1962020420792079], [26111, 0.19753370098039216], [26367, 0.19853610436893204], [26623, 0.1995567908653846], [26879, 0.2005580357142857], [27135, 0.2017246462264151], [27391, 0.20297897196261683], [27647, 0.20435474537037038], [27903, 0.20484518348623854], [28159, 0.20326704545454546], [28415, 0.20154138513513514], [28671, 0.19991629464285715], [28927, 0.1982853982300885], [29183, 0.19671737938596492], [29439, 0.19514266304347827], [29695, 0.19393184267241378], [29951, 0.19244123931623933], [30207, 0.1912407309322034], [30463, 0.19012605042016806], [30719, 0.18899739583333333], [30975, 0.18788739669421486], [31231, 0.1867315573770492], [31487, 0.18581681910569106], [31743, 0.18538936491935484], [31999, 0.18615625], [32255, 0.18774801587301587], [32511, 0.18943774606299213], [32767, 0.191070556640625], [33023, 0.1930717054263566], [33279, 0.19359975961538461], [33535, 0.19328482824427481], [33791, 0.19350733901515152], [34047, 0.19360902255639098], [34303, 0.1935634328358209], [34559, 0.19317129629629629], [34815, 0.19275620404411764], [35071, 0.19248973540145986], [35327, 0.1927932518115942], [35583, 0.19320481115107913], [35839, 0.1933872767857143], [36095, 0.1933732269503546], [36351, 0.19357944542253522], [36607, 0.19353693181818182], [36863, 0.19352213541666666], [37119, 0.19350754310344828], [37375, 0.1935734160958904], [37631, 0.19371811224489796], [37887, 0.19428315033783783], [38143, 0.1943949244966443], [38399, 0.19309895833333332], [38655, 0.1918460264900662], [38911, 0.19156044407894737], [39167, 0.19178921568627452], [39423, 0.19186282467532467], [39679, 0.19206149193548386], [39935, 0.19240785256410256], [40191, 0.19257563694267515], [40447, 0.19308742088607594], [40703, 0.19310141509433962], [40959, 0.193603515625], [41215, 0.1938567546583851], [41471, 0.19446855709876543], [41727, 0.19502492331288343], [41983, 0.19545541158536586], [42239, 0.19623579545454545], [42495, 0.19705384036144577], [42751, 0.19769835329341318], [43007, 0.19852120535714285], [43263, 0.19935743343195267], [43519, 0.2002987132352941], [43775, 0.2009548611111111], [44031, 0.20223928052325582], [44287, 0.20280888728323698], [44543, 0.2036188936781609], [44799, 0.2043080357142857], [45055, 0.20514470880681818], [45311, 0.20586158192090395], [45567, 0.2068556882022472], [45823, 0.20770775139664804], [46079, 0.20863715277777778], [46335, 0.20962102900552487], [46591, 0.2105726304945055], [46847, 0.2106600068306011], [47103, 0.20951511548913043], [47359, 0.20838260135135134], [47615, 0.20726226478494625], [47871, 0.20615391042780748], [48127, 0.20505734707446807], [48383, 0.20397238756613756], [48639, 0.20289884868421051], [48895, 0.2018979057591623], [49151, 0.20090738932291666], [49407, 0.19992713730569947], [49663, 0.19903753221649484], [49919, 0.19835737179487178], [50175, 0.1980030293367347], [50431, 0.1985247461928934], [50687, 0.19917929292929293], [50943, 0.20012170226130654], [51199, 0.20119140625], [51455, 0.20248367537313433], [51711, 0.20384050123762376], [51967, 0.20522244458128078], [52223, 0.20467601102941177], [52479, 0.20367759146341463], [52735, 0.20268886529126215], [52846, 0.20226313698033946]], "candidate_count_total": 39, "confirmed_count_total": 39, "created_at": 1767889855.9056797}