{"dataset_name": "INSECTS_abrupt_balanced", "dataset_type": "insects_real", "model_variant": "ts_drift_adapt_severity", "seed": 17, "monitor_preset": "error_divergence_ph_meta@error.threshold=0.05,error.min_instances=5", "monitor_preset_base": "error_divergence_ph_meta", "monitor_ph_params": {"error_rate": {"delta": 0.005, "alpha": 0.15, "threshold": 0.05, "min_instances": 5}, "divergence": {"delta": 0.005, "alpha": 0.1, "threshold": 0.05, "min_instances": 30}}, "monitor_ph_overrides": {"error_rate": {"threshold": 0.05, "min_instances": 5}}, "trigger_mode": "two_stage", "trigger_k": 2, "trigger_threshold": 0.5, "trigger_weights": "confirm_cooldown=200,divergence=0.3,error_rate=0.5,teacher_entropy=0.2", "confirm_window": 1, "confirm_cooldown": 0, "adaptive_cooldown_enabled": 0, "adaptive_window": 10000, "adaptive_lower_per10k": 10.0, "adaptive_upper_per10k": 25.0, "adaptive_cooldown_low": 200, "adaptive_cooldown_high": 500, "severity_scheduler_scale": 1.0, "use_severity_v2": 1, "severity_gate": "confirmed_streak", "severity_gate_min_streak": 5, "entropy_mode": "overconfident", "severity_decay": 0.95, "freeze_baseline_steps": 0, "n_steps": 1200, "horizon": 52847, "acc_final": 0.2032660321304899, "mean_acc": 0.1887632486609947, "acc_min": 0.0703125, "candidate_sample_idxs": [1279, 2559, 3839, 5119, 6399, 7679, 8959, 10239, 11519, 12799, 14591, 15871, 17151, 18431, 19711, 20991, 22271, 23551, 24831, 26111, 27391, 28671, 29951, 31231, 32511, 33791, 35071, 36351, 37631, 38911, 40191, 41471, 42751, 44031, 45311, 46591, 49919, 51199, 52479], "confirmed_sample_idxs": [1279, 2559, 3839, 5119, 6399, 7679, 8959, 10239, 11519, 12799, 14591, 15871, 17151, 18431, 19711, 20991, 22271, 23551, 24831, 26111, 27391, 28671, 29951, 31231, 32511, 33791, 35071, 36351, 37631, 38911, 40191, 41471, 42751, 44031, 45311, 46591, 49919, 51199, 52479], "acc_series": [[255, 0.0703125], [511, 0.115234375], [767, 0.13151041666666666], [1023, 0.140625], [1279, 0.14765625], [1535, 0.15950520833333334], [1791, 0.16573660714285715], [2047, 0.1640625], [2303, 0.1644965277777778], [2559, 0.164453125], [2815, 0.16832386363636365], [3071, 0.16959635416666666], [3327, 0.17578125], [3583, 0.17689732142857142], [3839, 0.17708333333333334], [4095, 0.178466796875], [4351, 0.17738970588235295], [4607, 0.1779513888888889], [4863, 0.18318256578947367], [5119, 0.1814453125], [5375, 0.17987351190476192], [5631, 0.17950994318181818], [5887, 0.18070652173913043], [6143, 0.18359375], [6399, 0.18453125], [6655, 0.18900240384615385], [6911, 0.19053819444444445], [7167, 0.19140625], [7423, 0.1908674568965517], [7679, 0.19114583333333332], [7935, 0.1922883064516129], [8191, 0.1927490234375], [8447, 0.1933001893939394], [8703, 0.19496783088235295], [8959, 0.19698660714285715], [9215, 0.19737413194444445], [9471, 0.19805743243243243], [9727, 0.19736842105263158], [9983, 0.19751602564102563], [10239, 0.19873046875], [10495, 0.19855182926829268], [10751, 0.19921875], [11007, 0.19885537790697674], [11263, 0.19984019886363635], [11519, 0.20052083333333334], [11775, 0.2008322010869565], [12031, 0.20121343085106383], [12287, 0.2001953125], [12543, 0.20073341836734693], [12799, 0.197890625], [13055, 0.19401041666666666], [13311, 0.1902794471153846], [13567, 0.18668926886792453], [13823, 0.18323206018518517], [14079, 0.17990056818181818], [14335, 0.17668805803571427], [14591, 0.17817982456140352], [14847, 0.17860991379310345], [15103, 0.17988612288135594], [15359, 0.17936197916666666], [15615, 0.17808657786885246], [15871, 0.17672631048387097], [16127, 0.17485119047619047], [16383, 0.1732177734375], [16639, 0.17127403846153846], [16895, 0.16962594696969696], [17151, 0.16843516791044777], [17407, 0.1675091911764706], [17663, 0.16717617753623187], [17919, 0.16746651785714287], [18175, 0.16719850352112675], [18431, 0.16634114583333334], [18687, 0.16513270547945205], [18943, 0.16495988175675674], [19199, 0.16505208333333332], [19455, 0.16570723684210525], [19711, 0.16715706168831168], [19967, 0.1676181891025641], [20223, 0.16791930379746836], [20479, 0.16826171875], [20735, 0.16869212962962962], [20991, 0.16944550304878048], [21247, 0.17018072289156627], [21503, 0.1708984375], [21759, 0.1723345588235294], [22015, 0.1738735465116279], [22271, 0.17483836206896552], [22527, 0.17693536931818182], [22783, 0.17924859550561797], [23039, 0.18003472222222222], [23295, 0.1811040521978022], [23551, 0.18291440217391305], [23807, 0.18489583333333334], [24063, 0.18633643617021275], [24319, 0.1875], [24575, 0.1884765625], [24831, 0.18943298969072164], [25087, 0.19025031887755103], [25343, 0.19176136363636365], [25599, 0.1930078125], [25855, 0.1944229579207921], [26111, 0.19569546568627452], [26367, 0.19682949029126215], [26623, 0.19797926682692307], [26879, 0.1992559523809524], [27135, 0.20058225235849056], [27391, 0.20210280373831777], [27647, 0.20359519675925927], [27903, 0.20495269495412843], [28159, 0.20358664772727272], [28415, 0.20189329954954954], [28671, 0.20023018973214285], [28927, 0.19873478982300885], [29183, 0.1972313596491228], [29439, 0.19578804347826087], [29695, 0.19457165948275862], [29951, 0.19354300213675213], [30207, 0.19256488347457626], [30463, 0.19176733193277312], [30719, 0.19065755208333332], [30975, 0.18982438016528927], [31231, 0.18887679303278687], [31487, 0.18803988821138212], [31743, 0.1875945060483871], [31999, 0.18734375], [32255, 0.1875], [32511, 0.1881459153543307], [32767, 0.189300537109375], [33023, 0.19070978682170542], [33279, 0.1909855769230769], [33535, 0.19098878816793893], [33791, 0.19140625], [34047, 0.19164121240601503], [34303, 0.1916103078358209], [34559, 0.19189814814814815], [34815, 0.19177964154411764], [35071, 0.19177691605839417], [35327, 0.19183084239130435], [35583, 0.19202450539568344], [35839, 0.19229910714285714], [36095, 0.19234818262411346], [36351, 0.19267165492957747], [36607, 0.19277207167832167], [36863, 0.1928439670138889], [37119, 0.19288793103448276], [37375, 0.1929045376712329], [37631, 0.19310693027210885], [37887, 0.19375527871621623], [38143, 0.1941589765100671], [38399, 0.19286458333333334], [38655, 0.1915873344370861], [38911, 0.19179173519736842], [39167, 0.19212111928104575], [39423, 0.19221793831168832], [39679, 0.19236391129032257], [39935, 0.19248297275641027], [40191, 0.1924512340764331], [40447, 0.19269185126582278], [40703, 0.1931996855345912], [40959, 0.193798828125], [41215, 0.19424495341614906], [41471, 0.19480613425925927], [41727, 0.1959355828220859], [41983, 0.19678925304878048], [42239, 0.19812973484848484], [42495, 0.19935993975903615], [42751, 0.20027133233532934], [43007, 0.20091610863095238], [43263, 0.2020155325443787], [43519, 0.2029641544117647], [43775, 0.20392452485380116], [44031, 0.20521438953488372], [44287, 0.20587969653179192], [44543, 0.20664960488505746], [44799, 0.20741071428571428], [45055, 0.20845170454545456], [45311, 0.20921610169491525], [45567, 0.21005969101123595], [45823, 0.21098114525139663], [46079, 0.21217447916666668], [46335, 0.21326830110497239], [46591, 0.21419986263736263], [46847, 0.2143528005464481], [47103, 0.21318783967391305], [47359, 0.21203547297297298], [47615, 0.21089549731182797], [47871, 0.20976771390374332], [48127, 0.20865192819148937], [48383, 0.20754794973544974], [48639, 0.20645559210526315], [48895, 0.20541557591623036], [49151, 0.20440673828125], [49407, 0.2033678756476684], [49663, 0.20250080541237114], [49919, 0.20172275641025642], [50175, 0.201171875], [50431, 0.20088435913705585], [50687, 0.20085621843434343], [50943, 0.201299466080402], [51199, 0.2019921875], [51455, 0.20308613184079602], [51711, 0.20465269183168316], [51967, 0.20616533251231528], [52223, 0.2056908700980392], [52479, 0.2046875], [52735, 0.2036938713592233], [52846, 0.2032660321304899]], "candidate_count_total": 39, "confirmed_count_total": 39, "created_at": 1767880238.5587556}