{"dataset_name": "sine_nodrift", "dataset_type": "sine", "model_variant": "ts_drift_adapt", "seed": 2, "monitor_preset": "error_divergence_ph_meta@error.threshold=0.10,error.min_instances=5", "monitor_preset_base": "error_divergence_ph_meta", "monitor_ph_params": {"error_rate": {"delta": 0.005, "alpha": 0.15, "threshold": 0.1, "min_instances": 5}, "divergence": {"delta": 0.005, "alpha": 0.1, "threshold": 0.05, "min_instances": 30}}, "monitor_ph_overrides": {"error_rate": {"threshold": 0.1, "min_instances": 5}}, "trigger_mode": "two_stage", "trigger_k": 2, "trigger_threshold": 0.5, "trigger_weights": "__confirm_cooldown=200,__confirm_rule=perm_test,__perm_alpha=0.005,__perm_delta_k=25,__perm_min_effect=0,__perm_n_perm=200,__perm_post_n=10,__perm_pre_n=200,__perm_rng_seed=0,__perm_stat=delta_fused_score,divergence=0.3,error_rate=0.5,teacher_entropy=0.2", "confirm_window": 3, "confirm_cooldown": 0, "adaptive_cooldown_enabled": 0, "adaptive_window": 10000, "adaptive_lower_per10k": 10.0, "adaptive_upper_per10k": 25.0, "adaptive_cooldown_low": 200, "adaptive_cooldown_high": 500, "severity_scheduler_scale": 1.0, "use_severity_v2": 0, "severity_gate": "none", "severity_gate_min_streak": 1, "entropy_mode": "overconfident", "severity_decay": 0.95, "freeze_baseline_steps": 0, "n_steps": 800, "horizon": 10000, "acc_final": 0.9208, "mean_acc": 0.854639953718787, "acc_min": 0.375, "candidate_sample_idxs": [319, 639, 959, 1279, 1599, 1919, 2367, 2687, 3007, 3327, 3647, 3967, 4287, 4863, 5183, 5503, 5823, 6591, 6911, 7871, 8191, 8511, 8831, 9151], "confirmed_sample_idxs": [1279, 1599, 1983, 2367, 3007, 3327, 3647, 4031, 4863, 5503, 5823, 6591, 6911, 7871, 8703], "acc_series": [[63, 0.375], [127, 0.4921875], [191, 0.5572916666666666], [255, 0.59375], [319, 0.615625], [383, 0.6354166666666666], [447, 0.6629464285714286], [511, 0.67578125], [575, 0.6840277777777778], [639, 0.696875], [703, 0.7102272727272727], [767, 0.7122395833333334], [831, 0.7223557692307693], [895, 0.7354910714285714], [959, 0.7447916666666666], [1023, 0.7509765625], [1087, 0.7536764705882353], [1151, 0.7586805555555556], [1215, 0.7664473684210527], [1279, 0.76875], [1343, 0.7745535714285714], [1407, 0.7784090909090909], [1471, 0.7846467391304348], [1535, 0.7890625], [1599, 0.79125], [1663, 0.7944711538461539], [1727, 0.7980324074074074], [1791, 0.8018973214285714], [1855, 0.802801724137931], [1919, 0.8072916666666666], [1983, 0.8125], [2047, 0.81689453125], [2111, 0.8200757575757576], [2175, 0.8249080882352942], [2239, 0.8290178571428571], [2303, 0.8324652777777778], [2367, 0.8336148648648649], [2431, 0.8367598684210527], [2495, 0.8401442307692307], [2559, 0.84140625], [2623, 0.84375], [2687, 0.8463541666666666], [2751, 0.8477470930232558], [2815, 0.8497869318181818], [2879, 0.8513888888888889], [2943, 0.8522418478260869], [3007, 0.8533909574468085], [3071, 0.8548177083333334], [3135, 0.8571428571428571], [3199, 0.8590625], [3263, 0.8602941176470589], [3327, 0.8617788461538461], [3391, 0.8626179245283019], [3455, 0.8645833333333334], [3519, 0.8664772727272727], [3583, 0.8666294642857143], [3647, 0.8670504385964912], [3711, 0.8682650862068966], [3775, 0.8689088983050848], [3839, 0.8697916666666666], [3903, 0.8703893442622951], [3967, 0.8717237903225806], [4031, 0.8725198412698413], [4095, 0.8740234375], [4159, 0.8742788461538461], [4223, 0.8747632575757576], [4287, 0.8756996268656716], [4351, 0.8770680147058824], [4415, 0.8779438405797102], [4479, 0.8790178571428572], [4543, 0.8807218309859155], [4607, 0.8815104166666666], [4671, 0.882277397260274], [4735, 0.8821790540540541], [4799, 0.8825], [4863, 0.8834292763157895], [4927, 0.8839285714285714], [4991, 0.8844150641025641], [5055, 0.8852848101265823], [5119, 0.8859375], [5183, 0.886766975308642], [5247, 0.887766768292683], [5311, 0.8883659638554217], [5375, 0.8889508928571429], [5439, 0.8891544117647059], [5503, 0.8893531976744186], [5567, 0.8904454022988506], [5631, 0.8911576704545454], [5695, 0.8923806179775281], [5759, 0.8934027777777778], [5823, 0.8930288461538461], [5887, 0.8940217391304348], [5951, 0.8951612903225806], [6015, 0.8956117021276596], [6079, 0.8960526315789473], [6143, 0.896484375], [6207, 0.8965850515463918], [6271, 0.8976403061224489], [6335, 0.8983585858585859], [6399, 0.8990625], [6463, 0.8995977722772277], [6527, 0.9004289215686274], [6591, 0.9004854368932039], [6655, 0.9006911057692307], [6719, 0.9013392857142857], [6783, 0.902122641509434], [6847, 0.9027453271028038], [6911, 0.9029224537037037], [6975, 0.9038130733944955], [7039, 0.9046875], [7103, 0.9055461711711712], [7167, 0.9055524553571429], [7231, 0.9061117256637168], [7295, 0.9065241228070176], [7359, 0.9070652173913043], [7423, 0.9073275862068966], [7487, 0.9078525641025641], [7551, 0.9082362288135594], [7615, 0.9082195378151261], [7679, 0.9083333333333333], [7743, 0.9088326446280992], [7807, 0.9094518442622951], [7871, 0.9096798780487805], [7935, 0.9097782258064516], [7999, 0.91025], [8063, 0.9103422619047619], [8127, 0.9106791338582677], [8191, 0.911376953125], [8255, 0.9119428294573644], [8319, 0.9122596153846154], [8383, 0.9125715648854962], [8447, 0.9128787878787878], [8511, 0.9131813909774437], [8575, 0.9134794776119403], [8639, 0.9140046296296296], [8703, 0.9137178308823529], [8767, 0.9141195255474452], [8831, 0.9141757246376812], [8895, 0.9147931654676259], [8959, 0.9151785714285714], [9023, 0.9153368794326241], [9087, 0.9156029929577465], [9151, 0.9161931818181818], [9215, 0.9165581597222222], [9279, 0.9169181034482758], [9343, 0.9173801369863014], [9407, 0.9179421768707483], [9471, 0.9181798986486487], [9535, 0.9185192953020134], [9599, 0.9186458333333334], [9663, 0.9191846026490066], [9727, 0.9195106907894737], [9791, 0.9198325163398693], [9855, 0.9201501623376623], [9919, 0.9205645161290322], [9983, 0.9206730769230769], [9999, 0.9208]], "candidate_count_total": 23, "confirmed_count_total": 15, "created_at": 1768144624.0650647, "confirm_rule_effective": "perm_test", "last_perm_pvalue": 1.0, "last_perm_effect": -0.012724799330491067, "perm_test_count_total": 48, "perm_accept_count_total": 15, "perm_reject_count_total": 33, "perm_alpha": 0.005, "perm_pvalue_p50": 1.0, "perm_pvalue_p90": 1.0, "perm_pvalue_p99": 1.0, "perm_pvalue_le_alpha_ratio": 0.3125, "perm_effect_p50": -0.006763172113238472, "perm_effect_p90": 0.07406336893269522, "perm_effect_p99": 0.1493772144580416}