{"dataset_name": "INSECTS_abrupt_balanced", "dataset_type": "insects_real", "model_variant": "ts_drift_adapt_severity", "seed": 31, "monitor_preset": "error_divergence_ph_meta@error.threshold=0.05,error.min_instances=5", "monitor_preset_base": "error_divergence_ph_meta", "monitor_ph_params": {"error_rate": {"delta": 0.005, "alpha": 0.15, "threshold": 0.05, "min_instances": 5}, "divergence": {"delta": 0.005, "alpha": 0.1, "threshold": 0.05, "min_instances": 30}}, "monitor_ph_overrides": {"error_rate": {"threshold": 0.05, "min_instances": 5}}, "trigger_mode": "two_stage", "trigger_k": 2, "trigger_threshold": 0.5, "trigger_weights": "confirm_cooldown=200,divergence=0.3,error_rate=0.5,teacher_entropy=0.2", "confirm_window": 1, "confirm_cooldown": 0, "adaptive_cooldown_enabled": 0, "adaptive_window": 10000, "adaptive_lower_per10k": 10.0, "adaptive_upper_per10k": 25.0, "adaptive_cooldown_low": 200, "adaptive_cooldown_high": 500, "severity_scheduler_scale": 2.0, "use_severity_v2": 1, "severity_gate": "confirmed_streak", "severity_gate_min_streak": 5, "entropy_mode": "uncertain", "severity_decay": 0.95, "freeze_baseline_steps": 5, "n_steps": 1200, "horizon": 52847, "acc_final": 0.2074479156811172, "mean_acc": 0.20347112477367887, "acc_min": 0.1640625, "candidate_sample_idxs": [1279, 2559, 4095, 5375, 6655, 7935, 9215, 10495, 11775, 13055, 14335, 16127, 18175, 19455, 20735, 22015, 23295, 24575, 25855, 27135, 28415, 29695, 30975, 32255, 33535, 34815, 36095, 37375, 38655, 39935, 41215, 42495, 43775, 45055, 46335, 47615, 48895, 50175, 51455, 52735], "confirmed_sample_idxs": [1279, 2559, 4095, 5375, 6655, 7935, 9215, 10495, 11775, 13055, 14335, 16127, 18175, 19455, 20735, 22015, 23295, 24575, 25855, 27135, 28415, 29695, 30975, 32255, 33535, 34815, 36095, 37375, 38655, 39935, 41215, 42495, 43775, 45055, 46335, 47615, 48895, 50175, 51455, 52735], "acc_series": [[255, 0.1640625], [511, 0.16796875], [767, 0.18098958333333334], [1023, 0.1865234375], [1279, 0.1875], [1535, 0.19140625], [1791, 0.19642857142857142], [2047, 0.19921875], [2303, 0.20052083333333334], [2559, 0.199609375], [2815, 0.1981534090909091], [3071, 0.20084635416666666], [3327, 0.20282451923076922], [3583, 0.20396205357142858], [3839, 0.20338541666666668], [4095, 0.201904296875], [4351, 0.20197610294117646], [4607, 0.20225694444444445], [4863, 0.20045230263157895], [5119, 0.201171875], [5375, 0.20200892857142858], [5631, 0.205078125], [5887, 0.20533288043478262], [6143, 0.20719401041666666], [6399, 0.208125], [6655, 0.20823317307692307], [6911, 0.2092013888888889], [7167, 0.21177455357142858], [7423, 0.2134967672413793], [7679, 0.2140625], [7935, 0.21522177419354838], [8191, 0.2164306640625], [8447, 0.21661931818181818], [8703, 0.21806066176470587], [8959, 0.21953125], [9215, 0.22157118055555555], [9471, 0.22244510135135134], [9727, 0.22275904605263158], [9983, 0.2228565705128205], [10239, 0.22275390625], [10495, 0.22198932926829268], [10751, 0.22163318452380953], [11007, 0.22211119186046513], [11263, 0.22221235795454544], [11519, 0.22265625], [11775, 0.22342051630434784], [12031, 0.22290558510638298], [12287, 0.22347005208333334], [12543, 0.22401147959183673], [12799, 0.220390625], [13055, 0.21606924019607843], [13311, 0.2119140625], [13567, 0.20791568396226415], [13823, 0.20406539351851852], [14079, 0.20063920454545456], [14335, 0.203125], [14591, 0.20093201754385964], [14847, 0.1974676724137931], [15103, 0.19418697033898305], [15359, 0.19095052083333333], [15615, 0.1878201844262295], [15871, 0.18479082661290322], [16127, 0.18191964285714285], [16383, 0.1790771484375], [16639, 0.1763221153846154], [16895, 0.17365056818181818], [17151, 0.17105876865671643], [17407, 0.16860064338235295], [17663, 0.16615715579710144], [17919, 0.16612723214285716], [18175, 0.17093970070422534], [18431, 0.17447916666666666], [18687, 0.1774935787671233], [18943, 0.18100717905405406], [19199, 0.18401041666666668], [19455, 0.18796258223684212], [19711, 0.19003652597402598], [19967, 0.19065504807692307], [20223, 0.1908623417721519], [20479, 0.191259765625], [20735, 0.19135802469135801], [20991, 0.19188262195121952], [21247, 0.19197100903614459], [21503, 0.19228980654761904], [21759, 0.1922794117647059], [22015, 0.19231468023255813], [22271, 0.19320222701149425], [22527, 0.19389204545454544], [22783, 0.19456636235955055], [23039, 0.19522569444444443], [23295, 0.19612809065934067], [23551, 0.197265625], [23807, 0.19900873655913978], [24063, 0.20013297872340424], [24319, 0.2013157894736842], [24575, 0.20231119791666666], [24831, 0.20389014175257733], [25087, 0.205078125], [25343, 0.20643939393939395], [25599, 0.2074609375], [25855, 0.20881033415841585], [26111, 0.20963541666666666], [26367, 0.21040655339805825], [26623, 0.21168870192307693], [26879, 0.21298363095238096], [27135, 0.2139224646226415], [27391, 0.21528183411214954], [27647, 0.2165798611111111], [27903, 0.21760321100917432], [28159, 0.21598011363636363], [28415, 0.2141751126126126], [28671, 0.21240234375], [28927, 0.21069551991150443], [29183, 0.2090186403508772], [29439, 0.20754076086956522], [29695, 0.20615571120689655], [29951, 0.2049278846153846], [30207, 0.2038532838983051], [30463, 0.203125], [30719, 0.20185546875], [30975, 0.20099431818181818], [31231, 0.2001472848360656], [31487, 0.1992822662601626], [31743, 0.19877772177419356], [31999, 0.1985625], [32255, 0.19934275793650794], [32511, 0.20047982283464566], [32767, 0.201904296875], [33023, 0.20373062015503876], [33279, 0.20405649038461537], [33535, 0.20366173664122136], [33791, 0.20374644886363635], [34047, 0.203859257518797], [34303, 0.20367887126865672], [34559, 0.20324074074074075], [34815, 0.20272288602941177], [35071, 0.2024121806569343], [35327, 0.20250226449275363], [35583, 0.20275966726618705], [35839, 0.20281808035714285], [36095, 0.2026817375886525], [36351, 0.20287742077464788], [36607, 0.20274256993006992], [36863, 0.2026638454861111], [37119, 0.20272090517241378], [37375, 0.2026969178082192], [37631, 0.2028326955782313], [37887, 0.20323057432432431], [38143, 0.2037804110738255], [38399, 0.202421875], [38655, 0.20108133278145696], [38911, 0.20109477796052633], [39167, 0.20115910947712418], [39423, 0.201171875], [39679, 0.20133568548387096], [39935, 0.20119691506410256], [40191, 0.20098527070063693], [40447, 0.2008504746835443], [40703, 0.20029972484276728], [40959, 0.2001708984375], [41215, 0.1999708850931677], [41471, 0.20025559413580246], [41727, 0.20096817484662577], [41983, 0.20160060975609756], [42239, 0.20255681818181817], [42495, 0.20354856927710843], [42751, 0.20445827095808383], [43007, 0.20538039434523808], [43263, 0.2064996301775148], [43519, 0.20762867647058825], [43775, 0.20847039473684212], [44031, 0.20966569767441862], [44287, 0.21039559248554912], [44543, 0.21107219827586207], [44799, 0.21189732142857143], [45055, 0.21293501420454544], [45311, 0.21362994350282485], [45567, 0.21458040730337077], [45823, 0.2154984287709497], [46079, 0.21664496527777777], [46335, 0.21767092541436464], [46591, 0.21849244505494506], [46847, 0.2186005806010929], [47103, 0.2174125339673913], [47359, 0.2162373310810811], [47615, 0.21507476478494625], [47871, 0.21394552139037434], [48127, 0.21286984707446807], [48383, 0.2119295634920635], [48639, 0.21110197368421052], [48895, 0.2103648560209424], [49151, 0.209716796875], [49407, 0.20923737046632124], [49663, 0.20894410438144329], [49919, 0.20869391025641026], [50175, 0.2087452168367347], [50431, 0.208776173857868], [50687, 0.20874763257575757], [50943, 0.20899418969849246], [51199, 0.20931640625], [51455, 0.20967428482587064], [51711, 0.21008663366336633], [51967, 0.21053340517241378], [52223, 0.20992264093137256], [52479, 0.20889862804878048], [52735, 0.20788455703883496], [52846, 0.2074479156811172]], "candidate_count_total": 40, "confirmed_count_total": 40, "created_at": 1767889284.603568}