{"dataset_name": "sine_nodrift", "dataset_type": "sine", "model_variant": "ts_drift_adapt", "seed": 1, "monitor_preset": "error_divergence_ph_meta@error.threshold=0.10,error.min_instances=5", "monitor_preset_base": "error_divergence_ph_meta", "monitor_ph_params": {"error_rate": {"delta": 0.005, "alpha": 0.15, "threshold": 0.1, "min_instances": 5}, "divergence": {"delta": 0.005, "alpha": 0.1, "threshold": 0.05, "min_instances": 30}}, "monitor_ph_overrides": {"error_rate": {"threshold": 0.1, "min_instances": 5}}, "trigger_mode": "two_stage", "trigger_k": 2, "trigger_threshold": 0.5, "trigger_weights": "__confirm_cooldown=200,__confirm_rule=perm_test,__perm_alpha=0.05,__perm_delta_k=50,__perm_min_effect=0,__perm_n_perm=200,__perm_post_n=50,__perm_pre_n=500,__perm_rng_seed=0,__perm_stat=delta_fused_score,divergence=0.3,error_rate=0.5,teacher_entropy=0.2", "confirm_window": 3, "confirm_cooldown": 0, "adaptive_cooldown_enabled": 0, "adaptive_window": 10000, "adaptive_lower_per10k": 10.0, "adaptive_upper_per10k": 25.0, "adaptive_cooldown_low": 200, "adaptive_cooldown_high": 500, "severity_scheduler_scale": 1.0, "use_severity_v2": 0, "severity_gate": "none", "severity_gate_min_streak": 1, "entropy_mode": "overconfident", "severity_decay": 0.95, "freeze_baseline_steps": 0, "n_steps": 800, "horizon": 10000, "acc_final": 0.9229, "mean_acc": 0.8721582915756764, "acc_min": 0.5, "candidate_sample_idxs": [319, 639, 959, 1279, 1599, 1919, 2239, 2559, 2879, 3199, 3583, 3903, 4223, 4543, 5311, 5631, 6015, 6335, 6655, 6975, 7295, 7679, 7999, 8511, 9087, 9471, 9791], "confirmed_sample_idxs": [831, 1279, 1663, 1919, 2239, 2623, 2943, 3199, 3583, 3967, 4287, 4607, 5311, 5695, 6015, 6335, 6655, 7039, 7679, 8511, 9087, 9471, 9791], "acc_series": [[63, 0.5], [127, 0.640625], [191, 0.6927083333333334], [255, 0.7109375], [319, 0.71875], [383, 0.7291666666666666], [447, 0.7366071428571429], [511, 0.767578125], [575, 0.7760416666666666], [639, 0.7765625], [703, 0.7855113636363636], [767, 0.7903645833333334], [831, 0.7956730769230769], [895, 0.7991071428571429], [959, 0.8041666666666667], [1023, 0.810546875], [1087, 0.8115808823529411], [1151, 0.8159722222222222], [1215, 0.8199013157894737], [1279, 0.821875], [1343, 0.8244047619047619], [1407, 0.8259943181818182], [1471, 0.8274456521739131], [1535, 0.83203125], [1599, 0.83375], [1663, 0.8347355769230769], [1727, 0.8373842592592593], [1791, 0.8392857142857143], [1855, 0.8389008620689655], [1919, 0.840625], [1983, 0.8422379032258065], [2047, 0.84521484375], [2111, 0.8475378787878788], [2175, 0.8478860294117647], [2239, 0.8504464285714286], [2303, 0.8511284722222222], [2367, 0.8526182432432432], [2431, 0.8560855263157895], [2495, 0.8569711538461539], [2559, 0.8578125], [2623, 0.8605182926829268], [2687, 0.8623511904761905], [2751, 0.8637354651162791], [2815, 0.8650568181818182], [2879, 0.8670138888888889], [2943, 0.8671875], [3007, 0.8680186170212766], [3071, 0.8697916666666666], [3135, 0.8705357142857143], [3199, 0.87], [3263, 0.8707107843137255], [3327, 0.8716947115384616], [3391, 0.8723466981132075], [3455, 0.8726851851851852], [3519, 0.8732954545454545], [3583, 0.8736049107142857], [3647, 0.8736293859649122], [3711, 0.873114224137931], [3775, 0.8739406779661016], [3839, 0.875], [3903, 0.8765368852459017], [3967, 0.8767641129032258], [4031, 0.8762400793650794], [4095, 0.875732421875], [4159, 0.8745192307692308], [4223, 0.8752367424242424], [4287, 0.8759328358208955], [4351, 0.8768382352941176], [4415, 0.8774909420289855], [4479, 0.8787946428571428], [4543, 0.8794014084507042], [4607, 0.880859375], [4671, 0.8820633561643836], [4735, 0.8823902027027027], [4799, 0.8829166666666667], [4863, 0.8838404605263158], [4927, 0.8849431818181818], [4991, 0.8860176282051282], [5055, 0.8868670886075949], [5119, 0.887890625], [5183, 0.8892746913580247], [5247, 0.8898628048780488], [5311, 0.8908132530120482], [5375, 0.8915550595238095], [5439, 0.8924632352941176], [5503, 0.8933502906976745], [5567, 0.8943965517241379], [5631, 0.8954190340909091], [5695, 0.8953651685393258], [5759, 0.8960069444444444], [5823, 0.896978021978022], [5887, 0.8974184782608695], [5951, 0.8980174731182796], [6015, 0.8986037234042553], [6079, 0.8993421052631579], [6143, 0.900390625], [6207, 0.9002899484536082], [6271, 0.9011479591836735], [6335, 0.9010416666666666], [6399, 0.901875], [6463, 0.9023824257425742], [6527, 0.9028799019607843], [6591, 0.9030643203883495], [6655, 0.9029447115384616], [6719, 0.903422619047619], [6783, 0.9038915094339622], [6847, 0.9039135514018691], [6911, 0.9042245370370371], [6975, 0.9048165137614679], [7039, 0.9053977272727273], [7103, 0.9059684684684685], [7167, 0.9065290178571429], [7231, 0.9072179203539823], [7295, 0.9078947368421053], [7359, 0.9085597826086956], [7423, 0.9092133620689655], [7487, 0.9098557692307693], [7551, 0.9102224576271186], [7615, 0.9103203781512605], [7679, 0.9106770833333333], [7743, 0.9110278925619835], [7807, 0.9115010245901639], [7871, 0.9119664634146342], [7935, 0.9124243951612904], [7999, 0.912625], [8063, 0.9130704365079365], [8127, 0.9133858267716536], [8191, 0.913818359375], [8255, 0.9143653100775194], [8319, 0.9147836538461539], [8383, 0.9150763358778626], [8447, 0.9152462121212122], [8511, 0.9156484962406015], [8575, 0.9159281716417911], [8639, 0.9162037037037037], [8703, 0.9167049632352942], [8767, 0.9173129562043796], [8831, 0.9177989130434783], [8895, 0.9179406474820144], [8959, 0.9181919642857143], [9023, 0.918218085106383], [9087, 0.9181338028169014], [9151, 0.9182692307692307], [9215, 0.9186197916666666], [9279, 0.9189655172413793], [9343, 0.9195205479452054], [9407, 0.9196428571428571], [9471, 0.9197635135135135], [9535, 0.9201971476510067], [9599, 0.9205208333333333], [9663, 0.9207367549668874], [9727, 0.9212582236842105], [9791, 0.9214665032679739], [9855, 0.921875], [9919, 0.9222782258064516], [9983, 0.9227764423076923], [9999, 0.9229]], "candidate_count_total": 26, "confirmed_count_total": 23, "created_at": 1768131187.384257, "confirm_rule_effective": "perm_test", "last_perm_pvalue": 0.004975124378109453, "last_perm_effect": 0.05682772565257165, "perm_test_count_total": 42, "perm_accept_count_total": 23, "perm_reject_count_total": 19, "perm_alpha": 0.05, "perm_pvalue_p50": 0.01990049751243781, "perm_pvalue_p90": 1.0, "perm_pvalue_p99": 1.0, "perm_pvalue_le_alpha_ratio": 0.5476190476190477, "perm_effect_p50": 0.01532055957483334, "perm_effect_p90": 0.08520116026568436, "perm_effect_p99": 0.16407945695238452}