{"dataset_name": "INSECTS_abrupt_balanced", "dataset_type": "insects_real", "model_variant": "ts_drift_adapt_severity", "seed": 22, "monitor_preset": "error_divergence_ph_meta@error.threshold=0.05,error.min_instances=5", "monitor_preset_base": "error_divergence_ph_meta", "monitor_ph_params": {"error_rate": {"delta": 0.005, "alpha": 0.15, "threshold": 0.05, "min_instances": 5}, "divergence": {"delta": 0.005, "alpha": 0.1, "threshold": 0.05, "min_instances": 30}}, "monitor_ph_overrides": {"error_rate": {"threshold": 0.05, "min_instances": 5}}, "trigger_mode": "two_stage", "trigger_k": 2, "trigger_threshold": 0.5, "trigger_weights": "confirm_cooldown=200,divergence=0.3,error_rate=0.5,teacher_entropy=0.2", "confirm_window": 1, "confirm_cooldown": 0, "adaptive_cooldown_enabled": 0, "adaptive_window": 10000, "adaptive_lower_per10k": 10.0, "adaptive_upper_per10k": 25.0, "adaptive_cooldown_low": 200, "adaptive_cooldown_high": 500, "severity_scheduler_scale": 2.0, "use_severity_v2": 1, "severity_gate": "none", "severity_gate_min_streak": 1, "entropy_mode": "uncertain", "severity_decay": 0.95, "freeze_baseline_steps": 5, "n_steps": 1200, "horizon": 52847, "acc_final": 0.19287755217893163, "mean_acc": 0.19031168381571767, "acc_min": 0.15477807971014493, "candidate_sample_idxs": [1279, 2559, 3839, 5119, 6399, 7679, 8959, 10239, 11519, 12799, 14335, 16127, 17919, 19199, 20479, 21759, 23039, 24319, 25599, 26879, 28159, 29439, 30719, 31999, 33279, 34559, 35839, 37119, 38399, 39679, 40959, 42239, 43519, 44799, 46079, 47359, 50431, 51711, 52846], "confirmed_sample_idxs": [1279, 2559, 3839, 5119, 6399, 7679, 8959, 10239, 11519, 12799, 14335, 16127, 17919, 19199, 20479, 21759, 23039, 24319, 25599, 26879, 28159, 29439, 30719, 31999, 33279, 34559, 35839, 37119, 38399, 39679, 40959, 42239, 43519, 44799, 46079, 47359, 50431, 51711, 52846], "acc_series": [[255, 0.16796875], [511, 0.18359375], [767, 0.18098958333333334], [1023, 0.1875], [1279, 0.1875], [1535, 0.19205729166666666], [1791, 0.1953125], [2047, 0.1962890625], [2303, 0.2026909722222222], [2559, 0.1984375], [2815, 0.20134943181818182], [3071, 0.20377604166666666], [3327, 0.20192307692307693], [3583, 0.20228794642857142], [3839, 0.20052083333333334], [4095, 0.200927734375], [4351, 0.20404411764705882], [4607, 0.2026909722222222], [4863, 0.20435855263157895], [5119, 0.205078125], [5375, 0.20442708333333334], [5631, 0.20525568181818182], [5887, 0.2073709239130435], [6143, 0.20833333333333334], [6399, 0.20859375], [6655, 0.20793269230769232], [6911, 0.20789930555555555], [7167, 0.20744977678571427], [7423, 0.20824353448275862], [7679, 0.20755208333333333], [7935, 0.20829133064516128], [8191, 0.2083740234375], [8447, 0.20726799242424243], [8703, 0.20829503676470587], [8959, 0.20848214285714287], [9215, 0.2095269097222222], [9471, 0.21040962837837837], [9727, 0.20980674342105263], [9983, 0.21063701923076922], [10239, 0.21103515625], [10495, 0.2112233231707317], [10751, 0.21158854166666666], [11007, 0.21111918604651161], [11263, 0.21120383522727273], [11519, 0.21119791666666668], [11775, 0.21119225543478262], [12031, 0.21143617021276595], [12287, 0.21126302083333334], [12543, 0.21181441326530612], [12799, 0.208359375], [13055, 0.20427389705882354], [13311, 0.2003455528846154], [13567, 0.19656544811320756], [13823, 0.1929253472222222], [14079, 0.18955965909090908], [14335, 0.18798828125], [14591, 0.18626644736842105], [14847, 0.18325700431034483], [15103, 0.18021716101694915], [15359, 0.17721354166666667], [15615, 0.17430840163934427], [15871, 0.17149697580645162], [16127, 0.16883680555555555], [16383, 0.16619873046875], [16639, 0.1636418269230769], [16895, 0.1611624053030303], [17151, 0.15875699626865672], [17407, 0.15659466911764705], [17663, 0.15477807971014493], [17919, 0.15513392857142858], [18175, 0.15696522887323944], [18431, 0.1572808159722222], [18687, 0.15726669520547945], [18943, 0.15693623310810811], [19199, 0.15671875], [19455, 0.15738075657894737], [19711, 0.15904017857142858], [19967, 0.16015625], [20223, 0.16119462025316456], [20479, 0.1623046875], [20735, 0.1627121913580247], [20991, 0.16382431402439024], [21247, 0.16486257530120482], [21503, 0.16587611607142858], [21759, 0.16737132352941175], [22015, 0.16896802325581395], [22271, 0.16976472701149425], [22527, 0.17160866477272727], [22783, 0.17336727528089887], [23039, 0.17434895833333333], [23295, 0.17487980769230768], [23551, 0.17654551630434784], [23807, 0.1779233870967742], [24063, 0.1791057180851064], [24319, 0.18013980263157894], [24575, 0.18082682291666666], [24831, 0.18162048969072164], [25087, 0.18251753826530612], [25343, 0.18434343434343434], [25599, 0.185703125], [25855, 0.18730662128712872], [26111, 0.18887867647058823], [26367, 0.1902685072815534], [26623, 0.19185697115384615], [26879, 0.1933779761904762], [27135, 0.1947597287735849], [27391, 0.19651723130841123], [27647, 0.19856770833333334], [27903, 0.19982798165137614], [28159, 0.19868607954545456], [28415, 0.19703688063063063], [28671, 0.19562639508928573], [28927, 0.1941717367256637], [29183, 0.19277686403508773], [29439, 0.19144021739130435], [29695, 0.19012661637931033], [29951, 0.18883547008547008], [30207, 0.18769862288135594], [30463, 0.18674501050420167], [30719, 0.18567708333333333], [30975, 0.18494963842975207], [31231, 0.18420210040983606], [31487, 0.1834667174796748], [31743, 0.1834992439516129], [31999, 0.18371875], [32255, 0.18467881944444445], [32511, 0.1860236220472441], [32767, 0.187286376953125], [33023, 0.18871124031007752], [33279, 0.18870192307692307], [33535, 0.18869274809160305], [33791, 0.18918678977272727], [34047, 0.18926221804511278], [34303, 0.189423973880597], [34559, 0.18940972222222222], [34815, 0.18930951286764705], [35071, 0.1894388686131387], [35327, 0.18936820652173914], [35583, 0.18986061151079137], [35839, 0.19001116071428573], [36095, 0.19013187056737588], [36351, 0.19038842429577466], [36607, 0.19064138986013987], [36863, 0.1906195746527778], [37119, 0.19054418103448276], [37375, 0.19068386130136986], [37631, 0.19068877551020408], [37887, 0.19095755912162163], [38143, 0.1910392197986577], [38399, 0.189765625], [38655, 0.18850889900662252], [38911, 0.18816817434210525], [39167, 0.18821486928104575], [39423, 0.18815949675324675], [39679, 0.18830645161290321], [39935, 0.18850160256410256], [40191, 0.1884703423566879], [40447, 0.1886867088607595], [40703, 0.18902319182389937], [40959, 0.1895751953125], [41215, 0.19002329192546583], [41471, 0.1906105324074074], [41727, 0.19111867331288343], [41983, 0.19152534298780488], [42239, 0.19221117424242423], [42495, 0.19291227409638553], [42751, 0.19353480538922155], [43007, 0.19428943452380953], [43263, 0.19496579142011836], [43519, 0.195703125], [43775, 0.19656889619883042], [44031, 0.19762899709302326], [44287, 0.197954299132948], [44543, 0.19852280890804597], [44799, 0.1991294642857143], [45055, 0.19975142045454544], [45311, 0.20021186440677965], [45567, 0.20079880617977527], [45823, 0.20144465782122906], [46079, 0.2023220486111111], [46335, 0.20288760359116023], [46591, 0.20361864697802198], [46847, 0.20353056693989072], [47103, 0.20242442255434784], [47359, 0.20133023648648649], [47615, 0.20024781586021506], [47871, 0.1991769719251337], [48127, 0.1981175199468085], [48383, 0.1970899470899471], [48639, 0.1961143092105263], [48895, 0.19514888743455497], [49151, 0.19417317708333334], [49407, 0.19326829663212436], [49663, 0.19239288015463918], [49919, 0.19166666666666668], [50175, 0.19096779336734693], [50431, 0.1908510469543147], [50687, 0.19079466540404041], [50943, 0.19130810301507536], [51199, 0.19232421875], [51455, 0.1935828669154229], [51711, 0.1946550123762376], [51967, 0.19563962438423646], [52223, 0.19517846200980393], [52479, 0.1942263719512195], [52735, 0.1932835254854369], [52846, 0.19287755217893163]], "candidate_count_total": 39, "confirmed_count_total": 39, "created_at": 1767887383.0895576}