{"dataset_name": "sine_nodrift", "dataset_type": "sine", "model_variant": "ts_drift_adapt", "seed": 1, "monitor_preset": "error_divergence_ph_meta@error.threshold=0.10,error.min_instances=5", "monitor_preset_base": "error_divergence_ph_meta", "monitor_ph_params": {"error_rate": {"delta": 0.005, "alpha": 0.15, "threshold": 0.1, "min_instances": 5}, "divergence": {"delta": 0.005, "alpha": 0.1, "threshold": 0.05, "min_instances": 30}}, "monitor_ph_overrides": {"error_rate": {"threshold": 0.1, "min_instances": 5}}, "trigger_mode": "two_stage", "trigger_k": 2, "trigger_threshold": 0.5, "trigger_weights": "__confirm_cooldown=200,__confirm_rule=perm_test,__perm_alpha=0.05,__perm_min_effect=0,__perm_n_perm=200,__perm_post_n=10,__perm_pre_n=200,__perm_rng_seed=0,__perm_stat=vote_score,divergence=0.3,error_rate=0.5,teacher_entropy=0.2", "confirm_window": 3, "confirm_cooldown": 0, "adaptive_cooldown_enabled": 0, "adaptive_window": 10000, "adaptive_lower_per10k": 10.0, "adaptive_upper_per10k": 25.0, "adaptive_cooldown_low": 200, "adaptive_cooldown_high": 500, "severity_scheduler_scale": 1.0, "use_severity_v2": 0, "severity_gate": "none", "severity_gate_min_streak": 1, "entropy_mode": "overconfident", "severity_decay": 0.95, "freeze_baseline_steps": 0, "n_steps": 800, "horizon": 10000, "acc_final": 0.911, "mean_acc": 0.8243334043021237, "acc_min": 0.390625, "candidate_sample_idxs": [319, 639, 959, 1279, 1599, 1919, 2239, 2559, 2879, 3199, 3583, 3903, 4223, 4543, 5119, 5439, 5887, 6207, 6591, 7423, 7743, 8063, 8703, 9343, 9919, 9999], "confirmed_sample_idxs": [639, 959, 1279, 1599, 1919, 2239, 2559, 2879, 3199, 3583, 3903, 4223, 4543, 5119, 5439, 5887, 6207, 6591, 7423, 7743, 8063, 8703, 9343, 9919], "acc_series": [[63, 0.390625], [127, 0.453125], [191, 0.4322916666666667], [255, 0.49609375], [319, 0.540625], [383, 0.5729166666666666], [447, 0.5892857142857143], [511, 0.615234375], [575, 0.6232638888888888], [639, 0.6328125], [703, 0.6434659090909091], [767, 0.6588541666666666], [831, 0.6670673076923077], [895, 0.6729910714285714], [959, 0.6833333333333333], [1023, 0.6875], [1087, 0.6875], [1151, 0.6961805555555556], [1215, 0.7064144736842105], [1279, 0.71484375], [1343, 0.7224702380952381], [1407, 0.7279829545454546], [1471, 0.7316576086956522], [1535, 0.7408854166666666], [1599, 0.74125], [1663, 0.7427884615384616], [1727, 0.7476851851851852], [1791, 0.7511160714285714], [1855, 0.7564655172413793], [1919, 0.7609375], [1983, 0.7641129032258065], [2047, 0.76708984375], [2111, 0.7713068181818182], [2175, 0.7752757352941176], [2239, 0.7803571428571429], [2303, 0.7842881944444444], [2367, 0.7871621621621622], [2431, 0.7919407894736842], [2495, 0.7952724358974359], [2559, 0.79609375], [2623, 0.7995426829268293], [2687, 0.8031994047619048], [2751, 0.8066860465116279], [2815, 0.80859375], [2879, 0.8118055555555556], [2943, 0.8141983695652174], [3007, 0.8158244680851063], [3071, 0.818359375], [3135, 0.8204719387755102], [3199, 0.821875], [3263, 0.8238357843137255], [3327, 0.8254206730769231], [3391, 0.8263561320754716], [3455, 0.8287037037037037], [3519, 0.8303977272727273], [3583, 0.8314732142857143], [3647, 0.8327850877192983], [3711, 0.8329741379310345], [3775, 0.8347457627118644], [3839, 0.8375], [3903, 0.8393954918032787], [3967, 0.8399697580645161], [4031, 0.8412698412698413], [4095, 0.842041015625], [4159, 0.8420673076923076], [4223, 0.8430397727272727], [4287, 0.8444496268656716], [4351, 0.8451286764705882], [4415, 0.8462409420289855], [4479, 0.8477678571428572], [4543, 0.8492517605633803], [4607, 0.8504774305555556], [4671, 0.852097602739726], [4735, 0.8536739864864865], [4799, 0.8552083333333333], [4863, 0.8562911184210527], [4927, 0.8581574675324676], [4991, 0.858573717948718], [5055, 0.8599683544303798], [5119, 0.8615234375], [5183, 0.8624614197530864], [5247, 0.8637576219512195], [5311, 0.8650225903614458], [5375, 0.8664434523809523], [5439, 0.8676470588235294], [5503, 0.868640988372093], [5567, 0.8696120689655172], [5631, 0.8709161931818182], [5695, 0.8716643258426966], [5759, 0.8723958333333334], [5823, 0.8734546703296703], [5887, 0.8743206521739131], [5951, 0.8748319892473119], [6015, 0.8758311170212766], [6079, 0.8759868421052631], [6143, 0.8767903645833334], [6207, 0.8770940721649485], [6271, 0.8781887755102041], [6335, 0.8783143939393939], [6399, 0.87921875], [6463, 0.880105198019802], [6527, 0.8809742647058824], [6591, 0.881371359223301], [6655, 0.8816105769230769], [6719, 0.8824404761904762], [6783, 0.8831073113207547], [6847, 0.8837616822429907], [6911, 0.8845486111111112], [6975, 0.8853211009174312], [7039, 0.8860795454545455], [7103, 0.8866835585585585], [7167, 0.8876953125], [7231, 0.8882743362831859], [7295, 0.8892543859649122], [7359, 0.8900815217391305], [7423, 0.8907596982758621], [7487, 0.891426282051282], [7551, 0.8922139830508474], [7615, 0.8925945378151261], [7679, 0.8932291666666666], [7743, 0.893724173553719], [7807, 0.8944672131147541], [7871, 0.8950711382113821], [7935, 0.8959173387096774], [7999, 0.896375], [8063, 0.8971974206349206], [8127, 0.8977608267716536], [8191, 0.8983154296875], [8255, 0.8986191860465116], [8319, 0.8992788461538461], [8383, 0.8999284351145038], [8447, 0.9002130681818182], [8511, 0.9008458646616542], [8575, 0.9015858208955224], [8639, 0.9023148148148148], [8703, 0.9029181985294118], [8767, 0.9036268248175182], [8831, 0.9043251811594203], [8895, 0.9049010791366906], [8959, 0.90546875], [9023, 0.905363475177305], [9087, 0.9055897887323944], [9151, 0.9057036713286714], [9215, 0.9063585069444444], [9279, 0.906896551724138], [9343, 0.9074272260273972], [9407, 0.9076318027210885], [9471, 0.9078336148648649], [9535, 0.9082424496644296], [9599, 0.9086458333333334], [9663, 0.9090438741721855], [9727, 0.9095394736842105], [9791, 0.9101307189542484], [9855, 0.9103084415584416], [9919, 0.9106854838709677], [9983, 0.9110576923076923], [9999, 0.911]], "candidate_count_total": 25, "confirmed_count_total": 24, "created_at": 1768152359.5797865, "confirm_rule_effective": "perm_test", "last_perm_pvalue": 0.004975124378109453, "last_perm_effect": 0.5, "perm_test_count_total": 24, "perm_accept_count_total": 24, "perm_reject_count_total": 0, "perm_alpha": 0.05, "perm_pvalue_p50": 0.004975124378109453, "perm_pvalue_p90": 0.004975124378109453, "perm_pvalue_p99": 0.004975124378109453, "perm_pvalue_le_alpha_ratio": 1.0, "perm_effect_p50": 0.49987064477117293, "perm_effect_p90": 0.5204247316357834, "perm_effect_p99": 0.5638507502819933}