{"dataset_name": "INSECTS_abrupt_balanced", "dataset_type": "insects_real", "model_variant": "ts_drift_adapt", "seed": 5, "monitor_preset": "error_divergence_ph_meta@error.threshold=0.05,error.min_instances=5", "monitor_preset_base": "error_divergence_ph_meta", "monitor_ph_params": {"error_rate": {"delta": 0.005, "alpha": 0.15, "threshold": 0.05, "min_instances": 5}, "divergence": {"delta": 0.005, "alpha": 0.1, "threshold": 0.05, "min_instances": 30}}, "monitor_ph_overrides": {"error_rate": {"threshold": 0.05, "min_instances": 5}}, "trigger_mode": "two_stage", "trigger_k": 2, "trigger_threshold": 0.5, "trigger_weights": "confirm_cooldown=0,divergence=0.3,error_rate=0.5,teacher_entropy=0.2", "confirm_window": 1, "confirm_cooldown": 0, "severity_scheduler_scale": 1.0, "use_severity_v2": 0, "severity_gate": "none", "severity_gate_min_streak": 1, "entropy_mode": "overconfident", "severity_decay": 0.95, "freeze_baseline_steps": 0, "n_steps": 1200, "horizon": 52847, "acc_final": 0.2060287244309043, "mean_acc": 0.19800096953493493, "acc_min": 0.09375, "candidate_sample_idxs": [1279, 2559, 3839, 5119, 6399, 7679, 8959, 10239, 11519, 12799, 14335, 17919, 19199, 20479, 21759, 23039, 24319, 25599, 26879, 28159, 29439, 30719, 31999, 33279, 34559, 36351, 37631, 38911, 40191, 41471, 42751, 44031, 45311, 46591, 48383, 49663, 50943, 52223], "confirmed_sample_idxs": [1279, 2559, 3839, 5119, 6399, 7679, 8959, 10239, 11519, 12799, 14335, 17919, 19199, 20479, 21759, 23039, 24319, 25599, 26879, 28159, 29439, 30719, 31999, 33279, 34559, 36351, 37631, 38911, 40191, 41471, 42751, 44031, 45311, 46591, 48383, 49663, 50943, 52223], "acc_series": [[255, 0.09375], [511, 0.150390625], [767, 0.17708333333333334], [1023, 0.1884765625], [1279, 0.18984375], [1535, 0.18815104166666666], [1791, 0.18805803571428573], [2047, 0.1943359375], [2303, 0.19401041666666666], [2559, 0.200390625], [2815, 0.19957386363636365], [3071, 0.20084635416666666], [3327, 0.20402644230769232], [3583, 0.20479910714285715], [3839, 0.20546875], [4095, 0.20556640625], [4351, 0.20450367647058823], [4607, 0.2046440972222222], [4863, 0.20394736842105263], [5119, 0.2029296875], [5375, 0.20424107142857142], [5631, 0.2059659090909091], [5887, 0.20601222826086957], [6143, 0.20768229166666666], [6399, 0.20875], [6655, 0.20823317307692307], [6911, 0.20963541666666666], [7167, 0.21107700892857142], [7423, 0.21390086206896552], [7679, 0.21263020833333332], [7935, 0.2127016129032258], [8191, 0.2142333984375], [8447, 0.21366003787878787], [8703, 0.21484375], [8959, 0.21540178571428573], [9215, 0.2163628472222222], [9471, 0.2156883445945946], [9727, 0.2158717105263158], [9983, 0.2171474358974359], [10239, 0.2177734375], [10495, 0.21779725609756098], [10751, 0.21940104166666666], [11007, 0.22002180232558138], [11263, 0.21946022727272727], [11519, 0.21953125], [11775, 0.2198539402173913], [12031, 0.2205784574468085], [12287, 0.22029622395833334], [12543, 0.22193877551020408], [12799, 0.2184375], [13055, 0.21415441176470587], [13311, 0.21003605769230768], [13567, 0.20607311320754718], [13823, 0.20225694444444445], [14079, 0.19879261363636364], [14335, 0.19907924107142858], [14591, 0.19661458333333334], [14847, 0.1935614224137931], [15103, 0.19054555084745764], [15359, 0.18736979166666667], [15615, 0.18429815573770492], [15871, 0.1813256048387097], [16127, 0.1785094246031746], [16383, 0.17572021484375], [16639, 0.17301682692307693], [16895, 0.17039535984848486], [17151, 0.16785214552238806], [17407, 0.16561351102941177], [17663, 0.1632133152173913], [17919, 0.16350446428571427], [18175, 0.16725352112676056], [18431, 0.1699761284722222], [18687, 0.1716609589041096], [18943, 0.17393369932432431], [19199, 0.17619791666666668], [19455, 0.17943050986842105], [19711, 0.18085430194805194], [19967, 0.18073918269230768], [20223, 0.1805775316455696], [20479, 0.1806640625], [20735, 0.1806520061728395], [20991, 0.18097370426829268], [21247, 0.18109939759036145], [21503, 0.18112909226190477], [21759, 0.18125], [22015, 0.18154978197674418], [22271, 0.18197737068965517], [22527, 0.18275035511363635], [22783, 0.18403265449438203], [23039, 0.1853298611111111], [23295, 0.1857400412087912], [23551, 0.18758491847826086], [23807, 0.1890540994623656], [24063, 0.19024268617021275], [24319, 0.19148848684210526], [24575, 0.19254557291666666], [24831, 0.19378221649484537], [25087, 0.19479432397959184], [25343, 0.1965356691919192], [25599, 0.1978125], [25855, 0.19937345297029702], [26111, 0.2007123161764706], [26367, 0.20160800970873785], [26623, 0.20271183894230768], [26879, 0.20405505952380953], [27135, 0.20533608490566038], [27391, 0.20662967289719625], [27647, 0.20833333333333334], [27903, 0.2096115252293578], [28159, 0.2080255681818182], [28415, 0.2061866554054054], [28671, 0.20441545758928573], [28927, 0.20271017699115043], [29183, 0.201171875], [29439, 0.1997961956521739], [29695, 0.1986126077586207], [29951, 0.19738247863247863], [30207, 0.1963718220338983], [30463, 0.1953781512605042], [30719, 0.1943359375], [30975, 0.19324638429752067], [31231, 0.19249487704918034], [31487, 0.19185086382113822], [31743, 0.1913117439516129], [31999, 0.1911875], [32255, 0.19190228174603174], [32511, 0.19297490157480315], [32767, 0.194549560546875], [33023, 0.19613008720930233], [33279, 0.196484375], [33535, 0.19611760496183206], [33791, 0.19646661931818182], [34047, 0.19666353383458646], [34303, 0.19665345149253732], [34559, 0.19641203703703702], [34815, 0.1962603400735294], [35071, 0.1962249087591241], [35327, 0.19630321557971014], [35583, 0.19683003597122303], [35839, 0.19698660714285715], [36095, 0.19700243794326242], [36351, 0.1973756602112676], [36607, 0.19722465034965034], [36863, 0.1972927517361111], [37119, 0.19733297413793102], [37375, 0.1972923801369863], [37631, 0.19749149659863946], [37887, 0.19808382601351351], [38143, 0.19840604026845637], [38399, 0.19708333333333333], [38655, 0.19580401490066227], [38911, 0.19541529605263158], [39167, 0.19541462418300654], [39423, 0.19521103896103897], [39679, 0.1953125], [39935, 0.19556290064102563], [40191, 0.19553642515923567], [40447, 0.1956339003164557], [40703, 0.19545990566037735], [40959, 0.195751953125], [41215, 0.19589479813664595], [41471, 0.19618055555555555], [41727, 0.19663055981595093], [41983, 0.1971703506097561], [42239, 0.19803503787878787], [42495, 0.1988422439759036], [42751, 0.19966317365269462], [43007, 0.20042782738095238], [43263, 0.20146079881656806], [43519, 0.2025045955882353], [43775, 0.20321637426900585], [44031, 0.20464662063953487], [44287, 0.20515715317919075], [44543, 0.20584141522988506], [44799, 0.20683035714285714], [45055, 0.20778586647727273], [45311, 0.20884092514124294], [45567, 0.20984023876404495], [45823, 0.21078474162011174], [46079, 0.21189236111111112], [46335, 0.2127719267955801], [46591, 0.21368475274725274], [46847, 0.21394723360655737], [47103, 0.21278447690217392], [47359, 0.2116554054054054], [47615, 0.21051747311827956], [47871, 0.20939171122994651], [48127, 0.2082987034574468], [48383, 0.20727926587301587], [48639, 0.2062294407894737], [48895, 0.20517015706806283], [49151, 0.2042236328125], [49407, 0.20338811528497408], [49663, 0.20258134664948454], [49919, 0.20198317307692307], [50175, 0.20182955994897958], [50431, 0.20231202411167512], [50687, 0.20314472853535354], [50943, 0.2040868404522613], [51199, 0.20509765625], [51455, 0.20619558457711443], [51711, 0.2075727103960396], [51967, 0.2089939963054187], [52223, 0.20848651960784315], [52479, 0.20746951219512194], [52735, 0.2064623786407767], [52846, 0.2060287244309043]], "candidate_count_total": 38, "confirmed_count_total": 38, "created_at": 1767841605.4728792}