{"dataset_name": "INSECTS_abrupt_balanced", "dataset_type": "insects_real", "model_variant": "ts_drift_adapt_severity", "seed": 11, "monitor_preset": "error_divergence_ph_meta@error.threshold=0.05,error.min_instances=5", "monitor_preset_base": "error_divergence_ph_meta", "monitor_ph_params": {"error_rate": {"delta": 0.005, "alpha": 0.15, "threshold": 0.05, "min_instances": 5}, "divergence": {"delta": 0.005, "alpha": 0.1, "threshold": 0.05, "min_instances": 30}}, "monitor_ph_overrides": {"error_rate": {"threshold": 0.05, "min_instances": 5}}, "trigger_mode": "two_stage", "trigger_k": 2, "trigger_threshold": 0.5, "trigger_weights": "confirm_cooldown=200,divergence=0.3,error_rate=0.5,teacher_entropy=0.2", "confirm_window": 1, "confirm_cooldown": 0, "adaptive_cooldown_enabled": 0, "adaptive_window": 10000, "adaptive_lower_per10k": 10.0, "adaptive_upper_per10k": 25.0, "adaptive_cooldown_low": 200, "adaptive_cooldown_high": 500, "severity_scheduler_scale": 2.0, "use_severity_v2": 1, "severity_gate": "confirmed_streak", "severity_gate_min_streak": 5, "entropy_mode": "uncertain", "severity_decay": 0.95, "freeze_baseline_steps": 5, "n_steps": 1200, "horizon": 52847, "acc_final": 0.21157303158173596, "mean_acc": 0.20266591501047498, "acc_min": 0.16015625, "candidate_sample_idxs": [1279, 2559, 3839, 5119, 6399, 7679, 8959, 10239, 11519, 12799, 14079, 15103, 15359, 18175, 19455, 20735, 22015, 23295, 24575, 25855, 27135, 28415, 29695, 31999, 33279, 34559, 35839, 37119, 38399, 39679, 40959, 42239, 43519, 44799, 46079, 47359, 48639, 49919, 51199, 52479], "confirmed_sample_idxs": [1279, 2559, 3839, 5119, 6399, 7679, 8959, 10239, 11519, 12799, 14079, 15359, 18175, 19455, 20735, 22015, 23295, 24575, 25855, 27135, 28415, 29695, 31999, 33279, 34559, 35839, 37119, 38399, 39679, 40959, 42239, 43519, 44799, 46079, 47359, 48639, 49919, 51199, 52479], "acc_series": [[255, 0.16015625], [511, 0.18359375], [767, 0.17578125], [1023, 0.1904296875], [1279, 0.190625], [1535, 0.18815104166666666], [1791, 0.18973214285714285], [2047, 0.193359375], [2303, 0.1953125], [2559, 0.195703125], [2815, 0.19282670454545456], [3071, 0.1923828125], [3327, 0.19501201923076922], [3583, 0.19754464285714285], [3839, 0.19739583333333333], [4095, 0.196533203125], [4351, 0.19944852941176472], [4607, 0.20008680555555555], [4863, 0.19962993421052633], [5119, 0.201953125], [5375, 0.20256696428571427], [5631, 0.20348011363636365], [5887, 0.203125], [6143, 0.20166015625], [6399, 0.2021875], [6655, 0.201171875], [6911, 0.2037037037037037], [7167, 0.20326450892857142], [7423, 0.20460668103448276], [7679, 0.20390625], [7935, 0.20463709677419356], [8191, 0.20556640625], [8447, 0.20490056818181818], [8703, 0.20450367647058823], [8959, 0.20345982142857144], [9215, 0.2045355902777778], [9471, 0.20597550675675674], [9727, 0.20651726973684212], [9983, 0.20532852564102563], [10239, 0.20615234375], [10495, 0.2069359756097561], [10751, 0.20721726190476192], [11007, 0.20748546511627908], [11263, 0.20738636363636365], [11519, 0.20902777777777778], [11775, 0.20974864130434784], [12031, 0.2103557180851064], [12287, 0.21126302083333334], [12543, 0.21213329081632654], [12799, 0.208984375], [13055, 0.20488664215686275], [13311, 0.20094651442307693], [13567, 0.19722877358490565], [13823, 0.19437210648148148], [14079, 0.19417613636363637], [14335, 0.20026506696428573], [14591, 0.19784813596491227], [14847, 0.1945043103448276], [15103, 0.19134004237288135], [15359, 0.18815104166666666], [15615, 0.18506659836065573], [15871, 0.18208165322580644], [16127, 0.1792534722222222], [16383, 0.17645263671875], [16639, 0.17373798076923078], [16895, 0.17110558712121213], [17151, 0.1685517723880597], [17407, 0.16613051470588236], [17663, 0.1637228260869565], [17919, 0.16378348214285715], [18175, 0.16895906690140844], [18431, 0.17296006944444445], [18687, 0.17679794520547945], [18943, 0.18021537162162163], [19199, 0.18354166666666666], [19455, 0.18719161184210525], [19711, 0.1891233766233766], [19967, 0.18900240384615385], [20223, 0.18918117088607594], [20479, 0.189599609375], [20735, 0.18976658950617284], [20991, 0.19016768292682926], [21247, 0.19027673192771086], [21503, 0.19029017857142858], [21759, 0.1905330882352941], [22015, 0.19113372093023256], [22271, 0.1921246408045977], [22527, 0.19371448863636365], [22783, 0.19496137640449437], [23039, 0.19600694444444444], [23295, 0.1972870879120879], [23551, 0.19930366847826086], [23807, 0.20119287634408603], [24063, 0.20275099734042554], [24319, 0.20398848684210527], [24575, 0.20540364583333334], [24831, 0.2071117912371134], [25087, 0.20838647959183673], [25343, 0.20959595959595959], [25599, 0.211015625], [25855, 0.21287128712871287], [26111, 0.21403952205882354], [26367, 0.2150712985436893], [26623, 0.21600811298076922], [26879, 0.2173735119047619], [27135, 0.21882370283018868], [27391, 0.21962616822429906], [27647, 0.2211371527777778], [27903, 0.22193950688073394], [28159, 0.22038352272727274], [28415, 0.21850365990990991], [28671, 0.21669224330357142], [28927, 0.2149820243362832], [29183, 0.21326754385964913], [29439, 0.2115149456521739], [29695, 0.20989358836206898], [29951, 0.20836672008547008], [30207, 0.20679952330508475], [30463, 0.20522584033613445], [30719, 0.20361328125], [30975, 0.20218879132231404], [31231, 0.20078765368852458], [31487, 0.1995680894308943], [31743, 0.1986517137096774], [31999, 0.1980625], [32255, 0.19847470238095238], [32511, 0.19983390748031496], [32767, 0.20166015625], [33023, 0.2037609011627907], [33279, 0.20375600961538462], [33535, 0.203512643129771], [33791, 0.20430871212121213], [34047, 0.204593515037594], [34303, 0.20452425373134328], [34559, 0.20454282407407406], [34815, 0.20418772977941177], [35071, 0.2041514598540146], [35327, 0.20428555253623187], [35583, 0.20441771582733814], [35839, 0.20454799107142857], [36095, 0.20456560283687944], [36351, 0.2047480193661972], [36607, 0.20470935314685315], [36863, 0.204833984375], [37119, 0.2046875], [37375, 0.2047570633561644], [37631, 0.20477253401360543], [37887, 0.2048141891891892], [38143, 0.20490771812080538], [38399, 0.20356770833333335], [38655, 0.20221957781456953], [38911, 0.20204564144736842], [39167, 0.20195057189542484], [39423, 0.20208502435064934], [39679, 0.2022429435483871], [39935, 0.2024238782051282], [40191, 0.20242834394904458], [40447, 0.20263053797468356], [40703, 0.20307586477987422], [40959, 0.2032958984375], [41215, 0.20390139751552794], [41471, 0.20476466049382716], [41727, 0.2056892254601227], [41983, 0.2066501524390244], [42239, 0.20771780303030302], [42495, 0.20856080572289157], [42751, 0.20972118263473055], [43007, 0.21063523065476192], [43263, 0.21153846153846154], [43519, 0.2124080882352941], [43775, 0.2128563596491228], [44031, 0.21377634447674418], [44287, 0.21452763728323698], [44543, 0.21511314655172414], [44799, 0.21575892857142856], [45055, 0.2166415127840909], [45311, 0.2175141242937853], [45567, 0.21848665730337077], [45823, 0.2194046787709497], [46079, 0.22029079861111112], [46335, 0.2211239640883978], [46591, 0.22203382554945056], [46847, 0.22199453551912568], [47103, 0.22078804347826086], [47359, 0.21967905405405405], [47615, 0.2185609879032258], [47871, 0.21747576871657753], [48127, 0.21636053856382978], [48383, 0.21536044973544974], [48639, 0.21443256578947367], [48895, 0.2137598167539267], [49151, 0.21331787109375], [49407, 0.21290074481865284], [49663, 0.21254832474226804], [49919, 0.21229967948717948], [50175, 0.21237244897959184], [50431, 0.21234533629441624], [50687, 0.21227904040404041], [50943, 0.21244896356783918], [51199, 0.21267578125], [51455, 0.212880907960199], [51711, 0.21352877475247525], [51967, 0.21463208128078817], [52223, 0.21409696691176472], [52479, 0.21305259146341463], [52735, 0.21201835558252427], [52846, 0.21157303158173596]], "candidate_count_total": 39, "confirmed_count_total": 39, "created_at": 1767889067.2143495}