{"dataset_name": "sine_nodrift", "dataset_type": "sine", "model_variant": "ts_drift_adapt", "seed": 4, "monitor_preset": "error_divergence_ph_meta@error.threshold=0.10,error.min_instances=5", "monitor_preset_base": "error_divergence_ph_meta", "monitor_ph_params": {"error_rate": {"delta": 0.005, "alpha": 0.15, "threshold": 0.1, "min_instances": 5}, "divergence": {"delta": 0.005, "alpha": 0.1, "threshold": 0.05, "min_instances": 30}}, "monitor_ph_overrides": {"error_rate": {"threshold": 0.1, "min_instances": 5}}, "trigger_mode": "two_stage", "trigger_k": 2, "trigger_threshold": 0.5, "trigger_weights": "__confirm_cooldown=200,__confirm_rule=perm_test,__perm_alpha=0.01,__perm_min_effect=0,__perm_n_perm=200,__perm_post_n=30,__perm_pre_n=500,__perm_rng_seed=0,__perm_stat=fused_score,divergence=0.3,error_rate=0.5,teacher_entropy=0.2", "confirm_window": 3, "confirm_cooldown": 0, "adaptive_cooldown_enabled": 0, "adaptive_window": 10000, "adaptive_lower_per10k": 10.0, "adaptive_upper_per10k": 25.0, "adaptive_cooldown_low": 200, "adaptive_cooldown_high": 500, "severity_scheduler_scale": 1.0, "use_severity_v2": 0, "severity_gate": "none", "severity_gate_min_streak": 1, "entropy_mode": "overconfident", "severity_decay": 0.95, "freeze_baseline_steps": 0, "n_steps": 800, "horizon": 10000, "acc_final": 0.9232, "mean_acc": 0.8503672433569879, "acc_min": 0.453125, "candidate_sample_idxs": [319, 639, 959, 1279, 1599, 1919, 2239, 2559, 2879, 3199, 3519, 3839, 4159, 4479, 5183, 5503, 5823, 6463, 7167, 7487, 7999, 8319, 9535, 9855], "confirmed_sample_idxs": [639, 1279, 1919, 2559, 2879, 3583, 3903, 4223, 4479, 5183, 5503, 6463, 7167, 7999, 9535], "acc_series": [[63, 0.453125], [127, 0.453125], [191, 0.5104166666666666], [255, 0.51171875], [319, 0.534375], [383, 0.5494791666666666], [447, 0.5848214285714286], [511, 0.619140625], [575, 0.6440972222222222], [639, 0.671875], [703, 0.6917613636363636], [767, 0.6953125], [831, 0.7019230769230769], [895, 0.7087053571428571], [959, 0.71875], [1023, 0.7275390625], [1087, 0.7389705882352942], [1151, 0.7465277777777778], [1215, 0.75], [1279, 0.75625], [1343, 0.7611607142857143], [1407, 0.7642045454545454], [1471, 0.7710597826086957], [1535, 0.7779947916666666], [1599, 0.781875], [1663, 0.7872596153846154], [1727, 0.7916666666666666], [1791, 0.796875], [1855, 0.8001077586206896], [1919, 0.8020833333333334], [1983, 0.8029233870967742], [2047, 0.806640625], [2111, 0.8101325757575758], [2175, 0.8143382352941176], [2239, 0.8183035714285715], [2303, 0.8203125], [2367, 0.8217905405405406], [2431, 0.8252467105263158], [2495, 0.8293269230769231], [2559, 0.830078125], [2623, 0.8323170731707317], [2687, 0.8355654761904762], [2751, 0.8393895348837209], [2815, 0.8416193181818182], [2879, 0.8440972222222223], [2943, 0.8457880434782609], [3007, 0.848404255319149], [3071, 0.8505859375], [3135, 0.8517219387755102], [3199, 0.85375], [3263, 0.8553921568627451], [3327, 0.8566706730769231], [3391, 0.8584905660377359], [3455, 0.8611111111111112], [3519, 0.8630681818181818], [3583, 0.8641183035714286], [3647, 0.8656798245614035], [3711, 0.8677262931034483], [3775, 0.8694385593220338], [3839, 0.8713541666666667], [3903, 0.8714139344262295], [3967, 0.8729838709677419], [4031, 0.8742559523809523], [4095, 0.87548828125], [4159, 0.8769230769230769], [4223, 0.8783143939393939], [4287, 0.878964552238806], [4351, 0.8802849264705882], [4415, 0.8817934782608695], [4479, 0.8825892857142857], [4543, 0.8835827464788732], [4607, 0.8843315972222222], [4671, 0.8850599315068494], [4735, 0.886402027027027], [4799, 0.8870833333333333], [4863, 0.8873355263157895], [4927, 0.8873782467532467], [4991, 0.8880208333333334], [5055, 0.8890427215189873], [5119, 0.8900390625], [5183, 0.8898533950617284], [5247, 0.8904344512195121], [5311, 0.8908132530120482], [5375, 0.8909970238095238], [5439, 0.8911764705882353], [5503, 0.8913517441860465], [5567, 0.8922413793103449], [5631, 0.8929332386363636], [5695, 0.8939606741573034], [5759, 0.8947916666666667], [5823, 0.8959478021978022], [5887, 0.8963994565217391], [5951, 0.8971774193548387], [6015, 0.8977726063829787], [6079, 0.8985197368421053], [6143, 0.8994140625], [6207, 0.8994845360824743], [6271, 0.9001913265306123], [6335, 0.9008838383838383], [6399, 0.9015625], [6463, 0.9019183168316832], [6527, 0.9024203431372549], [6591, 0.9032160194174758], [6655, 0.9039963942307693], [6719, 0.9043154761904761], [6783, 0.9047759433962265], [6847, 0.905373831775701], [6911, 0.9058159722222222], [6975, 0.9066800458715596], [7039, 0.9066761363636363], [7103, 0.9073761261261262], [7167, 0.9076450892857143], [7231, 0.9080475663716814], [7295, 0.9083059210526315], [7359, 0.9088315217391304], [7423, 0.9090786637931034], [7487, 0.9095886752136753], [7551, 0.909957627118644], [7615, 0.9105829831932774], [7679, 0.9108072916666666], [7743, 0.9114152892561983], [7807, 0.9117571721311475], [7871, 0.9123475609756098], [7935, 0.913054435483871], [7999, 0.913375], [8063, 0.9139384920634921], [8127, 0.9140009842519685], [8191, 0.914306640625], [8255, 0.9146075581395349], [8319, 0.9152644230769231], [8383, 0.9157919847328244], [8447, 0.9159564393939394], [8511, 0.9162359022556391], [8575, 0.9165111940298507], [8639, 0.9168981481481482], [8703, 0.9171645220588235], [8767, 0.9174270072992701], [8831, 0.9176856884057971], [8895, 0.9181654676258992], [8959, 0.9184151785714286], [9023, 0.9186613475177305], [9087, 0.9189040492957746], [9151, 0.9193618881118881], [9215, 0.9198133680555556], [9279, 0.9202586206896551], [9343, 0.9206977739726028], [9407, 0.9210246598639455], [9471, 0.921558277027027], [9535, 0.921875], [9599, 0.9221875], [9663, 0.9222889072847682], [9727, 0.9222861842105263], [9791, 0.9224877450980392], [9855, 0.9226866883116883], [9919, 0.9227822580645161], [9983, 0.9230769230769231], [9999, 0.9232]], "candidate_count_total": 24, "confirmed_count_total": 15, "created_at": 1768149488.6591527, "confirm_rule_effective": "perm_test", "last_perm_pvalue": 1.0, "last_perm_effect": -0.0156829552597367, "perm_test_count_total": 50, "perm_accept_count_total": 15, "perm_reject_count_total": 35, "perm_alpha": 0.01, "perm_pvalue_p50": 1.0, "perm_pvalue_p90": 1.0, "perm_pvalue_p99": 1.0, "perm_pvalue_le_alpha_ratio": 0.3, "perm_effect_p50": -0.007441805893470623, "perm_effect_p90": 0.07554514327325468, "perm_effect_p99": 0.08699087713234985}