{"dataset_name": "sine_nodrift", "dataset_type": "sine", "model_variant": "ts_drift_adapt", "seed": 1, "monitor_preset": "error_divergence_ph_meta@error.threshold=0.10,error.min_instances=5", "monitor_preset_base": "error_divergence_ph_meta", "monitor_ph_params": {"error_rate": {"delta": 0.005, "alpha": 0.15, "threshold": 0.1, "min_instances": 5}, "divergence": {"delta": 0.005, "alpha": 0.1, "threshold": 0.05, "min_instances": 30}}, "monitor_ph_overrides": {"error_rate": {"threshold": 0.1, "min_instances": 5}}, "trigger_mode": "two_stage", "trigger_k": 2, "trigger_threshold": 0.5, "trigger_weights": "__confirm_cooldown=200,__confirm_rule=perm_test,__perm_alpha=0.005,__perm_delta_k=50,__perm_min_effect=0,__perm_n_perm=200,__perm_post_n=10,__perm_pre_n=200,__perm_rng_seed=0,__perm_stat=delta_fused_score,divergence=0.3,error_rate=0.5,teacher_entropy=0.2", "confirm_window": 3, "confirm_cooldown": 0, "adaptive_cooldown_enabled": 0, "adaptive_window": 10000, "adaptive_lower_per10k": 10.0, "adaptive_upper_per10k": 25.0, "adaptive_cooldown_low": 200, "adaptive_cooldown_high": 500, "severity_scheduler_scale": 1.0, "use_severity_v2": 0, "severity_gate": "none", "severity_gate_min_streak": 1, "entropy_mode": "overconfident", "severity_decay": 0.95, "freeze_baseline_steps": 0, "n_steps": 800, "horizon": 10000, "acc_final": 0.925, "mean_acc": 0.8608725824500599, "acc_min": 0.375, "candidate_sample_idxs": [319, 639, 959, 1279, 1599, 1919, 2239, 2559, 2879, 3199, 3519, 3967, 4287, 4671, 4991, 5375, 5695, 6015, 6335, 6847, 7167, 7551, 7871, 8191, 8511, 8831, 9151, 9471, 9791], "confirmed_sample_idxs": [703, 1279, 1663, 1919, 2239, 2751, 3199, 3519, 4031, 4287, 4671, 5375, 5695, 6015, 6847, 7551, 7871, 8511, 8895, 9535, 9791], "acc_series": [[63, 0.375], [127, 0.453125], [191, 0.53125], [255, 0.5390625], [319, 0.553125], [383, 0.5677083333333334], [447, 0.5892857142857143], [511, 0.62109375], [575, 0.6597222222222222], [639, 0.68125], [703, 0.6974431818181818], [767, 0.7109375], [831, 0.7283653846153846], [895, 0.7377232142857143], [959, 0.746875], [1023, 0.759765625], [1087, 0.7702205882352942], [1151, 0.7777777777777778], [1215, 0.7886513157894737], [1279, 0.7953125], [1343, 0.8020833333333334], [1407, 0.8075284090909091], [1471, 0.8104619565217391], [1535, 0.8151041666666666], [1599, 0.816875], [1663, 0.8191105769230769], [1727, 0.8229166666666666], [1791, 0.8247767857142857], [1855, 0.8270474137931034], [1919, 0.8302083333333333], [1983, 0.8321572580645161], [2047, 0.83642578125], [2111, 0.8394886363636364], [2175, 0.8423713235294118], [2239, 0.8450892857142858], [2303, 0.8450520833333334], [2367, 0.8475506756756757], [2431, 0.8499177631578947], [2495, 0.8513621794871795], [2559, 0.852734375], [2623, 0.8555640243902439], [2687, 0.8586309523809523], [2751, 0.8601017441860465], [2815, 0.8622159090909091], [2879, 0.8642361111111111], [2943, 0.865828804347826], [3007, 0.8673537234042553], [3071, 0.869140625], [3135, 0.8698979591836735], [3199, 0.8696875], [3263, 0.8713235294117647], [3327, 0.8722956730769231], [3391, 0.8732311320754716], [3455, 0.8741319444444444], [3519, 0.8744318181818181], [3583, 0.8741629464285714], [3647, 0.8755482456140351], [3711, 0.8755387931034483], [3775, 0.8773834745762712], [3839, 0.8794270833333333], [3903, 0.8808913934426229], [3967, 0.8813004032258065], [4031, 0.8807043650793651], [4095, 0.880126953125], [4159, 0.8795673076923077], [4223, 0.8804450757575758], [4287, 0.8819962686567164], [4351, 0.8828125], [4415, 0.8836050724637681], [4479, 0.8850446428571429], [4543, 0.8855633802816901], [4607, 0.8865017361111112], [4671, 0.8874143835616438], [4735, 0.8878800675675675], [4799, 0.8889583333333333], [4863, 0.8898026315789473], [4927, 0.8912337662337663], [4991, 0.8922275641025641], [5055, 0.8933939873417721], [5119, 0.894140625], [5183, 0.8948688271604939], [5247, 0.8959603658536586], [5311, 0.8972138554216867], [5375, 0.8976934523809523], [5439, 0.8981617647058824], [5503, 0.8986191860465116], [5567, 0.8996048850574713], [5631, 0.900390625], [5695, 0.9004564606741573], [5759, 0.9008680555555556], [5823, 0.901614010989011], [5887, 0.9021739130434783], [5951, 0.9030577956989247], [6015, 0.9034242021276596], [6079, 0.9039473684210526], [6143, 0.9046223958333334], [6207, 0.9052835051546392], [6271, 0.9057716836734694], [6335, 0.90625], [6399, 0.906875], [6463, 0.9071782178217822], [6527, 0.9079350490196079], [6591, 0.908373786407767], [6655, 0.9088040865384616], [6719, 0.9095238095238095], [6783, 0.9100825471698113], [6847, 0.9100467289719626], [6911, 0.9105902777777778], [6975, 0.910980504587156], [7039, 0.9113636363636364], [7103, 0.9121621621621622], [7167, 0.9129464285714286], [7231, 0.9137168141592921], [7295, 0.9141995614035088], [7359, 0.9146739130434782], [7423, 0.9148706896551724], [7487, 0.9153311965811965], [7551, 0.9152542372881356], [7615, 0.9154411764705882], [7679, 0.9157552083333333], [7743, 0.9163223140495868], [7807, 0.9167520491803278], [7871, 0.9171747967479674], [7935, 0.9174647177419355], [7999, 0.91775], [8063, 0.9181547619047619], [8127, 0.9186761811023622], [8191, 0.9190673828125], [8255, 0.918968023255814], [8319, 0.9194711538461539], [8383, 0.9198473282442748], [8447, 0.9197443181818182], [8511, 0.9201127819548872], [8575, 0.9203591417910447], [8639, 0.9204861111111111], [8703, 0.9206112132352942], [8767, 0.9209625912408759], [8831, 0.9215353260869565], [8895, 0.921875], [8959, 0.9220982142857143], [9023, 0.921875], [9087, 0.9214348591549296], [9151, 0.9216564685314685], [9215, 0.9220920138888888], [9279, 0.9223060344827586], [9343, 0.9226241438356164], [9407, 0.9228316326530612], [9471, 0.9231418918918919], [9535, 0.9234479865771812], [9599, 0.92375], [9663, 0.9239445364238411], [9727, 0.9244449013157895], [9791, 0.9246323529411765], [9855, 0.924614448051948], [9919, 0.9248991935483871], [9983, 0.9250801282051282], [9999, 0.925]], "candidate_count_total": 28, "confirmed_count_total": 21, "created_at": 1768144786.5359764, "confirm_rule_effective": "perm_test", "last_perm_pvalue": 0.004975124378109453, "last_perm_effect": 0.05700545655040068, "perm_test_count_total": 53, "perm_accept_count_total": 21, "perm_reject_count_total": 32, "perm_alpha": 0.005, "perm_pvalue_p50": 0.11442786069651742, "perm_pvalue_p90": 1.0, "perm_pvalue_p99": 1.0, "perm_pvalue_le_alpha_ratio": 0.39622641509433965, "perm_effect_p50": 0.014034120460490558, "perm_effect_p90": 0.0805309455037909, "perm_effect_p99": 0.14276079957584314}