{"dataset_name": "sine_nodrift", "dataset_type": "sine", "model_variant": "ts_drift_adapt", "seed": 2, "monitor_preset": "error_divergence_ph_meta@error.threshold=0.10,error.min_instances=5", "monitor_preset_base": "error_divergence_ph_meta", "monitor_ph_params": {"error_rate": {"delta": 0.005, "alpha": 0.15, "threshold": 0.1, "min_instances": 5}, "divergence": {"delta": 0.005, "alpha": 0.1, "threshold": 0.05, "min_instances": 30}}, "monitor_ph_overrides": {"error_rate": {"threshold": 0.1, "min_instances": 5}}, "trigger_mode": "two_stage", "trigger_k": 2, "trigger_threshold": 0.5, "trigger_weights": "__confirm_cooldown=200,__confirm_rule=perm_test,__perm_alpha=0.02,__perm_delta_k=25,__perm_min_effect=0,__perm_n_perm=200,__perm_post_n=10,__perm_pre_n=500,__perm_rng_seed=0,__perm_stat=delta_fused_score,divergence=0.3,error_rate=0.5,teacher_entropy=0.2", "confirm_window": 3, "confirm_cooldown": 0, "adaptive_cooldown_enabled": 0, "adaptive_window": 10000, "adaptive_lower_per10k": 10.0, "adaptive_upper_per10k": 25.0, "adaptive_cooldown_low": 200, "adaptive_cooldown_high": 500, "severity_scheduler_scale": 1.0, "use_severity_v2": 0, "severity_gate": "none", "severity_gate_min_streak": 1, "entropy_mode": "overconfident", "severity_decay": 0.95, "freeze_baseline_steps": 0, "n_steps": 800, "horizon": 10000, "acc_final": 0.9173, "mean_acc": 0.8301618518880305, "acc_min": 0.390625, "candidate_sample_idxs": [319, 639, 959, 1279, 1791, 2111, 2431, 2751, 3071, 3391, 3711, 4031, 4351, 4671, 4991, 5311, 5631, 5951, 6271, 6847, 7167, 8191, 8511, 8895], "confirmed_sample_idxs": [1279, 1791, 2111, 2623, 3455, 4031, 4863, 5311, 6079, 6847, 7167, 8191, 8703], "acc_series": [[63, 0.390625], [127, 0.40625], [191, 0.4635416666666667], [255, 0.4921875], [319, 0.528125], [383, 0.5416666666666666], [447, 0.5647321428571429], [511, 0.58203125], [575, 0.5972222222222222], [639, 0.621875], [703, 0.6235795454545454], [767, 0.6380208333333334], [831, 0.6490384615384616], [895, 0.6595982142857143], [959, 0.6739583333333333], [1023, 0.6796875], [1087, 0.6801470588235294], [1151, 0.6892361111111112], [1215, 0.6932565789473685], [1279, 0.6984375], [1343, 0.7053571428571429], [1407, 0.7109375], [1471, 0.71875], [1535, 0.7259114583333334], [1599, 0.73375], [1663, 0.7391826923076923], [1727, 0.7459490740740741], [1791, 0.7494419642857143], [1855, 0.7553879310344828], [1919, 0.7619791666666667], [1983, 0.7671370967741935], [2047, 0.77392578125], [2111, 0.7798295454545454], [2175, 0.7858455882352942], [2239, 0.7892857142857143], [2303, 0.7942708333333334], [2367, 0.7972972972972973], [2431, 0.8022203947368421], [2495, 0.8068910256410257], [2559, 0.809375], [2623, 0.8117378048780488], [2687, 0.8147321428571429], [2751, 0.8172238372093024], [2815, 0.8199573863636364], [2879, 0.821875], [2943, 0.8223505434782609], [3007, 0.8241356382978723], [3071, 0.8268229166666666], [3135, 0.8294005102040817], [3199, 0.831875], [3263, 0.8333333333333334], [3327, 0.8353365384615384], [3391, 0.8372641509433962], [3455, 0.8394097222222222], [3519, 0.8417613636363637], [3583, 0.8431919642857143], [3647, 0.8445723684210527], [3711, 0.8469827586206896], [3775, 0.848781779661017], [3839, 0.85], [3903, 0.850922131147541], [3967, 0.852570564516129], [4031, 0.8544146825396826], [4095, 0.8564453125], [4159, 0.8572115384615384], [4223, 0.8581912878787878], [4287, 0.8598414179104478], [4351, 0.8612132352941176], [4415, 0.8623188405797102], [4479, 0.8633928571428572], [4543, 0.8648767605633803], [4607, 0.8658854166666666], [4671, 0.8672945205479452], [4735, 0.8673986486486487], [4799, 0.86875], [4863, 0.8694490131578947], [4927, 0.8701298701298701], [4991, 0.8705929487179487], [5055, 0.8712420886075949], [5119, 0.87265625], [5183, 0.8738425925925926], [5247, 0.8751905487804879], [5311, 0.8761295180722891], [5375, 0.8774181547619048], [5439, 0.8779411764705882], [5503, 0.8788154069767442], [5567, 0.8798491379310345], [5631, 0.8806818181818182], [5695, 0.8820224719101124], [5759, 0.8828125], [5823, 0.8834134615384616], [5887, 0.8843410326086957], [5951, 0.8854166666666666], [6015, 0.8858045212765957], [6079, 0.8858552631578948], [6143, 0.8863932291666666], [6207, 0.8874033505154639], [6271, 0.8882334183673469], [6335, 0.8892045454545454], [6399, 0.8903125], [6463, 0.8913985148514851], [6527, 0.8923100490196079], [6591, 0.8925970873786407], [6655, 0.8933293269230769], [6719, 0.8940476190476191], [6783, 0.8948997641509434], [6847, 0.8955899532710281], [6911, 0.8959780092592593], [6975, 0.8963589449541285], [7039, 0.8970170454545454], [7103, 0.8978040540540541], [7167, 0.8981584821428571], [7231, 0.8987831858407079], [7295, 0.8992598684210527], [7359, 0.9001358695652174], [7423, 0.9005926724137931], [7487, 0.9013087606837606], [7551, 0.9020127118644068], [7615, 0.9020483193277311], [7679, 0.90234375], [7743, 0.903021694214876], [7807, 0.9038165983606558], [7871, 0.9044715447154471], [7935, 0.9049899193548387], [7999, 0.905375], [8063, 0.9058779761904762], [8127, 0.90625], [8191, 0.90673828125], [8255, 0.907218992248062], [8319, 0.9074519230769231], [8383, 0.9079198473282443], [8447, 0.9083806818181818], [8511, 0.9088345864661654], [8575, 0.9092817164179104], [8639, 0.9096064814814815], [8703, 0.9098115808823529], [8767, 0.9102417883211679], [8831, 0.9102128623188406], [8895, 0.9108588129496403], [8959, 0.9113839285714286], [9023, 0.911790780141844], [9087, 0.9124119718309859], [9151, 0.9128059440559441], [9215, 0.9133029513888888], [9279, 0.9135775862068966], [9343, 0.9137414383561644], [9407, 0.9142219387755102], [9471, 0.9148015202702703], [9535, 0.915373322147651], [9599, 0.915625], [9663, 0.9160802980132451], [9727, 0.9162212171052632], [9791, 0.9165645424836601], [9855, 0.9169034090909091], [9919, 0.9172379032258065], [9983, 0.917167467948718], [9999, 0.9173]], "candidate_count_total": 20, "confirmed_count_total": 13, "created_at": 1768147157.3490403, "confirm_rule_effective": "perm_test", "last_perm_pvalue": 0.004975124378109453, "last_perm_effect": 0.03910357329422077, "perm_test_count_total": 49, "perm_accept_count_total": 13, "perm_reject_count_total": 36, "perm_alpha": 0.02, "perm_pvalue_p50": 0.4427860696517413, "perm_pvalue_p90": 1.0, "perm_pvalue_p99": 1.0, "perm_pvalue_le_alpha_ratio": 0.2653061224489796, "perm_effect_p50": 0.0012879635353822763, "perm_effect_p90": 0.07092719412598808, "perm_effect_p99": 0.11451979134830187}