{"dataset_name": "INSECTS_abrupt_balanced", "dataset_type": "insects_real", "model_variant": "ts_drift_adapt", "seed": 2, "monitor_preset": "error_divergence_ph_meta", "trigger_mode": "weighted", "trigger_k": 2, "trigger_threshold": 0.5, "trigger_weights": "divergence=0.3,error_rate=0.5,teacher_entropy=0.2", "confirm_window": 200, "severity_scheduler_scale": 1.0, "use_severity_v2": 0, "severity_gate": "none", "severity_gate_min_streak": 1, "entropy_mode": "overconfident", "severity_decay": 0.95, "freeze_baseline_steps": 0, "n_steps": 1200, "horizon": 52847, "acc_final": 0.19299108747894866, "mean_acc": 0.1877740592706323, "acc_min": 0.15234375, "candidate_sample_idxs": [6399, 12799, 19199, 25599, 31999, 38399, 44799, 51199], "confirmed_sample_idxs": [6399, 12799, 19199, 25599, 31999, 38399, 44799, 51199], "acc_series": [[255, 0.15234375], [511, 0.162109375], [767, 0.17447916666666666], [1023, 0.1806640625], [1279, 0.18203125], [1535, 0.17838541666666666], [1791, 0.1796875], [2047, 0.1787109375], [2303, 0.1840277777777778], [2559, 0.1828125], [2815, 0.1825284090909091], [3071, 0.18619791666666666], [3327, 0.18840144230769232], [3583, 0.18917410714285715], [3839, 0.19010416666666666], [4095, 0.18994140625], [4351, 0.18910845588235295], [4607, 0.1890190972222222], [4863, 0.19222861842105263], [5119, 0.1912109375], [5375, 0.19029017857142858], [5631, 0.18963068181818182], [5887, 0.1910665760869565], [6143, 0.19108072916666666], [6399, 0.19125], [6655, 0.18975360576923078], [6911, 0.19155092592592593], [7167, 0.19056919642857142], [7423, 0.19248383620689655], [7679, 0.19388020833333333], [7935, 0.1939264112903226], [8191, 0.1962890625], [8447, 0.19685132575757575], [8703, 0.19829963235294118], [8959, 0.2], [9215, 0.20128038194444445], [9471, 0.20059121621621623], [9727, 0.20178865131578946], [9983, 0.20252403846153846], [10239, 0.203515625], [10495, 0.20455411585365854], [10751, 0.20619419642857142], [11007, 0.20648619186046513], [11263, 0.20623224431818182], [11519, 0.20737847222222222], [11775, 0.20762567934782608], [12031, 0.20794547872340424], [12287, 0.20792643229166666], [12543, 0.20790816326530612], [12799, 0.205078125], [13055, 0.20105698529411764], [13311, 0.19719050480769232], [13567, 0.19346992924528303], [13823, 0.1898871527777778], [14079, 0.1864346590909091], [14335, 0.18317522321428573], [14591, 0.18270285087719298], [14847, 0.1814385775862069], [15103, 0.17902542372881355], [15359, 0.17623697916666667], [15615, 0.17341188524590165], [15871, 0.17061491935483872], [16127, 0.16815476190476192], [16383, 0.16558837890625], [16639, 0.16310096153846154], [16895, 0.16074810606060605], [17151, 0.15846548507462688], [17407, 0.15659466911764705], [17663, 0.155174365942029], [17919, 0.15569196428571427], [18175, 0.15894586267605634], [18431, 0.16004774305555555], [18687, 0.1617080479452055], [18943, 0.16390413851351351], [19199, 0.165625], [19455, 0.16837993421052633], [19711, 0.17040381493506493], [19967, 0.17122395833333334], [20223, 0.1714299841772152], [20479, 0.17197265625], [20735, 0.1723090277777778], [20991, 0.17258955792682926], [21247, 0.1727692018072289], [21503, 0.17280505952380953], [21759, 0.17265625], [22015, 0.17278343023255813], [22271, 0.17313218390804597], [22527, 0.1728515625], [22783, 0.17354283707865167], [23039, 0.17456597222222223], [23295, 0.17496565934065933], [23551, 0.17692764945652173], [23807, 0.17779737903225806], [24063, 0.17914727393617022], [24319, 0.1802220394736842], [24575, 0.18135579427083334], [24831, 0.18254671391752578], [25087, 0.1837531887755102], [25343, 0.18529040404040403], [25599, 0.186328125], [25855, 0.18769337871287128], [26111, 0.18876378676470587], [26367, 0.19004095873786409], [26623, 0.19103064903846154], [26879, 0.19233630952380953], [27135, 0.19328567216981132], [27391, 0.19487441588785046], [27647, 0.1962890625], [27903, 0.1977494266055046], [28159, 0.1965909090909091], [28415, 0.19503096846846846], [28671, 0.19388253348214285], [28927, 0.19265071902654868], [29183, 0.19150904605263158], [29439, 0.1906929347826087], [29695, 0.18975619612068967], [29951, 0.18860176282051283], [30207, 0.18759931144067796], [30463, 0.18687631302521007], [30719, 0.18590494791666667], [30975, 0.18501420454545456], [31231, 0.18442622950819673], [31487, 0.183911331300813], [31743, 0.18321572580645162], [31999, 0.1828125], [32255, 0.18297371031746032], [32511, 0.183470718503937], [32767, 0.18450927734375], [33023, 0.18622819767441862], [33279, 0.18659855769230768], [33535, 0.18639670801526717], [33791, 0.18693773674242425], [34047, 0.18741188909774437], [34303, 0.18758745335820895], [34559, 0.18747106481481482], [34815, 0.18732766544117646], [35071, 0.18727189781021897], [35327, 0.18766983695652173], [35583, 0.18789343525179855], [35839, 0.18839285714285714], [36095, 0.18849734042553193], [36351, 0.18873789612676056], [36607, 0.188947770979021], [36863, 0.18904622395833334], [37119, 0.18917025862068965], [37375, 0.1893728595890411], [37631, 0.18954613095238096], [37887, 0.18995460304054054], [38143, 0.18980704697986578], [38399, 0.18854166666666666], [38655, 0.1873189155629139], [38911, 0.1870631167763158], [39167, 0.18732128267973855], [39423, 0.18734780844155843], [39679, 0.18775201612903225], [39935, 0.18815104166666666], [40191, 0.1884952229299363], [40447, 0.1886867088607595], [40703, 0.18902319182389937], [40959, 0.189208984375], [41215, 0.1895137810559006], [41471, 0.18986304012345678], [41727, 0.1901840490797546], [41983, 0.1908107850609756], [42239, 0.1913589015151515], [42495, 0.1915945030120482], [42751, 0.19227170658682635], [43007, 0.19315011160714285], [43263, 0.1939950073964497], [43519, 0.19489889705882352], [43775, 0.19558662280701755], [44031, 0.1966297238372093], [44287, 0.19723175578034682], [44543, 0.19778196839080459], [44799, 0.19848214285714286], [45055, 0.19941850142045456], [45311, 0.2003222104519774], [45567, 0.2013035463483146], [45823, 0.20223027234636873], [46079, 0.20325520833333333], [46335, 0.20413933011049723], [46591, 0.20499227335164835], [46847, 0.20515283469945356], [47103, 0.20403787364130435], [47359, 0.2029349662162162], [47615, 0.2018439180107527], [47871, 0.20076453877005349], [48127, 0.19969664228723405], [48383, 0.1986400462962963], [48639, 0.19763569078947368], [48895, 0.19666230366492146], [49151, 0.19578043619791666], [49407, 0.19488746761658032], [49663, 0.19414465206185566], [49919, 0.19352964743589743], [50175, 0.19339923469387754], [50431, 0.19328997461928935], [50687, 0.19316208964646464], [50943, 0.19313363693467336], [51199, 0.19330078125], [51455, 0.1937577736318408], [51711, 0.19473236386138615], [51967, 0.19577432266009853], [52223, 0.19529335171568626], [52479, 0.1943407012195122], [52735, 0.19339729975728157], [52846, 0.19299108747894866]], "candidate_count_total": 0, "confirmed_count_total": 0, "created_at": 1767803755.810559}