{"dataset_name": "sine_nodrift", "dataset_type": "sine", "model_variant": "ts_drift_adapt", "seed": 3, "monitor_preset": "error_divergence_ph_meta@error.threshold=0.10,error.min_instances=5", "monitor_preset_base": "error_divergence_ph_meta", "monitor_ph_params": {"error_rate": {"delta": 0.005, "alpha": 0.15, "threshold": 0.1, "min_instances": 5}, "divergence": {"delta": 0.005, "alpha": 0.1, "threshold": 0.05, "min_instances": 30}}, "monitor_ph_overrides": {"error_rate": {"threshold": 0.1, "min_instances": 5}}, "trigger_mode": "two_stage", "trigger_k": 2, "trigger_threshold": 0.5, "trigger_weights": "__confirm_cooldown=200,__confirm_rule=perm_test,__perm_alpha=0.01,__perm_delta_k=50,__perm_min_effect=0,__perm_n_perm=200,__perm_post_n=50,__perm_pre_n=200,__perm_rng_seed=0,__perm_stat=delta_fused_score,divergence=0.3,error_rate=0.5,teacher_entropy=0.2", "confirm_window": 3, "confirm_cooldown": 0, "adaptive_cooldown_enabled": 0, "adaptive_window": 10000, "adaptive_lower_per10k": 10.0, "adaptive_upper_per10k": 25.0, "adaptive_cooldown_low": 200, "adaptive_cooldown_high": 500, "severity_scheduler_scale": 1.0, "use_severity_v2": 0, "severity_gate": "none", "severity_gate_min_streak": 1, "entropy_mode": "overconfident", "severity_decay": 0.95, "freeze_baseline_steps": 0, "n_steps": 800, "horizon": 10000, "acc_final": 0.9117, "mean_acc": 0.8224307427753551, "acc_min": 0.5625, "candidate_sample_idxs": [319, 639, 959, 1279, 1727, 2047, 2431, 2751, 3135, 3455, 3775, 4095, 4415, 4735, 5055, 5503, 5823, 6143, 6463, 6975, 7423, 7743, 8063, 8383, 8703, 9599], "confirmed_sample_idxs": [703, 959, 1343, 1727, 2431, 2751, 3135, 3455, 3903, 4415, 5055, 5503, 6271, 6975, 7423, 7743, 8063, 8511, 9599], "acc_series": [[63, 0.59375], [127, 0.5625], [191, 0.59375], [255, 0.60546875], [319, 0.628125], [383, 0.6458333333333334], [447, 0.6473214285714286], [511, 0.6484375], [575, 0.6354166666666666], [639, 0.6296875], [703, 0.6235795454545454], [767, 0.6158854166666666], [831, 0.6165865384615384], [895, 0.6216517857142857], [959, 0.6208333333333333], [1023, 0.6142578125], [1087, 0.6231617647058824], [1151, 0.6362847222222222], [1215, 0.6480263157894737], [1279, 0.65859375], [1343, 0.6726190476190477], [1407, 0.6818181818181818], [1471, 0.6908967391304348], [1535, 0.6985677083333334], [1599, 0.708125], [1663, 0.7145432692307693], [1727, 0.7199074074074074], [1791, 0.7248883928571429], [1855, 0.7295258620689655], [1919, 0.7354166666666667], [1983, 0.7399193548387096], [2047, 0.74560546875], [2111, 0.7514204545454546], [2175, 0.7573529411764706], [2239, 0.7611607142857143], [2303, 0.7669270833333334], [2367, 0.7715371621621622], [2431, 0.774671052631579], [2495, 0.7780448717948718], [2559, 0.781640625], [2623, 0.7846798780487805], [2687, 0.7864583333333334], [2751, 0.7896075581395349], [2815, 0.7919034090909091], [2879, 0.7951388888888888], [2943, 0.7961956521739131], [3007, 0.7998670212765957], [3071, 0.8020833333333334], [3135, 0.8054846938775511], [3199, 0.808125], [3263, 0.8112745098039216], [3327, 0.8134014423076923], [3391, 0.8160377358490566], [3455, 0.8188657407407407], [3519, 0.8213068181818182], [3583, 0.8239397321428571], [3647, 0.8267543859649122], [3711, 0.8289331896551724], [3775, 0.831302966101695], [3839, 0.83359375], [3903, 0.8345286885245902], [3967, 0.8364415322580645], [4031, 0.8380456349206349], [4095, 0.839599609375], [4159, 0.8415865384615384], [4223, 0.8430397727272727], [4287, 0.8444496268656716], [4351, 0.8462775735294118], [4415, 0.8478260869565217], [4479, 0.85], [4543, 0.8518926056338029], [4607, 0.8537326388888888], [4671, 0.8542380136986302], [4735, 0.8553631756756757], [4799, 0.8566666666666667], [4863, 0.8577302631578947], [4927, 0.8585633116883117], [4991, 0.8595753205128205], [5055, 0.8609572784810127], [5119, 0.862109375], [5183, 0.8634259259259259], [5247, 0.8647103658536586], [5311, 0.8659638554216867], [5375, 0.8673735119047619], [5439, 0.8685661764705882], [5503, 0.8695494186046512], [5567, 0.8703304597701149], [5631, 0.8714488636363636], [5695, 0.8727176966292135], [5759, 0.8739583333333333], [5823, 0.8751717032967034], [5887, 0.8758491847826086], [5951, 0.8768481182795699], [6015, 0.878158244680851], [6079, 0.8791118421052632], [6143, 0.8798828125], [6207, 0.8807989690721649], [6271, 0.8815369897959183], [6335, 0.882260101010101], [6399, 0.8828125], [6463, 0.8833539603960396], [6527, 0.8838848039215687], [6591, 0.8847087378640777], [6655, 0.8852163461538461], [6719, 0.8863095238095238], [6783, 0.886939858490566], [6847, 0.8875584112149533], [6911, 0.8881655092592593], [6975, 0.8890481651376146], [7039, 0.8899147727272727], [7103, 0.890625], [7167, 0.8913225446428571], [7231, 0.8922842920353983], [7295, 0.8928179824561403], [7359, 0.8934782608695652], [7423, 0.8938577586206896], [7487, 0.8943643162393162], [7551, 0.8948622881355932], [7615, 0.895483193277311], [7679, 0.8963541666666667], [7743, 0.8969524793388429], [7807, 0.8974129098360656], [7871, 0.8977388211382114], [7935, 0.8981854838709677], [7999, 0.898875], [8063, 0.8990575396825397], [8127, 0.8997293307086615], [8191, 0.9002685546875], [8255, 0.9007994186046512], [8319, 0.9013221153846154], [8383, 0.9015982824427481], [8447, 0.9022253787878788], [8511, 0.9028430451127819], [8575, 0.9035680970149254], [8639, 0.9039351851851852], [8703, 0.9041819852941176], [8767, 0.9045392335766423], [8831, 0.9051177536231884], [8895, 0.9053507194244604], [8959, 0.9055803571428571], [9023, 0.90625], [9087, 0.9064700704225352], [9151, 0.9070148601398601], [9215, 0.9073350694444444], [9279, 0.9079741379310344], [9343, 0.9086044520547946], [9407, 0.9092261904761905], [9471, 0.909839527027027], [9535, 0.910130033557047], [9599, 0.9101041666666667], [9663, 0.910078642384106], [9727, 0.9104646381578947], [9791, 0.9106413398692811], [9855, 0.9111201298701299], [9919, 0.911391129032258], [9983, 0.9116586538461539], [9999, 0.9117]], "candidate_count_total": 23, "confirmed_count_total": 19, "created_at": 1768146214.237608, "confirm_rule_effective": "perm_test", "last_perm_pvalue": 0.004975124378109453, "last_perm_effect": 0.0768267781848661, "perm_test_count_total": 39, "perm_accept_count_total": 19, "perm_reject_count_total": 20, "perm_alpha": 0.01, "perm_pvalue_p50": 0.014925373134328358, "perm_pvalue_p90": 1.0, "perm_pvalue_p99": 1.0, "perm_pvalue_le_alpha_ratio": 0.48717948717948717, "perm_effect_p50": 0.007976517626381822, "perm_effect_p90": 0.08454737603906323, "perm_effect_p99": 0.16206832153478717}