{"dataset_name": "sine_nodrift", "dataset_type": "sine", "model_variant": "ts_drift_adapt", "seed": 2, "monitor_preset": "error_divergence_ph_meta@error.threshold=0.10,error.min_instances=5", "monitor_preset_base": "error_divergence_ph_meta", "monitor_ph_params": {"error_rate": {"delta": 0.005, "alpha": 0.15, "threshold": 0.1, "min_instances": 5}, "divergence": {"delta": 0.005, "alpha": 0.1, "threshold": 0.05, "min_instances": 30}}, "monitor_ph_overrides": {"error_rate": {"threshold": 0.1, "min_instances": 5}}, "trigger_mode": "two_stage", "trigger_k": 2, "trigger_threshold": 0.5, "trigger_weights": "__confirm_cooldown=200,__confirm_rule=perm_test,__perm_alpha=0.005,__perm_delta_k=25,__perm_min_effect=0,__perm_n_perm=200,__perm_post_n=20,__perm_pre_n=500,__perm_rng_seed=0,__perm_stat=delta_fused_score,divergence=0.3,error_rate=0.5,teacher_entropy=0.2", "confirm_window": 3, "confirm_cooldown": 0, "adaptive_cooldown_enabled": 0, "adaptive_window": 10000, "adaptive_lower_per10k": 10.0, "adaptive_upper_per10k": 25.0, "adaptive_cooldown_low": 200, "adaptive_cooldown_high": 500, "severity_scheduler_scale": 1.0, "use_severity_v2": 0, "severity_gate": "none", "severity_gate_min_streak": 1, "entropy_mode": "overconfident", "severity_decay": 0.95, "freeze_baseline_steps": 0, "n_steps": 800, "horizon": 10000, "acc_final": 0.93, "mean_acc": 0.8791641782935338, "acc_min": 0.5, "candidate_sample_idxs": [319, 639, 959, 1279, 1599, 1983, 2623, 3007, 3711, 4031, 4351, 4671, 4991, 5311, 5631, 6847, 7167, 7487, 8063, 8511, 8895, 9343, 9791], "confirmed_sample_idxs": [703, 1087, 1983, 2623, 3007, 3711, 4031, 4479, 5055, 5311, 5695, 6847, 7295, 8063, 8511, 9343, 9791], "acc_series": [[63, 0.5], [127, 0.5625], [191, 0.6145833333333334], [255, 0.65234375], [319, 0.69375], [383, 0.703125], [447, 0.734375], [511, 0.75], [575, 0.7638888888888888], [639, 0.78125], [703, 0.7897727272727273], [767, 0.796875], [831, 0.8064903846153846], [895, 0.8058035714285714], [959, 0.80625], [1023, 0.802734375], [1087, 0.7987132352941176], [1151, 0.8038194444444444], [1215, 0.8083881578947368], [1279, 0.81328125], [1343, 0.8177083333333334], [1407, 0.8203125], [1471, 0.8254076086956522], [1535, 0.8294270833333334], [1599, 0.83125], [1663, 0.8341346153846154], [1727, 0.8368055555555556], [1791, 0.8387276785714286], [1855, 0.8399784482758621], [1919, 0.8416666666666667], [1983, 0.8452620967741935], [2047, 0.8486328125], [2111, 0.8513257575757576], [2175, 0.8547794117647058], [2239, 0.8575892857142857], [2303, 0.8602430555555556], [2367, 0.8610641891891891], [2431, 0.8643092105263158], [2495, 0.8669871794871795], [2559, 0.86953125], [2623, 0.8708079268292683], [2687, 0.8727678571428571], [2751, 0.8731831395348837], [2815, 0.8753551136363636], [2879, 0.8763888888888889], [2943, 0.8773777173913043], [3007, 0.8773271276595744], [3071, 0.8779296875], [3135, 0.8794642857142857], [3199, 0.880625], [3263, 0.882046568627451], [3327, 0.8837139423076923], [3391, 0.8850235849056604], [3455, 0.8868634259259259], [3519, 0.8877840909090909], [3583, 0.8881138392857143], [3647, 0.8895285087719298], [3711, 0.8908943965517241], [3775, 0.8922139830508474], [3839, 0.8924479166666667], [3903, 0.8929303278688525], [3967, 0.8939012096774194], [4031, 0.894593253968254], [4095, 0.89599609375], [4159, 0.895673076923077], [4223, 0.8955965909090909], [4287, 0.8964552238805971], [4351, 0.8970588235294118], [4415, 0.8976449275362319], [4479, 0.8988839285714286], [4543, 0.8996478873239436], [4607, 0.900390625], [4671, 0.9008989726027398], [4735, 0.9005489864864865], [4799, 0.9008333333333334], [4863, 0.9013157894736842], [4927, 0.9019886363636364], [4991, 0.9026442307692307], [5055, 0.9030854430379747], [5119, 0.90390625], [5183, 0.9041280864197531], [5247, 0.9045350609756098], [5311, 0.9051204819277109], [5375, 0.9060639880952381], [5439, 0.9064338235294118], [5503, 0.9067950581395349], [5567, 0.907507183908046], [5631, 0.9080255681818182], [5695, 0.9090589887640449], [5759, 0.9095486111111111], [5823, 0.9095123626373627], [5887, 0.9104959239130435], [5951, 0.9107862903225806], [6015, 0.9110704787234043], [6079, 0.9111842105263158], [6143, 0.9112955729166666], [6207, 0.9115657216494846], [6271, 0.9119897959183674], [6335, 0.9122474747474747], [6399, 0.91296875], [6463, 0.9138304455445545], [6527, 0.9145220588235294], [6591, 0.914745145631068], [6655, 0.9148137019230769], [6719, 0.9151785714285714], [6783, 0.9158313679245284], [6847, 0.9160338785046729], [6911, 0.9162326388888888], [6975, 0.916427752293578], [7039, 0.9169034090909091], [7103, 0.917652027027027], [7167, 0.9174107142857143], [7231, 0.9178650442477876], [7295, 0.9173519736842105], [7359, 0.9179347826086957], [7423, 0.9182381465517241], [7487, 0.9188034188034188], [7551, 0.919094279661017], [7615, 0.9193802521008403], [7679, 0.9197916666666667], [7743, 0.9200671487603306], [7807, 0.9203381147540983], [7871, 0.9207317073170732], [7935, 0.9211189516129032], [7999, 0.9215], [8063, 0.9217509920634921], [8127, 0.921875], [8191, 0.922119140625], [8255, 0.922359496124031], [8319, 0.9222355769230769], [8383, 0.9221135496183206], [8447, 0.9221117424242424], [8511, 0.9222274436090225], [8575, 0.9224580223880597], [8639, 0.9229166666666667], [8703, 0.9231387867647058], [8767, 0.9233576642335767], [8831, 0.9233469202898551], [8895, 0.9237859712230215], [8959, 0.92421875], [9023, 0.924645390070922], [9087, 0.9251760563380281], [9151, 0.925590034965035], [9215, 0.9261067708333334], [9279, 0.9264008620689655], [9343, 0.9264768835616438], [9407, 0.9268707482993197], [9471, 0.9272592905405406], [9535, 0.9276426174496645], [9599, 0.928125], [9663, 0.9286009933774835], [9727, 0.9288651315789473], [9791, 0.9291258169934641], [9855, 0.9292816558441559], [9919, 0.9296370967741936], [9983, 0.9298878205128205], [9999, 0.93]], "candidate_count_total": 20, "confirmed_count_total": 17, "created_at": 1768145262.616469, "confirm_rule_effective": "perm_test", "last_perm_pvalue": 0.004975124378109453, "last_perm_effect": 0.06130110219744283, "perm_test_count_total": 34, "perm_accept_count_total": 17, "perm_reject_count_total": 17, "perm_alpha": 0.005, "perm_pvalue_p50": 0.007462686567164179, "perm_pvalue_p90": 1.0, "perm_pvalue_p99": 1.0, "perm_pvalue_le_alpha_ratio": 0.5, "perm_effect_p50": 0.027145921837850404, "perm_effect_p90": 0.08018342703346978, "perm_effect_p99": 0.12926506853418063}