{"dataset_name": "INSECTS_abrupt_balanced", "dataset_type": "insects_real", "model_variant": "ts_drift_adapt", "seed": 26, "monitor_preset": "error_divergence_ph_meta@error.threshold=0.05,error.min_instances=5", "monitor_preset_base": "error_divergence_ph_meta", "monitor_ph_params": {"error_rate": {"delta": 0.005, "alpha": 0.15, "threshold": 0.05, "min_instances": 5}, "divergence": {"delta": 0.005, "alpha": 0.1, "threshold": 0.05, "min_instances": 30}}, "monitor_ph_overrides": {"error_rate": {"threshold": 0.05, "min_instances": 5}}, "trigger_mode": "two_stage", "trigger_k": 2, "trigger_threshold": 0.5, "trigger_weights": "confirm_cooldown=200,divergence=0.3,error_rate=0.5,teacher_entropy=0.2", "confirm_window": 1, "confirm_cooldown": 0, "adaptive_cooldown_enabled": 0, "adaptive_window": 10000, "adaptive_lower_per10k": 10.0, "adaptive_upper_per10k": 25.0, "adaptive_cooldown_low": 200, "adaptive_cooldown_high": 500, "severity_scheduler_scale": 2.0, "use_severity_v2": 0, "severity_gate": "none", "severity_gate_min_streak": 1, "entropy_mode": "uncertain", "severity_decay": 0.95, "freeze_baseline_steps": 5, "n_steps": 1200, "horizon": 52847, "acc_final": 0.2039093988305864, "mean_acc": 0.20076733609869513, "acc_min": 0.1637794384057971, "candidate_sample_idxs": [1279, 2559, 3839, 5119, 6399, 7679, 8959, 10239, 11519, 12799, 14591, 15871, 17919, 19199, 20735, 22015, 23295, 24575, 25855, 27135, 28415, 29951, 31231, 32511, 33791, 35071, 36351, 37631, 38911, 40191, 41471, 42751, 44031, 45311, 46591, 47871, 49151, 50431, 51711, 52846], "confirmed_sample_idxs": [1279, 2559, 3839, 5119, 6399, 7679, 8959, 10239, 11519, 12799, 14591, 15871, 17919, 19199, 20735, 22015, 23295, 24575, 25855, 27135, 28415, 29951, 31231, 32511, 33791, 35071, 36351, 37631, 38911, 40191, 41471, 42751, 44031, 45311, 46591, 47871, 49151, 50431, 51711, 52846], "acc_series": [[255, 0.23046875], [511, 0.208984375], [767, 0.20833333333333334], [1023, 0.21875], [1279, 0.2171875], [1535, 0.212890625], [1791, 0.21149553571428573], [2047, 0.2080078125], [2303, 0.20572916666666666], [2559, 0.20859375], [2815, 0.20880681818181818], [3071, 0.20833333333333334], [3327, 0.20552884615384615], [3583, 0.208984375], [3839, 0.20729166666666668], [4095, 0.20947265625], [4351, 0.20932904411764705], [4607, 0.208984375], [4863, 0.20662006578947367], [5119, 0.205859375], [5375, 0.20461309523809523], [5631, 0.20454545454545456], [5887, 0.20482336956521738], [6143, 0.20703125], [6399, 0.2071875], [6655, 0.20853365384615385], [6911, 0.20833333333333334], [7167, 0.20884486607142858], [7423, 0.20945581896551724], [7679, 0.20911458333333333], [7935, 0.20980342741935484], [8191, 0.2113037109375], [8447, 0.2109375], [8703, 0.21174172794117646], [8959, 0.21339285714285713], [9215, 0.21299913194444445], [9471, 0.21357685810810811], [9727, 0.2138157894736842], [9983, 0.21494391025641027], [10239, 0.21416015625], [10495, 0.21379573170731708], [10751, 0.21568080357142858], [11007, 0.21647892441860464], [11263, 0.216796875], [11519, 0.21762152777777777], [11775, 0.21781589673913043], [12031, 0.2183344414893617], [12287, 0.21923828125], [12543, 0.21986607142857142], [12799, 0.216796875], [13055, 0.21254595588235295], [13311, 0.20845853365384615], [13567, 0.2045253537735849], [13823, 0.2007378472222222], [14079, 0.19715909090909092], [14335, 0.19398716517857142], [14591, 0.19387335526315788], [14847, 0.19288793103448276], [15103, 0.1898834745762712], [15359, 0.1869140625], [15615, 0.1838498975409836], [15871, 0.18094758064516128], [16127, 0.17813740079365079], [16383, 0.1754150390625], [16639, 0.17289663461538463], [16895, 0.17027698863636365], [17151, 0.16773554104477612], [17407, 0.16567095588235295], [17663, 0.1637794384057971], [17919, 0.16389508928571428], [18175, 0.1662081866197183], [18431, 0.1672634548611111], [18687, 0.168236301369863], [18943, 0.16986908783783783], [19199, 0.17119791666666667], [19455, 0.17305715460526316], [19711, 0.1747666396103896], [19967, 0.1752804487179487], [20223, 0.17563291139240506], [20479, 0.17626953125], [20735, 0.17669753086419754], [20991, 0.17706745426829268], [21247, 0.17785203313253012], [21503, 0.17843191964285715], [21759, 0.17959558823529412], [22015, 0.1815952034883721], [22271, 0.18220186781609196], [22527, 0.1845703125], [22783, 0.18662219101123595], [23039, 0.1877170138888889], [23295, 0.18853021978021978], [23551, 0.19021739130434784], [23807, 0.1914902553763441], [24063, 0.19261136968085107], [24319, 0.19399671052631579], [24575, 0.19466145833333334], [24831, 0.19591655927835053], [25087, 0.19738520408163265], [25343, 0.19886363636363635], [25599, 0.2001953125], [25855, 0.20153929455445543], [26111, 0.20278033088235295], [26367, 0.20392141990291263], [26623, 0.20485276442307693], [26879, 0.20636160714285715], [27135, 0.2075103183962264], [27391, 0.2084185163551402], [27647, 0.2097439236111111], [27903, 0.2109375], [28159, 0.20973011363636362], [28415, 0.20794622747747749], [28671, 0.20619419642857142], [28927, 0.20450774336283187], [29183, 0.20285087719298245], [29439, 0.20115489130434783], [29695, 0.19969019396551724], [29951, 0.19838408119658119], [30207, 0.1971332097457627], [30463, 0.19610031512605042], [30719, 0.19498697916666666], [30975, 0.19421487603305784], [31231, 0.1935514856557377], [31487, 0.19308943089430894], [31743, 0.1936743951612903], [31999, 0.194875], [32255, 0.19636656746031747], [32511, 0.19792691929133857], [32767, 0.19921875], [33023, 0.2006419573643411], [33279, 0.20078125], [33535, 0.2004711354961832], [33791, 0.20084635416666666], [34047, 0.20077537593984962], [34303, 0.20102611940298507], [34559, 0.20104166666666667], [34815, 0.2007123161764706], [35071, 0.20064438868613138], [35327, 0.20077558876811594], [35583, 0.20115782374100719], [35839, 0.20128348214285716], [36095, 0.20099179964539007], [36351, 0.2012268926056338], [36607, 0.2013221153846154], [36863, 0.2014702690972222], [37119, 0.20150862068965517], [37375, 0.20184075342465754], [37631, 0.20187606292517007], [37887, 0.20249155405405406], [38143, 0.20302013422818793], [38399, 0.20166666666666666], [38655, 0.20033112582781457], [38911, 0.20016961348684212], [39167, 0.20039317810457516], [39423, 0.20036018668831168], [39679, 0.20040322580645162], [39935, 0.2003956330128205], [40191, 0.2002139729299363], [40447, 0.20018295094936708], [40703, 0.20017688679245282], [40959, 0.200390625], [41215, 0.20057744565217392], [41471, 0.2010030864197531], [41727, 0.20101610429447853], [41983, 0.20119569359756098], [42239, 0.20194128787878787], [42495, 0.20260730421686746], [42751, 0.2031016092814371], [43007, 0.20379929315476192], [43263, 0.20451183431952663], [43519, 0.20542279411764705], [43775, 0.20602613304093567], [44031, 0.20712209302325582], [44287, 0.2076860549132948], [44543, 0.20819863505747127], [44799, 0.20881696428571428], [45055, 0.20984996448863635], [45311, 0.2107168079096045], [45567, 0.21166169241573032], [45823, 0.21263966480446927], [46079, 0.21373697916666667], [46335, 0.2145847720994475], [46591, 0.21548763736263737], [46847, 0.21556950136612021], [47103, 0.21439792798913043], [47359, 0.21323902027027028], [47615, 0.2120925739247312], [47871, 0.21095838903743316], [48127, 0.2098362699468085], [48383, 0.2087466931216931], [48639, 0.2077919407894737], [48895, 0.2068267342931937], [49151, 0.20607503255208334], [49407, 0.20545255829015543], [49663, 0.20479623067010308], [49919, 0.20436698717948718], [50175, 0.2042610012755102], [50431, 0.20419574873096447], [50687, 0.20411142676767677], [50943, 0.20426350502512564], [51199, 0.20478515625], [51455, 0.2052433146766169], [51711, 0.20619972153465346], [51967, 0.2069350369458128], [52223, 0.20634191176470587], [52479, 0.20533536585365852], [52735, 0.2043385922330097], [52846, 0.2039093988305864]], "candidate_count_total": 40, "confirmed_count_total": 40, "created_at": 1767886616.3322961}